time,layout.data_offset,data[0],data[1],data[2],data[3],data[4],data[5],data[6],data[7],data[8],data[9],data[10],data[11],data[12],data[13],data[14],data[15],data[16],data[17],data[18]
0.0,0,0.0,1.5414283107572988e-44,0.0,-2.9815440836138317e-19,2.008000135421753,2980.0,-0.0,0.0,20.016000747680664,0.0,0.12929348647594452,0.25260114669799805,9.142126083374023,-0.0005046725273132324,-0.00018376484513282776,0.0014607664197683334,33.07676696777344,36.38069534301758,-84.02613830566406
0.01958012580871582,0,0.0,1.5414283107572988e-44,0.0,-2.9815440836138317e-19,2.01200008392334,2984.0,-0.0,0.0,20.016000747680664,0.0,0.14126509428024292,0.24481959640979767,9.154696464538574,-0.0003715120255947113,-0.00018376484513282776,0.0009281262755393982,33.6074104309082,37.268028259277344,-83.85569763183594
0.03978133201599121,0,0.0,1.5414283107572988e-44,0.0,-2.9815440836138317e-19,2.008000135421753,3004.0,-0.0,0.0,20.00400161743164,0.0,0.15263813734054565,0.22865791618824005,9.140929222106934,-0.001569952815771103,0.0003488771617412567,0.00039548613131046295,34.49181365966797,36.73563003540039,-83.68525695800781
0.06009507179260254,0,0.0,1.5414283107572988e-44,0.0,-2.9815440836138317e-19,2.004000186920166,2984.0,-0.0,0.0,20.012001037597656,0.0,0.14246225357055664,0.26756566762924194,9.147513389587402,0.00042744725942611694,0.0006151963025331497,0.00039548613131046295,33.7842903137207,36.38069534301758,-82.66262817382812
0.08020758628845215,0,0.0,1.5414283107572988e-44,0.0,-2.9815440836138317e-19,2.008000135421753,2980.0,-0.0,0.0,20.016000747680664,0.0,0.13228638470172882,0.23943236470222473,9.14571762084961,-0.001569952815771103,0.001280996948480606,-0.000536634586751461,31.838598251342773,36.20322799682617,-82.83306884765625
0.10045623779296875,0,0.0,1.5414283107572988e-44,0.0,-2.9815440836138317e-19,2.0160000324249268,2980.0,-0.0,0.0,20.00800132751465,0.0,0.1610182672739029,0.2609812915325165,9.133148193359375,2.796761691570282e-05,0.0004820358008146286,0.0007949657738208771,32.89988708496094,36.9130973815918,-82.15131378173828
0.12064504623413086,0,0.0,1.5414283107572988e-44,0.0,-2.9815440836138317e-19,2.004000186920166,2988.0,-0.0,0.0,20.012001037597656,0.0,0.16460976004600525,0.25080540776252747,9.134943962097168,-0.0010373126715421677,-0.000982724130153656,-3.994442522525787e-06,33.6074104309082,36.558162689208984,-83.85569763183594
0.1409921646118164,0,0.0,1.5414283107572988e-44,0.0,-2.9815440836138317e-19,2.008000135421753,3016.0,-0.0,0.0,20.00800132751465,0.0,0.1340821236371994,0.23763662576675415,9.160083770751953,0.0010932479053735733,-0.00018376484513282776,0.0011944463476538658,32.192359924316406,36.9130973815918,-82.4921875
0.16116809844970703,0,0.0,1.5414283107572988e-44,0.0,-2.9815440836138317e-19,2.004000186920166,2984.0,-0.0,0.0,20.00400161743164,0.0,0.1430608481168747,0.2514039874076843,9.184625625610352,0.00042744725942611694,-5.060434341430664e-05,-3.994442522525787e-06,33.6074104309082,36.20322799682617,-81.46955871582031
0.18147730827331543,0,0.0,1.5414283107572988e-44,0.0,-2.9815440836138317e-19,2.004000186920166,3040.0,-0.0,0.0,20.00400161743164,0.0,0.14784948527812958,0.2633756101131439,9.1253662109375,-0.0001051928848028183,-0.00031692348420619965,-0.0012024352326989174,33.96117401123047,36.20322799682617,-82.83306884765625
0.20160984992980957,0,0.0,1.5414283107572988e-44,0.0,-2.9815440836138317e-19,2.008000135421753,2980.0,-0.0,0.0,20.012001037597656,0.0,0.1520395576953888,0.2442210167646408,9.133148193359375,0.0014927294105291367,0.001280996948480606,0.00039548613131046295,33.6074104309082,36.558162689208984,-84.19657135009766
0.22196054458618164,0,0.0,1.5414283107572988e-44,0.0,-2.9815440836138317e-19,2.01200008392334,2984.0,-0.0,0.0,20.00800132751465,0.0,0.14665232598781586,0.2460167557001114,9.174449920654297,0.0005606077611446381,0.0006151963025331497,0.00039548613131046295,34.13805389404297,36.73563003540039,-81.98087310791016
0.24222803115844727,0,0.0,1.5414283107572988e-44,0.0,-2.9815440836138317e-19,2.008000135421753,3008.0,-0.0,0.0,20.00400161743164,0.0,0.14964522421360016,0.2412281185388565,9.147513389587402,-0.0003715120255947113,8.255615830421448e-05,0.0005286457017064095,32.54612350463867,36.20322799682617,-83.85569763183594
0.2624526023864746,0,0.0,1.5414283107572988e-44,0.0,-2.9815440836138317e-19,2.008000135421753,2980.0,-0.0,0.0,20.00400161743164,0.0,0.16580691933631897,0.2520025670528412,9.164872169494629,-0.0007709935307502747,0.0006151963025331497,0.0007949657738208771,32.015480041503906,36.38069534301758,-82.66262817382812
0.28344130516052246,0,0.0,1.5414283107572988e-44,0.0,-2.9815440836138317e-19,2.008000135421753,3124.0,-0.0,0.0,20.00800132751465,0.0,0.12929348647594452,0.25978413224220276,9.149908065795898,-0.0001051928848028183,-5.060434341430664e-05,-3.994442522525787e-06,32.89988708496094,36.558162689208984,-83.85569763183594
0.30319666862487793,0,0.0,1.5414283107572988e-44,0.0,-2.9815440836138317e-19,2.004000186920166,2984.0,-0.0,0.0,20.012001037597656,0.0,0.1430608481168747,0.2472139149904251,9.115788459777832,0.00042744725942611694,0.000881517305970192,-0.0004034740850329399,32.89988708496094,37.622962951660156,-82.4921875
0.32309865951538086,0,0.0,1.5414283107572988e-44,0.0,-2.9815440836138317e-19,2.0160000324249268,2980.0,-0.0,0.0,20.020000457763672,0.0,0.14485658705234528,0.2442210167646408,9.156492233276367,-0.0005046725273132324,0.0002157166600227356,0.0005286457017064095,33.07676696777344,35.315895080566406,-84.36701202392578
0.344179630279541,0,0.0,1.5414283107572988e-44,0.0,-2.9815440836138317e-19,2.008000135421753,3004.0,-0.0,0.0,20.00800132751465,0.0,0.12390625476837158,0.2400309443473816,9.109204292297363,-0.0007709935307502747,-0.00018376484513282776,-0.000536634586751461,33.4305305480957,35.67082977294922,-82.3217544555664
0.3638019561767578,0,0.0,1.5414283107572988e-44,0.0,-2.9815440836138317e-19,2.0199999809265137,2980.0,-0.0,0.0,20.016000747680664,0.0,0.12570199370384216,0.2352423071861267,9.134345054626465,-0.0005046725273132324,0.0002157166600227356,0.0005286457017064095,33.25364685058594,36.9130973815918,-83.51482391357422
0.3839864730834961,0,0.0,1.5414283107572988e-44,0.0,-2.9815440836138317e-19,2.008000135421753,3132.0,-0.0,0.0,20.016000747680664,0.0,0.12151192873716354,0.25858697295188904,9.156492233276367,0.0005606077611446381,0.0003488771617412567,0.00012916605919599533,33.07676696777344,35.315895080566406,-81.98087310791016
0.4040968418121338,0,0.0,1.5414283107572988e-44,0.0,-2.9815440836138317e-19,2.008000135421753,2980.0,-0.0,0.0,20.012001037597656,0.0,0.13827219605445862,0.26457276940345764,9.181034088134766,0.0012264084070920944,-0.00045008398592472076,-0.0008029546588659286,32.89988708496094,35.848297119140625,-84.5374526977539
0.4244542121887207,0,0.0,1.5414283107572988e-44,0.0,-2.9815440836138317e-19,2.01200008392334,2976.0,-0.0,0.0,20.00800132751465,0.0,0.13946935534477234,0.2370380461215973,9.131950378417969,-0.0003715120255947113,-0.00018376484513282776,-3.994442522525787e-06,33.07676696777344,36.025760650634766,-83.00350189208984
0.44588708877563477,0,0.0,1.5414283107572988e-44,0.0,-2.9815440836138317e-19,2.004000186920166,3008.0,-0.0,0.0,20.012001037597656,0.0,0.14485658705234528,0.2723543345928192,9.193005561828613,0.0006937682628631592,-0.0012490451335906982,0.0009281262755393982,34.49181365966797,38.865230560302734,-81.63999938964844
0.46498608589172363,0,0.0,1.5414283107572988e-44,0.0,-2.9815440836138317e-19,2.008000135421753,2984.0,-0.0,0.0,20.02400016784668,0.0,0.1400679349899292,0.24541817605495453,9.143921852111816,-0.0001051928848028183,-0.00045008398592472076,0.00039548613131046295,33.6074104309082,35.49336242675781,-83.51482391357422
0.4855184555053711,0,0.0,1.5414283107572988e-44,0.0,-2.9815440836138317e-19,2.008000135421753,3064.0,-0.0,0.0,20.012001037597656,0.0,0.1340821236371994,0.23763662576675415,9.161879539489746,-0.0006378330290317535,8.255615830421448e-05,0.0009281262755393982,33.07676696777344,35.67082977294922,-82.3217544555664
0.5055572986602783,0,0.0,1.5414283107572988e-44,0.0,-2.9815440836138317e-19,2.004000186920166,2988.0,-0.0,0.0,20.016000747680664,0.0,0.15982110798358917,0.26756566762924194,9.14332389831543,-0.0005046725273132324,-0.00031692348420619965,-3.994442522525787e-06,33.96117401123047,37.268028259277344,-82.83306884765625
0.5256819725036621,0,0.0,1.5414283107572988e-44,0.0,-2.9815440836138317e-19,2.0199999809265137,2984.0,-0.0,0.0,20.016000747680664,0.0,0.13767361640930176,0.2520025670528412,9.142126083374023,-0.0005046725273132324,0.0010146759450435638,0.001327606849372387,33.7842903137207,37.44549560546875,-82.66262817382812
0.545971155166626,0,0.0,1.5414283107572988e-44,0.0,-2.9815440836138317e-19,2.008000135421753,3000.0,-0.0,0.0,20.012001037597656,0.0,0.14844806492328644,0.24781250953674316,9.149908065795898,-0.0005046725273132324,8.255615830421448e-05,-0.0002703145146369934,33.07676696777344,35.315895080566406,-82.66262817382812
0.5661604404449463,0,0.0,1.5414283107572988e-44,0.0,-2.9815440836138317e-19,2.008000135421753,2980.0,-0.0,0.0,20.020000457763672,0.0,0.15144097805023193,0.27774155139923096,9.176844596862793,-0.0009041521698236465,0.0003488771617412567,0.0015939269214868546,33.7842903137207,36.025760650634766,-82.66262817382812
0.5870780944824219,0,0.0,1.5414283107572988e-44,0.0,-2.9815440836138317e-19,2.004000186920166,3008.0,-0.0,0.0,20.016000747680664,0.0,0.14186367392539978,0.24900966882705688,9.135541915893555,-0.0001051928848028183,-0.00018376484513282776,-3.994442522525787e-06,32.89988708496094,36.558162689208984,-82.4921875
0.6073782444000244,0,0.0,1.5414283107572988e-44,0.0,-2.9815440836138317e-19,2.008000135421753,2984.0,-0.0,0.0,20.00400161743164,0.0,0.14246225357055664,0.2310522347688675,9.161280632019043,-0.0014367923140525818,-5.060434341430664e-05,0.0006618062034249306,33.25364685058594,36.558162689208984,-83.17394256591797
0.6269581317901611,0,0.0,1.5414283107572988e-44,0.0,-2.9815440836138317e-19,2.008000135421753,2984.0,-0.0,0.0,20.00400161743164,0.0,0.15742678940296173,0.24242527782917023,9.146316528320312,-0.0003715120255947113,0.0003488771617412567,0.0022597266361117363,32.36924362182617,36.38069534301758,-83.3443832397461
0.6471951007843018,0,0.0,1.5414283107572988e-44,0.0,-2.9815440836138317e-19,2.008000135421753,2984.0,-0.0,0.0,20.012001037597656,0.0,0.13348354399204254,0.2579883933067322,9.161280632019043,-0.0003715120255947113,8.255615830421448e-05,-0.0020013954490423203,33.6074104309082,36.20322799682617,-82.83306884765625
0.6675581932067871,0,0.0,1.5414283107572988e-44,0.0,-2.9815440836138317e-19,2.0160000324249268,2980.0,-0.0,0.0,20.00800132751465,0.0,0.14126509428024292,0.2472139149904251,9.135541915893555,-0.00023835152387619019,0.0003488771617412567,0.0005286457017064095,32.54612350463867,34.78349304199219,-82.83306884765625
0.687615156173706,0,0.0,1.5414283107572988e-44,0.0,-2.9815440836138317e-19,2.008000135421753,3020.0,-0.0,0.0,20.012001037597656,0.0,0.15982110798358917,0.23643946647644043,9.149908065795898,0.0006937682628631592,-0.00018376484513282776,0.0007949657738208771,32.89988708496094,37.622962951660156,-81.81044006347656
0.707876443862915,0,0.0,1.5414283107572988e-44,0.0,-2.9815440836138317e-19,2.008000135421753,2984.0,-0.0,0.0,20.00400161743164,0.0,0.14784948527812958,0.24900966882705688,9.14452075958252,-0.0001051928848028183,-0.00031692348420619965,-3.994442522525787e-06,33.7842903137207,36.025760650634766,-84.02613830566406
0.7291021347045898,0,0.0,1.5414283107572988e-44,0.0,-2.9815440836138317e-19,2.008000135421753,2988.0,-0.0,0.0,20.016000747680664,0.0,0.12989206612110138,0.234045147895813,9.127161979675293,-0.0010373126715421677,0.0002157166600227356,0.00012916605919599533,32.89988708496094,36.20322799682617,-82.15131378173828
0.74853515625,0,0.0,1.5414283107572988e-44,0.0,-2.9815440836138317e-19,2.004000186920166,2984.0,-0.0,0.0,20.00400161743164,0.0,0.16041968762874603,0.24541817605495453,9.14571762084961,-0.0022357534617185593,0.0014141574501991272,0.0011944463476538658,34.31493377685547,37.268028259277344,-83.17394256591797
0.7686758041381836,0,0.0,1.5414283107572988e-44,0.0,-2.9815440836138317e-19,2.0160000324249268,2988.0,-0.0,0.0,20.020000457763672,0.0,0.1490466445684433,0.238235205411911,9.136738777160645,-0.00130363367497921,-0.0005832444876432419,0.00039548613131046295,31.661718368530273,36.025760650634766,-82.66262817382812
0.7887918949127197,0,0.0,1.5414283107572988e-44,0.0,-2.9815440836138317e-19,2.008000135421753,3008.0,-0.0,0.0,20.00800132751465,0.0,0.15144097805023193,0.24661533534526825,9.116387367248535,-0.001569952815771103,8.255615830421448e-05,0.00026232562959194183,32.192359924316406,36.9130973815918,-81.81044006347656
0.8090300559997559,0,0.0,1.5414283107572988e-44,0.0,-2.9815440836138317e-19,2.004000186920166,2980.0,-0.0,0.0,20.00800132751465,0.0,0.1520395576953888,0.23883378505706787,9.139732360839844,0.0016258880496025085,-0.0005832444876432419,-0.0006697950884699821,34.13805389404297,36.025760650634766,-83.3443832397461
0.8301804065704346,0,0.0,1.5414283107572988e-44,0.0,-2.9815440836138317e-19,2.008000135421753,2988.0,-0.0,0.0,20.012001037597656,0.0,0.13587787747383118,0.24661533534526825,9.164274215698242,-0.0009041521698236465,-5.060434341430664e-05,0.00026232562959194183,33.96117401123047,35.848297119140625,-82.83306884765625
0.8495192527770996,0,0.0,1.5414283107572988e-44,0.0,-2.9815440836138317e-19,2.008000135421753,2980.0,-0.0,0.0,20.00800132751465,0.0,0.13887077569961548,0.2352423071861267,9.15709114074707,0.00016112811863422394,-0.00045008398592472076,-0.0009361151605844498,32.72300338745117,35.67082977294922,-84.36701202392578
0.8697304725646973,0,0.0,1.5414283107572988e-44,0.0,-2.9815440836138317e-19,2.008000135421753,2988.0,-0.0,0.0,20.00400161743164,0.0,0.14246225357055664,0.25080540776252747,9.182230949401855,-0.0003715120255947113,0.0015473179519176483,0.00012916605919599533,33.4305305480957,36.025760650634766,-82.3217544555664
0.8900234699249268,0,0.0,1.5414283107572988e-44,0.0,-2.9815440836138317e-19,2.004000186920166,3004.0,-0.0,0.0,20.012001037597656,0.0,0.13767361640930176,0.24481959640979767,9.149908065795898,0.0006937682628631592,0.0003488771617412567,-0.0008029546588659286,34.31493377685547,36.20322799682617,-82.15131378173828
0.9111950397491455,0,0.0,1.5414283107572988e-44,0.0,-2.9815440836138317e-19,2.008000135421753,2980.0,-0.0,0.0,20.012001037597656,0.0,0.14844806492328644,0.2789387106895447,9.145119667053223,0.00016112811863422394,0.001147836446762085,0.0009281262755393982,33.7842903137207,36.73563003540039,-84.02613830566406
0.9305160045623779,0,0.0,1.5414283107572988e-44,0.0,-2.9815440836138317e-19,2.008000135421753,2984.0,-0.0,0.0,20.00800132751465,0.0,0.13587787747383118,0.25978413224220276,9.14332389831543,-0.0005046725273132324,0.0004820358008146286,0.0005286457017064095,32.72300338745117,37.0905647277832,-83.00350189208984
0.950664758682251,0,0.0,1.5414283107572988e-44,0.0,-2.9815440836138317e-19,2.008000135421753,2984.0,-0.0,0.0,20.00400161743164,0.0,0.1280963122844696,0.24362243711948395,9.185224533081055,0.0005606077611446381,-5.060434341430664e-05,-0.0004034740850329399,33.6074104309082,36.558162689208984,-83.17394256591797
0.9710147380828857,0,0.0,1.5414283107572988e-44,0.0,-2.9815440836138317e-19,2.01200008392334,2980.0,-0.0,0.0,20.00400161743164,0.0,0.13468070328235626,0.24062953889369965,9.128358840942383,-0.0010373126715421677,0.000881517305970192,-0.001468755304813385,34.49181365966797,36.025760650634766,-83.3443832397461
0.9911816120147705,0,0.0,1.5414283107572988e-44,0.0,-2.9815440836138317e-19,2.0160000324249268,3000.0,-0.0,0.0,20.012001037597656,0.0,0.1370750367641449,0.24900966882705688,9.166069984436035,-0.0010373126715421677,0.0016804765909910202,-0.0002703145146369934,33.4305305480957,35.315895080566406,-82.66262817382812
1.0115232467651367,0,0.0,1.5414283107572988e-44,0.0,-2.9815440836138317e-19,2.008000135421753,2980.0,-0.0,0.0,20.012001037597656,0.0,0.13468070328235626,0.24781250953674316,9.169661521911621,0.0005606077611446381,-0.00045008398592472076,-3.994442522525787e-06,32.192359924316406,36.558162689208984,-82.4921875
1.031705379486084,0,0.0,1.5414283107572988e-44,0.0,-2.9815440836138317e-19,2.004000186920166,3052.0,-0.0,0.0,20.00800132751465,0.0,0.14365942776203156,0.23344656825065613,9.161879539489746,-0.0009041521698236465,0.0004820358008146286,0.001327606849372387,32.89988708496094,36.20322799682617,-82.15131378173828
1.0520329475402832,0,0.0,1.5414283107572988e-44,0.0,-2.9815440836138317e-19,2.008000135421753,2984.0,-0.0,0.0,20.00400161743164,0.0,0.1502438187599182,0.24182669818401337,9.142724990844727,-0.0007709935307502747,-0.00018376484513282776,-0.0006697950884699821,33.4305305480957,36.38069534301758,-83.3443832397461
1.0721724033355713,0,0.0,1.5414283107572988e-44,0.0,-2.9815440836138317e-19,2.01200008392334,2980.0,-0.0,0.0,20.012001037597656,0.0,0.14545516669750214,0.25260114669799805,9.156492233276367,-0.00023835152387619019,-0.000982724130153656,0.00012916605919599533,31.838598251342773,36.9130973815918,-83.17394256591797
1.0924959182739258,0,0.0,1.5414283107572988e-44,0.0,-2.9815440836138317e-19,2.008000135421753,3008.0,-0.0,0.0,20.00800132751465,0.0,0.15682820975780487,0.25080540776252747,9.176844596862793,-0.0006378330290317535,-0.00045008398592472076,-0.0002703145146369934,33.4305305480957,35.315895080566406,-83.00350189208984
1.1128056049346924,0,0.0,1.5414283107572988e-44,0.0,-2.9815440836138317e-19,2.008000135421753,2984.0,-0.0,0.0,20.016000747680664,0.0,0.12270908802747726,0.25978413224220276,9.135541915893555,0.00016112811863422394,-0.00031692348420619965,0.00026232562959194183,33.25364685058594,36.9130973815918,-83.17394256591797
1.1342244148254395,0,0.0,1.5414283107572988e-44,0.0,-2.9815440836138317e-19,2.008000135421753,3140.0,-0.0,0.0,20.00400161743164,0.0,0.14425800740718842,0.23643946647644043,9.161280632019043,0.0008269287645816803,-0.0008495636284351349,-0.0001371540129184723,33.6074104309082,38.33283233642578,-83.17394256591797
1.1545772552490234,0,0.0,1.5414283107572988e-44,0.0,-2.9815440836138317e-19,2.008000135421753,2980.0,-0.0,0.0,20.016000747680664,0.0,0.1502438187599182,0.2322493940591812,9.146316528320312,-0.0001051928848028183,-0.00018376484513282776,0.0007949657738208771,32.89988708496094,36.9130973815918,-83.17394256591797
1.1734659671783447,0,0.0,1.5414283107572988e-44,0.0,-2.9815440836138317e-19,2.01200008392334,2980.0,-0.0,0.0,20.016000747680664,0.0,0.16161684691905975,0.2639741897583008,9.137337684631348,-0.0001051928848028183,-0.0005832444876432419,-0.0008029546588659286,34.31493377685547,35.848297119140625,-83.51482391357422
1.193868637084961,0,0.0,1.5414283107572988e-44,0.0,-2.9815440836138317e-19,2.008000135421753,2996.0,-0.0,0.0,20.00800132751465,0.0,0.11792044341564178,0.24182669818401337,9.19001293182373,-0.0003715120255947113,-0.00045008398592472076,0.0005286457017064095,33.07676696777344,37.0905647277832,-82.3217544555664
1.215585708618164,0,0.0,1.5414283107572988e-44,0.0,-2.9815440836138317e-19,2.008000135421753,2984.0,-0.0,0.0,20.02400016784668,0.0,0.1370750367641449,0.2460167557001114,9.146915435791016,-0.001569952815771103,-5.060434341430664e-05,-0.0010692747309803963,33.25364685058594,36.20322799682617,-82.83306884765625
1.2342655658721924,0,0.0,1.5414283107572988e-44,0.0,-2.9815440836138317e-19,2.008000135421753,3124.0,-0.0,0.0,20.00800132751465,0.0,0.1490466445684433,0.24960824847221375,9.154696464538574,0.0012264084070920944,0.0004820358008146286,-0.0008029546588659286,33.7842903137207,35.315895080566406,-83.68525695800781
1.254720687866211,0,0.0,1.5414283107572988e-44,0.0,-2.9815440836138317e-19,2.008000135421753,2988.0,-0.0,0.0,20.012001037597656,0.0,0.1370750367641449,0.2663685083389282,9.164274215698242,0.0006937682628631592,0.0002157166600227356,-0.0001371540129184723,33.25364685058594,36.20322799682617,-82.4921875
1.2746996879577637,0,0.0,1.5414283107572988e-44,0.0,-2.9815440836138317e-19,2.008000135421753,2980.0,-0.0,0.0,20.012001037597656,0.0,0.15323671698570251,0.25379830598831177,9.149908065795898,-0.0007709935307502747,-0.00018376484513282776,0.0022597266361117363,33.4305305480957,34.960960388183594,-82.66262817382812
1.2948863506317139,0,0.0,1.5414283107572988e-44,0.0,-2.9815440836138317e-19,2.008000135421753,3004.0,-0.0,0.0,20.016000747680664,0.0,0.14246225357055664,0.2520025670528412,9.174449920654297,-0.001703113317489624,0.0004820358008146286,0.0005286457017064095,32.89988708496094,35.848297119140625,-83.51482391357422
1.3152554035186768,0,0.0,1.5414283107572988e-44,0.0,-2.9815440836138317e-19,2.004000186920166,2976.0,-0.0,0.0,20.012001037597656,0.0,0.1502438187599182,0.22985507547855377,9.154696464538574,-0.0011704731732606888,0.0007483568042516708,-0.0001371540129184723,34.31493377685547,36.20322799682617,-83.17394256591797
1.3354973793029785,0,0.0,1.5414283107572988e-44,0.0,-2.9815440836138317e-19,2.008000135421753,3048.0,-0.0,0.0,20.00400161743164,0.0,0.14844806492328644,0.25679120421409607,9.163675308227539,-0.0005046725273132324,8.255615830421448e-05,0.0005286457017064095,33.7842903137207,34.60602951049805,-84.36701202392578
1.3555777072906494,0,0.0,1.5414283107572988e-44,0.0,-2.9815440836138317e-19,2.008000135421753,2984.0,-0.0,0.0,20.00800132751465,0.0,0.1622154265642166,0.23584088683128357,9.120577812194824,-0.0006378330290317535,-0.00018376484513282776,0.0009281262755393982,32.89988708496094,37.97789764404297,-84.19657135009766
1.3759007453918457,0,0.0,1.5414283107572988e-44,0.0,-2.9815440836138317e-19,2.01200008392334,2984.0,-0.0,0.0,20.02800178527832,0.0,0.12390625476837158,0.2322493940591812,9.15709114074707,-0.0006378330290317535,0.0004820358008146286,0.00039548613131046295,34.13805389404297,36.38069534301758,-83.68525695800781
1.3960199356079102,0,0.0,1.5414283107572988e-44,0.0,-2.9815440836138317e-19,2.008000135421753,3000.0,-0.0,0.0,20.00400161743164,0.0,0.1370750367641449,0.23943236470222473,9.19540023803711,-0.0009041521698236465,0.0004820358008146286,0.0007949657738208771,34.668697357177734,36.9130973815918,-83.85569763183594
1.4163885116577148,0,0.0,1.5414283107572988e-44,0.0,-2.9815440836138317e-19,2.0199999809265137,2980.0,-0.0,0.0,20.02800178527832,0.0,0.13468070328235626,0.2520025670528412,9.154696464538574,-0.00130363367497921,-5.060434341430664e-05,-0.000536634586751461,33.6074104309082,36.9130973815918,-83.85569763183594
1.4374983310699463,0,0.0,1.5414283107572988e-44,0.0,-2.9815440836138317e-19,2.008000135421753,3000.0,-0.0,0.0,20.016000747680664,0.0,0.13587787747383118,0.24541817605495453,9.184625625610352,-0.0006378330290317535,0.000881517305970192,-0.0012024352326989174,31.131074905395508,36.558162689208984,-82.83306884765625
1.4568235874176025,0,0.0,1.5414283107572988e-44,0.0,-2.9815440836138317e-19,2.008000135421753,2984.0,-0.0,0.0,20.00400161743164,0.0,0.14964522421360016,0.2531997263431549,9.158886909484863,0.0012264084070920944,0.0003488771617412567,-3.994442522525787e-06,33.7842903137207,36.38069534301758,-83.00350189208984
1.477198839187622,0,0.0,1.5414283107572988e-44,0.0,-2.9815440836138317e-19,2.004000186920166,2988.0,-0.0,0.0,20.00800132751465,0.0,0.14665232598781586,0.23763662576675415,9.140929222106934,0.00016112811863422394,-0.00045008398592472076,-0.0002703145146369934,32.72300338745117,35.67082977294922,-82.66262817382812
1.4982759952545166,0,0.0,1.5414283107572988e-44,0.0,-2.9815440836138317e-19,2.004000186920166,2980.0,-0.0,0.0,20.012001037597656,0.0,0.14425800740718842,0.23883378505706787,9.121774673461914,-0.0005046725273132324,-0.00031692348420619965,0.00012916605919599533,32.72300338745117,38.155364990234375,-81.98087310791016
1.5176830291748047,0,0.0,1.5414283107572988e-44,0.0,-2.9815440836138317e-19,2.01200008392334,2984.0,-0.0,0.0,20.012001037597656,0.0,0.15084239840507507,0.24182669818401337,9.170259475708008,0.00016112811863422394,-0.000716404989361763,-0.0006697950884699821,33.4305305480957,35.67082977294922,-82.3217544555664
1.5378081798553467,0,0.0,1.5414283107572988e-44,0.0,-2.9815440836138317e-19,2.004000186920166,3004.0,-0.0,0.0,20.016000747680664,0.0,0.15263813734054565,0.2442210167646408,9.149309158325195,-0.0001051928848028183,0.0004820358008146286,0.00012916605919599533,33.7842903137207,37.0905647277832,-83.00350189208984
1.5581557750701904,0,0.0,1.5414283107572988e-44,0.0,-2.9815440836138317e-19,2.004000186920166,2984.0,-0.0,0.0,20.012001037597656,0.0,0.14485658705234528,0.238235205411911,9.154098510742188,-0.0009041521698236465,-0.00031692348420619965,0.00012916605919599533,33.4305305480957,37.44549560546875,-82.3217544555664
1.5783283710479736,0,0.0,1.5414283107572988e-44,0.0,-2.9815440836138317e-19,2.004000186920166,2980.0,-0.0,0.0,20.00400161743164,0.0,0.14665232598781586,0.2531997263431549,9.127161979675293,-0.0022357534617185593,0.0004820358008146286,0.00026232562959194183,33.96117401123047,37.622962951660156,-81.46955871582031
1.5986237525939941,0,0.0,1.5414283107572988e-44,0.0,-2.9815440836138317e-19,2.004000186920166,2980.0,-0.0,0.0,20.016000747680664,0.0,0.12570199370384216,0.23763662576675415,9.152302742004395,-0.0009041521698236465,-0.00018376484513282776,-0.001335594803094864,33.07676696777344,36.38069534301758,-81.98087310791016
1.6187970638275146,0,0.0,1.5414283107572988e-44,0.0,-2.9815440836138317e-19,2.004000186920166,2980.0,-0.0,0.0,20.00400161743164,0.0,0.14665232598781586,0.2502068281173706,9.160083770751953,-0.0001051928848028183,0.0003488771617412567,0.001327606849372387,34.13805389404297,36.38069534301758,-84.02613830566406
1.6392097473144531,0,0.0,1.5414283107572988e-44,0.0,-2.9815440836138317e-19,2.008000135421753,2996.0,-0.0,0.0,20.012001037597656,0.0,0.1490466445684433,0.24960824847221375,9.14452075958252,0.00016112811863422394,-5.060434341430664e-05,-0.0002703145146369934,34.31493377685547,36.558162689208984,-82.83306884765625
1.6602418422698975,0,0.0,1.5414283107572988e-44,0.0,-2.9815440836138317e-19,2.008000135421753,2988.0,-0.0,0.0,20.00400161743164,0.0,0.13887077569961548,0.2531997263431549,9.184026718139648,0.00029428862035274506,0.001147836446762085,0.0009281262755393982,32.89988708496094,38.68776321411133,-82.15131378173828
1.6812098026275635,0,0.0,1.5414283107572988e-44,0.0,-2.9815440836138317e-19,2.008000135421753,2980.0,-0.0,0.0,20.00800132751465,0.0,0.1280963122844696,0.25738978385925293,9.154098510742188,-0.0003715120255947113,-0.00018376484513282776,0.00039548613131046295,33.6074104309082,34.78349304199219,-82.4921875
1.6997647285461426,0,0.0,1.5414283107572988e-44,0.0,-2.9815440836138317e-19,2.004000186920166,2988.0,-0.0,0.0,20.012001037597656,0.0,0.13468070328235626,0.24661533534526825,9.122373580932617,-0.00023835152387619019,0.0002157166600227356,-3.994442522525787e-06,34.668697357177734,36.558162689208984,-83.85569763183594
1.7200806140899658,0,0.0,1.5414283107572988e-44,0.0,-2.9815440836138317e-19,2.01200008392334,2992.0,-0.0,0.0,20.012001037597656,0.0,0.1622154265642166,0.2370380461215973,9.182829856872559,0.0005606077611446381,-5.060434341430664e-05,0.00012916605919599533,33.6074104309082,35.848297119140625,-82.15131378173828
1.7410330772399902,0,0.0,1.5414283107572988e-44,0.0,-2.9815440836138317e-19,2.004000186920166,3008.0,-0.0,0.0,20.00400161743164,0.0,0.146053746342659,0.2352423071861267,9.130154609680176,0.0017590485513210297,-0.0011158846318721771,-0.0004034740850329399,32.89988708496094,36.558162689208984,-83.17394256591797
1.7606172561645508,0,0.0,1.5414283107572988e-44,0.0,-2.9815440836138317e-19,2.008000135421753,2980.0,-0.0,0.0,20.012001037597656,0.0,0.14665232598781586,0.22865791618824005,9.14452075958252,2.796761691570282e-05,0.000881517305970192,0.00039548613131046295,32.89988708496094,37.268028259277344,-83.51482391357422
1.7817494869232178,0,0.0,1.5414283107572988e-44,0.0,-2.9815440836138317e-19,2.01200008392334,2980.0,-0.0,0.0,20.00400161743164,0.0,0.13348354399204254,0.25439688563346863,9.15828800201416,0.00042744725942611694,0.0002157166600227356,-3.994442522525787e-06,32.54612350463867,36.9130973815918,-82.83306884765625
1.801861047744751,0,0.0,1.5414283107572988e-44,0.0,-2.9815440836138317e-19,2.004000186920166,2988.0,-0.0,0.0,20.012001037597656,0.0,0.12630057334899902,0.25260114669799805,9.167266845703125,-0.0007709935307502747,-0.000982724130153656,0.00026232562959194183,34.49181365966797,36.025760650634766,-85.04876708984375
1.821227788925171,0,0.0,1.5414283107572988e-44,0.0,-2.9815440836138317e-19,2.008000135421753,2980.0,-0.0,0.0,20.00800132751465,0.0,0.14365942776203156,0.24242527782917023,9.14571762084961,0.00042744725942611694,-0.0005832444876432419,0.00026232562959194183,32.36924362182617,36.73563003540039,-83.3443832397461
1.8415377140045166,0,0.0,1.5414283107572988e-44,0.0,-2.9815440836138317e-19,2.008000135421753,3008.0,-0.0,0.0,20.00800132751465,0.0,0.1370750367641449,0.2531997263431549,9.153499603271484,-0.0001051928848028183,-0.0015153642743825912,-3.994442522525787e-06,32.89988708496094,36.558162689208984,-82.15131378173828
1.8616790771484375,0,0.0,1.5414283107572988e-44,0.0,-2.9815440836138317e-19,2.008000135421753,2984.0,-0.0,0.0,20.00400161743164,0.0,0.1221105083823204,0.24781250953674316,9.154098510742188,-0.0014367923140525818,0.0007483568042516708,0.00012916605919599533,33.4305305480957,36.38069534301758,-83.00350189208984
1.8820700645446777,0,0.0,1.5414283107572988e-44,0.0,-2.9815440836138317e-19,2.008000135421753,3076.0,-0.0,0.0,20.00400161743164,0.0,0.1622154265642166,0.24182669818401337,9.14452075958252,0.0009600892663002014,0.0003488771617412567,-0.0008029546588659286,33.96117401123047,36.20322799682617,-83.51482391357422
1.9041509628295898,0,0.0,1.5414283107572988e-44,0.0,-2.9815440836138317e-19,2.008000135421753,2984.0,-0.0,0.0,20.00400161743164,0.0,0.13348354399204254,0.24062953889369965,9.133148193359375,0.0006937682628631592,0.0006151963025331497,0.00026232562959194183,31.48483657836914,37.268028259277344,-83.85569763183594
1.9241199493408203,0,0.0,1.5414283107572988e-44,0.0,-2.9815440836138317e-19,2.01200008392334,2988.0,-0.0,0.0,20.00400161743164,0.0,0.14545516669750214,0.2460167557001114,9.120577812194824,-0.0001051928848028183,0.0007483568042516708,0.0006618062034249306,32.54612350463867,36.558162689208984,-82.15131378173828
1.9432098865509033,0,0.0,1.5414283107572988e-44,0.0,-2.9815440836138317e-19,2.008000135421753,2996.0,-0.0,0.0,20.012001037597656,0.0,0.1550324559211731,0.2549954652786255,9.152302742004395,0.0016258880496025085,-0.0011158846318721771,0.0006618062034249306,33.6074104309082,35.848297119140625,-82.83306884765625
1.9630179405212402,0,0.0,1.5414283107572988e-44,0.0,-2.9815440836138317e-19,2.008000135421753,2988.0,-0.0,0.0,20.016000747680664,0.0,0.1251034140586853,0.2639741897583008,9.154098510742188,-0.0006378330290317535,0.0002157166600227356,0.0005286457017064095,33.25364685058594,36.20322799682617,-82.83306884765625
1.9831464290618896,0,0.0,1.5414283107572988e-44,0.0,-2.9815440836138317e-19,2.0160000324249268,3136.0,-0.0,0.0,20.00800132751465,0.0,0.12689915299415588,0.2531997263431549,9.15709114074707,0.0006937682628631592,-0.000716404989361763,0.00039548613131046295,33.25364685058594,36.9130973815918,-82.15131378173828
2.0034782886505127,0,0.0,1.5414283107572988e-44,0.0,-2.9815440836138317e-19,2.004000186920166,2984.0,-0.0,0.0,20.00400161743164,0.0,0.14066651463508606,0.23584088683128357,9.154098510742188,-0.0003715120255947113,-0.00031692348420619965,-0.0004034740850329399,32.89988708496094,36.558162689208984,-83.51482391357422
2.023646354675293,0,0.0,1.5414283107572988e-44,0.0,-2.9815440836138317e-19,2.004000186920166,2988.0,-0.0,0.0,20.020000457763672,0.0,0.13527928292751312,0.2514039874076843,9.145119667053223,0.00016112811863422394,0.0003488771617412567,0.0011944463476538658,33.25364685058594,37.97789764404297,-82.83306884765625
2.0439770221710205,0,0.0,1.5414283107572988e-44,0.0,-2.9815440836138317e-19,2.008000135421753,3004.0,-0.0,0.0,20.012001037597656,0.0,0.12749773263931274,0.2681642472743988,9.170259475708008,0.00016112811863422394,0.0003488771617412567,0.0006618062034249306,34.13805389404297,37.44549560546875,-83.00350189208984
2.0653274059295654,0,0.0,1.5414283107572988e-44,0.0,-2.9815440836138317e-19,2.008000135421753,2984.0,-0.0,0.0,20.02800178527832,0.0,0.14545516669750214,0.2220735251903534,9.166069984436035,0.0010932479053735733,-0.00045008398592472076,0.00026232562959194183,34.668697357177734,36.9130973815918,-82.83306884765625
2.0844874382019043,0,0.0,1.5414283107572988e-44,0.0,-2.9815440836138317e-19,2.008000135421753,3072.0,-0.0,0.0,20.00400161743164,0.0,0.14425800740718842,0.24362243711948395,9.154098510742188,0.00029428862035274506,0.0003488771617412567,-0.0008029546588659286,32.54612350463867,36.558162689208984,-83.17394256591797
2.1047332286834717,0,0.0,1.5414283107572988e-44,0.0,-2.9815440836138317e-19,2.004000186920166,2976.0,-0.0,0.0,20.00400161743164,0.0,0.13168780505657196,0.2549954652786255,9.154696464538574,0.0010932479053735733,0.0002157166600227356,-0.0002703145146369934,33.25364685058594,34.78349304199219,-83.85569763183594
2.126206874847412,0,0.0,1.5414283107572988e-44,0.0,-2.9815440836138317e-19,2.01200008392334,2980.0,-0.0,0.0,20.012001037597656,0.0,0.15563103556632996,0.2370380461215973,9.123570442199707,-0.0001051928848028183,-0.0005832444876432419,0.0014607664197683334,34.668697357177734,35.49336242675781,-81.81044006347656
2.1452112197875977,0,0.0,1.5414283107572988e-44,0.0,-2.9815440836138317e-19,2.004000186920166,2996.0,-0.0,0.0,20.00800132751465,0.0,0.11971618235111237,0.23943236470222473,9.142724990844727,-0.0009041521698236465,-0.00018376484513282776,0.0006618062034249306,33.96117401123047,36.20322799682617,-83.17394256591797
2.1654837131500244,0,0.0,1.5414283107572988e-44,0.0,-2.9815440836138317e-19,2.008000135421753,2984.0,-0.0,0.0,20.00800132751465,0.0,0.14545516669750214,0.234045147895813,9.167266845703125,-0.0001051928848028183,0.000881517305970192,-0.0002703145146369934,33.4305305480957,37.0905647277832,-82.66262817382812
2.1856024265289307,0,0.0,1.5414283107572988e-44,0.0,-2.9815440836138317e-19,2.008000135421753,3024.0,-0.0,0.0,20.012001037597656,0.0,0.13767361640930176,0.25260114669799805,9.15948486328125,-0.00023835152387619019,-0.0013822037726640701,0.00039548613131046295,34.31493377685547,36.20322799682617,-82.4921875
2.2058894634246826,0,0.0,1.5414283107572988e-44,0.0,-2.9815440836138317e-19,2.008000135421753,2976.0,-0.0,0.0,20.012001037597656,0.0,0.14964522421360016,0.24242527782917023,9.129556655883789,0.0008269287645816803,-5.060434341430664e-05,-0.0001371540129184723,33.07676696777344,37.44549560546875,-83.00350189208984
2.2260494232177734,0,0.0,1.5414283107572988e-44,0.0,-2.9815440836138317e-19,2.004000186920166,2984.0,-0.0,0.0,20.00400161743164,0.0,0.12869489192962646,0.25858697295188904,9.164274215698242,0.0008269287645816803,0.000881517305970192,0.0011944463476538658,32.72300338745117,37.44549560546875,-83.00350189208984
2.246506690979004,0,0.0,1.5414283107572988e-44,0.0,-2.9815440836138317e-19,2.004000186920166,2984.0,-0.0,0.0,20.012001037597656,0.0,0.14186367392539978,0.25080540776252747,9.173851013183594,0.00016112811863422394,-0.00031692348420619965,0.0006618062034249306,33.4305305480957,37.44549560546875,-82.66262817382812
2.2665903568267822,0,0.0,1.5414283107572988e-44,0.0,-2.9815440836138317e-19,2.0160000324249268,2972.0,-0.0,0.0,20.012001037597656,0.0,0.14246225357055664,0.25858697295188904,9.132549285888672,-0.0011704731732606888,-5.060434341430664e-05,-3.994442522525787e-06,33.07676696777344,36.73563003540039,-82.66262817382812
2.2869315147399902,0,0.0,1.5414283107572988e-44,0.0,-2.9815440836138317e-19,2.004000186920166,2988.0,-0.0,0.0,20.012001037597656,0.0,0.1340821236371994,0.23344656825065613,9.155295372009277,0.0013595689088106155,0.0014141574501991272,-3.994442522525787e-06,33.6074104309082,35.848297119140625,-84.19657135009766
2.3070590496063232,0,0.0,1.5414283107572988e-44,0.0,-2.9815440836138317e-19,2.01200008392334,2968.0,-0.0,0.0,20.00800132751465,0.0,0.16161684691905975,0.2430238574743271,9.12416934967041,0.0016258880496025085,8.255615830421448e-05,-0.0002703145146369934,34.13805389404297,35.67082977294922,-81.98087310791016
2.327240228652954,0,0.0,1.5414283107572988e-44,0.0,-2.9815440836138317e-19,2.008000135421753,2968.0,-0.0,0.0,20.012001037597656,0.0,0.14126509428024292,0.24062953889369965,9.151104927062988,0.0016258880496025085,0.001147836446762085,-0.0006697950884699821,32.72300338745117,36.38069534301758,-82.3217544555664
2.347576379776001,0,0.0,1.5414283107572988e-44,0.0,-2.9815440836138317e-19,2.008000135421753,2956.0,-0.0,0.0,20.020000457763672,0.0,0.14425800740718842,0.2579883933067322,9.167865753173828,2.796761691570282e-05,0.000881517305970192,0.00026232562959194183,33.6074104309082,36.9130973815918,-82.15131378173828
2.367914915084839,0,0.0,1.5414283107572988e-44,0.0,-2.9815440836138317e-19,2.01200008392334,2976.0,-0.0,0.0,20.016000747680664,0.0,0.15682820975780487,0.2430238574743271,9.181034088134766,2.796761691570282e-05,0.001280996948480606,-0.0002703145146369934,34.31493377685547,36.9130973815918,-81.81044006347656
2.388049840927124,0,0.0,1.5414283107572988e-44,0.0,-2.9815440836138317e-19,2.008000135421753,2988.0,-0.0,0.0,20.00400161743164,0.0,0.13348354399204254,0.22985507547855377,9.121175765991211,-0.0006378330290317535,-0.00018376484513282776,-0.0002703145146369934,33.4305305480957,36.025760650634766,-81.98087310791016
2.408236265182495,0,0.0,1.5414283107572988e-44,0.0,-2.9815440836138317e-19,2.008000135421753,2980.0,-0.0,0.0,20.00800132751465,0.0,0.12929348647594452,0.2639741897583008,9.160083770751953,-0.0009041521698236465,0.0006151963025331497,0.0006618062034249306,34.49181365966797,35.315895080566406,-83.3443832397461
2.4285717010498047,0,0.0,1.5414283107572988e-44,0.0,-2.9815440836138317e-19,2.008000135421753,2972.0,-0.0,0.0,20.00800132751465,0.0,0.1251034140586853,0.26576992869377136,9.132549285888672,-0.0009041521698236465,-0.000982724130153656,-0.0002703145146369934,32.72300338745117,36.025760650634766,-82.3217544555664
2.448805093765259,0,0.0,1.5414283107572988e-44,0.0,-2.9815440836138317e-19,2.008000135421753,2972.0,-0.0,0.0,20.016000747680664,0.0,0.14844806492328644,0.2502068281173706,9.138534545898438,0.0014927294105291367,0.0003488771617412567,0.0011944463476538658,33.96117401123047,36.20322799682617,-83.17394256591797
2.469078779220581,0,0.0,1.5414283107572988e-44,0.0,-2.9815440836138317e-19,2.0320000648498535,2960.0,-0.0,0.0,20.00400161743164,0.0,0.14545516669750214,0.2609812915325165,9.138534545898438,0.0005606077611446381,8.255615830421448e-05,-0.000536634586751461,33.4305305480957,35.67082977294922,-84.7078857421875
2.4893712997436523,0,0.0,1.5414283107572988e-44,0.0,-2.9815440836138317e-19,2.008000135421753,2992.0,-0.0,0.0,20.016000747680664,0.0,0.14365942776203156,0.24242527782917023,9.14452075958252,0.0014927294105291367,-5.060434341430664e-05,0.0007949657738208771,34.845577239990234,38.155364990234375,-83.3443832397461
2.5096168518066406,0,0.0,1.5414283107572988e-44,0.0,-2.9815440836138317e-19,2.008000135421753,2960.0,-0.0,0.0,20.00800132751465,0.0,0.13228638470172882,0.25080540776252747,9.152900695800781,-0.0003715120255947113,0.0014141574501991272,0.0009281262755393982,32.89988708496094,36.558162689208984,-83.85569763183594
2.529845952987671,0,0.0,1.5414283107572988e-44,0.0,-2.9815440836138317e-19,2.01200008392334,2956.0,-0.0,0.0,20.016000747680664,0.0,0.14066651463508606,0.24362243711948395,9.139732360839844,0.00042744725942611694,0.0004820358008146286,-0.0004034740850329399,32.015480041503906,34.960960388183594,-81.98087310791016
2.5519423484802246,0,0.0,1.5414283107572988e-44,0.0,-2.9815440836138317e-19,2.008000135421753,2980.0,-0.0,0.0,20.012001037597656,0.0,0.14186367392539978,0.25559404492378235,9.13793659210205,0.00016112811863422394,0.0004820358008146286,-3.994442522525787e-06,33.07676696777344,36.025760650634766,-84.02613830566406
2.570237874984741,0,0.0,1.5414283107572988e-44,0.0,-2.9815440836138317e-19,2.008000135421753,2980.0,-0.0,0.0,20.012001037597656,0.0,0.1221105083823204,0.2549954652786255,9.156492233276367,-0.0001051928848028183,0.0003488771617412567,-0.0004034740850329399,32.72300338745117,36.025760650634766,-82.66262817382812
2.59061861038208,0,0.0,1.5414283107572988e-44,0.0,-2.9815440836138317e-19,2.008000135421753,3000.0,-0.0,0.0,20.00800132751465,0.0,0.15862394869327545,0.238235205411911,9.130753517150879,-0.0003715120255947113,-5.060434341430664e-05,-0.0004034740850329399,34.31493377685547,37.622962951660156,-84.19657135009766
2.6107683181762695,0,0.0,1.5414283107572988e-44,0.0,-2.9815440836138317e-19,2.008000135421753,2972.0,-0.0,0.0,20.00800132751465,0.0,0.14784948527812958,0.2663685083389282,9.146915435791016,2.796761691570282e-05,0.0003488771617412567,-0.0004034740850329399,34.668697357177734,36.558162689208984,-83.17394256591797
2.6310906410217285,0,0.0,1.5414283107572988e-44,0.0,-2.9815440836138317e-19,2.008000135421753,2984.0,-0.0,0.0,20.00800132751465,0.0,0.15563103556632996,0.2520025670528412,9.17744255065918,-0.0006378330290317535,0.0010146759450435638,-0.0002703145146369934,32.89988708496094,35.848297119140625,-82.4921875
2.6520512104034424,0,0.0,1.5414283107572988e-44,0.0,-2.9815440836138317e-19,2.008000135421753,2964.0,-0.0,0.0,20.012001037597656,0.0,0.1370750367641449,0.24900966882705688,9.119379997253418,-0.0011704731732606888,0.0002157166600227356,-0.0020013954490423203,34.49181365966797,36.025760650634766,-82.66262817382812
2.6715731620788574,0,0.0,1.5414283107572988e-44,0.0,-2.9815440836138317e-19,2.008000135421753,2964.0,-0.0,0.0,20.00800132751465,0.0,0.15144097805023193,0.2442210167646408,9.149908065795898,0.0006937682628631592,-0.00018376484513282776,-0.0009361151605844498,32.72300338745117,36.73563003540039,-83.3443832397461
2.6921956539154053,0,0.0,1.5414283107572988e-44,0.0,-2.9815440836138317e-19,2.008000135421753,2996.0,-0.0,0.0,20.00800132751465,0.0,0.15084239840507507,0.23584088683128357,9.146316528320312,0.0006937682628631592,-0.000982724130153656,0.00039548613131046295,34.49181365966797,36.38069534301758,-82.3217544555664
2.7120728492736816,0,0.0,1.5414283107572988e-44,0.0,-2.9815440836138317e-19,2.008000135421753,2964.0,-0.0,0.0,20.00800132751465,0.0,0.1430608481168747,0.2579883933067322,9.155295372009277,0.00042744725942611694,0.0004820358008146286,0.00026232562959194183,32.72300338745117,35.315895080566406,-82.3217544555664
2.732361078262329,0,0.0,1.5414283107572988e-44,0.0,-2.9815440836138317e-19,2.008000135421753,3064.0,-0.0,0.0,20.00400161743164,0.0,0.14186367392539978,0.2310522347688675,9.154696464538574,0.0008269287645816803,0.0006151963025331497,-0.0012024352326989174,33.6074104309082,36.20322799682617,-82.83306884765625
2.752531051635742,0,0.0,1.5414283107572988e-44,0.0,-2.9815440836138317e-19,2.008000135421753,2960.0,-0.0,0.0,20.00400161743164,0.0,0.1280963122844696,0.24841108918190002,9.138534545898438,0.0008269287645816803,0.0014141574501991272,0.00026232562959194183,33.07676696777344,35.315895080566406,-83.68525695800781
2.7727785110473633,0,0.0,1.5414283107572988e-44,0.0,-2.9815440836138317e-19,2.0240001678466797,2964.0,-0.0,0.0,20.020000457763672,0.0,0.1550324559211731,0.24960824847221375,9.146915435791016,-0.0007709935307502747,-5.060434341430664e-05,-0.0004034740850329399,32.72300338745117,35.67082977294922,-82.3217544555664
2.792902708053589,0,0.0,1.5414283107572988e-44,0.0,-2.9815440836138317e-19,2.008000135421753,2992.0,-0.0,0.0,20.012001037597656,0.0,0.1340821236371994,0.25260114669799805,9.160083770751953,-0.00023835152387619019,-0.0005832444876432419,0.00039548613131046295,33.7842903137207,36.38069534301758,-83.00350189208984
2.8131935596466064,0,0.0,1.5414283107572988e-44,0.0,-2.9815440836138317e-19,2.008000135421753,2968.0,-0.0,0.0,20.00800132751465,0.0,0.14365942776203156,0.2531997263431549,9.140929222106934,-0.00023835152387619019,0.0003488771617412567,-0.0008029546588659286,33.4305305480957,37.44549560546875,-84.36701202392578
2.8333852291107178,0,0.0,1.5414283107572988e-44,0.0,-2.9815440836138317e-19,2.004000186920166,3128.0,-0.0,0.0,20.012001037597656,0.0,0.14126509428024292,0.2609812915325165,9.119978904724121,0.00029428862035274506,0.001147836446762085,-0.0001371540129184723,33.4305305480957,37.80043029785156,-81.63999938964844
2.853752374649048,0,0.0,1.5414283107572988e-44,0.0,-2.9815440836138317e-19,2.008000135421753,2960.0,-0.0,0.0,20.00400161743164,0.0,0.15323671698570251,0.2603827118873596,9.135541915893555,0.00042744725942611694,0.0003488771617412567,0.0009281262755393982,33.6074104309082,36.20322799682617,-82.15131378173828
2.8740203380584717,0,0.0,1.5414283107572988e-44,0.0,-2.9815440836138317e-19,2.0240001678466797,2972.0,-0.0,0.0,20.02800178527832,0.0,0.13946935534477234,0.25080540776252747,9.158886909484863,-0.0003715120255947113,-0.00018376484513282776,0.0007949657738208771,32.54612350463867,36.558162689208984,-81.81044006347656
2.894158363342285,0,0.0,1.5414283107572988e-44,0.0,-2.9815440836138317e-19,2.004000186920166,2996.0,-0.0,0.0,20.00400161743164,0.0,0.13288496434688568,0.24362243711948395,9.15589427947998,-0.0007709935307502747,0.0003488771617412567,-0.0017350753769278526,34.13805389404297,37.0905647277832,-83.00350189208984
2.914491891860962,0,0.0,1.5414283107572988e-44,0.0,-2.9815440836138317e-19,2.008000135421753,2980.0,-0.0,0.0,20.00800132751465,0.0,0.15323671698570251,0.2502068281173706,9.13793659210205,0.0013595689088106155,0.0004820358008146286,-0.0006697950884699821,32.72300338745117,35.315895080566406,-81.98087310791016
2.9346365928649902,0,0.0,1.5414283107572988e-44,0.0,-2.9815440836138317e-19,2.008000135421753,3060.0,-0.0,0.0,20.012001037597656,0.0,0.1520395576953888,0.2400309443473816,9.16247844696045,2.796761691570282e-05,-0.00031692348420619965,-0.001335594803094864,32.54612350463867,36.558162689208984,-83.85569763183594
2.955191135406494,0,0.0,1.5414283107572988e-44,0.0,-2.9815440836138317e-19,2.004000186920166,2976.0,-0.0,0.0,20.00800132751465,0.0,0.14665232598781586,0.2591855525970459,9.131950378417969,2.796761691570282e-05,0.0006151963025331497,0.0005286457017064095,34.49181365966797,36.73563003540039,-83.00350189208984
2.975186347961426,0,0.0,1.5414283107572988e-44,0.0,-2.9815440836138317e-19,2.004000186920166,2976.0,-0.0,0.0,20.00800132751465,0.0,0.15742678940296173,0.2370380461215973,9.151703834533691,0.00029428862035274506,8.255615830421448e-05,0.0006618062034249306,32.89988708496094,34.78349304199219,-82.4921875
2.995487689971924,0,0.0,1.5414283107572988e-44,0.0,-2.9815440836138317e-19,2.008000135421753,2976.0,-0.0,0.0,20.012001037597656,0.0,0.15084239840507507,0.25738978385925293,9.143921852111816,0.00042744725942611694,-0.0016485247761011124,0.0007949657738208771,32.36924362182617,37.80043029785156,-82.3217544555664
3.0156219005584717,0,0.0,1.5414283107572988e-44,0.0,-2.9815440836138317e-19,2.004000186920166,2956.0,-0.0,0.0,20.012001037597656,0.0,0.15622961521148682,0.25559404492378235,9.134943962097168,0.00029428862035274506,0.001147836446762085,0.00012916605919599533,33.07676696777344,37.0905647277832,-83.00350189208984
3.0359411239624023,0,0.0,1.5414283107572988e-44,0.0,-2.9815440836138317e-19,2.008000135421753,3004.0,-0.0,0.0,20.00400161743164,0.0,0.15263813734054565,0.2591855525970459,9.155295372009277,-0.0007709935307502747,-0.00018376484513282776,-0.0009361151605844498,34.668697357177734,36.558162689208984,-82.4921875
3.056076765060425,0,0.0,1.5414283107572988e-44,0.0,-2.9815440836138317e-19,2.004000186920166,2960.0,-0.0,0.0,20.00400161743164,0.0,0.14725090563297272,0.2502068281173706,9.136738777160645,-0.0006378330290317535,0.0006151963025331497,0.00012916605919599533,34.13805389404297,37.80043029785156,-82.3217544555664
3.076463222503662,0,0.0,1.5414283107572988e-44,0.0,-2.9815440836138317e-19,2.01200008392334,2968.0,-0.0,0.0,20.00800132751465,0.0,0.13647645711898804,0.26576992869377136,9.16247844696045,0.002558009698987007,8.255615830421448e-05,-3.994442522525787e-06,33.25364685058594,36.558162689208984,-84.02613830566406
3.096561908721924,0,0.0,1.5414283107572988e-44,0.0,-2.9815440836138317e-19,2.008000135421753,2984.0,-0.0,0.0,20.012001037597656,0.0,0.15263813734054565,0.23344656825065613,9.123570442199707,0.00016112811863422394,0.0003488771617412567,-0.0001371540129184723,33.4305305480957,34.960960388183594,-83.00350189208984
3.1169307231903076,0,0.0,1.5414283107572988e-44,0.0,-2.9815440836138317e-19,2.01200008392334,2964.0,-0.0,0.0,20.016000747680664,0.0,0.15443387627601624,0.24661533534526825,9.152302742004395,0.0009600892663002014,0.0002157166600227356,0.0005286457017064095,33.25364685058594,36.20322799682617,-83.17394256591797
3.137636423110962,0,0.0,1.5414283107572988e-44,0.0,-2.9815440836138317e-19,2.008000135421753,2992.0,-0.0,0.0,20.00800132751465,0.0,0.14844806492328644,0.2633756101131439,9.149908065795898,-0.0010373126715421677,0.0015473179519176483,0.00012916605919599533,32.54612350463867,37.268028259277344,-83.85569763183594
3.1576344966888428,0,0.0,1.5414283107572988e-44,0.0,-2.9815440836138317e-19,2.004000186920166,2984.0,-0.0,0.0,20.012001037597656,0.0,0.146053746342659,0.23584088683128357,9.134943962097168,-0.00023835152387619019,0.0003488771617412567,0.0022597266361117363,32.36924362182617,38.155364990234375,-83.00350189208984
3.1775784492492676,0,0.0,1.5414283107572988e-44,0.0,-2.9815440836138317e-19,2.008000135421753,2972.0,-0.0,0.0,20.012001037597656,0.0,0.1340821236371994,0.2549954652786255,9.13913345336914,-0.0003715120255947113,0.000881517305970192,0.0011944463476538658,33.4305305480957,36.025760650634766,-82.3217544555664
3.198631763458252,0,0.0,1.5414283107572988e-44,0.0,-2.9815440836138317e-19,2.008000135421753,2972.0,-0.0,0.0,20.012001037597656,0.0,0.1550324559211731,0.2472139149904251,9.14452075958252,0.0008269287645816803,0.001147836446762085,-0.0009361151605844498,33.07676696777344,37.0905647277832,-83.00350189208984
3.2181313037872314,0,0.0,1.5414283107572988e-44,0.0,-2.9815440836138317e-19,2.004000186920166,2968.0,-0.0,0.0,20.00800132751465,0.0,0.13946935534477234,0.24661533534526825,9.16247844696045,-0.0005046725273132324,-0.0005832444876432419,-0.0002703145146369934,32.015480041503906,36.73563003540039,-83.68525695800781
3.2382678985595703,0,0.0,1.5414283107572988e-44,0.0,-2.9815440836138317e-19,2.008000135421753,3000.0,-0.0,0.0,20.00800132751465,0.0,0.1592225283384323,0.25978413224220276,9.132549285888672,0.0008269287645816803,0.0002157166600227356,-0.0008029546588659286,33.96117401123047,35.848297119140625,-83.51482391357422
3.259195327758789,0,0.0,1.5414283107572988e-44,0.0,-2.9815440836138317e-19,2.008000135421753,2964.0,-0.0,0.0,20.012001037597656,0.0,0.1400679349899292,0.24900966882705688,9.151104927062988,-0.0009041521698236465,-0.00031692348420619965,-0.0001371540129184723,32.36924362182617,36.025760650634766,-82.3217544555664
3.2787704467773438,0,0.0,1.5414283107572988e-44,0.0,-2.9815440836138317e-19,2.004000186920166,2964.0,-0.0,0.0,20.012001037597656,0.0,0.1622154265642166,0.23643946647644043,9.161280632019043,0.0010932479053735733,0.0002157166600227356,0.001727086491882801,33.6074104309082,36.558162689208984,-82.4921875
3.2991693019866943,0,0.0,1.5414283107572988e-44,0.0,-2.9815440836138317e-19,2.004000186920166,2960.0,-0.0,0.0,20.012001037597656,0.0,0.13049064576625824,0.24481959640979767,9.12416934967041,0.0009600892663002014,-0.00018376484513282776,-0.0004034740850329399,32.89988708496094,35.138427734375,-83.17394256591797
3.3192789554595947,0,0.0,1.5414283107572988e-44,0.0,-2.9815440836138317e-19,2.004000186920166,2960.0,-0.0,0.0,20.012001037597656,0.0,0.13288496434688568,0.26157987117767334,9.116986274719238,0.0006937682628631592,-0.00031692348420619965,0.0011944463476538658,33.4305305480957,36.38069534301758,-82.66262817382812
3.3395750522613525,0,0.0,1.5414283107572988e-44,0.0,-2.9815440836138317e-19,2.004000186920166,2992.0,-0.0,0.0,20.00800132751465,0.0,0.13887077569961548,0.25080540776252747,9.165471076965332,2.796761691570282e-05,-0.0008495636284351349,0.00026232562959194183,33.4305305480957,36.025760650634766,-83.00350189208984
3.359762668609619,0,0.0,1.5414283107572988e-44,0.0,-2.9815440836138317e-19,2.008000135421753,2956.0,-0.0,0.0,20.00400161743164,0.0,0.1502438187599182,0.24960824847221375,9.18881607055664,0.00016112811863422394,-0.0008495636284351349,-0.0004034740850329399,34.13805389404297,35.315895080566406,-82.3217544555664
3.380120277404785,0,0.0,1.5414283107572988e-44,-0.0,-2.3541814200656927e-43,2.004000186920166,2960.0,-0.0,2.0,20.00400161743164,0.0,0.14485658705234528,0.2430238574743271,9.149908065795898,0.00029428862035274506,0.0003488771617412567,0.0006618062034249306,31.661718368530273,37.80043029785156,-83.00350189208984
3.400261163711548,0,0.0,1.5414283107572988e-44,-0.0,-2.3541814200656927e-43,2.004000186920166,2968.0,-0.0,2.0,20.00400161743164,0.0,0.13228638470172882,0.2472139149904251,9.173851013183594,0.00016112811863422394,-5.060434341430664e-05,0.0010612867772579193,33.07676696777344,36.38069534301758,-83.00350189208984
3.4206371307373047,0,0.0,1.5414283107572988e-44,-0.0,-2.3541814200656927e-43,2.01200008392334,2976.0,-0.0,2.0,20.016000747680664,0.0,0.14186367392539978,0.238235205411911,9.15589427947998,-0.0009041521698236465,-0.0008495636284351349,0.00039548613131046295,32.89988708496094,35.848297119140625,-84.5374526977539
3.442227363586426,0,0.0,1.5414283107572988e-44,-0.0,-2.3541814200656927e-43,2.004000186920166,2992.0,-0.0,2.0,20.012001037597656,0.0,0.14126509428024292,0.2621784508228302,9.130753517150879,0.0008269287645816803,0.0004820358008146286,0.00039548613131046295,32.89988708496094,35.848297119140625,-82.83306884765625
3.46178936958313,0,0.0,1.5414283107572988e-44,-0.0,-2.3541814200656927e-43,2.004000186920166,2988.0,-0.0,2.0,20.00400161743164,0.0,0.14126509428024292,0.24242527782917023,9.117584228515625,0.00042744725942611694,-0.0008495636284351349,0.0009281262755393982,33.96117401123047,36.20322799682617,-83.17394256591797
3.4812915325164795,0,0.0,1.5414283107572988e-44,-0.0,-2.3541814200656927e-43,2.004000186920166,3028.0,-0.0,2.0,20.00800132751465,0.0,0.13827219605445862,0.2412281185388565,9.14332389831543,-0.002102592960000038,0.0003488771617412567,0.0031918473541736603,35.729984283447266,36.558162689208984,-83.17394256591797
3.5014379024505615,0,0.0,1.5414283107572988e-44,-0.0,-2.3541814200656927e-43,2.004000186920166,2984.0,-0.0,2.0,20.00400161743164,0.0,0.1490466445684433,0.24900966882705688,9.151703834533691,0.0014927294105291367,-0.000982724130153656,0.001327606849372387,33.25364685058594,36.558162689208984,-83.17394256591797
3.5222554206848145,0,0.0,1.5414283107572988e-44,-0.0,-2.3541814200656927e-43,2.008000135421753,2960.0,-0.0,2.0,20.00800132751465,0.0,0.13946935534477234,0.26277703046798706,9.179837226867676,-0.0003715120255947113,-0.00031692348420619965,0.00039548613131046295,32.89988708496094,35.848297119140625,-82.83306884765625
3.5420403480529785,0,0.0,1.5414283107572988e-44,-0.0,-2.3541814200656927e-43,2.004000186920166,3000.0,-0.0,2.0,20.016000747680664,0.0,0.1520395576953888,0.24900966882705688,9.1253662109375,-0.00023835152387619019,0.0010146759450435638,0.0006618062034249306,33.96117401123047,36.558162689208984,-83.17394256591797
3.562321186065674,0,0.0,1.5414283107572988e-44,-0.0,-2.3541814200656927e-43,2.004000186920166,2980.0,-0.0,2.0,20.00400161743164,0.0,0.13348354399204254,0.27474865317344666,9.156492233276367,0.00029428862035274506,-0.000716404989361763,-3.994442522525787e-06,33.6074104309082,37.268028259277344,-83.17394256591797
3.5832440853118896,0,0.0,1.5414283107572988e-44,-0.0,-2.3541814200656927e-43,2.004000186920166,3096.0,-0.0,2.0,20.00800132751465,0.0,0.14964522421360016,0.24481959640979767,9.14033031463623,-0.0006378330290317535,-0.0015153642743825912,0.0010612867772579193,33.07676696777344,36.73563003540039,-84.02613830566406
3.6027109622955322,0,0.0,1.5414283107572988e-44,-0.0,-2.3541814200656927e-43,2.004000186920166,2972.0,-0.0,2.0,20.00400161743164,0.0,0.13946935534477234,0.25559404492378235,9.115190505981445,-0.0001051928848028183,8.255615830421448e-05,-0.0004034740850329399,32.89988708496094,36.20322799682617,-82.4921875
3.622934579849243,0,0.0,1.5414283107572988e-44,-0.0,-2.3541814200656927e-43,2.0160000324249268,2964.0,-0.0,2.0,20.02400016784668,0.0,0.13288496434688568,0.24182669818401337,9.16247844696045,2.796761691570282e-05,-0.0005832444876432419,0.0009281262755393982,33.07676696777344,36.38069534301758,-82.66262817382812
3.6432783603668213,0,0.0,1.5414283107572988e-44,-0.0,-2.3541814200656927e-43,2.004000186920166,2984.0,-0.0,2.0,20.016000747680664,0.0,0.13887077569961548,0.26277703046798706,9.143921852111816,2.796761691570282e-05,-0.00018376484513282776,-0.0012024352326989174,34.13805389404297,34.251094818115234,-81.63999938964844
3.6644015312194824,0,0.0,1.5414283107572988e-44,-0.0,-2.3541814200656927e-43,2.004000186920166,2972.0,-0.0,2.0,20.00800132751465,0.0,0.12929348647594452,0.2639741897583008,9.15948486328125,0.00016112811863422394,0.0004820358008146286,-3.994442522525787e-06,33.7842903137207,36.38069534301758,-83.00350189208984
3.683835744857788,0,0.0,1.5414283107572988e-44,-0.0,-2.3541814200656927e-43,2.004000186920166,3128.0,-0.0,2.0,20.056001663208008,0.0,0.1520395576953888,0.2502068281173706,9.13793659210205,0.0006937682628631592,0.0010146759450435638,0.00026232562959194183,31.661718368530273,37.0905647277832,-82.66262817382812
3.7039380073547363,0,0.0,1.5414283107572988e-44,-0.0,-2.3541814200656927e-43,2.004000186920166,2968.0,-0.0,2.0,20.012001037597656,0.0,0.14066651463508606,0.24481959640979767,9.134345054626465,-0.0006378330290317535,0.0007483568042516708,0.0005286457017064095,32.72300338745117,37.0905647277832,-83.3443832397461
3.724294662475586,0,0.0,1.5414283107572988e-44,-0.0,-2.3541814200656927e-43,2.008000135421753,2964.0,-0.0,2.0,20.020000457763672,0.0,0.14485658705234528,0.24900966882705688,9.122971534729004,0.0005606077611446381,8.255615830421448e-05,-0.0009361151605844498,32.89988708496094,35.49336242675781,-83.51482391357422
3.7444686889648438,0,0.0,1.5414283107572988e-44,-0.0,-2.3541814200656927e-43,2.004000186920166,2988.0,-0.0,2.0,20.00800132751465,0.0,0.12091334909200668,0.25559404492378235,9.148711204528809,0.0009600892663002014,0.0003488771617412567,-0.0016019148752093315,33.7842903137207,37.44549560546875,-84.02613830566406
3.7647979259490967,0,0.0,1.5414283107572988e-44,-0.0,-2.3541814200656927e-43,2.008000135421753,2980.0,-0.0,2.0,20.00800132751465,0.0,0.14485658705234528,0.2549954652786255,9.16247844696045,-0.0005046725273132324,0.0002157166600227356,0.00026232562959194183,33.7842903137207,37.0905647277832,-81.98087310791016
3.784938335418701,0,0.0,1.5414283107572988e-44,-0.0,-2.3541814200656927e-43,2.004000186920166,3052.0,-0.0,2.0,20.016000747680664,0.0,0.14964522421360016,0.2250664234161377,9.127760887145996,0.00042744725942611694,8.255615830421448e-05,-0.0008029546588659286,34.668697357177734,36.20322799682617,-83.85569763183594
3.8053407669067383,0,0.0,1.5414283107572988e-44,-0.0,-2.3541814200656927e-43,2.004000186920166,2976.0,-0.0,2.0,20.016000747680664,0.0,0.1400679349899292,0.27654439210891724,9.114591598510742,-0.0003715120255947113,-0.000982724130153656,0.0005286457017064095,32.54612350463867,35.49336242675781,-83.51482391357422
3.825439691543579,0,0.0,1.5414283107572988e-44,-0.0,-2.3541814200656927e-43,2.01200008392334,2960.0,-0.0,2.0,20.012001037597656,0.0,0.1430608481168747,0.26277703046798706,9.14332389831543,-0.0003715120255947113,-0.00018376484513282776,0.0007949657738208771,34.49181365966797,35.67082977294922,-82.3217544555664
3.8457772731781006,0,0.0,1.5414283107572988e-44,-0.0,-2.3541814200656927e-43,2.004000186920166,2996.0,-0.0,2.0,20.016000747680664,0.0,0.1400679349899292,0.2412281185388565,9.140929222106934,-0.0011704731732606888,-0.000716404989361763,-0.0004034740850329399,32.72300338745117,35.315895080566406,-81.98087310791016
3.8659517765045166,0,0.0,1.5414283107572988e-44,-0.0,-2.3541814200656927e-43,2.0199999809265137,2980.0,-0.0,2.0,20.016000747680664,0.0,0.13647645711898804,0.2579883933067322,9.122373580932617,0.00016112811863422394,0.0007483568042516708,0.0009281262755393982,33.25364685058594,35.49336242675781,-82.83306884765625
3.8868861198425293,0,0.0,1.5414283107572988e-44,-0.0,-2.3541814200656927e-43,2.004000186920166,2980.0,-0.0,2.0,20.00400161743164,0.0,0.14725090563297272,0.24062953889369965,9.15589427947998,0.0017590485513210297,0.0007483568042516708,-0.0001371540129184723,33.96117401123047,36.558162689208984,-83.51482391357422
3.906403064727783,0,0.0,1.5414283107572988e-44,-0.0,-2.3541814200656927e-43,2.004000186920166,2984.0,-0.0,2.0,20.012001037597656,0.0,0.14246225357055664,0.2472139149904251,9.151104927062988,-0.00130363367497921,0.0003488771617412567,-0.0004034740850329399,33.7842903137207,34.960960388183594,-83.00350189208984
3.9267542362213135,0,0.0,1.5414283107572988e-44,-0.0,-2.3541814200656927e-43,2.008000135421753,2964.0,-0.0,2.0,20.00400161743164,0.0,0.1400679349899292,0.2639741897583008,9.11040210723877,2.796761691570282e-05,0.0004820358008146286,-0.0001371540129184723,32.89988708496094,35.138427734375,-83.85569763183594
3.9468908309936523,0,0.0,1.5414283107572988e-44,-0.0,-2.3541814200656927e-43,2.008000135421753,2976.0,-0.0,2.0,20.00800132751465,0.0,0.1400679349899292,0.2292564958333969,9.154098510742188,0.0009600892663002014,0.0002157166600227356,0.00039548613131046295,32.72300338745117,35.315895080566406,-82.3217544555664
3.9672698974609375,0,0.0,1.5414283107572988e-44,-0.0,-2.3541814200656927e-43,2.0160000324249268,2972.0,-0.0,2.0,20.016000747680664,0.0,0.12929348647594452,0.25439688563346863,9.143921852111816,-0.0005046725273132324,0.0004820358008146286,-0.0004034740850329399,34.13805389404297,37.0905647277832,-84.36701202392578
3.988286018371582,0,0.0,1.5414283107572988e-44,-0.0,-2.3541814200656927e-43,2.004000186920166,2972.0,-0.0,2.0,20.00400161743164,0.0,0.14545516669750214,0.2460167557001114,9.151703834533691,0.00042744725942611694,-0.000716404989361763,0.001327606849372387,33.07676696777344,36.73563003540039,-83.00350189208984
4.007721185684204,0,0.0,1.5414283107572988e-44,-0.0,-2.3541814200656927e-43,2.004000186920166,2968.0,-0.0,2.0,20.00800132751465,0.0,0.14425800740718842,0.23943236470222473,9.133148193359375,0.0012264084070920944,0.0015473179519176483,-0.0006697950884699821,31.307954788208008,34.960960388183594,-82.66262817382812
4.027928590774536,0,0.0,1.5414283107572988e-44,-0.0,-2.3541814200656927e-43,2.004000186920166,2968.0,-0.0,2.0,20.012001037597656,0.0,0.15323671698570251,0.24242527782917023,9.119978904724121,0.0008269287645816803,-0.000716404989361763,-0.0002703145146369934,32.72300338745117,37.0905647277832,-82.66262817382812
4.049115419387817,0,0.0,1.5414283107572988e-44,-0.0,-2.3541814200656927e-43,2.004000186920166,2972.0,-0.0,2.0,20.012001037597656,0.0,0.13348354399204254,0.25858697295188904,9.119379997253418,0.0005606077611446381,0.0003488771617412567,-0.0004034740850329399,34.49181365966797,36.73563003540039,-84.7078857421875
4.068377494812012,0,0.0,1.5414283107572988e-44,-0.0,-2.3541814200656927e-43,2.01200008392334,2964.0,-0.0,2.0,20.02800178527832,0.0,0.12330766767263412,0.2699599862098694,9.151104927062988,0.0013595689088106155,0.000881517305970192,0.0007949657738208771,32.54612350463867,37.268028259277344,-82.83306884765625
4.088692665100098,0,0.0,1.5414283107572988e-44,-0.0,-2.3541814200656927e-43,2.004000186920166,2984.0,-0.0,2.0,20.016000747680664,0.0,0.12689915299415588,0.2370380461215973,9.150506973266602,0.0014927294105291367,-0.00045008398592472076,0.0007949657738208771,32.36924362182617,36.025760650634766,-81.98087310791016
4.10886812210083,0,0.0,1.5414283107572988e-44,-0.0,-2.3541814200656927e-43,2.008000135421753,2964.0,-0.0,2.0,20.012001037597656,0.0,0.15084239840507507,0.2591855525970459,9.150506973266602,0.0008269287645816803,8.255615830421448e-05,-3.994442522525787e-06,33.07676696777344,37.80043029785156,-83.00350189208984
4.129226922988892,0,0.0,1.5414283107572988e-44,-0.0,-2.3541814200656927e-43,2.004000186920166,2972.0,-0.0,2.0,20.012001037597656,0.0,0.12749773263931274,0.24362243711948395,9.13913345336914,0.0009600892663002014,-5.060434341430664e-05,-0.0016019148752093315,32.72300338745117,37.44549560546875,-84.02613830566406
4.149334669113159,0,0.0,1.5414283107572988e-44,-0.0,-2.3541814200656927e-43,2.004000186920166,2964.0,-0.0,2.0,20.00400161743164,0.0,0.12450483441352844,0.23643946647644043,9.165471076965332,0.00029428862035274506,-0.00018376484513282776,0.0014607664197683334,34.13805389404297,36.73563003540039,-83.00350189208984
4.169727087020874,0,0.0,1.5414283107572988e-44,-0.0,-2.3541814200656927e-43,2.0320000648498535,2976.0,-0.0,2.0,20.00400161743164,0.0,0.13767361640930176,0.2400309443473816,9.154098510742188,2.796761691570282e-05,0.0003488771617412567,0.0006618062034249306,32.72300338745117,37.0905647277832,-83.68525695800781
4.189828872680664,0,0.0,1.5414283107572988e-44,-0.0,-2.3541814200656927e-43,2.004000186920166,2984.0,-0.0,2.0,20.00400161743164,0.0,0.1400679349899292,0.23883378505706787,9.163675308227539,-0.0003715120255947113,-0.00031692348420619965,0.0011944463476538658,32.54612350463867,35.49336242675781,-82.4921875
4.21016526222229,0,0.0,1.5414283107572988e-44,-0.0,-2.3541814200656927e-43,2.004000186920166,2972.0,-0.0,2.0,20.00400161743164,0.0,0.12031476944684982,0.2514039874076843,9.155295372009277,-0.0006378330290317535,8.255615830421448e-05,-3.994442522525787e-06,32.72300338745117,34.960960388183594,-81.98087310791016
4.2303245067596436,0,0.0,1.5414283107572988e-44,-0.0,-2.3541814200656927e-43,2.004000186920166,2976.0,-0.0,2.0,20.00400161743164,0.0,0.14126509428024292,0.23643946647644043,9.161280632019043,-0.0001051928848028183,0.001147836446762085,-0.0012024352326989174,34.31493377685547,34.42856216430664,-83.17394256591797
4.251417398452759,0,0.0,1.5414283107572988e-44,-0.0,-2.3541814200656927e-43,2.01200008392334,2984.0,-0.0,2.0,20.012001037597656,0.0,0.14844806492328644,0.23943236470222473,9.140929222106934,0.0010932479053735733,-0.0011158846318721771,0.0009281262755393982,33.25364685058594,35.848297119140625,-81.81044006347656
4.270807266235352,0,0.0,1.5414283107572988e-44,-0.0,-2.3541814200656927e-43,2.01200008392334,2968.0,-0.0,2.0,20.00400161743164,0.0,0.16640549898147583,0.2561926245689392,9.151703834533691,0.0009600892663002014,-0.00018376484513282776,-0.001335594803094864,32.89988708496094,36.20322799682617,-82.83306884765625
4.291173219680786,0,0.0,1.5414283107572988e-44,-0.0,-2.3541814200656927e-43,2.004000186920166,2988.0,-0.0,2.0,20.00400161743164,0.0,0.146053746342659,0.25080540776252747,9.136738777160645,0.00042744725942611694,-0.00031692348420619965,0.0006618062034249306,34.31493377685547,37.97789764404297,-82.15131378173828
4.311286449432373,0,0.0,1.5414283107572988e-44,-0.0,-2.3541814200656927e-43,2.004000186920166,2968.0,-0.0,2.0,20.012001037597656,0.0,0.1502438187599182,0.24481959640979767,9.155295372009277,2.796761691570282e-05,8.255615830421448e-05,0.00039548613131046295,34.31493377685547,36.558162689208984,-83.17394256591797
4.331783056259155,0,0.0,1.5414283107572988e-44,-0.0,-2.3541814200656927e-43,2.004000186920166,3036.0,-0.0,2.0,20.152000427246094,0.0,0.14844806492328644,0.2531997263431549,9.123570442199707,-0.0010373126715421677,0.000881517305970192,-0.0018682349473237991,32.015480041503906,35.67082977294922,-82.66262817382812
4.352006196975708,0,0.0,1.5414283107572988e-44,-0.0,-2.3541814200656927e-43,2.004000186920166,2968.0,-0.0,2.0,20.00400161743164,0.0,0.15144097805023193,0.24182669818401337,9.15948486328125,-0.0014367923140525818,0.0006151963025331497,-0.0010692747309803963,34.31493377685547,36.20322799682617,-82.83306884765625
4.372339248657227,0,0.0,1.5414283107572988e-44,-0.0,-2.3541814200656927e-43,2.01200008392334,2968.0,-0.0,2.0,20.016000747680664,0.0,0.14545516669750214,0.2400309443473816,9.133148193359375,-0.0003715120255947113,0.001147836446762085,0.00012916605919599533,33.25364685058594,36.9130973815918,-82.83306884765625
4.392442464828491,0,0.0,1.5414283107572988e-44,-0.0,-2.3541814200656927e-43,2.004000186920166,2996.0,-0.0,2.0,20.00800132751465,0.0,0.11672328412532806,0.23643946647644043,9.152302742004395,2.796761691570282e-05,-0.0011158846318721771,0.001327606849372387,32.72300338745117,35.67082977294922,-82.66262817382812
4.412805795669556,0,0.0,1.5414283107572988e-44,-0.0,-2.3541814200656927e-43,2.004000186920166,2960.0,-0.0,2.0,20.00400161743164,0.0,0.13288496434688568,0.2430238574743271,9.15709114074707,-0.0001051928848028183,-5.060434341430664e-05,0.0009281262755393982,33.25364685058594,36.20322799682617,-81.81044006347656
4.433275461196899,0,0.0,1.5414283107572988e-44,-0.0,-2.3541814200656927e-43,2.004000186920166,3120.0,-0.0,2.0,20.040000915527344,0.0,0.15862394869327545,0.24541817605495453,9.138534545898438,0.0005606077611446381,-0.0015153642743825912,-3.994442522525787e-06,33.4305305480957,36.025760650634766,-82.3217544555664
4.453191518783569,0,0.0,1.5414283107572988e-44,-0.0,-2.3541814200656927e-43,2.004000186920166,2996.0,-0.0,2.0,20.00400161743164,0.0,0.15742678940296173,0.25439688563346863,9.171457290649414,0.0010932479053735733,0.0010146759450435638,-0.0004034740850329399,32.36924362182617,35.315895080566406,-83.3443832397461
4.4734697341918945,0,0.0,1.5414283107572988e-44,-0.0,-2.3541814200656927e-43,2.0160000324249268,2968.0,-0.0,2.0,20.036001205444336,0.0,0.14545516669750214,0.24182669818401337,9.154696464538574,0.0009600892663002014,8.255615830421448e-05,0.0009281262755393982,32.89988708496094,36.558162689208984,-82.83306884765625
4.493628263473511,0,0.0,1.5414283107572988e-44,-0.0,-2.3541814200656927e-43,2.004000186920166,3004.0,-0.0,2.0,20.012001037597656,0.0,0.15144097805023193,0.2801358699798584,9.149309158325195,-0.0005046725273132324,0.0010146759450435638,0.00039548613131046295,33.07676696777344,36.73563003540039,-83.00350189208984
4.514185667037964,0,0.0,1.5414283107572988e-44,-0.0,-2.3541814200656927e-43,2.004000186920166,2968.0,-0.0,2.0,20.012001037597656,0.0,0.13887077569961548,0.2651713490486145,9.1253662109375,0.00016112811863422394,0.0003488771617412567,0.0007949657738208771,33.96117401123047,36.20322799682617,-83.85569763183594
4.534247636795044,0,0.0,1.5414283107572988e-44,-0.0,-2.3541814200656927e-43,2.004000186920166,3100.0,-0.0,2.0,20.00800132751465,0.0,0.12031476944684982,0.2352423071861267,9.153499603271484,0.0006937682628631592,0.001147836446762085,0.0006618062034249306,32.72300338745117,37.0905647277832,-83.00350189208984
4.554516077041626,0,0.0,1.5414283107572988e-44,-0.0,-2.3541814200656927e-43,2.004000186920166,2964.0,-0.0,2.0,20.00400161743164,0.0,0.1430608481168747,0.2430238574743271,9.154696464538574,0.0018922090530395508,0.0007483568042516708,-0.0009361151605844498,32.89988708496094,35.49336242675781,-81.81044006347656
4.574979066848755,0,0.0,1.5414283107572988e-44,-0.0,-2.3541814200656927e-43,2.0280001163482666,2972.0,-0.0,2.0,20.012001037597656,0.0,0.11851902306079865,0.234045147895813,9.12416934967041,-0.0006378330290317535,-0.00018376484513282776,-3.994442522525787e-06,32.89988708496094,36.20322799682617,-82.15131378173828
4.594982147216797,0,0.0,1.5414283107572988e-44,-0.0,-2.3541814200656927e-43,2.004000186920166,2992.0,-0.0,2.0,20.016000747680664,0.0,0.13468070328235626,0.2633756101131439,9.137337684631348,0.00042744725942611694,0.0020799580961465836,-0.0009361151605844498,33.25364685058594,36.9130973815918,-83.85569763183594
4.615172386169434,0,0.0,1.5414283107572988e-44,-0.0,-2.3541814200656927e-43,2.01200008392334,2960.0,-0.0,2.0,20.00400161743164,0.0,0.13767361640930176,0.23883378505706787,9.13913345336914,0.0009600892663002014,0.0010146759450435638,-0.0004034740850329399,33.25364685058594,37.268028259277344,-83.17394256591797
4.635484933853149,0,0.0,1.5414283107572988e-44,-0.0,-2.3541814200656927e-43,2.004000186920166,3012.0,-0.0,2.0,20.00800132751465,0.0,0.1400679349899292,0.2442210167646408,9.175048828125,0.00016112811863422394,0.0007483568042516708,-0.0009361151605844498,33.4305305480957,36.73563003540039,-82.66262817382812
4.6556925773620605,0,0.0,1.5414283107572988e-44,-0.0,-2.3541814200656927e-43,2.01200008392334,2964.0,-0.0,2.0,20.012001037597656,0.0,0.14485658705234528,0.2400309443473816,9.141528129577637,0.00042744725942611694,0.0004820358008146286,-0.0010692747309803963,34.13805389404297,35.67082977294922,-82.3217544555664
4.675978899002075,0,0.0,1.5414283107572988e-44,-0.0,-2.3541814200656927e-43,2.008000135421753,2964.0,-0.0,2.0,20.016000747680664,0.0,0.14485658705234528,0.24900966882705688,9.145119667053223,0.0008269287645816803,-0.00018376484513282776,0.0019934065639972687,33.4305305480957,36.38069534301758,-83.68525695800781
4.696274995803833,0,0.0,1.5414283107572988e-44,-0.0,-2.3541814200656927e-43,2.004000186920166,2996.0,-0.0,2.0,20.016000747680664,0.0,0.1550324559211731,0.2591855525970459,9.152900695800781,-0.001703113317489624,-0.0012490451335906982,-0.0002703145146369934,34.13805389404297,36.025760650634766,-82.3217544555664
4.716647386550903,0,0.0,1.5414283107572988e-44,-0.0,-2.3541814200656927e-43,2.0240001678466797,2976.0,-0.0,2.0,20.00800132751465,0.0,0.1280963122844696,0.24481959640979767,9.138534545898438,-0.0007709935307502747,-5.060434341430664e-05,-0.0006697950884699821,33.25364685058594,35.848297119140625,-82.4921875
4.736630201339722,0,0.0026749440003186464,0.025369025766849518,1.5,22.517614364624023,2.01200008392334,2984.0,-0.0,2.0,20.012001037597656,0.0026749440003186464,0.15263813734054565,0.2639741897583008,9.077479362487793,-0.00023835152387619019,-0.0008495636284351349,0.00026232562959194183,33.96117401123047,36.20322799682617,-82.83306884765625
4.756961107254028,0,0.016289088875055313,0.14431090652942657,1.5,20.701372146606445,2.0160000324249268,2968.0,-0.0,2.0,20.00400161743164,0.013614144176244736,0.10475166141986847,0.2669670879840851,9.33008098602295,-0.0023689139634370804,0.0007483568042516708,0.0022597266361117363,32.72300338745117,36.025760650634766,-81.29911804199219
4.7771525382995605,0,0.02939961664378643,0.2346477210521698,1.5,19.321929931640625,2.01200008392334,2964.0,-0.0,2.0,20.00400161743164,0.013110527768731117,0.8493863344192505,2.040562391281128,8.64291000366211,0.05608836188912392,0.009403761476278305,0.00212656706571579,31.307954788208008,36.025760650634766,-82.66262817382812
4.79729700088501,0,0.034097280353307724,0.23359715938568115,1.5,19.33797264099121,2.0160000324249268,2980.0,-0.0,2.0,20.00800132751465,0.004697664175182581,1.143289566040039,3.606450080871582,8.627346992492676,0.25143417716026306,0.012732763774693012,-0.027967609465122223,31.48483657836914,34.42856216430664,-81.81044006347656
4.817657947540283,0,0.03417984023690224,0.19241169095039368,1.5,19.966875076293945,2.004000186920166,2972.0,-0.0,2.0,20.012001037597656,8.256000000983477e-05,-0.6309043169021606,2.114786386489868,9.464162826538086,0.07992401719093323,0.028046172112226486,-0.003199836239218712,32.54612350463867,34.42856216430664,-81.1286849975586
4.837810039520264,0,0.03511827066540718,0.16650216281414032,1.5,20.362512588500977,2.01200008392334,2980.0,-0.0,2.0,20.016000747680664,0.0009384320001117885,-0.7721694111824036,1.3515957593917847,10.34467601776123,-0.08652608096599579,0.05933879315853119,0.0010612867772579193,32.89988708496094,36.558162689208984,-81.1286849975586
4.85814356803894,0,0.04224870353937149,0.20170848071575165,1.5,19.824913024902344,2.01200008392334,2980.0,-0.0,2.0,20.012001037597656,0.007130431942641735,0.20471467077732086,1.163641333580017,8.755443572998047,-0.025805087760090828,0.0002157166600227356,-0.009724680334329605,32.72300338745117,35.138427734375,-81.46955871582031
4.878307342529297,0,0.05223295837640762,0.2550053000450134,1.5,19.01106834411621,2.01200008392334,2972.0,-0.0,2.0,20.00800132751465,0.009984255768358707,0.025140399113297462,2.880970001220703,8.6692476272583,0.06168108806014061,0.009803242050111294,-0.050871144980192184,32.72300338745117,36.73563003540039,-80.61737060546875
4.899328947067261,0,0.06008441746234894,0.2791760265827179,1.5,18.641983032226562,2.0160000324249268,2972.0,-0.0,2.0,20.00800132751465,0.00785145629197359,0.15144097805023193,3.389165163040161,8.72012710571289,0.08937838673591614,-0.051450394093990326,-0.03369349613785744,32.36924362182617,35.315895080566406,-80.2764892578125
4.918843746185303,0,0.06589663773775101,0.2811148166656494,1.5,18.612377166748047,2.01200008392334,2968.0,-0.0,2.0,20.00800132751465,0.0058122240006923676,0.07781551778316498,2.6074185371398926,9.45817756652832,-0.015285441651940346,0.03803317993879318,-0.023173848167061806,32.015480041503906,36.025760650634766,-81.29911804199219
4.939166307449341,0,0.07314540445804596,0.29557400941848755,1.5,18.391586303710938,2.0160000324249268,2996.0,-0.0,2.0,20.012001037597656,0.007248768117278814,-0.019154589623212814,1.591028094291687,10.130982398986816,-0.06695155054330826,-0.008040208369493484,-0.01731480471789837,32.192359924316406,34.42856216430664,-81.46955871582031
4.959299325942993,0,0.08317644894123077,0.3333978056907654,1.5,17.814014434814453,2.01200008392334,2968.0,-0.0,2.0,20.016000747680664,0.010031039826571941,0.5734405517578125,1.4234254360198975,8.094610214233398,-0.0009041521698236465,-0.05211619287729263,-0.02676916867494583,31.131074905395508,35.49336242675781,-82.15131378173828
4.9796507358551025,0,0.09489446133375168,0.37876182794570923,1.5,17.121307373046875,2.004000186920166,2968.0,-0.0,2.0,20.00800132751465,0.011718016117811203,0.05925951153039932,2.329676866531372,9.5814847946167,0.06434428691864014,0.003145238384604454,-0.036356694996356964,31.307954788208008,36.38069534301758,-81.29911804199219
5.000391244888306,0,0.10642809420824051,0.41405096650123596,1.5,16.582443237304688,2.004000186920166,2960.0,-0.0,2.0,20.00400161743164,0.011533631943166256,-0.019753171131014824,2.3212969303131104,8.73808479309082,0.06567588448524475,-0.04186286777257919,-0.016782164573669434,32.89988708496094,35.848297119140625,-81.81044006347656
5.020375728607178,0,0.11749113351106644,0.4389210641384125,1.5,16.202674865722656,2.01200008392334,2980.0,-0.0,2.0,20.02400016784668,0.011063040234148502,-0.24781250953674316,2.292564868927002,9.574301719665527,-0.00489895511418581,0.029777254909276962,-0.028100769966840744,32.192359924316406,35.848297119140625,-80.78780364990234
5.040547132492065,0,0.12962745130062103,0.4680499732494354,1.5,15.757877349853516,2.004000186920166,3012.0,-0.0,2.0,20.016000747680664,0.012136319652199745,0.1221105083823204,1.447967290878296,8.612980842590332,-0.06508731096982956,-0.027481582015752792,-0.029432371258735657,31.661718368530273,36.73563003540039,-81.63999938964844
5.060472249984741,0,0.14319206774234772,0.5070605278015137,1.5,15.162186622619629,2.0160000324249268,2980.0,-0.0,2.0,20.00800132751465,0.013564608059823513,0.0550694465637207,1.953169584274292,9.645532608032227,-0.04644490033388138,0.0006151963025331497,-0.035291414707899094,31.838598251342773,37.268028259277344,-81.46955871582031
5.0808351039886475,0,0.15840236842632294,0.5526939630508423,1.5,14.465363502502441,2.0160000324249268,2968.0,-0.0,2.0,20.00800132751465,0.015210304409265518,0.5890036225318909,1.912466049194336,10.397350311279297,0.023064661771059036,0.053612906485795975,-0.027834452688694,32.015480041503906,35.315895080566406,-80.61737060546875
5.100972890853882,0,0.17427590489387512,0.595914363861084,1.5,13.805388450622559,2.01200008392334,2968.0,-0.0,2.0,20.012001037597656,0.015873536467552185,0.5848135352134705,1.4288126230239868,8.963150978088379,0.07406497001647949,0.04296009987592697,-0.02144276723265648,30.24666976928711,34.960960388183594,-79.93561553955078
5.121337413787842,0,0.19007238745689392,0.6307048201560974,1.5,13.274137496948242,2.008000135421753,2964.0,-0.0,2.0,20.016000747680664,0.01579648070037365,-0.6069610714912415,2.59604549407959,8.676430702209473,-0.008094796910881996,0.058939311653375626,-0.08243007957935333,32.015480041503906,36.025760650634766,-80.61737060546875
5.141491889953613,0,0.20616333186626434,0.6607149839401245,1.5,12.815882682800293,2.0160000324249268,2996.0,-0.0,2.0,20.00800132751465,0.016090944409370422,-0.1951373815536499,1.9627468585968018,9.003854751586914,-0.05270342528820038,0.0010146759450435638,-0.1066652163863182,30.777311325073242,36.20322799682617,-82.4921875
5.161803722381592,0,0.2234816700220108,0.6988989114761353,1.5,12.232813835144043,2.01200008392334,2984.0,-0.0,2.0,20.00800132751465,0.01731833629310131,0.1251034140586853,1.4509601593017578,8.735690116882324,0.025062061846256256,-0.010303929448127747,-0.11492114514112473,30.777311325073242,36.558162689208984,-80.10604858398438
5.1820149421691895,0,0.24322175979614258,0.7484442591667175,1.5,11.476256370544434,2.004000186920166,3072.0,-0.0,2.0,20.016000747680664,0.019740095362067223,0.5028079748153687,2.2237281799316406,10.670902252197266,0.05156091973185539,-0.03653646633028984,-0.1066652163863182,31.661718368530273,35.67082977294922,-80.61737060546875
5.202450513839722,0,0.26304441690444946,0.7943918704986572,1.5,10.774636268615723,2.01200008392334,2976.0,-0.0,2.0,20.00800132751465,0.019822655245661736,-0.08140700310468674,2.9162862300872803,7.931796073913574,0.02040145918726921,-0.07288916409015656,-0.08815596252679825,30.600431442260742,36.025760650634766,-80.61737060546875
5.2224953174591064,0,0.282955139875412,0.8303353190422058,1.5,10.22577953338623,2.008000135421753,2968.0,-0.0,2.0,20.00800132751465,0.019910719245672226,1.2971248626708984,2.114187717437744,10.522454261779785,-0.01208959985524416,0.0437590628862381,-0.08083216100931168,30.954193115234375,37.0905647277832,-79.93561553955078
5.242809295654297,0,0.30356210470199585,0.8645634651184082,1.5,9.703116416931152,2.01200008392334,3020.0,-0.0,2.0,20.00400161743164,0.020606976002454758,-0.03531627357006073,2.792978525161743,10.084891319274902,-0.03858845680952072,0.08157652616500854,-0.0972108542919159,31.48483657836914,38.33283233642578,-79.42430114746094
5.263134002685547,0,0.32523685693740845,0.9057732224464417,1.5,9.073843002319336,2.01200008392334,2968.0,-0.0,2.0,20.00800132751465,0.021674752235412598,-0.07362545281648636,2.20577073097229,8.947587966918945,0.019069857895374298,-0.06410060077905655,-0.07843527942895889,30.777311325073242,36.558162689208984,-80.44692993164062
5.283513784408569,0,0.3493829071521759,0.9542784690856934,1.5,8.333168029785156,2.0160000324249268,3128.0,-0.0,2.0,20.216001510620117,0.024146048352122307,0.7470290064811707,2.245875597000122,7.627716541290283,0.034250106662511826,0.016328085213899612,-0.05566490814089775,31.838598251342773,36.9130973815918,-79.76517486572266
5.303617715835571,0,0.3730831444263458,0.999951958656311,1.5,7.635733604431152,2.0160000324249268,2968.0,-0.0,2.0,20.012001037597656,0.023700224235653877,0.8338232040405273,1.7334903478622437,9.057726860046387,0.0522267185151577,0.1457596868276596,-0.035424575209617615,32.36924362182617,36.025760650634766,-80.95824432373047
5.323962450027466,0,0.3977823257446289,1.0421738624572754,1.5,6.9910054206848145,2.008000135421753,2964.0,-0.0,2.0,20.00400161743164,0.024699199944734573,-0.0730268731713295,2.4350271224975586,8.617769241333008,0.013343974947929382,0.03656841814517975,-0.05872758850455284,32.015480041503906,36.73563003540039,-80.2764892578125
5.344209432601929,0,0.42294663190841675,1.0793888568878174,1.5,6.422732353210449,2.004000186920166,2992.0,-0.0,2.0,20.00800132751465,0.02516428753733635,0.15563103556632996,1.892114281654358,10.524250030517578,-0.04551278054714203,0.04429170489311218,-0.07590524107217789,32.192359924316406,38.33283233642578,-80.10604858398438
5.364461421966553,0,0.44858425855636597,1.1171971559524536,1.5,5.845399379730225,2.0160000324249268,2964.0,-0.0,2.0,20.00800132751465,0.025637632235884666,0.15084239840507507,2.0196120738983154,10.676289558410645,0.04210655018687248,-0.008439688012003899,-0.0828295648097992,30.777311325073242,36.558162689208984,-80.78780364990234
5.384602069854736,0,0.47540798783302307,1.152814507484436,1.5,5.301522731781006,2.008000135421753,3068.0,-0.27163228392601013,2.0,20.00400161743164,0.0268237441778183,0.5560816526412964,2.2356996536254883,6.887272357940674,0.02439626306295395,-0.08540621399879456,-0.08669120818376541,30.069787979125977,37.97789764404297,-79.42430114746094
5.405027151107788,0,0.49852755665779114,1.1572222709655762,1.5,5.234216213226318,2.01200008392334,2972.0,-0.27163228392601013,2.0,20.012001037597656,0.023119552060961723,-0.006584390066564083,1.6245486736297607,8.399886131286621,-0.027669329196214676,-0.03227534145116806,-0.0547327846288681,31.131074905395508,35.848297119140625,-78.74254608154297
5.42717170715332,0,0.5225277543067932,1.1653084754943848,1.5,5.110739707946777,2.004000186920166,2976.0,-0.27163228392601013,2.0,20.012001037597656,0.024000192061066628,0.13647645711898804,0.9080472588539124,7.841410160064697,-0.07866963744163513,-0.030544262379407883,-0.04288153722882271,32.89988708496094,37.268028259277344,-80.44692993164062
5.4461729526519775,0,0.5488396286964417,1.1904388666152954,1.5,4.726998805999756,2.01200008392334,2984.0,-0.6981333494186401,2.0,20.00800132751465,0.02631187252700329,-0.11492753773927689,0.09218145906925201,11.239554405212402,-0.07014739513397217,0.14309647679328918,-0.02770129218697548,31.661718368530273,37.0905647277832,-80.61737060546875
5.466612815856934,0,0.5747606754302979,1.210944414138794,1.5,4.413878917694092,2.01200008392334,2972.0,-0.6981333494186401,2.0,20.00400161743164,0.025921087712049484,-2.7319233417510986,1.6065912246704102,9.261842727661133,-0.016350721940398216,0.15774407982826233,0.0547247976064682,32.54612350463867,39.04269790649414,-81.1286849975586
5.485797166824341,0,0.6003845930099487,1.221237301826477,1.5,4.256706714630127,2.01200008392334,3000.0,0.0122374864295125,2.0,20.016000747680664,0.025623872876167297,-2.502068281173706,1.1893802881240845,9.008044242858887,-0.03952057659626007,0.06666259467601776,0.23821938037872314,32.192359924316406,37.622962951660156,-80.10604858398438
5.506162405014038,0,0.6252461671829224,1.2274140119552612,1.5,4.162388324737549,2.008000135421753,2964.0,0.0122374864295125,2.0,20.012001037597656,0.024861568585038185,-2.848646640777588,1.0157917737960815,9.755073547363281,-0.08479499816894531,0.03869897872209549,0.4010741710662842,31.307954788208008,38.51029586791992,-80.61737060546875
5.527217388153076,0,0.6504297256469727,1.2326068878173828,1.5,4.083093166351318,2.0199999809265137,2968.0,0.0122374864295125,2.0,20.00400161743164,0.025183552876114845,-1.4934594631195068,0.07781551778316498,10.409920692443848,-0.01768232323229313,0.0007483568042516708,0.5576704144477844,31.48483657836914,37.622962951660156,-81.46955871582031
5.547198534011841,0,0.6758114099502563,1.237105369567871,1.5,4.014400959014893,2.0160000324249268,2984.0,-0.0,2.0,20.016000747680664,0.025381695479154587,0.29270607233047485,-0.8194572925567627,7.552295684814453,0.04104127362370491,-0.07848189026117325,0.557404100894928,31.48483657836914,39.04269790649414,-80.44692993164062
5.567025899887085,0,0.7008326053619385,1.2414889335632324,1.5,3.9474639892578125,2.0199999809265137,2976.0,-0.0,2.0,20.016000747680664,0.025021184235811234,1.701765537261963,-0.9571309089660645,6.582594394683838,0.013610295951366425,0.04802018404006958,0.4757769703865051,33.07676696777344,39.22016525268555,-82.3217544555664
5.587197303771973,0,0.7261867523193359,1.2441314458847046,1.5,3.9071128368377686,2.0160000324249268,2984.0,-0.0,2.0,20.00400161743164,0.02535417675971985,1.6149712800979614,-1.0277634859085083,11.766304969787598,-0.008361116982996464,-0.002846965566277504,0.2954782247543335,33.6074104309082,36.9130973815918,-80.10604858398438
5.607412815093994,0,0.7510951161384583,1.246229887008667,1.5,3.8750698566436768,2.004000186920166,2964.0,-0.0,2.0,20.012001037597656,0.02490835264325142,1.8729597330093384,-0.7691764831542969,8.05091381072998,0.014276094734668732,-0.0981895849108696,0.09587126225233078,31.307954788208008,38.865230560302734,-79.93561553955078
5.627569913864136,0,0.7763391733169556,1.2486732006072998,1.5,3.8377604484558105,2.004000186920166,2972.0,-0.0,2.0,20.00800132751465,0.02524409629404545,1.4593403339385986,-1.000228762626648,9.744897842407227,0.020800940692424774,-0.025883659720420837,-0.05140378326177597,30.42354965209961,37.97789764404297,-79.42430114746094
5.648342609405518,0,0.8016383647918701,1.2518930435180664,1.5,3.788593292236328,2.0160000324249268,2976.0,-0.0,2.0,20.012001037597656,0.025299135595560074,0.0580623485147953,-0.37291592359542847,9.319306373596191,0.027325782924890518,-0.04492554813623428,-0.11572010070085526,31.48483657836914,40.10749816894531,-79.42430114746094
5.668098211288452,0,0.8271218538284302,1.2553908824920654,1.5,3.7351813316345215,2.0240001678466797,2968.0,-0.0,2.0,20.020000457763672,0.025483520701527596,-0.5937922596931458,0.2579883933067322,8.334640502929688,0.025861024856567383,-0.07541920989751816,-0.08642488718032837,30.42354965209961,39.7525634765625,-81.46955871582031
5.6884520053863525,0,0.8527705073356628,1.257917046546936,1.5,3.6966068744659424,2.008000135421753,2992.0,-0.0,2.0,20.00400161743164,0.02564864046871662,-0.025738980621099472,0.4704846143722534,8.910475730895996,-0.006230555474758148,-0.07981349527835846,-0.06325503438711166,32.36924362182617,40.28496551513672,-81.63999938964844
5.708566427230835,0,0.8778219223022461,1.2592616081237793,1.5,3.6760754585266113,2.004000186920166,2976.0,-0.0,2.0,20.00400161743164,0.025051455944776535,0.6536503434181213,0.03591485694050789,9.076282501220703,-0.04151797667145729,0.007672680541872978,-0.05886074900627136,30.777311325073242,38.68776321411133,-80.44692993164062
5.72939658164978,0,0.9031485915184021,1.2599267959594727,1.5,3.6659178733825684,2.01200008392334,2972.0,-0.0,2.0,20.012001037597656,0.02532665617763996,0.15084239840507507,-0.4710831940174103,9.627575874328613,0.004022769629955292,0.04096269980072975,-0.062189750373363495,31.131074905395508,38.68776321411133,-80.78780364990234
5.74965763092041,0,0.928186297416687,1.2588852643966675,1.5,3.6818220615386963,2.008000135421753,2964.0,-0.0,2.0,20.00400161743164,0.025037696585059166,-0.2861216962337494,0.21848203241825104,8.527982711791992,0.011612895876169205,0.019923407584428787,-0.06738299876451492,31.48483657836914,40.10749816894531,-80.10604858398438
5.76938796043396,0,0.9532047510147095,1.2569776773452759,1.5,3.710951089859009,2.0280001163482666,2972.0,-0.0,2.0,20.00800132751465,0.02501843124628067,0.14365942776203156,0.20591184496879578,11.18268871307373,-0.008361116982996464,-0.04852087050676346,-0.0609913095831871,31.307954788208008,40.28496551513672,-81.63999938964844
5.789623975753784,0,0.9780635237693787,1.2528364658355713,1.5,3.7741873264312744,2.004000186920166,2984.0,-0.0,2.0,20.00800132751465,0.024858815595507622,0.5584760308265686,-0.4435484707355499,9.679652214050293,0.0153413787484169,-0.051583558320999146,-0.08069900423288345,31.307954788208008,39.57509994506836,-81.63999938964844
5.8097546100616455,0,1.00230872631073,1.2473174333572388,1.5,3.8584628105163574,2.004000186920166,2972.0,-0.0,2.0,20.00800132751465,0.024245120584964752,-0.3735145032405853,0.860160768032074,9.109204292297363,0.03291850909590721,-0.0015153642743825912,-0.09827613085508347,31.48483657836914,37.97789764404297,-79.76517486572266
5.830048561096191,0,1.0269445180892944,1.2401376962661743,1.5,3.968097448348999,2.004000186920166,2976.0,-0.0,2.0,20.00800132751465,0.024635903537273407,0.7230857610702515,0.35974714159965515,7.442156791687012,0.014142937958240509,-0.008306529372930527,-0.051936425268650055,30.954193115234375,40.63990020751953,-80.95824432373047
5.8503663539886475,0,1.050487995147705,1.2328697443008423,1.5,4.0790791511535645,2.004000186920166,2968.0,-0.0,2.0,20.012001037597656,0.023543359711766243,0.1670040786266327,0.1610182672739029,11.417332649230957,-0.01568492129445076,0.1244540736079216,-0.07923424243927002,31.307954788208008,40.28496551513672,-79.93561553955078
5.870615482330322,0,1.0746312141418457,1.2279092073440552,1.5,4.154826641082764,2.0240001678466797,2968.0,-0.0,2.0,20.00400161743164,0.024143295362591743,0.24182669818401337,-0.3232336938381195,9.458775520324707,0.03584802895784378,-0.01483137160539627,-0.08509328216314316,31.131074905395508,39.7525634765625,-81.1286849975586
5.890732526779175,0,1.0990772247314453,1.2253220081329346,1.5,4.194333076477051,2.004000186920166,2984.0,-0.0,2.0,20.00400161743164,0.024446016177535057,-0.07542119920253754,0.06943538784980774,8.184396743774414,0.03145374730229378,0.024717170745134354,-0.07870160043239594,32.015480041503906,40.28496551513672,-81.29911804199219
5.911186218261719,0,1.1232260465621948,1.223717451095581,1.5,4.21883487701416,2.004000186920166,2972.0,-0.0,2.0,20.00400161743164,0.02414879947900772,-0.0820055902004242,-0.4591115713119507,11.327545166015625,0.036380670964717865,0.001280996948480606,-0.06179026886820793,31.48483657836914,40.10749816894531,-81.81044006347656
5.931231737136841,0,1.1473363637924194,1.2188136577606201,1.5,4.293715476989746,2.004000186920166,3000.0,-0.0,2.0,20.016000747680664,0.024110272526741028,0.11193463206291199,0.32263511419296265,8.553122520446777,0.08378565311431885,-0.05584467947483063,-0.06605139374732971,30.777311325073242,41.172298431396484,-80.78780364990234
5.95160984992981,0,1.1706814765930176,1.210572361946106,1.5,4.419559955596924,2.004000186920166,2972.0,-0.0,2.0,20.00800132751465,0.023345215246081352,-0.1161246970295906,0.6033695936203003,9.473740577697754,0.02639366313815117,-0.021489378064870834,-0.059127070009708405,29.892906188964844,38.865230560302734,-80.95824432373047
5.971736669540405,0,1.1938698291778564,1.2013965845108032,1.5,4.559674263000488,2.0160000324249268,2972.0,-0.0,2.0,20.012001037597656,0.023188352584838867,0.35076841711997986,0.2412281185388565,9.949612617492676,-0.016350721940398216,-0.048387713730335236,-0.05153694376349449,31.307954788208008,41.34976577758789,-80.2764892578125
5.992051124572754,0,1.2174875736236572,1.1958627700805664,1.5,4.6441755294799805,2.004000186920166,2996.0,-0.0,2.0,20.00400161743164,0.023617664352059364,1.163641333580017,-0.24362243711948395,7.7869391441345215,-0.01768232323229313,0.009670081548392773,-0.05726282671093941,30.777311325073242,40.10749816894531,-81.46955871582031
6.012207269668579,0,1.241041898727417,1.19472336769104,1.5,4.661574363708496,2.004000186920166,2968.0,-0.0,2.0,20.00400161743164,0.023554367944598198,0.7817466855049133,-0.49981507658958435,11.242547035217285,0.018803540617227554,0.08890032768249512,-0.0728425607085228,30.954193115234375,40.994834899902344,-81.98087310791016
6.033726453781128,0,1.2655457258224487,1.1947909593582153,1.5,4.660542011260986,2.004000186920166,3084.0,-0.0,2.0,20.00400161743164,0.024503808468580246,0.25559404492378235,-0.08140700310468674,8.190980911254883,0.04117443412542343,0.015395965427160263,-0.09468080848455429,31.661718368530273,40.63990020751953,-81.63999938964844
6.052665948867798,0,1.2886598110198975,1.1927553415298462,1.5,4.691626071929932,2.004000186920166,2968.0,-0.0,2.0,20.012001037597656,0.023114047944545746,-0.6967481970787048,0.5183711051940918,9.033782958984375,-0.012622239999473095,0.012865924276411533,-0.10466781258583069,29.716026306152344,42.23710250854492,-80.78780364990234
6.072870969772339,0,1.3119169473648071,1.187071681022644,1.5,4.778415679931641,2.0360000133514404,2964.0,-0.0,2.0,20.00800132751465,0.023257151246070862,-0.3310152590274811,0.1771799474954605,9.265434265136719,-0.023275045678019524,-0.051184073090553284,-0.08695752173662186,29.716026306152344,42.94696807861328,-81.1286849975586
6.093205451965332,0,1.3359088897705078,1.1875300407409668,1.5,4.771416187286377,2.004000186920166,2988.0,-0.0,2.0,20.012001037597656,0.023991936817765236,-0.3190436363220215,0.6757978796958923,9.154696464538574,0.002424849197268486,-0.03334062546491623,-0.09694453328847885,30.069787979125977,41.172298431396484,-80.44692993164062
6.113520383834839,0,1.3595128059387207,1.1880831718444824,1.5,4.762969970703125,2.008000135421753,2968.0,-0.0,2.0,20.00800132751465,0.023603903129696846,-0.27474865317344666,1.1576554775238037,8.195770263671875,0.03558170795440674,0.02738037332892418,-0.09840929508209229,31.131074905395508,41.88216781616211,-81.46955871582031
6.133808374404907,0,1.383642315864563,1.1843568086624146,1.5,4.81987190246582,2.004000186920166,3136.0,-0.0,2.0,20.168001174926758,0.024129536002874374,0.2561926245689392,0.19274306297302246,9.3893404006958,0.02839106321334839,0.0007483568042516708,-0.07204359769821167,31.307954788208008,40.994834899902344,-81.98087310791016
6.153966426849365,0,1.4066270589828491,1.1834973096847534,1.5,4.832996368408203,2.004000186920166,2968.0,-0.0,2.0,20.00400161743164,0.022984704002738,1.0289605855941772,-0.2549954652786255,8.47411060333252,0.02026829868555069,0.050683386623859406,-0.08669120818376541,32.36924362182617,40.994834899902344,-82.66262817382812
6.174345970153809,0,1.430806040763855,1.1877776384353638,1.5,4.767635822296143,2.008000135421753,2964.0,-0.0,2.0,20.016000747680664,0.024179071187973022,0.5913979411125183,0.05746376886963844,9.138534545898438,0.041573911905288696,0.02418453060090542,-0.09907509386539459,30.069787979125977,42.23710250854492,-82.15131378173828
6.194518089294434,0,1.4549741744995117,1.189566969871521,1.5,4.740312576293945,2.004000186920166,2984.0,-0.0,2.0,20.00800132751465,0.024168064817786217,0.49263209104537964,0.3513669967651367,7.749228477478027,0.01614033803343773,-0.04492554813623428,-0.0953466072678566,30.600431442260742,41.7047004699707,-83.00350189208984
6.21519923210144,0,1.4782313108444214,1.1863096952438354,1.5,4.790050983428955,2.008000135421753,2972.0,-0.0,2.0,20.00400161743164,0.023257151246070862,-0.16281400620937347,0.2980932891368866,9.403107643127441,0.01827089861035347,-0.025484178215265274,-0.09228392690420151,30.24666976928711,42.769500732421875,-83.3443832397461
6.235741853713989,0,1.5025259256362915,1.1870927810668945,1.5,4.778093338012695,2.008000135421753,3044.0,-0.23704931139945984,2.0,20.00800132751465,0.0242946557700634,-0.13946935534477234,0.43277400732040405,8.178411483764648,0.042506035417318344,-0.04798823595046997,-0.07990004122257233,30.600431442260742,41.7047004699707,-83.00350189208984
6.2553019523620605,0,1.525843620300293,1.187372088432312,1.5,4.773828506469727,2.0160000324249268,2968.0,-0.23704931139945984,2.0,20.012001037597656,0.023317696526646614,-0.48784345388412476,0.9068500995635986,9.136140823364258,-0.018747603520751,-0.023220457136631012,-0.07324203848838806,30.42354965209961,40.81736755371094,-82.4921875
6.2754738330841064,0,1.5494227409362793,1.1854956150054932,1.5,4.8024821281433105,2.0320000648498535,2980.0,-0.23704931139945984,2.0,20.012001037597656,0.023579135537147522,-0.302283376455307,0.7943168878555298,9.910704612731934,-0.01675020158290863,-0.032009024173021317,-0.05553174763917923,30.069787979125977,43.301902770996094,-82.4921875
6.295931100845337,0,1.5737504959106445,1.1892656087875366,1.5,4.744914531707764,2.01200008392334,2984.0,-0.6981333494186401,2.0,20.00800132751465,0.024327680468559265,-0.12570199370384216,0.9714968204498291,7.112338542938232,-0.03858845680952072,0.043492741882801056,-0.02170908823609352,31.307954788208008,41.7047004699707,-82.66262817382812
6.3159496784210205,0,1.597442388534546,1.1903810501098633,1.5,4.72788143157959,2.004000186920166,2948.0,-0.6981333494186401,2.0,20.00400161743164,0.023691967129707336,-2.1477084159851074,1.4970508813858032,11.941689491271973,-0.04018637537956238,0.27612340450286865,0.09094434231519699,30.600431442260742,42.059635162353516,-82.66262817382812
6.336391448974609,0,1.6212719678878784,1.1886341571807861,1.5,4.754556655883789,2.01200008392334,2968.0,-0.6981333494186401,2.0,20.00400161743164,0.023829568177461624,-2.3129167556762695,1.1630427837371826,10.117215156555176,-0.0068963561207056046,0.09888733178377151,0.2797653377056122,30.777311325073242,42.59203338623047,-82.4921875
6.356452465057373,0,1.645071268081665,1.1909468173980713,1.5,4.719242095947266,2.01200008392334,2964.0,-0.6981333494186401,2.0,20.00400161743164,0.023799296468496323,-2.382352113723755,0.9224132299423218,7.56007719039917,-0.05576610565185547,0.049484945833683014,0.40227261185646057,29.362262725830078,42.59203338623047,-83.17394256591797
6.376771926879883,0,1.668628454208374,1.188115119934082,1.5,4.762482166290283,2.01200008392334,2956.0,-0.6981333494186401,2.0,20.012001037597656,0.023557119071483612,-1.8945086002349854,0.5890036225318909,10.760090827941895,-0.03232993185520172,0.04722122475504875,0.5843024849891663,31.131074905395508,40.81736755371094,-82.83306884765625
6.397043943405151,0,1.692617654800415,1.1884448528289795,1.5,4.757447242736816,2.008000135421753,2980.0,-0.6981333494186401,2.0,20.00400161743164,0.023989183828234673,-1.7346875667572021,0.46569594740867615,8.453160285949707,-0.008361116982996464,0.017792847007513046,0.7178620100021362,31.131074905395508,42.23710250854492,-83.17394256591797
6.41727876663208,0,1.716408610343933,1.1902549266815186,1.5,4.729807376861572,2.0160000324249268,2964.0,-0.6981333494186401,2.0,20.016000747680664,0.023791039362549782,-2.170454502105713,0.9762855172157288,7.350573539733887,0.0073517728596925735,0.09968629479408264,0.8491578698158264,30.954193115234375,40.994834899902344,-81.63999938964844
6.437578439712524,0,1.7402575016021729,1.1888110637664795,1.5,4.751855373382568,2.01200008392334,2964.0,-0.6981333494186401,2.0,20.00800132751465,0.02384883165359497,-1.7400747537612915,0.43277400732040405,8.436399459838867,-0.024207167327404022,0.15414875745773315,0.9857801198959351,32.36924362182617,41.7047004699707,-82.66262817382812
6.457660675048828,0,1.7639962434768677,1.190109133720398,1.5,4.732033729553223,2.0160000324249268,2952.0,-0.6981333494186401,2.0,20.00400161743164,0.02373875118792057,-2.5661163330078125,0.49682217836380005,8.387914657592773,-0.1003747284412384,0.1801149845123291,1.076728343963623,31.48483657836914,41.172298431396484,-82.15131378173828
6.477951288223267,0,1.7883074283599854,1.189883828163147,1.5,4.735474109649658,2.0160000324249268,2952.0,-0.6981333494186401,2.0,20.016000747680664,0.024311168119311333,-2.5744965076446533,-0.6518546342849731,11.10008430480957,-0.054434504359960556,0.10221634060144424,1.1903139352798462,32.015480041503906,40.28496551513672,-83.00350189208984
6.498250484466553,0,1.8114985227584839,1.1887818574905396,1.5,4.752301216125488,2.008000135421753,2968.0,-0.6981333494186401,2.0,20.012001037597656,0.02319110371172428,-2.1375324726104736,-0.015563104301691055,8.6692476272583,0.015474535524845123,0.006873720325529575,1.2805964946746826,32.015480041503906,39.57509994506836,-82.3217544555664
6.518455266952515,0,1.8351079225540161,1.1870604753494263,1.5,4.7785868644714355,2.0199999809265137,2964.0,-0.6981333494186401,2.0,20.032001495361328,0.023609407246112823,-1.9256348609924316,0.7332616448402405,9.081070899963379,-0.05390186607837677,0.025116650387644768,1.2963093519210815,33.4305305480957,40.28496551513672,-82.3217544555664
6.540345907211304,0,1.8583760261535645,1.1808969974517822,1.5,4.8727030754089355,2.008000135421753,2968.0,-0.6981333494186401,2.0,20.012001037597656,0.023268159478902817,-1.6035983562469482,0.19992603361606598,8.608790397644043,-0.047110699117183685,0.007140040397644043,1.3176149129867554,31.131074905395508,40.10749816894531,-83.51482391357422
6.558927536010742,0,1.8810800313949585,1.1740678548812866,1.5,4.976984024047852,2.01200008392334,2960.0,-0.6981333494186401,2.0,20.00400161743164,0.022703999653458595,-1.145085334777832,-0.3052762746810913,9.037374496459961,0.009615493938326836,-0.02801422029733658,1.3272024393081665,32.36924362182617,38.51029586791992,-84.36701202392578
6.579085350036621,0,1.9046839475631714,1.1747468709945679,1.5,4.966615200042725,2.01200008392334,2964.0,-0.6981333494186401,2.0,20.00800132751465,0.023603903129696846,-1.0337492227554321,-0.0610552541911602,7.516979217529297,-0.05510030686855316,-0.007241249084472656,1.328933596611023,32.36924362182617,38.865230560302734,-83.68525695800781
6.600240468978882,0,1.9290804862976074,1.1835289001464844,1.5,4.832513809204102,2.01200008392334,2960.0,-0.6981333494186401,2.0,20.012001037597656,0.02439647912979126,-1.0768470764160156,-0.33161383867263794,10.230945587158203,-0.09571412205696106,0.05840666964650154,1.3246724605560303,32.192359924316406,39.04269790649414,-83.51482391357422
6.619775295257568,0,1.9536283016204834,1.1908856630325317,1.5,4.7201762199401855,2.01200008392334,2964.0,-0.6981333494186401,2.0,20.012001037597656,0.024547839537262917,-1.5778592824935913,0.08679423481225967,7.2362446784973145,-0.05203762277960777,0.022852929309010506,1.304831624031067,32.36924362182617,38.155364990234375,-84.36701202392578
6.6399266719818115,0,1.9769020080566406,1.1842235326766968,1.5,4.821906566619873,2.01200008392334,2960.0,-0.6981333494186401,2.0,20.00800132751465,0.023273663595318794,-1.8053200244903564,-0.018556008115410805,10.63438892364502,-0.011157479137182236,0.05840666964650154,1.2779332399368286,30.777311325073242,36.9130973815918,-84.02613830566406
6.660058975219727,0,1.9997187852859497,1.1779389381408691,1.5,4.917872428894043,2.01200008392334,2956.0,-0.6981333494186401,2.0,20.012001037597656,0.02281683124601841,-2.0076403617858887,0.4644987881183624,8.344817161560059,-0.04551278054714203,-0.009771289303898811,1.2744710445404053,33.7842903137207,34.960960388183594,-81.98087310791016
6.680428504943848,0,2.023050308227539,1.1756623983383179,1.5,4.952635288238525,2.01200008392334,2944.0,-0.6981333494186401,2.0,20.012001037597656,0.023331455886363983,-1.2809631824493408,-0.08679423481225967,7.236843585968018,-0.07187847793102264,-0.010570250451564789,1.2805964946746826,32.36924362182617,36.025760650634766,-82.3217544555664
6.700628042221069,0,2.0466790199279785,1.1767797470092773,1.5,4.935573577880859,2.01200008392334,2968.0,-0.6981333494186401,2.0,20.00800132751465,0.02362867258489132,-1.4054679870605469,0.16580691933631897,9.568914413452148,-0.08998824656009674,0.08597080409526825,1.2750037908554077,31.661718368530273,35.315895080566406,-81.29911804199219
6.720907211303711,0,2.070802927017212,1.1820502281188965,1.5,4.855093002319336,2.004000186920166,2968.0,-0.6981333494186401,2.0,20.00800132751465,0.024124031886458397,-1.976514220237732,-0.19753170013427734,9.880775451660156,-0.06548678874969482,0.0010146759450435638,1.2752701044082642,33.07676696777344,35.67082977294922,-83.00350189208984
6.74104380607605,0,2.0955214500427246,1.1903457641601562,1.5,4.728420257568359,2.008000135421753,2968.0,-0.6981333494186401,2.0,20.012001037597656,0.02471846342086792,-2.120173692703247,0.21489055454730988,10.258480072021484,-0.0011704731732606888,-0.04266183078289032,1.2892518043518066,33.25364685058594,34.42856216430664,-82.4921875
6.763006687164307,0,2.119232654571533,1.1903681755065918,1.5,4.7280778884887695,2.01200008392334,2960.0,-0.6981333494186401,2.0,20.00400161743164,0.023711232468485832,-1.7364832162857056,0.3549584746360779,8.088624000549316,0.007218612357974052,0.011001682840287685,1.3236072063446045,32.192359924316406,34.42856216430664,-82.4921875
6.782896995544434,0,2.1435189247131348,1.1872162818908691,1.5,4.776207447052002,2.008000135421753,3012.0,-0.6981333494186401,2.0,20.220001220703125,0.02428640052676201,-1.227689504623413,-0.24541817605495453,9.371382713317871,-0.05483398586511612,0.04269378259778023,1.3278683423995972,32.72300338745117,35.67082977294922,-83.00350189208984
6.802079200744629,0,2.1668918132781982,1.1888965368270874,1.5,4.750549793243408,2.01200008392334,2952.0,-0.6981333494186401,2.0,20.00400161743164,0.02337273582816124,-1.46772038936615,-0.0670410618185997,9.787396430969238,-0.049374423921108246,0.054678190499544144,1.3031004667282104,33.25364685058594,34.42856216430664,-81.81044006347656
6.822372913360596,0,2.190495729446411,1.1876505613327026,1.5,4.769576072692871,2.0160000324249268,2940.0,-0.6981333494186401,2.0,20.00800132751465,0.023603903129696846,-1.8747555017471313,0.4243938624858856,8.113165855407715,-0.020212363451719284,0.026048772037029266,1.3104243278503418,32.36924362182617,35.67082977294922,-82.66262817382812
6.8425750732421875,0,2.214275598526001,1.1859465837478638,1.5,4.795595645904541,2.01200008392334,2980.0,-0.6981333494186401,2.0,20.012001037597656,0.023780031129717827,-1.5215927362442017,-0.2681642472743988,9.914894104003906,-0.06002722680568695,0.04162850230932236,1.3148186206817627,33.6074104309082,34.42856216430664,-82.15131378173828
6.862838506698608,0,2.2378852367401123,1.1864687204360962,1.5,4.787622928619385,2.01200008392334,2968.0,-0.6981333494186401,2.0,20.012001037597656,0.023609407246112823,-1.735884666442871,-0.482456237077713,8.326859474182129,-0.011823278851807117,0.057874031364917755,1.3228081464767456,30.600431442260742,35.315895080566406,-82.3217544555664
6.883184194564819,0,2.2626090049743652,1.1884797811508179,1.5,4.756913661956787,2.008000135421753,3112.0,-0.6981333494186401,2.0,20.148000717163086,0.024723967537283897,-2.0992233753204346,0.3411911129951477,11.358671188354492,0.010281294584274292,0.020855529233813286,1.325737714767456,32.54612350463867,34.42856216430664,-80.44692993164062
6.9033143520355225,0,2.285778284072876,1.188448190689087,1.5,4.757396221160889,2.01200008392334,2960.0,-0.6981333494186401,2.0,20.00400161743164,0.02316908724606037,-1.65328049659729,0.2980932891368866,8.328056335449219,-0.00742899626493454,0.00887112133204937,1.330132007598877,32.192359924316406,34.07362747192383,-81.81044006347656
6.923668384552002,0,2.309654474258423,1.1894899606704712,1.5,4.741488456726074,2.004000186920166,2956.0,-0.6981333494186401,2.0,20.020000457763672,0.023876352235674858,-1.6035983562469482,-0.6297071576118469,9.486908912658691,0.01201237365603447,0.036302097141742706,1.3419831991195679,33.25364685058594,34.07362747192383,-81.81044006347656
6.944559335708618,0,2.3336355686187744,1.1897553205490112,1.5,4.737436294555664,2.01200008392334,2960.0,-0.6981333494186401,2.0,20.012001037597656,0.02398092858493328,-0.7967112064361572,-0.10355450212955475,7.250012397766113,-0.030332529917359352,0.04402538388967514,1.3291999101638794,32.72300338745117,33.54122543334961,-83.68525695800781
6.965168237686157,0,2.3573355674743652,1.1899081468582153,1.5,4.735102653503418,2.004000186920166,2944.0,-0.6981333494186401,2.0,20.00400161743164,0.023700224235653877,-1.934613585472107,-0.23344656825065613,10.922306060791016,-0.016350721940398216,0.12538619339466095,1.3154844045639038,32.72300338745117,33.18629455566406,-84.36701202392578
6.984469413757324,0,2.382004499435425,1.1909911632537842,1.5,4.718564987182617,2.004000186920166,3104.0,-0.6981333494186401,2.0,20.112001419067383,0.024668928235769272,-2.085455894470215,-0.0610552541911602,11.165928840637207,0.01307765394449234,-0.006841767579317093,1.3169491291046143,33.07676696777344,33.89616012573242,-81.63999938964844
7.004783868789673,0,2.405258893966675,1.1910645961761475,1.5,4.717443943023682,2.01200008392334,2964.0,-0.6981333494186401,2.0,20.00800132751465,0.023254400119185448,-1.572472095489502,-0.6530517935752869,8.00542163848877,0.040375471115112305,-0.05531203746795654,1.3326621055603027,31.838598251342773,34.42856216430664,-81.81044006347656
7.02497935295105,0,2.429058313369751,1.190882682800293,1.5,4.720221519470215,2.008000135421753,2968.0,-0.6981333494186401,2.0,20.016000747680664,0.023799296468496323,-1.340222716331482,-0.482456237077713,8.399287223815918,-0.008094796910881996,-0.032807983458042145,1.3410511016845703,33.07676696777344,33.18629455566406,-82.66262817382812
7.045355558395386,0,2.452997922897339,1.1898525953292847,1.5,4.735950946807861,2.004000186920166,2976.0,-0.6981333494186401,2.0,20.00800132751465,0.023939648643136024,-1.8615866899490356,-0.04070350155234337,9.472542762756348,-0.04857546091079712,-0.00444488599896431,1.3330615758895874,33.07676696777344,32.83135986328125,-82.3217544555664
7.066221714019775,0,2.4764175415039062,1.1884695291519165,1.5,4.757070541381836,2.01200008392334,2948.0,-0.6981333494186401,2.0,20.00800132751465,0.023419519886374474,-1.7412718534469604,-0.044893570244312286,9.101423263549805,-0.05390186607837677,0.01406436413526535,1.309359073638916,32.54612350463867,31.23415756225586,-83.85569763183594
7.0868871212005615,0,2.5005414485931396,1.1875972747802734,1.5,4.770389556884766,2.008000135421753,3040.0,-0.6981333494186401,2.0,20.00800132751465,0.024124031886458397,-1.4084609746932983,-0.7578034400939941,8.026371955871582,-0.04151797667145729,0.009936402551829815,1.3058968782424927,32.89988708496094,31.23415756225586,-83.51482391357422
7.105973243713379,0,2.523947238922119,1.1882879734039307,1.5,4.759842872619629,2.0160000324249268,2952.0,-0.6981333494186401,2.0,20.016000747680664,0.023405760526657104,-1.5048325061798096,-0.30587485432624817,8.778787612915039,-0.028601448982954025,-0.0059096477925777435,1.2923145294189453,33.4305305480957,33.18629455566406,-82.3217544555664
7.126327276229858,0,2.5478675365448,1.1895462274551392,1.5,4.740629196166992,2.0240001678466797,2952.0,-0.6981333494186401,2.0,20.00800132751465,0.02392038330435753,-1.9705283641815186,0.0305276270955801,11.876443862915039,-0.022076604887843132,0.09302829205989838,1.2877870798110962,32.54612350463867,31.94402503967285,-82.83306884765625
7.146393060684204,0,2.571760416030884,1.188491702079773,1.5,4.756731986999512,2.008000135421753,2980.0,-0.6981333494186401,2.0,20.00800132751465,0.02389286458492279,-2.3260855674743652,-0.2891145944595337,7.270363807678223,-0.020611844956874847,-0.003246445208787918,1.303366780281067,34.49181365966797,29.99188995361328,-82.3217544555664
7.166757345199585,0,2.595323085784912,1.1882214546203613,1.5,4.760858535766602,2.0160000324249268,2960.0,-0.6981333494186401,2.0,20.016000747680664,0.02356262318789959,-2.1123921871185303,0.4531257748603821,8.884138107299805,-0.06934843212366104,-0.016162972897291183,1.298972487449646,34.13805389404297,31.766559600830078,-83.68525695800781
7.186908006668091,0,2.6187069416046143,1.1828466653823853,1.5,4.842931747436523,2.004000186920166,2984.0,-0.6981333494186401,2.0,20.00800132751465,0.023383744060993195,-1.7945456504821777,0.6201298236846924,8.265205383300781,-0.08173231780529022,0.03443785756826401,1.303366780281067,31.838598251342773,30.169357299804688,-84.19657135009766
7.2072224617004395,0,2.641570568084717,1.1773403882980347,1.5,4.9270124435424805,2.01200008392334,2960.0,-0.6981333494186401,2.0,20.012001037597656,0.022863615304231644,-1.8693681955337524,0.6470659971237183,11.030050277709961,-0.09637993574142456,0.09888733178377151,1.3068289756774902,32.015480041503906,28.92708969116211,-84.02613830566406
7.2273852825164795,0,2.6649818420410156,1.17568039894104,1.5,4.9523606300354,2.0360000133514404,2960.0,-0.6981333494186401,2.0,20.012001037597656,0.023411264643073082,-1.6933854818344116,-0.29749470949172974,9.916091918945312,-0.07880279421806335,-0.027481582015752792,1.3141528367996216,33.07676696777344,30.346824645996094,-83.68525695800781
7.247711420059204,0,2.6891415119171143,1.1822189092636108,1.5,4.852517604827881,2.004000186920166,2952.0,-0.6981333494186401,2.0,20.00800132751465,0.024159807711839676,-1.7346875667572021,-0.42499247193336487,9.963977813720703,0.050895120948553085,-0.023486778140068054,1.3350589275360107,31.307954788208008,30.346824645996094,-82.3217544555664
7.267927885055542,0,2.7138516902923584,1.1915521621704102,1.5,4.709998607635498,2.004000186920166,2956.0,-0.6981333494186401,2.0,20.00400161743164,0.02471020817756653,-1.4150452613830566,0.3280223608016968,9.820917129516602,0.013477135449647903,-0.032009024173021317,1.3517038822174072,30.777311325073242,29.459489822387695,-83.85569763183594
7.288534164428711,0,2.7373621463775635,1.1865413188934326,1.5,4.7865142822265625,2.004000186920166,2964.0,-0.6981333494186401,2.0,20.00800132751465,0.023510336875915527,-1.4892693758010864,0.31784647703170776,7.850987434387207,-0.03818897530436516,-0.025217857211828232,1.347442865371704,32.72300338745117,29.282024383544922,-83.68525695800781
7.308472156524658,0,2.760322093963623,1.1816834211349487,1.5,4.860694408416748,2.01200008392334,2948.0,-0.6981333494186401,2.0,20.00800132751465,0.022959936410188675,-1.057692527770996,-0.46569594740867615,7.377510070800781,-0.05270342528820038,-0.033740103244781494,1.3489075899124146,32.36924362182617,26.442554473876953,-81.98087310791016
7.3286802768707275,0,2.7842204570770264,1.1840794086456299,1.5,4.824107646942139,2.008000135421753,2952.0,-0.6981333494186401,2.0,20.00800132751465,0.023898368701338768,-1.850213646888733,-0.18855299055576324,8.699176788330078,-0.08319708704948425,0.005542119964957237,1.3361241817474365,30.777311325073242,27.68482208251953,-83.51482391357422
7.348791122436523,0,2.8083224296569824,1.1877180337905884,1.5,4.768545627593994,2.01200008392334,2952.0,-0.6981333494186401,2.0,20.00800132751465,0.024102015420794487,-0.8853011727333069,-0.7751622796058655,9.509654998779297,-0.06002722680568695,-0.025617338716983795,1.3383879661560059,30.777311325073242,27.32988929748535,-84.19657135009766
7.369179725646973,0,2.832226276397705,1.1888614892959595,1.5,4.75108528137207,2.004000186920166,2956.0,-0.6981333494186401,2.0,20.00400161743164,0.023903872817754745,-1.4078623056411743,-0.1430608481168747,6.7334370613098145,-0.03739001601934433,0.021787649020552635,1.3321293592453003,32.54612350463867,29.104557037353516,-84.5374526977539
7.389353275299072,0,2.8558385372161865,1.185890793800354,1.5,4.79644775390625,2.008000135421753,2972.0,-0.6981333494186401,2.0,20.012001037597656,0.023612160235643387,-2.120173692703247,0.20531325042247772,10.408723831176758,-0.07747119665145874,0.013265403918921947,1.3170822858810425,31.131074905395508,28.039756774902344,-83.85569763183594
7.409703731536865,0,2.8792800903320312,1.1848477125167847,1.5,4.812375545501709,2.01200008392334,2952.0,-0.6981333494186401,2.0,20.012001037597656,0.023441536352038383,-2.204573631286621,0.05985809117555618,8.948784828186035,-0.09198564291000366,-0.019225656986236572,1.3152180910110474,30.777311325073242,26.62002182006836,-83.17394256591797
7.429784297943115,0,2.9035415649414062,1.184477686882019,1.5,4.818026065826416,2.004000186920166,2976.0,-0.6981333494186401,2.0,20.00400161743164,0.024261631071567535,-1.4856778383255005,-0.5141810178756714,8.491469383239746,-0.010225358419120312,0.004476839676499367,1.339053750038147,30.42354965209961,26.97495460510254,-82.15131378173828
7.450196981430054,0,2.926790475845337,1.1853541135787964,1.5,4.804642677307129,2.0360000133514404,2964.0,-0.6981333494186401,2.0,20.00400161743164,0.02324889600276947,-1.0062144994735718,0.3100649118423462,6.148623466491699,-0.05829614773392677,0.02524981088936329,1.3237403631210327,30.42354965209961,28.039756774902344,-83.85569763183594
7.470483064651489,0,2.9508705139160156,1.189131259918213,1.5,4.7469658851623535,2.008000135421753,2952.0,-0.6981333494186401,2.0,20.012001037597656,0.024080000817775726,-1.589232325553894,-0.16640549898147583,9.650919914245605,-0.08093336224555969,0.17172589898109436,1.3197455406188965,30.600431442260742,27.862289428710938,-85.04876708984375
7.490691184997559,0,2.974977970123291,1.189976453781128,1.5,4.734059810638428,2.004000186920166,3012.0,-0.6981333494186401,2.0,20.00800132751465,0.024107519537210464,-2.1908061504364014,-0.16460976004600525,10.818751335144043,-0.043115898966789246,-0.026682619005441666,1.3166828155517578,29.185382843017578,26.442554473876953,-85.04876708984375
7.510801315307617,0,2.9985158443450928,1.188967227935791,1.5,4.7494707107543945,2.0360000133514404,2968.0,-0.6981333494186401,2.0,20.00400161743164,0.023537855595350266,-2.0220062732696533,0.15323671698570251,9.716764450073242,-0.02181028574705124,-0.04785507172346115,1.3242729902267456,30.777311325073242,28.039756774902344,-84.5374526977539
7.531104803085327,0,3.022411584854126,1.1896075010299683,1.5,4.739693641662598,2.004000186920166,2976.0,-0.6981333494186401,2.0,20.00400161743164,0.023895615711808205,-2.086054563522339,-0.08320274949073792,6.9800519943237305,-0.03818897530436516,-0.012833971530199051,1.3293330669403076,28.654739379882812,26.265087127685547,-84.87832641601562
7.55330491065979,0,3.0458035469055176,1.1867996454238892,1.5,4.782569408416748,2.01200008392334,2948.0,-0.6981333494186401,2.0,20.00400161743164,0.023391999304294586,-1.4102566242218018,-0.4860477149486542,10.16031265258789,-0.06122566759586334,-0.0065754484385252,1.333461046218872,28.300975799560547,25.910154342651367,-86.58271026611328
7.571596384048462,0,3.0690882205963135,1.18281888961792,1.5,4.843355655670166,2.008000135421753,2956.0,-0.6981333494186401,2.0,20.00400161743164,0.02328467182815075,-2.0543296337127686,0.13946935534477234,8.869174003601074,-0.08679240942001343,0.019790247082710266,1.3202781677246094,29.53914451599121,27.152421951293945,-85.73052215576172
7.591757297515869,0,3.092956304550171,1.1826030015945435,1.5,4.846652507781982,2.004000186920166,2972.0,-0.6981333494186401,2.0,20.012001037597656,0.023868095129728317,-1.6814137697219849,-0.3854861259460449,9.77542495727539,-0.1047690212726593,-0.04758875072002411,1.3181475400924683,28.654739379882812,25.555221557617188,-86.24183654785156
7.612211227416992,0,3.1169097423553467,1.1873383522033691,1.5,4.774343490600586,2.01200008392334,2952.0,-0.6981333494186401,2.0,20.00800132751465,0.023953408002853394,-1.190577507019043,-0.22566500306129456,7.385291576385498,-0.02500612661242485,0.0393647775053978,1.338521122932434,27.23969078063965,25.910154342651367,-86.58271026611328
7.6322596073150635,0,3.1416804790496826,1.1916704177856445,1.5,4.708192825317383,2.008000135421753,3052.0,-0.6981333494186401,2.0,20.016000747680664,0.02477075159549713,-1.5844436883926392,-0.2759458124637604,10.289007186889648,0.01108025386929512,0.04722122475504875,1.3551660776138306,28.47785758972168,25.73268699645996,-86.41226959228516
7.652585029602051,0,3.1648826599121094,1.1904630661010742,1.5,4.726629257202148,2.01200008392334,2972.0,-0.6981333494186401,2.0,20.016000747680664,0.023202111944556236,-1.7723981142044067,-0.0005985809257254004,10.0130615234375,-0.04111849516630173,-0.012567650526762009,1.3442469835281372,26.885927200317383,25.910154342651367,-86.58271026611328
7.672763824462891,0,3.1887259483337402,1.1903289556503296,1.5,4.728676795959473,2.0160000324249268,2968.0,-0.6981333494186401,2.0,20.012001037597656,0.023843327537178993,-1.574267864227295,-1.0110031366348267,8.506433486938477,-0.029666729271411896,-0.0065754484385252,1.353568196296692,26.709047317504883,23.603086471557617,-86.07139587402344
7.6930859088897705,0,3.2127702236175537,1.190571904182434,1.5,4.724967002868652,2.004000186920166,2996.0,-0.6981333494186401,2.0,20.012001037597656,0.024044223129749298,-1.3563843965530396,-0.3663315176963806,7.688772201538086,-0.045912258327007294,0.020855529233813286,1.340917944908142,27.41657066345215,23.958019256591797,-85.38964080810547
7.713283538818359,0,3.2361319065093994,1.1882171630859375,1.5,4.760923862457275,2.008000135421753,2976.0,-0.6981333494186401,2.0,20.00800132751465,0.023361727595329285,-1.7304974794387817,-0.3250294327735901,9.09244441986084,-0.033661533147096634,0.10501269996166229,1.3445132970809937,26.355283737182617,23.603086471557617,-86.41226959228516
7.733619213104248,0,3.2606852054595947,1.1884074211120605,1.5,4.758018970489502,2.008000135421753,3120.0,-0.6981333494186401,2.0,20.176000595092773,0.024553343653678894,-2.372176170349121,-0.1490466445684433,10.257881164550781,-0.00489895511418581,0.003411557525396347,1.3306646347045898,24.232711791992188,22.893218994140625,-86.41226959228516
7.753910541534424,0,3.2842066287994385,1.1912230253219604,1.5,4.715024471282959,2.004000186920166,2944.0,-0.6981333494186401,2.0,20.00800132751465,0.023521343246102333,-1.764017939567566,-0.5991795063018799,9.296560287475586,0.01627349853515625,-0.0013822037726640701,1.3371894359588623,26.355283737182617,22.538284301757812,-88.11666107177734
7.774275779724121,0,3.3080995082855225,1.1915082931518555,1.5,4.710668563842773,2.0240001678466797,2944.0,-0.6981333494186401,2.0,20.016000747680664,0.02389286458492279,-1.7759896516799927,-0.41481658816337585,9.650321960449219,-0.007029516622424126,0.02005656808614731,1.3315967321395874,25.117116928100586,21.650951385498047,-86.58271026611328
7.794716835021973,0,3.3321545124053955,1.1917346715927124,1.5,4.707211494445801,2.008000135421753,2980.0,-0.6981333494186401,2.0,20.016000747680664,0.024055231362581253,-1.9190504550933838,-0.11133605241775513,10.3482666015625,-0.03512629121541977,0.014330685138702393,1.3315967321395874,24.58647346496582,20.76361656188965,-86.7531509399414
7.815715789794922,0,3.3557090759277344,1.1910030841827393,1.5,4.718382835388184,2.01200008392334,2948.0,-0.6981333494186401,2.0,20.02400016784668,0.023554367944598198,-1.9334163665771484,0.054470863193273544,7.502613544464111,-0.08439552783966064,0.04935178533196449,1.3254714012145996,24.58647346496582,21.11855125427246,-85.38964080810547
7.835196495056152,0,3.3795578479766846,1.1869250535964966,1.5,4.780654430389404,2.004000186920166,3028.0,-0.6981333494186401,2.0,20.00800132751465,0.02384883165359497,-1.5527188777923584,-0.7422403693199158,11.116246223449707,-0.07427535951137543,0.039497941732406616,1.3254714012145996,23.171424865722656,21.11855125427246,-86.41226959228516
7.855061054229736,0,3.402737855911255,1.1858032941818237,1.5,4.797783851623535,2.004000186920166,2948.0,-0.6981333494186401,2.0,20.016000747680664,0.023180095478892326,-1.693984031677246,-0.03950634226202965,8.062885284423828,-0.030332529917359352,0.003145238384604454,1.3299988508224487,22.994543075561523,19.52134895324707,-86.92359161376953
7.8754425048828125,0,3.4265482425689697,1.1865100860595703,1.5,4.786991119384766,2.008000135421753,2948.0,-0.6981333494186401,2.0,20.02800178527832,0.023810304701328278,-1.7604265213012695,-0.26876282691955566,9.582083702087402,-0.029799889773130417,0.028978293761610985,1.335192084312439,22.110137939453125,20.053749084472656,-85.73052215576172
7.895650386810303,0,3.4505622386932373,1.187333583831787,1.5,4.774416446685791,2.01200008392334,2964.0,-0.6981333494186401,2.0,20.00400161743164,0.024013951420783997,-2.0914418697357178,0.048485055565834045,8.893715858459473,-0.04524645954370499,0.004876319319009781,1.3373225927352905,20.871971130371094,19.16641616821289,-85.5600814819336
7.9159300327301025,0,3.4742815494537354,1.1880351305007935,1.5,4.7637038230896,2.0360000133514404,2948.0,-0.6981333494186401,2.0,20.032001495361328,0.023719487711787224,-2.4481959342956543,0.16879981756210327,9.409093856811523,-0.03725685179233551,-0.0035127662122249603,1.3399858474731445,19.987564086914062,19.343881607055664,-85.04876708984375
7.936079978942871,0,3.4980947971343994,1.1867462396621704,1.5,4.783385276794434,2.004000186920166,2964.0,-0.6981333494186401,2.0,20.00400161743164,0.02381305582821369,-1.9286277294158936,0.45192858576774597,7.908451080322266,-0.05390186607837677,0.014330685138702393,1.3278683423995972,20.518207550048828,19.52134895324707,-84.19657135009766
7.956385612487793,0,3.5215389728546143,1.186199426651001,1.5,4.79173469543457,2.008000135421753,2944.0,-0.6981333494186401,2.0,20.012001037597656,0.023444287478923798,-2.045351028442383,0.41182368993759155,8.966742515563965,-0.09424936771392822,0.09023193269968033,1.32840096950531,18.74939727783203,19.87628173828125,-85.5600814819336
7.976762771606445,0,3.545478582382202,1.1876038312911987,1.5,4.770289421081543,2.0160000324249268,2952.0,-0.6981333494186401,2.0,20.00400161743164,0.023939648643136024,-1.912466049194336,-0.14485658705234528,12.221226692199707,-0.06362254917621613,0.03057621419429779,1.3276019096374512,17.511228561401367,19.698816299438477,-87.09402465820312
7.996882200241089,0,3.569833755493164,1.191278100013733,1.5,4.714183330535889,2.008000135421753,2968.0,-0.6981333494186401,2.0,20.00400161743164,0.024355199187994003,-1.9154589176177979,-0.11851902306079865,8.533370018005371,0.0459681935608387,-0.05611100047826767,1.345978021621704,18.218753814697266,18.988948822021484,-84.7078857421875
8.017298460006714,0,3.5936689376831055,1.1929165124893188,1.5,4.689165115356445,2.0240001678466797,2948.0,-0.6981333494186401,2.0,20.02400016784668,0.0238350722938776,-1.5497260093688965,-0.3292195200920105,9.083465576171875,0.02839106321334839,-0.002980126067996025,1.3550329208374023,18.218753814697266,19.343881607055664,-85.04876708984375
8.037350416183472,0,3.617460012435913,1.1905025243759155,1.5,4.72602653503418,2.004000186920166,2968.0,-0.6981333494186401,2.0,20.012001037597656,0.023791039362549782,-1.7879612445831299,-0.11792044341564178,9.78081226348877,-0.06428834795951843,-0.018160372972488403,1.356630802154541,16.273061752319336,19.16641616821289,-85.21920776367188
8.058201789855957,0,3.6408300399780273,1.1880059242248535,1.5,4.7641496658325195,2.008000135421753,2956.0,-0.6981333494186401,2.0,20.016000747680664,0.023369984701275826,-1.867572546005249,0.12689915299415588,8.290346145629883,-0.05363554507493973,-0.002846965566277504,1.3570303916931152,16.273061752319336,18.4565486907959,-84.5374526977539
8.078025579452515,0,3.6653475761413574,1.1884727478027344,1.5,4.757021427154541,2.01200008392334,2948.0,-0.6981333494186401,2.0,20.104000091552734,0.024517567828297615,-1.4341999292373657,-0.2250664234161377,9.418670654296875,-0.05390186607837677,0.01606176607310772,1.3529024124145508,13.089201927185059,21.296016693115234,-83.51482391357422
8.098169326782227,0,3.688469886779785,1.1875662803649902,1.5,4.770863056182861,2.01200008392334,2948.0,-0.6981333494186401,2.0,20.00800132751465,0.023122303187847137,-1.356982946395874,-0.3352053165435791,7.842008590698242,-0.048042818903923035,0.013265403918921947,1.3330615758895874,13.79672622680664,19.87628173828125,-84.19657135009766
8.11850881576538,0,3.712266445159912,1.18803870677948,1.5,4.763648986816406,2.01200008392334,2952.0,-0.6981333494186401,2.0,20.00400161743164,0.02379654347896576,-1.3964892625808716,-0.09637153148651123,10.153129577636719,-0.02101132459938526,0.04402538388967514,1.335192084312439,12.558558464050293,20.40868377685547,-85.04876708984375
8.138659954071045,0,3.7364344596862793,1.1900092363357544,1.5,4.7335591316223145,2.008000135421753,2960.0,-0.6981333494186401,2.0,20.00800132751465,0.024168064817786217,-1.4886707067489624,0.24900966882705688,7.749228477478027,-0.03632473200559616,-0.012967132031917572,1.3335942029953003,11.497271537780762,20.40868377685547,-83.68525695800781
8.158983945846558,0,3.7599034309387207,1.1883544921875,1.5,4.758827209472656,2.004000186920166,2952.0,-0.6981333494186401,2.0,20.00400161743164,0.02346905693411827,-1.2079362869262695,-0.38369038701057434,8.687803268432617,-0.0447138175368309,0.013265403918921947,1.3290667533874512,12.73543930053711,20.231216430664062,-83.85569763183594
8.179114818572998,0,3.783612012863159,1.1880130767822266,1.5,4.764040470123291,2.008000135421753,2948.0,-0.6981333494186401,2.0,20.00800132751465,0.02370847947895527,-1.255822777748108,-0.5111880898475647,8.136510848999023,-0.05203762277960777,0.028978293761610985,1.3276019096374512,10.259103775024414,20.941083908081055,-85.21920776367188
8.199634790420532,0,3.8073534965515137,1.1876977682113647,1.5,4.768855094909668,2.004000186920166,2944.0,-0.6981333494186401,2.0,20.00800132751465,0.023741504177451134,-1.3234624862670898,0.24541817605495453,7.177583694458008,-0.09078720211982727,0.021920809522271156,1.31947922706604,9.374698638916016,21.82841682434082,-82.66262817382812
8.219645023345947,0,3.8309216499328613,1.1856317520141602,1.5,4.800403118133545,2.008000135421753,2956.0,-0.6981333494186401,2.0,20.012001037597656,0.023568127304315567,-1.7885597944259644,0.3962605595588684,10.536820411682129,-0.06894895434379578,0.06865999847650528,1.3329284191131592,9.374698638916016,21.82841682434082,-82.66262817382812
8.23995590209961,0,3.854971408843994,1.1867997646331787,1.5,4.782567501068115,2.004000186920166,2980.0,-0.6981333494186401,2.0,20.00800132751465,0.024049727246165276,-1.6437032222747803,-0.5135824084281921,8.225699424743652,0.015607696026563644,0.012732763774693012,1.3449127674102783,9.020936012268066,22.538284301757812,-85.73052215576172
8.260120868682861,0,3.878811836242676,1.1895461082458496,1.5,4.740631103515625,2.008000135421753,2952.0,-0.6981333494186401,2.0,20.00800132751465,0.02384057641029358,-1.059488296508789,-0.43756264448165894,9.424656867980957,0.03664698824286461,-0.006708607077598572,1.3543671369552612,8.136530876159668,23.42561912536621,-83.85569763183594
8.280452251434326,0,3.902578115463257,1.1888399124145508,1.5,4.751414775848389,2.008000135421753,2952.0,-0.6981333494186401,2.0,20.012001037597656,0.023766271770000458,-2.026794910430908,0.6674177050590515,9.186421394348145,-0.00902691762894392,0.015262804925441742,1.3478423357009888,8.490293502807617,23.0706844329834,-83.51482391357422
8.300639390945435,0,3.926311492919922,1.1888729333877563,1.5,4.75091028213501,2.004000186920166,2952.0,-0.6981333494186401,2.0,20.00800132751465,0.023733247071504593,-2.04355525970459,0.020351750776171684,8.158658027648926,-0.05789666622877121,-0.00963812880218029,1.345312237739563,8.490293502807617,24.845354080200195,-84.5374526977539
8.32091999053955,0,3.9500694274902344,1.188528299331665,1.5,4.756173133850098,2.01200008392334,2948.0,-0.6981333494186401,2.0,20.00400161743164,0.023758016526699066,-1.9435923099517822,-0.15622961521148682,7.024347305297852,-0.08279760181903839,0.014330685138702393,1.333461046218872,8.313411712646484,23.958019256591797,-84.02613830566406
8.341089487075806,0,3.9740447998046875,1.1886036396026611,1.5,4.7550225257873535,2.008000135421753,2972.0,-0.6981333494186401,2.0,20.00800132751465,0.023975424468517303,-2.0698928833007812,-0.36094430088996887,8.348407745361328,-0.05802982673048973,-0.018160372972488403,1.3280014991760254,9.374698638916016,23.958019256591797,-85.38964080810547
8.36142086982727,0,3.9976625442504883,1.188599944114685,1.5,4.7550787925720215,2.0199999809265137,2948.0,-0.6981333494186401,2.0,20.012001037597656,0.023617664352059364,-1.7676094770431519,0.24362243711948395,9.382157325744629,-0.08492816984653473,-0.029478982090950012,1.3181475400924683,7.959649562835693,26.087621688842773,-85.73052215576172
8.381929636001587,0,4.02224063873291,1.187497854232788,1.5,4.771907806396484,2.004000186920166,3012.0,-0.6981333494186401,2.0,20.2760009765625,0.024578111246228218,-1.806517243385315,0.025140399113297462,10.678683280944824,-0.05310290306806564,0.025649290531873703,1.3237403631210327,7.959649562835693,25.37775421142578,-85.04876708984375
8.402050495147705,0,4.045519828796387,1.1888984441757202,1.5,4.750520706176758,2.004000186920166,2948.0,-0.6981333494186401,2.0,20.012001037597656,0.02327916771173477,-1.6341259479522705,0.011971618980169296,8.878151893615723,-0.011823278851807117,0.016594406217336655,1.3298656940460205,7.252125263214111,24.312952041625977,-85.38964080810547
8.422398328781128,0,4.069308280944824,1.1886770725250244,1.5,4.753901481628418,2.01200008392334,2948.0,-0.6981333494186401,2.0,20.012001037597656,0.023788288235664368,-1.2737802267074585,-0.3735145032405853,8.527383804321289,0.004289090633392334,0.05414554849267006,1.3349257707595825,8.136530876159668,23.78055191040039,-85.5600814819336
8.44255018234253,0,4.093118190765381,1.1871589422225952,1.5,4.777082920074463,2.008000135421753,2956.0,-0.6981333494186401,2.0,20.012001037597656,0.023810304701328278,-1.6478933095932007,-0.10954030603170395,7.994647026062012,-0.07014739513397217,0.09835469722747803,1.314951777458191,6.721481800079346,26.265087127685547,-84.87832641601562
8.462886810302734,0,4.116507530212402,1.1856178045272827,1.5,4.800616264343262,2.004000186920166,2948.0,-0.6981333494186401,2.0,20.012001037597656,0.023389248177409172,-1.9232405424118042,-0.0730268731713295,12.066194534301758,-0.09917628765106201,0.07425272464752197,1.3024346828460693,6.190838813781738,26.087621688842773,-85.73052215576172
8.483232021331787,0,4.141005992889404,1.1856379508972168,1.5,4.800308704376221,2.008000135421753,3104.0,-0.6981333494186401,2.0,20.136001586914062,0.02449830435216427,-2.121370792388916,0.04190066456794739,8.511820793151855,-0.00796163734048605,0.016727566719055176,1.307894229888916,6.013957500457764,26.62002182006836,-85.21920776367188
8.503362655639648,0,4.164645671844482,1.1904174089431763,1.5,4.727326393127441,2.004000186920166,2948.0,-0.6981333494186401,2.0,20.00800132751465,0.023639680817723274,-1.886128544807434,-0.1161246970295906,9.045156478881836,0.005753850564360619,0.0060747601091861725,1.3293330669403076,8.313411712646484,26.797489166259766,-87.7757797241211
8.524484634399414,0,4.188634872436523,1.1917189359664917,1.5,4.707451820373535,2.0160000324249268,2944.0,-0.6981333494186401,2.0,20.00800132751465,0.023989183828234673,-1.417439579963684,-0.49682217836380005,9.691024780273438,-0.06548678874969482,0.027913013473153114,1.3329284191131592,7.959649562835693,25.02281951904297,-86.7531509399414
8.54422640800476,0,4.212387561798096,1.189750075340271,1.5,4.737516403198242,2.008000135421753,2956.0,-0.6981333494186401,2.0,20.00800132751465,0.02375251241028309,-2.03397798538208,-0.5566802620887756,9.74130630493164,-0.057364027947187424,0.0159286055713892,1.3285341262817383,7.252125263214111,26.087621688842773,-85.73052215576172
8.564323902130127,0,4.236093044281006,1.190194845199585,1.5,4.730724811553955,2.004000186920166,2956.0,-0.6981333494186401,2.0,20.00400161743164,0.023705728352069855,-1.7981370687484741,0.42858394980430603,9.133746147155762,-0.06522047519683838,0.0562761090695858,1.3242729902267456,7.075243949890137,27.32988929748535,-86.24183654785156
8.584513425827026,0,4.260208606719971,1.1861590147018433,1.5,4.792352199554443,2.01200008392334,3088.0,-0.6981333494186401,2.0,20.11600112915039,0.024115776643157005,-1.974718451499939,-0.18077144026756287,8.919454574584961,-0.05350238457322121,0.05840666964650154,1.3260040283203125,6.013957500457764,25.910154342651367,-86.24183654785156
8.60475468635559,0,4.282744884490967,1.1812423467636108,1.5,4.867429733276367,2.004000186920166,2948.0,-0.6981333494186401,2.0,20.016000747680664,0.022536128759384155,-1.7412718534469604,-0.29450181126594543,11.357474327087402,-0.04631173983216286,0.044424861669540405,1.31801438331604,8.313411712646484,26.442554473876953,-86.07139587402344
8.62519383430481,0,4.306112289428711,1.1783463954925537,1.5,4.911650657653809,2.0240001678466797,2944.0,-0.6981333494186401,2.0,20.00400161743164,0.023367231711745262,-1.6670478582382202,-0.2639741897583008,8.55372142791748,-0.021677125245332718,0.0002157166600227356,1.3133537769317627,6.367719650268555,28.039756774902344,-85.90095520019531
8.645253419876099,0,4.330291271209717,1.1826560497283936,1.5,4.845842361450195,2.01200008392334,2964.0,-0.6981333494186401,2.0,20.00800132751465,0.024179071187973022,-1.8089115619659424,-0.2190806120634079,9.94302749633789,-0.00649687647819519,-0.021755695343017578,1.3315967321395874,6.190838813781738,28.217222213745117,-86.41226959228516
8.665536165237427,0,4.354910850524902,1.1924570798873901,1.5,4.69618034362793,2.0240001678466797,2956.0,-0.6981333494186401,2.0,20.016000747680664,0.024619391188025475,-2.259643077850342,0.016161685809493065,10.026230812072754,-0.04231693595647812,0.008338481187820435,1.3382548093795776,6.367719650268555,29.104557037353516,-84.87832641601562
8.68580412864685,0,4.3786468505859375,1.188795804977417,1.5,4.7520880699157715,2.008000135421753,2980.0,-0.6981333494186401,2.0,20.00400161743164,0.023736000061035156,-1.7945456504821777,0.017957428470253944,8.32027530670166,-0.059494588524103165,0.008471641689538956,1.3394532203674316,6.544600963592529,28.92708969116211,-84.7078857421875
8.706019401550293,0,4.40166711807251,1.184700846672058,1.5,4.814618110656738,2.004000186920166,2948.0,-0.6981333494186401,2.0,20.00800132751465,0.023020479828119278,-1.7676094770431519,0.1101388931274414,8.749457359313965,-0.08772452175617218,0.1094069853425026,1.3350589275360107,7.429006576538086,29.814424514770508,-85.90095520019531
8.726217985153198,0,4.425378322601318,1.1846179962158203,1.5,4.815883159637451,2.0160000324249268,2948.0,-0.6981333494186401,2.0,20.012001037597656,0.023711232468485832,-2.3554160594940186,-0.09457578510046005,10.348865509033203,-0.07440851628780365,-0.015230853110551834,1.316815972328186,7.959649562835693,29.282024383544922,-87.7757797241211
8.74665117263794,0,4.449317932128906,1.1848798990249634,1.5,4.811883926391602,2.01200008392334,2976.0,-0.6981333494186401,2.0,20.00400161743164,0.023939648643136024,-2.2255239486694336,-0.17538420855998993,9.265434265136719,0.07166808843612671,0.024584010243415833,1.3309309482574463,7.782768726348877,29.459489822387695,-87.26446533203125
8.76724362373352,0,4.473216533660889,1.1885383129119873,1.5,4.7560200691223145,2.0160000324249268,2948.0,-0.6981333494186401,2.0,20.012001037597656,0.023898368701338768,-1.6197600364685059,-0.18556009232997894,6.3916473388671875,0.058884721249341965,0.016461245715618134,1.3454453945159912,6.190838813781738,29.282024383544922,-84.7078857421875
8.786999225616455,0,4.497343063354492,1.1897811889648438,1.5,4.737041473388672,2.008000135421753,2976.0,-0.6578089594841003,2.0,20.00400161743164,0.02412678487598896,-1.677223801612854,0.1819685995578766,10.921109199523926,-0.05004022270441055,-0.0021811649203300476,1.3355915546417236,7.959649562835693,29.99188995361328,-87.09402465820312
8.807157516479492,0,4.520660877227783,1.1872342824935913,1.5,4.775932788848877,2.004000186920166,2948.0,-0.6578089594841003,2.0,20.012001037597656,0.023317696526646614,-1.6975754499435425,0.29450181126594543,8.461540222167969,-0.059627749025821686,0.006873720325529575,1.3371894359588623,7.252125263214111,31.056692123413086,-86.7531509399414
8.827500581741333,0,4.544496059417725,1.1882354021072388,1.5,4.760645389556885,2.01200008392334,2948.0,-0.0,2.0,20.00800132751465,0.0238350722938776,-1.677223801612854,-0.2250664234161377,10.087883949279785,-0.008094796910881996,0.02005656808614731,1.340917944908142,9.1978178024292,31.589092254638672,-85.90095520019531
8.847653865814209,0,4.568375110626221,1.1887625455856323,1.5,4.752595901489258,2.01200008392334,2952.0,-0.0,2.0,20.012001037597656,0.023879103362560272,-1.3839191198349,0.11492753773927689,7.7887349128723145,-0.03312889114022255,-0.016429293900728226,1.3303983211517334,6.190838813781738,29.99188995361328,-85.73052215576172
8.868017435073853,0,4.591885566711426,1.186140775680542,1.5,4.792630672454834,2.0199999809265137,2948.0,-0.0,2.0,20.016000747680664,0.023510336875915527,-1.5563104152679443,0.13168780505657196,10.58470630645752,-0.04884178191423416,0.02338556945323944,1.332528829574585,7.429006576538086,30.5242919921875,-85.21920776367188
8.88822078704834,0,4.615725994110107,1.1857644319534302,1.5,4.79837703704834,2.01200008392334,2964.0,-0.0,2.0,20.00800132751465,0.02384057641029358,0.24182669818401337,-0.418408066034317,10.591889381408691,-0.017016522586345673,-0.09086577594280243,1.2799307107925415,7.075243949890137,28.749622344970703,-87.26446533203125
8.908493757247925,0,4.639503002166748,1.1875187158584595,1.5,4.771589279174805,2.01200008392334,2956.0,-0.0,2.0,20.00800132751465,0.023777280002832413,0.9768840670585632,-0.80808424949646,6.916004180908203,0.03145374730229378,-0.135740727186203,1.1073552370071411,6.544600963592529,31.766559600830078,-86.41226959228516
8.928656578063965,0,4.663208961486816,1.1873266696929932,1.5,4.774521827697754,2.01200008392334,2952.0,-0.0,2.0,20.00400161743164,0.023705728352069855,1.2893433570861816,-0.7093183994293213,8.58784008026123,0.021200422197580338,-0.08727045357227325,0.917868435382843,5.306433200836182,32.653892517089844,-85.90095520019531
8.94983959197998,0,4.686686038970947,1.1846802234649658,1.5,4.8149333000183105,2.01200008392334,2948.0,-0.0,2.0,20.00400161743164,0.023477312177419662,1.4168410301208496,-0.5890036225318909,8.261014938354492,-0.06229094788432121,-0.1443961262702942,0.7029480934143066,4.068265438079834,32.12149429321289,-86.41226959228516
8.969160795211792,0,4.710295677185059,1.1841708421707153,1.5,4.82271146774292,2.01200008392334,2952.0,-0.0,2.0,20.02800178527832,0.023609407246112823,0.7254800796508789,-0.3130578100681305,10.41710376739502,-0.05163814127445221,-0.13614019751548767,0.5158581733703613,5.129551887512207,31.766559600830078,-86.07139587402344
8.989489078521729,0,4.734694957733154,1.1879764795303345,1.5,4.764599323272705,2.01200008392334,2972.0,-0.0,2.0,20.00800132751465,0.024399232119321823,1.5203955173492432,-0.15622961521148682,9.750883102416992,-0.0022357534617185593,-0.22149580717086792,0.3591287434101105,4.775789737701416,31.411624908447266,-85.04876708984375
9.009625911712646,0,4.758681297302246,1.1917264461517334,1.5,4.707337379455566,2.0160000324249268,2956.0,-0.0,2.0,20.016000747680664,0.02398643270134926,1.8843327760696411,-0.44294989109039307,8.411857604980469,0.03877755254507065,-0.13334384560585022,0.20719307661056519,4.422027587890625,31.411624908447266,-86.41226959228516
9.029977083206177,0,4.782978534698486,1.191960334777832,1.5,4.703765869140625,2.01200008392334,2948.0,-0.0,2.0,20.00800132751465,0.024297408759593964,1.2384638786315918,-0.11432895809412003,8.045526504516602,0.002025369554758072,-0.09858906269073486,0.06577708572149277,4.422027587890625,31.766559600830078,-84.7078857421875
9.050085306167603,0,4.806510925292969,1.1932390928268433,1.5,4.684239387512207,2.008000135421753,2944.0,-0.0,2.0,20.016000747680664,0.023532351478934288,0.9188216924667358,-0.5237582921981812,9.627575874328613,0.007218612357974052,-0.03573750704526901,-0.028100769966840744,3.8913843631744385,33.008827209472656,-85.5600814819336
9.070433855056763,0,4.830761909484863,1.196584701538086,1.5,4.633151531219482,2.004000186920166,2944.0,-0.0,2.0,20.00800132751465,0.02425062470138073,0.42499247193336487,0.31784647703170776,8.791956901550293,0.03717963024973869,-0.005643326789140701,-0.10426833480596542,4.068265438079834,31.411624908447266,-85.73052215576172
9.0905921459198,0,4.855078220367432,1.1978501081466675,1.5,4.613829135894775,2.01200008392334,2968.0,-0.0,2.0,20.012001037597656,0.02431667223572731,0.36453577876091003,0.29749470949172974,7.840212821960449,-0.015019120648503304,0.051748666912317276,-0.1066652163863182,4.068265438079834,32.12149429321289,-85.04876708984375
9.110960960388184,0,4.878310680389404,1.1928820610046387,1.5,4.689691066741943,2.0160000324249268,2948.0,-0.0,2.0,20.012001037597656,0.023232383653521538,-0.0879913941025734,-0.07781551778316498,10.800195693969727,-0.03978689759969711,-0.000716404989361763,-0.09055284410715103,4.775789737701416,30.346824645996094,-85.38964080810547
9.131099939346313,0,4.901810169219971,1.1887576580047607,1.5,4.752670764923096,2.01200008392334,2968.0,-0.0,2.0,20.012001037597656,0.023499328643083572,-0.04309782758355141,0.07422403246164322,8.398090362548828,-0.003700515255331993,-0.02841370180249214,-0.09468080848455429,4.5989089012146,30.87922477722168,-85.5600814819336
9.15139389038086,0,4.925928592681885,1.1928991079330444,1.5,4.6894307136535645,2.01200008392334,2952.0,-0.0,2.0,20.012001037597656,0.02411852777004242,-0.07123112678527832,0.2472139149904251,7.092585563659668,-0.03938741609454155,-0.060904763638973236,-0.08962072432041168,4.5989089012146,31.94402503967285,-84.19657135009766
9.171603679656982,0,4.949504852294922,1.1900110244750977,1.5,4.733531951904297,2.004000186920166,2948.0,-0.0,2.0,20.00800132751465,0.023576384410262108,0.020950332283973694,0.24841108918190002,9.298954963684082,-0.042183779180049896,0.020589208230376244,-0.0797668844461441,2.653216600418091,32.47642517089844,-86.41226959228516
9.192739009857178,0,4.9732794761657715,1.187959909439087,1.5,4.764852523803711,2.01200008392334,2968.0,-0.0,2.0,20.00400161743164,0.023774528875947,0.16161684691905975,0.24661533534526825,9.436628341674805,-0.028867769986391068,-0.00444488599896431,-0.08948756754398346,5.129551887512207,31.411624908447266,-84.7078857421875
9.212082147598267,0,4.997167110443115,1.190761923789978,1.5,4.722065448760986,2.01200008392334,2944.0,-0.0,2.0,20.00800132751465,0.023887360468506813,0.2681642472743988,0.45971015095710754,9.691024780273438,-0.008227957412600517,0.028046172112226486,-0.1004066914319992,4.068265438079834,30.701757431030273,-85.73052215576172
9.232406616210938,0,5.021046161651611,1.186513900756836,1.5,4.786932945251465,2.004000186920166,3064.0,-0.0,2.0,20.00800132751465,0.023879103362560272,0.5890036225318909,0.6141440272331238,8.264008522033691,-0.02394084632396698,-0.021356217563152313,-0.09121865034103394,3.1838598251342773,30.87922477722168,-85.90095520019531
9.253422737121582,0,5.043887615203857,1.1829822063446045,1.5,4.840861797332764,2.01200008392334,2952.0,-0.0,2.0,20.016000747680664,0.022841600701212883,0.3142549991607666,0.21249623596668243,8.545341491699219,-0.06575310975313187,-0.005776487290859222,-0.08123163878917694,3.714503288269043,30.346824645996094,-84.36701202392578
9.272957563400269,0,5.067414283752441,1.1819347143173218,1.5,4.856856822967529,2.004000186920166,2956.0,-0.0,2.0,20.016000747680664,0.02352684736251831,-0.09218145906925201,0.22386926412582397,9.35641860961914,-0.026204567402601242,-0.04545819014310837,-0.07324203848838806,4.245146751403809,31.589092254638672,-85.5600814819336
9.293037414550781,0,5.091376304626465,1.1829562187194824,1.5,4.841258525848389,2.008000135421753,2960.0,-0.0,2.0,20.012001037597656,0.023961663246154785,-0.10116017609834671,0.44594278931617737,8.521397590637207,0.04197339341044426,0.0038110390305519104,-0.0747068002820015,4.5989089012146,30.5242919921875,-84.87832641601562
9.313371896743774,0,5.115442276000977,1.1878046989440918,1.5,4.7672224044799805,2.01200008392334,2948.0,-0.0,2.0,20.012001037597656,0.024066239595413208,-0.530342698097229,1.0307563543319702,8.449568748474121,0.03438326716423035,-0.01696193218231201,-0.07630471885204315,2.2994544506073,31.056692123413086,-84.7078857421875
9.333702087402344,0,5.140353679656982,1.191414475440979,1.5,4.712100982666016,2.008000135421753,3108.0,-0.0,2.0,20.11600112915039,0.024911103770136833,0.36453577876091003,0.5004136562347412,9.459973335266113,0.0153413787484169,-0.009771289303898811,-0.06338819116353989,3.360740900039673,32.83135986328125,-84.7078857421875
9.353813171386719,0,5.163187026977539,1.1881821155548096,1.5,4.7614593505859375,2.01200008392334,2948.0,-0.0,2.0,20.016000747680664,0.022833343595266342,0.8020984530448914,-0.15084239840507507,9.749686241149902,0.07752713561058044,0.005142638459801674,-0.06964671611785889,4.5989089012146,31.589092254638672,-84.5374526977539
9.374174356460571,0,5.187313556671143,1.1911338567733765,1.5,4.716386318206787,2.0240001678466797,2948.0,-0.0,2.0,20.012001037597656,0.02412678487598896,0.7572048902511597,0.22386926412582397,7.294307231903076,0.046500835567712784,0.010069562122225761,-0.07630471885204315,3.8913843631744385,30.87922477722168,-84.19657135009766
9.395212888717651,0,5.211217403411865,1.1900677680969238,1.5,4.732665538787842,2.01200008392334,2956.0,-0.0,2.0,20.00800132751465,0.023903872817754745,0.3669300973415375,0.18675725162029266,8.826674461364746,-0.038721613585948944,0.06320042908191681,-0.07830212265253067,4.5989089012146,30.87922477722168,-82.83306884765625
9.414916753768921,0,5.234449863433838,1.1863247156143188,1.5,4.789821624755859,2.0160000324249268,2956.0,-0.0,2.0,20.00800132751465,0.023232383653521538,0.026936141774058342,-0.4022463858127594,9.944823265075684,0.00894969329237938,0.003411557525396347,-0.07563892006874084,3.360740900039673,32.47642517089844,-83.00350189208984
9.434973001480103,0,5.259060859680176,1.1902596950531006,1.5,4.729734420776367,2.008000135421753,3032.0,-0.0,2.0,20.016000747680664,0.024611135944724083,-0.32083937525749207,0.6386858224868774,7.181774139404297,0.02040145918726921,-0.040930747985839844,-0.08802280575037003,3.1838598251342773,32.29895782470703,-84.19657135009766
9.455110311508179,0,5.282395362854004,1.1899162530899048,1.5,4.734979152679443,2.008000135421753,2956.0,-0.0,2.0,20.016000747680664,0.023334208875894547,-0.281931608915329,0.7176985144615173,8.629142761230469,-0.024473486468195915,0.022719770669937134,-0.0797668844461441,3.8913843631744385,31.589092254638672,-83.51482391357422
9.47547960281372,0,5.305819988250732,1.186375617980957,1.5,4.789044380187988,2.004000186920166,2952.0,-0.0,2.0,20.00800132751465,0.02342502400279045,-0.26277703046798706,0.7512190341949463,9.626378059387207,-0.025671927258372307,-0.01975829526782036,-0.07057883590459824,2.8300976753234863,33.008827209472656,-82.83306884765625
9.496508836746216,0,5.33005428314209,1.1893310546875,1.5,4.74391508102417,2.008000135421753,2960.0,-0.0,2.0,20.016000747680664,0.024234112352132797,0.5207654237747192,0.41062650084495544,8.849420547485352,0.0073517728596925735,-0.019491974264383316,-0.07057883590459824,2.653216600418091,32.47642517089844,-81.29911804199219
9.515931844711304,0,5.353704929351807,1.1894822120666504,1.5,4.741606712341309,2.004000186920166,2948.0,-0.0,2.0,20.016000747680664,0.02365068718791008,0.29749470949172974,0.20531325042247772,10.835512161254883,0.05196039751172066,0.06519784033298492,-0.06618455797433853,2.4763355255126953,33.718692779541016,-82.4921875
9.536126375198364,0,5.377438068389893,1.1869562864303589,1.5,4.780177593231201,2.0160000324249268,2960.0,-0.0,2.0,20.00800132751465,0.023733247071504593,-0.23464372754096985,0.5237582921981812,7.756411552429199,-0.015152281150221825,-0.023353617638349533,-0.06378767639398575,4.068265438079834,33.18629455566406,-82.3217544555664
9.557024717330933,0,5.4010090827941895,1.1872053146362305,1.5,4.776374816894531,2.0160000324249268,2960.0,-0.0,2.0,20.00800132751465,0.02357088029384613,-0.28851601481437683,0.5411171317100525,8.556116104125977,-0.06814999133348465,0.009670081548392773,-0.04914006218314171,1.4150488376617432,33.008827209472656,-82.4921875
9.576610565185547,0,5.42470645904541,1.186703085899353,1.5,4.784043788909912,2.008000135421753,2948.0,-0.0,2.0,20.012001037597656,0.023697471246123314,-0.005985809490084648,0.14725090563297272,10.643965721130371,-0.03712369501590729,-0.018293533474206924,-0.03489193692803383,3.714503288269043,33.18629455566406,-83.00350189208984
9.597246170043945,0,5.448802947998047,1.187907338142395,1.5,4.765655040740967,2.01200008392334,2964.0,-0.0,2.0,20.012001037597656,0.02409651130437851,-0.05925951153039932,0.48485055565834045,8.833258628845215,0.041440751403570175,0.01832548715174198,-0.04141677916049957,2.4763355255126953,35.49336242675781,-82.83306884765625
9.617093801498413,0,5.472682476043701,1.1910346746444702,1.5,4.71790075302124,2.008000135421753,2948.0,-0.0,2.0,20.020000457763672,0.023879103362560272,-0.3471769392490387,0.7937182784080505,9.063712120056152,0.03172006830573082,-0.02614998072385788,-0.040750980377197266,0.0,34.07362747192383,-82.4921875
9.63743543624878,0,5.496754169464111,1.1907857656478882,1.5,4.721701622009277,2.01200008392334,2960.0,-0.0,2.0,20.00400161743164,0.024071743711829185,0.25738978385925293,0.28073444962501526,10.362632751464844,-0.011823278851807117,-0.032009024173021317,-0.03995201736688614,3.360740900039673,36.38069534301758,-81.98087310791016
9.657574892044067,0,5.520294666290283,1.19036066532135,1.5,4.7281928062438965,2.008000135421753,2944.0,-0.0,2.0,20.012001037597656,0.02354060858488083,0.4974207580089569,-0.1251034140586853,10.195629119873047,0.049829836934804916,-0.030943743884563446,-0.04141677916049957,1.4150488376617432,37.268028259277344,-83.85569763183594
9.677925825119019,0,5.544776439666748,1.1917264461517334,1.5,4.707337379455566,2.008000135421753,2952.0,-0.0,2.0,20.00400161743164,0.024481792002916336,0.35795140266418457,0.5093923807144165,6.4724555015563965,0.03691330924630165,-0.010170768946409225,-0.04181625694036484,3.006978750228882,37.44549560546875,-83.3443832397461
9.698886394500732,0,5.5677995681762695,1.1887483596801758,1.5,4.75281286239624,2.008000135421753,2948.0,-0.0,2.0,20.012001037597656,0.02302323281764984,0.13527928292751312,0.5357299447059631,8.235276222229004,-0.06295675039291382,0.046422265470027924,-0.0459442213177681,2.1225733757019043,36.20322799682617,-84.19657135009766
9.718441247940063,0,5.591538429260254,1.188336968421936,1.5,4.759094715118408,2.0160000324249268,2948.0,-0.0,2.0,20.016000747680664,0.02373875118792057,-0.3669300973415375,-0.3052762746810913,9.634160041809082,-0.011423799209296703,-0.010437089949846268,-0.05340118706226349,4.422027587890625,36.025760650634766,-84.7078857421875
9.738601446151733,0,5.615734100341797,1.1904562711715698,1.5,4.7267327308654785,2.01200008392334,2960.0,-0.0,2.0,20.00800132751465,0.024195583537220955,-0.28372734785079956,0.8625550866127014,7.01716423034668,0.03065478429198265,-0.06703012436628342,-0.051803264766931534,2.1225733757019043,35.138427734375,-83.51482391357422
9.758751153945923,0,5.639139652252197,1.1883258819580078,1.5,4.75926399230957,2.004000186920166,2952.0,-0.0,2.0,20.012001037597656,0.023405760526657104,0.1221105083823204,0.5985808968544006,10.092673301696777,-0.03352837264537811,0.058806151151657104,-0.04394682124257088,2.8300976753234863,36.558162689208984,-84.5374526977539
9.779101133346558,0,5.6628923416137695,1.188218116760254,1.5,4.760909557342529,2.008000135421753,2944.0,-0.0,2.0,20.00800132751465,0.02375251241028309,0.20172177255153656,0.13228638470172882,9.92806339263916,-0.01675020158290863,-0.02734842151403427,-0.03915305808186531,2.4763355255126953,37.622962951660156,-84.87832641601562
9.799335241317749,0,5.686768531799316,1.1890232563018799,1.5,4.74861478805542,2.01200008392334,2948.0,-0.0,2.0,20.00800132751465,0.023876352235674858,0.8278374075889587,0.3232336938381195,7.7833476066589355,0.037845429033041,-0.009771289303898811,-0.052868545055389404,2.4763355255126953,37.622962951660156,-83.85569763183594
9.81960940361023,0,5.710397243499756,1.1873313188552856,1.5,4.774450778961182,2.0360000133514404,2952.0,-0.0,2.0,20.00400161743164,0.02362867258489132,-0.016760265454649925,0.4363654851913452,9.651518821716309,0.014409255236387253,0.0787801593542099,-0.0703125149011612,2.8300976753234863,36.558162689208984,-83.85569763183594
9.839885473251343,0,5.734160900115967,1.1861099004745483,1.5,4.793101787567139,2.01200008392334,2960.0,-0.0,2.0,20.00800132751465,0.023763520643115044,-0.6374886631965637,0.38967618346214294,7.791129112243652,-0.02926724962890148,-0.047189272940158844,-0.07816895842552185,3.1838598251342773,36.558162689208984,-85.5600814819336
9.860076665878296,0,5.757629871368408,1.1855672597885132,1.5,4.801388263702393,2.0160000324249268,2952.0,-0.0,2.0,20.00400161743164,0.02346905693411827,-0.7147056460380554,0.6410802006721497,7.625322341918945,-0.04045269638299942,0.003012077882885933,-0.06272239238023758,3.1838598251342773,36.9130973815918,-84.19657135009766
9.880281925201416,0,5.781533718109131,1.1854655742645264,1.5,4.802940845489502,2.01200008392334,2948.0,-0.0,2.0,20.00800132751465,0.023903872817754745,-0.1891515702009201,0.14485658705234528,10.857060432434082,-0.03978689759969711,0.029244612902402878,-0.05353434383869171,2.8300976753234863,36.9130973815918,-83.17394256591797
9.901268005371094,0,5.805255889892578,1.1870336532592773,1.5,4.778996467590332,2.0160000324249268,2952.0,-0.0,2.0,20.016000747680664,0.023722240701317787,0.24481959640979767,0.30587485432624817,10.678085327148438,0.03185322508215904,0.022719770669937134,-0.06711667776107788,2.4763355255126953,37.268028259277344,-85.90095520019531
9.921202182769775,0,5.829410076141357,1.1905725002288818,1.5,4.7249579429626465,2.008000135421753,2956.0,-0.0,2.0,20.00800132751465,0.0241543035954237,0.2460167557001114,0.8517806529998779,8.724316596984863,0.03251902759075165,-0.014964532107114792,-0.06272239238023758,4.068265438079834,38.865230560302734,-85.73052215576172
9.941076040267944,0,5.85331392288208,1.1894112825393677,1.5,4.742690086364746,2.008000135421753,2984.0,-0.3062152564525604,2.0,20.00800132751465,0.023903872817754745,0.5632646679878235,0.27774155139923096,9.501275062561035,-0.019413404166698456,-0.03826754540205002,-0.05952654778957367,3.360740900039673,36.73563003540039,-85.38964080810547
9.962281703948975,0,5.876928806304932,1.1897292137145996,1.5,4.737834930419922,2.0160000324249268,2952.0,-0.3062152564525604,2.0,20.00800132751465,0.0236149113625288,0.18256717920303345,0.007781552150845528,10.04478645324707,0.04503607377409935,-0.031875863671302795,-0.07430731505155563,2.1225733757019043,35.848297119140625,-85.21920776367188
9.981841564178467,0,5.901815414428711,1.191270351409912,1.5,4.714302062988281,2.004000186920166,3008.0,-0.6405174732208252,2.0,20.25200080871582,0.02488633617758751,-0.4064364433288574,0.4692874550819397,7.367333889007568,0.030787944793701172,0.003411557525396347,-0.08562592417001724,3.1838598251342773,36.20322799682617,-84.87832641601562
10.002017498016357,0,5.924618244171143,1.1873459815979004,1.5,4.774227142333984,2.01200008392334,2952.0,-0.6405174732208252,2.0,20.00800132751465,0.02280307188630104,-0.540518581867218,0.418408066034317,8.210136413574219,-0.09491516649723053,0.0706574022769928,-0.07151095569133759,3.360740900039673,37.0905647277832,-84.7078857421875
10.022260665893555,0,5.948340892791748,1.1871508359909058,1.5,4.777206897735596,2.004000186920166,2952.0,-0.6405174732208252,2.0,20.00400161743164,0.023722240701317787,-2.722346067428589,1.3049063682556152,10.954030990600586,-0.05869562551379204,0.13297632336616516,0.05192843824625015,3.5376219749450684,38.68776321411133,-87.26446533203125
10.04246473312378,0,5.972613334655762,1.1900626420974731,1.5,4.732743740081787,2.01200008392334,2964.0,-0.6981333494186401,2.0,20.016000747680664,0.02427263930439949,-1.9405993223190308,1.1522682905197144,7.851585865020752,-0.0014367923140525818,0.02538297139108181,0.26005762815475464,4.422027587890625,36.025760650634766,-85.73052215576172
10.063201189041138,0,5.995972156524658,1.1876720190048218,1.5,4.7692484855651855,2.01200008392334,2944.0,-0.6981333494186401,2.0,20.016000747680664,0.02335897646844387,-2.4392173290252686,1.7448633909225464,7.804297924041748,-0.0778706818819046,0.13364210724830627,0.40080782771110535,4.068265438079834,36.025760650634766,-85.73052215576172
10.083098649978638,0,6.0204925537109375,1.1877772808074951,1.5,4.767641067504883,2.008000135421753,3108.0,-0.6981333494186401,2.0,20.112001419067383,0.02452032081782818,-2.7397048473358154,0.5913979411125183,9.283989906311035,-0.06269042938947678,0.1357726752758026,0.597352147102356,3.714503288269043,36.025760650634766,-86.07139587402344
10.103251218795776,0,6.043708324432373,1.1882500648498535,1.5,4.7604217529296875,2.01200008392334,2952.0,-0.6981333494186401,2.0,20.016000747680664,0.023215871304273605,-2.670868158340454,1.1067761182785034,10.071722984313965,-0.017149683088064194,0.11952714622020721,0.7660659551620483,4.068265438079834,36.73563003540039,-85.73052215576172
10.123607397079468,0,6.067174911499023,1.1855640411376953,1.5,4.8014373779296875,2.004000186920166,2948.0,-0.6981333494186401,2.0,20.036001205444336,0.023466303944587708,-2.587066650390625,0.998432993888855,7.972499370574951,-0.012622239999473095,0.15867620706558228,0.9017561078071594,2.4763355255126953,36.20322799682617,-86.24183654785156
10.143913745880127,0,6.09083366394043,1.1829267740249634,1.5,4.841708183288574,2.01200008392334,2960.0,-0.6981333494186401,2.0,20.012001037597656,0.02365894429385662,-2.8725898265838623,0.9248075485229492,8.149679183959961,-0.0903877317905426,0.14336280524730682,1.0032240152359009,3.5376219749450684,37.622962951660156,-84.87832641601562
10.16469669342041,0,6.114126682281494,1.1810996532440186,1.5,4.869608402252197,2.01200008392334,2956.0,-0.6981333494186401,2.0,20.012001037597656,0.02329292893409729,-3.0785017013549805,0.17777854204177856,9.233709335327148,-0.06016038730740547,0.11526602506637573,1.124799132347107,3.714503288269043,40.994834899902344,-87.09402465820312
10.185233354568481,0,6.13808536529541,1.1787567138671875,1.5,4.9053850173950195,2.004000186920166,3064.0,-0.6981333494186401,2.0,20.012001037597656,0.02395891211926937,-2.9881160259246826,0.1622154265642166,10.39914608001709,0.02559470385313034,0.022852929309010506,1.2112200260162354,4.068265438079834,39.57509994506836,-86.7531509399414
10.204561710357666,0,6.161337375640869,1.1810678243637085,1.5,4.870094299316406,2.01200008392334,2956.0,-0.6981333494186401,2.0,20.012001037597656,0.023251647129654884,-2.419464111328125,0.11313179135322571,8.37235164642334,0.05515624210238457,-0.010037608444690704,1.27633535861969,4.245146751403809,37.97789764404297,-88.28709411621094
10.22495412826538,0,6.1856842041015625,1.187569260597229,1.5,4.770817756652832,2.0160000324249268,2952.0,-0.6981333494186401,2.0,20.016000747680664,0.02434694394469261,-2.3512258529663086,-0.06943538784980774,9.324094772338867,-0.01208959985524416,0.012732763774693012,1.3126879930496216,2.8300976753234863,40.81736755371094,-87.26446533203125
10.245070457458496,0,6.209599018096924,1.1868534088134766,1.5,4.7817487716674805,2.01200008392334,2968.0,-0.6981333494186401,2.0,20.00400161743164,0.02391487918794155,-1.4521573781967163,-0.22865791618824005,10.205804824829102,0.009748654440045357,0.02112184837460518,1.3489075899124146,3.1838598251342773,39.7525634765625,-87.60533905029297
10.265427827835083,0,6.232490062713623,1.1808243989944458,1.5,4.873811721801758,2.008000135421753,2960.0,-0.6981333494186401,2.0,20.00800132751465,0.02289113588631153,-1.402475118637085,0.13827219605445862,9.116986274719238,-0.00649687647819519,0.06120303273200989,1.3337273597717285,4.775789737701416,42.41456604003906,-86.41226959228516
10.285551309585571,0,6.255882263183594,1.1758036613464355,1.5,4.9504780769348145,2.004000186920166,2992.0,-0.6981333494186401,2.0,20.00400161743164,0.023391999304294586,-2.1908061504364014,0.4393584132194519,10.894771575927734,-0.01155695877969265,0.10328161716461182,1.3148186206817627,5.306433200836182,40.81736755371094,-85.90095520019531
10.305865287780762,0,6.278888702392578,1.174149990081787,1.5,4.975729942321777,2.01200008392334,2952.0,-0.6981333494186401,2.0,20.012001037597656,0.02300672046840191,-1.9962674379348755,0.21369339525699615,9.838874816894531,-0.013288039714097977,0.023518729954957962,1.311090111732483,6.190838813781738,43.12443542480469,-86.07139587402344
10.326031923294067,0,6.302611351013184,1.1760891675949097,1.5,4.946118354797363,2.0240001678466797,2956.0,-0.6981333494186401,2.0,20.016000747680664,0.023722240701317787,-1.6024011373519897,-0.3052762746810913,8.806323051452637,0.01627349853515625,0.03244045376777649,1.3197455406188965,6.367719650268555,42.59203338623047,-87.26446533203125
10.346366882324219,0,6.326685428619385,1.179291009902954,1.5,4.897226333618164,2.01200008392334,2964.0,-0.6981333494186401,2.0,20.00400161743164,0.02407449670135975,-1.4922622442245483,0.16879981756210327,11.005509376525879,0.03464958816766739,0.01406436413526535,1.318813443183899,4.952671051025391,42.59203338623047,-87.94622039794922
10.36649751663208,0,6.350575923919678,1.1835639476776123,1.5,4.831978797912598,2.0199999809265137,2956.0,-0.6981333494186401,2.0,20.020000457763672,0.023890111595392227,-2.634354591369629,1.1301207542419434,8.74167537689209,0.010947093367576599,0.013531723991036415,1.3256045579910278,6.721481800079346,42.59203338623047,-88.28709411621094
10.386847019195557,0,6.374565124511719,1.184593677520752,1.5,4.816254615783691,2.004000186920166,2964.0,-0.6981333494186401,2.0,20.00400161743164,0.023989183828234673,-1.7933484315872192,0.8158658146858215,9.22712516784668,-0.091586172580719,0.017926007509231567,1.331996202468872,6.544600963592529,43.4793701171875,-88.45753479003906
10.406987428665161,0,6.397456169128418,1.1788787841796875,1.5,4.9035210609436035,2.01200008392334,2952.0,-0.6981333494186401,2.0,20.00400161743164,0.02289113588631153,-1.7789825201034546,0.34358546137809753,8.137707710266113,-0.08239811658859253,0.07771488279104233,1.3261371850967407,9.551579475402832,43.301902770996094,-85.5600814819336
10.42734980583191,0,6.420294761657715,1.172420859336853,1.5,5.002133846282959,2.01200008392334,2952.0,-0.6981333494186401,2.0,20.012001037597656,0.02283884771168232,-1.8131016492843628,-0.2759458124637604,11.022868156433105,0.004289090633392334,0.013798044994473457,1.3220092058181763,7.959649562835693,44.89910125732422,-86.41226959228516
10.448947668075562,0,6.44402551651001,1.1748449802398682,1.5,4.965117454528809,2.01200008392334,2944.0,-0.6981333494186401,2.0,20.012001037597656,0.02373049594461918,-2.156687021255493,0.36453577876091003,10.174079895019531,0.05329200252890587,-0.017095092684030533,1.3248056173324585,9.374698638916016,43.83430099487305,-88.45753479003906
10.467870473861694,0,6.468460559844971,1.1831825971603394,1.5,4.837801933288574,2.0160000324249268,2948.0,-0.6981333494186401,2.0,20.00400161743164,0.024435007944703102,-1.5479302406311035,-0.004190066363662481,8.086828231811523,0.034250106662511826,-0.02415257692337036,1.3374558687210083,10.082222938537598,43.12443542480469,-90.84367370605469
10.487969398498535,0,6.49269437789917,1.1865613460540771,1.5,4.786208152770996,2.004000186920166,2968.0,-0.6981333494186401,2.0,20.012001037597656,0.024234112352132797,-1.3982850313186646,-0.4124222695827484,8.46992015838623,-0.004233155399560928,-0.04865403473377228,1.3379884958267212,10.082222938537598,44.89910125732422,-89.48016357421875
10.508340120315552,0,6.5154948234558105,1.1796464920043945,1.5,4.89179801940918,2.01200008392334,2948.0,-0.6981333494186401,2.0,20.00800132751465,0.022800320759415627,-1.3396241664886475,0.03292195126414299,8.034751892089844,-0.021277645602822304,-0.023486778140068054,1.3311972618103027,9.1978178024292,42.59203338623047,-89.65060424804688
10.52847170829773,0,6.538394451141357,1.1733059883117676,1.5,4.988617897033691,2.01200008392334,2952.0,-0.6981333494186401,2.0,20.00800132751465,0.022899391129612923,-2.0058445930480957,0.15263813734054565,10.360239028930664,-0.08053387701511383,0.04615594446659088,1.3265366554260254,11.143509864807129,44.54417037963867,-87.7757797241211
10.548750162124634,0,6.561975955963135,1.174420714378357,1.5,4.971595764160156,2.01200008392334,2944.0,-0.6981333494186401,2.0,20.012001037597656,0.023581888526678085,-1.9896830320358276,-0.43995699286460876,8.801533699035645,-0.08386288583278656,0.0022131167352199554,1.3150849342346191,9.728460311889648,45.25403594970703,-89.13928985595703
10.568941116333008,0,6.5862321853637695,1.181146264076233,1.5,4.868896484375,2.01200008392334,2952.0,-0.6981333494186401,2.0,20.00400161743164,0.024256128817796707,-1.439587116241455,-0.5081952214241028,8.944594383239746,-0.016217561438679695,-0.023619938641786575,1.3355915546417236,11.674153327941895,44.366703033447266,-91.35498809814453
10.589397668838501,0,6.610818862915039,1.1879750490188599,1.5,4.764621257781982,2.01200008392334,2968.0,-0.6981333494186401,2.0,20.00800132751465,0.02458636835217476,-1.678420901298523,-0.3681272566318512,9.135541915893555,0.0074849314987659454,-0.008306529372930527,1.3514375686645508,11.143509864807129,43.12443542480469,-88.45753479003906
10.609432220458984,0,6.634425163269043,1.1881763935089111,1.5,4.761546611785889,2.01200008392334,2944.0,-0.6981333494186401,2.0,20.00400161743164,0.02360665611922741,-2.089646100997925,0.24900966882705688,10.120806694030762,-0.0011704731732606888,0.04735438525676727,1.339719533920288,11.851034164428711,46.673770904541016,-88.79840850830078
10.629744529724121,0,6.657679557800293,1.183414101600647,1.5,4.834266662597656,2.008000135421753,2956.0,-0.6981333494186401,2.0,20.012001037597656,0.023254400119185448,-1.80172860622406,-0.24242527782917023,7.8725361824035645,-0.0046326350420713425,-0.0037790853530168533,1.3445132970809937,13.266082763671875,45.25403594970703,-89.48016357421875
10.64986801147461,0,6.680851459503174,1.1790971755981445,1.5,4.900186061859131,2.01200008392334,2948.0,-0.6981333494186401,2.0,20.00800132751465,0.023171840235590935,-1.6089855432510376,-0.11732186377048492,7.803699493408203,-0.07267743349075317,0.010602202266454697,1.320011854171753,14.858013153076172,46.1413688659668,-88.28709411621094
10.670270919799805,0,6.70391321182251,1.1740612983703613,1.5,4.977084159851074,2.004000186920166,2952.0,-0.6981333494186401,2.0,20.012001037597656,0.023061759769916534,-1.8681710958480835,-0.05985809117555618,11.707045555114746,-0.07054687291383743,0.06559731066226959,1.3094922304153442,15.74241828918457,47.02870559692383,-91.1845474243164
10.6903715133667,0,6.727495193481445,1.173279881477356,1.5,4.989016532897949,2.01200008392334,2964.0,-0.6981333494186401,2.0,20.00400161743164,0.023581888526678085,-2.3649933338165283,-0.19753170013427734,8.826674461364746,0.004688570275902748,-0.043993428349494934,1.3064295053482056,13.266082763671875,44.18923568725586,-90.84367370605469
10.710667371749878,0,6.7515997886657715,1.1807869672775269,1.5,4.874382972717285,2.008000135421753,2956.0,-0.6981333494186401,2.0,20.00400161743164,0.02410476841032505,-1.4336012601852417,-0.3304166793823242,8.38492202758789,0.03678014874458313,-0.07262285053730011,1.3210771083831787,13.089201927185059,44.366703033447266,-90.33235931396484
10.730867624282837,0,6.77626895904541,1.1896910667419434,1.5,4.738417625427246,2.01200008392334,2960.0,-0.6981333494186401,2.0,20.00400161743164,0.024668928235769272,-1.4790934324264526,0.019154589623212814,8.340027809143066,0.0053543709218502045,-0.016429293900728226,1.3337273597717285,14.681131362915039,46.3188362121582,-89.48016357421875
10.75118112564087,0,6.799666404724121,1.186028003692627,1.5,4.7943525314331055,2.01200008392334,2956.0,-0.6981333494186401,2.0,20.016000747680664,0.023397503420710564,-1.3701517581939697,0.3723173439502716,10.834314346313477,-0.0384552925825119,0.0006151963025331497,1.330132007598877,14.327369689941406,46.3188362121582,-90.84367370605469
10.771356105804443,0,6.822563171386719,1.1787188053131104,1.5,4.905963897705078,2.01200008392334,2952.0,-0.6981333494186401,2.0,20.016000747680664,0.02289664000272751,-1.1726200580596924,0.5423142910003662,7.451135158538818,-0.05403502285480499,0.061868831515312195,1.3209439516067505,15.74241828918457,44.89910125732422,-90.16191864013672
10.791676998138428,0,6.845795154571533,1.1733083724975586,1.5,4.98858118057251,2.004000186920166,2968.0,-0.6981333494186401,2.0,20.016000747680664,0.023232383653521538,-1.2199078798294067,0.07063254714012146,9.78200912475586,-0.058429308235645294,0.054678190499544144,1.3254714012145996,16.44994354248047,43.83430099487305,-92.2071762084961
10.81189775466919,0,6.868708610534668,1.170422911643982,1.5,5.032642364501953,2.0160000324249268,2944.0,-0.6981333494186401,2.0,20.012001037597656,0.02291315235197544,-1.7400747537612915,0.1682012379169464,8.077251434326172,-0.08306391537189484,0.014330685138702393,1.309891700744629,14.150487899780273,44.72163772583008,-91.35498809814453
10.832193374633789,0,6.892510414123535,1.1696484088897705,1.5,5.044468879699707,2.008000135421753,3048.0,-0.6981333494186401,2.0,20.012001037597656,0.023802047595381737,-1.7149343490600586,-0.2891145944595337,10.672099113464355,-0.04964074119925499,0.03909846022725105,1.2945783138275146,16.980587005615234,45.076568603515625,-90.33235931396484
10.852335929870605,0,6.915809154510498,1.1729878187179565,1.5,4.993476390838623,2.01200008392334,2944.0,-0.6981333494186401,2.0,20.00400161743164,0.02329843118786812,-1.638316035270691,0.2310522347688675,8.434603691101074,-0.009293237701058388,-0.012967132031917572,1.2778000831604004,16.980587005615234,46.49630355834961,-90.67323303222656
10.873602628707886,0,6.9396772384643555,1.1765742301940918,1.5,4.938711643218994,2.004000186920166,2956.0,-0.6981333494186401,2.0,20.00400161743164,0.023868095129728317,-1.9040858745574951,0.6949524283409119,8.593826293945312,-0.007562156766653061,-0.011236049234867096,1.2932466268539429,16.273061752319336,44.366703033447266,-90.67323303222656
10.893770456314087,0,6.9636030197143555,1.1778943538665771,1.5,4.918553352355957,2.004000186920166,2972.0,-0.6981333494186401,2.0,20.00800132751465,0.023925887420773506,-1.2432526350021362,0.35256415605545044,7.75102424621582,-0.07360956072807312,0.03803317993879318,1.2997715473175049,18.3956356048584,42.59203338623047,-91.35498809814453
10.913926839828491,0,6.987044334411621,1.1787168979644775,1.5,4.9059929847717285,2.0160000324249268,2948.0,-0.6981333494186401,2.0,20.00800132751465,0.023441536352038383,-0.9942429065704346,-0.2663685083389282,8.679423332214355,-0.10570113360881805,0.0750516802072525,1.2988393306732178,17.6881103515625,44.01176834106445,-91.01410675048828
10.933497190475464,0,7.011218070983887,1.1769160032272339,1.5,4.933492660522461,2.004000186920166,3104.0,-0.6981333494186401,2.0,20.160001754760742,0.024173568934202194,-1.4072637557983398,-0.2933046519756317,9.99809741973877,-0.06122566759586334,0.029777254909276962,1.2863223552703857,18.74939727783203,46.49630355834961,-90.67323303222656
10.9537034034729,0,7.033955097198486,1.174935221672058,1.5,4.963739395141602,2.0160000324249268,2956.0,-0.6981333494186401,2.0,20.00800132751465,0.02273702435195446,-2.1363353729248047,0.2520025670528412,8.82427978515625,0.03704646974802017,0.02232028916478157,1.3009699583053589,18.5725154876709,43.4793701171875,-90.84367370605469
10.973986148834229,0,7.057672023773193,1.176866888999939,1.5,4.9342427253723145,2.0199999809265137,2952.0,-0.6981333494186401,2.0,20.00800132751465,0.02371673658490181,-1.7945456504821777,0.006584390066564083,8.410660743713379,0.015075057744979858,-0.024951539933681488,1.3152180910110474,17.334348678588867,45.78643798828125,-89.9914779663086
10.994146585464478,0,7.081672191619873,1.1794830560684204,1.5,4.894293785095215,2.004000186920166,2976.0,-0.6981333494186401,2.0,20.00400161743164,0.024000192061066628,-1.589830994606018,0.27774155139923096,9.281596183776855,-0.06362254917621613,-0.00018376484513282776,1.304831624031067,18.926279067993164,45.25403594970703,-89.13928985595703
11.01522159576416,0,7.105144023895264,1.179968237876892,1.5,4.886885166168213,2.008000135421753,2948.0,-0.6981333494186401,2.0,20.00400161743164,0.023471808061003685,-1.3174766302108765,-0.40583786368370056,8.80273151397705,-0.07174531370401382,0.03164149448275566,1.3052310943603516,17.6881103515625,45.43150329589844,-89.30972290039062
11.034685611724854,0,7.128959655761719,1.1774576902389526,1.5,4.9252214431762695,2.004000186920166,3040.0,-0.6981333494186401,2.0,20.00400161743164,0.023815808817744255,-1.3025120496749878,-0.3154521584510803,8.647100448608398,-0.09704573452472687,0.03763369843363762,1.2979072332382202,18.74939727783203,44.01176834106445,-90.33235931396484
11.055048704147339,0,7.151504039764404,1.1725937128067017,1.5,4.9994940757751465,2.01200008392334,2948.0,-0.6981333494186401,2.0,20.00800132751465,0.022544384002685547,-2.033379316329956,0.3172478973865509,10.864243507385254,-0.0997089296579361,0.009936402551829815,1.2742047309875488,20.164445877075195,45.78643798828125,-89.30972290039062
11.075185298919678,0,7.174898624420166,1.1721702814102173,1.5,5.005959987640381,2.008000135421753,2960.0,-0.6981333494186401,2.0,20.00800132751465,0.02339475229382515,-1.9723241329193115,0.5417157411575317,9.216949462890625,-0.10104052722454071,0.0159286055713892,1.2860560417175293,19.63380241394043,45.608970642089844,-88.79840850830078
11.095557689666748,0,7.19885778427124,1.175146460533142,1.5,4.960513591766357,2.004000186920166,2976.0,-0.6981333494186401,2.0,20.00800132751465,0.02395891211926937,-1.5060296058654785,-0.5512930154800415,9.052937507629395,-0.05043970048427582,0.0293777734041214,1.3092259168624878,19.987564086914062,45.25403594970703,-89.13928985595703
11.115680694580078,0,7.222362518310547,1.176700234413147,1.5,4.9367876052856445,2.004000186920166,2944.0,-0.6981333494186401,2.0,20.02400016784668,0.02350483275949955,-1.5401487350463867,0.2011231929063797,8.301718711853027,-0.0465780608355999,0.03710106015205383,1.3114895820617676,21.40261459350586,45.608970642089844,-88.79840850830078
11.135994672775269,0,7.246255397796631,1.1775643825531006,1.5,4.9235920906066895,2.008000135421753,2976.0,-0.6981333494186401,2.0,20.00400161743164,0.02389286458492279,-1.5138111114501953,0.3262265920639038,9.087057113647461,-0.12500934302806854,-0.017228253185749054,1.307894229888916,19.810684204101562,45.78643798828125,-88.9688491821289
11.156123876571655,0,7.26936674118042,1.1753076314926147,1.5,4.958052635192871,2.004000186920166,2960.0,-0.6981333494186401,2.0,20.00800132751465,0.02311129681766033,-1.5114167928695679,0.6201298236846924,9.488704681396484,-0.17640914022922516,0.0912972092628479,1.2863223552703857,19.987564086914062,45.963905334472656,-89.13928985595703
11.176462411880493,0,7.292224884033203,1.1693637371063232,1.5,5.048815727233887,2.0320000648498535,2952.0,-0.6981333494186401,2.0,20.00800132751465,0.022858111187815666,-1.696976900100708,-0.6153411865234375,9.684440612792969,-0.10183949768543243,0.0265814121812582,1.2839254140853882,21.048851013183594,46.3188362121582,-89.821044921875
11.196615934371948,0,7.315952777862549,1.170902967453003,1.5,5.0253119468688965,2.01200008392334,2980.0,-0.6981333494186401,2.0,20.00400161743164,0.023727744817733765,-1.7245116233825684,-0.23165081441402435,8.828470230102539,-0.009160078130662441,-0.044259749352931976,1.3092259168624878,21.225732803344727,46.85123825073242,-87.94622039794922
11.216928005218506,0,7.339972019195557,1.17825448513031,1.5,4.9130539894104,2.008000135421753,2952.0,-0.6981333494186401,2.0,20.00400161743164,0.024019455537199974,-1.7556378841400146,0.5004136562347412,8.961355209350586,0.011213414371013641,0.026181932538747787,1.340917944908142,20.164445877075195,47.56110382080078,-88.62797546386719
11.237147569656372,0,7.3645172119140625,1.1850171089172363,1.5,4.809788703918457,2.008000135421753,2968.0,-0.6981333494186401,2.0,20.016000747680664,0.024545088410377502,-1.2594143152236938,0.06943538784980774,9.09244441986084,-0.024606646969914436,-0.0020480044186115265,1.3511712551116943,22.64078140258789,46.49630355834961,-87.94622039794922
11.257272720336914,0,7.388451099395752,1.1884232759475708,1.5,4.757776737213135,2.004000186920166,2952.0,-0.6981333494186401,2.0,20.012001037597656,0.023934144526720047,-1.015193223953247,-0.05985809117555618,7.599583625793457,-0.04564593732357025,0.014730164781212807,1.3359910249710083,22.463899612426758,45.963905334472656,-88.11666107177734
11.277624607086182,0,7.412038803100586,1.1867927312850952,1.5,4.782675266265869,2.004000186920166,2948.0,-0.6981333494186401,2.0,20.00800132751465,0.023587392643094063,-1.2923362255096436,0.0017957427771762013,9.037374496459961,-0.044980138540267944,0.0694589614868164,1.3331947326660156,23.52518653869629,46.3188362121582,-88.79840850830078
11.297773122787476,0,7.435573577880859,1.184822678565979,1.5,4.812757968902588,2.004000186920166,2952.0,-0.6981333494186401,2.0,20.016000747680664,0.02353510446846485,-1.5605005025863647,0.21788345277309418,10.388970375061035,-0.09837733209133148,0.03177465498447418,1.3264034986495972,23.34830665588379,46.1413688659668,-86.92359161376953
11.318837881088257,0,7.459139347076416,1.1832847595214844,1.5,4.836241722106934,2.0320000648498535,2952.0,-0.6981333494186401,2.0,20.036001205444336,0.023565376177430153,-1.7412718534469604,-0.34478262066841125,8.310697555541992,-0.05203762277960777,0.009137441404163837,1.3265366554260254,23.34830665588379,46.1413688659668,-86.92359161376953
11.338457345962524,0,7.482916355133057,1.1826510429382324,1.5,4.845918655395508,2.008000135421753,2956.0,-0.6981333494186401,2.0,20.00400161743164,0.023777280002832413,-1.3833205699920654,-0.29150891304016113,9.220541000366211,-0.017016522586345673,-0.028813179582357407,1.3298656940460205,22.64078140258789,46.49630355834961,-86.58271026611328
11.35861611366272,0,7.506677150726318,1.1852797269821167,1.5,4.805778503417969,2.008000135421753,2952.0,-0.6981333494186401,2.0,20.00800132751465,0.02376076765358448,-1.3007164001464844,0.10475166141986847,7.898275375366211,-0.017416002228856087,-0.023220457136631012,1.3349257707595825,23.34830665588379,47.206172943115234,-85.90095520019531
11.379202127456665,0,7.530649662017822,1.187438726425171,1.5,4.772810935974121,2.008000135421753,2952.0,-0.6981333494186401,2.0,20.012001037597656,0.02397267147898674,-1.0427279472351074,-0.1861586719751358,10.652944564819336,0.006819132715463638,0.02005656808614731,1.330797791481018,23.702068328857422,45.076568603515625,-86.58271026611328
11.399095058441162,0,7.554405212402344,1.1874505281448364,1.5,4.77263069152832,2.004000186920166,2948.0,-0.6981333494186401,2.0,20.00400161743164,0.023755263537168503,-0.9152302145957947,0.31964221596717834,5.864895820617676,-0.07028055191040039,-0.007507568225264549,1.3157507181167603,24.409591674804688,44.366703033447266,-86.92359161376953
11.421409368515015,0,7.578119277954102,1.1865334510803223,1.5,4.78663444519043,2.0360000133514404,2956.0,-0.6981333494186401,2.0,20.032001495361328,0.023713983595371246,-0.8679423332214355,-0.2909103333950043,10.039399147033691,-0.07174531370401382,0.0869029313325882,1.3118890523910522,22.994543075561523,47.206172943115234,-85.90095520019531
11.43959903717041,0,7.60213565826416,1.1872819662094116,1.5,4.775204658508301,2.008000135421753,2972.0,-0.6981333494186401,2.0,20.00400161743164,0.02401670441031456,-1.7550392150878906,0.13527928292751312,11.297616004943848,-0.03645789623260498,0.044558022171258926,1.312954306602478,24.58647346496582,44.89910125732422,-84.36701202392578
11.459769487380981,0,7.625987529754639,1.1904444694519043,1.5,4.726912975311279,2.004000186920166,2944.0,-0.6981333494186401,2.0,20.012001037597656,0.023851584643125534,-1.6000068187713623,-0.18256717920303345,7.6247239112854,0.019735660403966904,0.023785050958395004,1.3461111783981323,24.58647346496582,46.3188362121582,-84.02613830566406
11.480091333389282,0,7.650062084197998,1.1891118288040161,1.5,4.747262477874756,2.004000186920166,2956.0,-0.6981333494186401,2.0,20.012001037597656,0.02407449670135975,-1.5371558666229248,0.26576992869377136,8.55910873413086,0.020934101194143295,-0.002980126067996025,1.359826683998108,24.940235137939453,47.383636474609375,-84.7078857421875
11.500391483306885,0,7.673663139343262,1.1905120611190796,1.5,4.725881099700928,2.01200008392334,2952.0,-0.6981333494186401,2.0,20.00800132751465,0.023601152002811432,-1.6395131349563599,0.07961126416921616,7.738454341888428,-0.01475280150771141,0.027114052325487137,1.3571635484695435,25.64776039123535,46.3188362121582,-84.36701202392578
11.520569324493408,0,7.697390556335449,1.1898821592330933,1.5,4.735499382019043,2.0160000324249268,2952.0,-0.6981333494186401,2.0,20.02800178527832,0.023727744817733765,-1.1049803495407104,-0.26576992869377136,9.501873970031738,-0.0403195358812809,0.04069638252258301,1.3551660776138306,24.940235137939453,45.608970642089844,-85.04876708984375
11.540932655334473,0,7.721146106719971,1.1878149509429932,1.5,4.76706600189209,2.004000186920166,2960.0,-0.6981333494186401,2.0,20.020000457763672,0.023755263537168503,-1.3899048566818237,-0.049083635210990906,9.796375274658203,-0.02593824826180935,0.06027091294527054,1.3527692556381226,25.824642181396484,46.85123825073242,-84.19657135009766
11.561082363128662,0,7.744904041290283,1.1887702941894531,1.5,4.752477645874023,2.008000135421753,2952.0,-0.6981333494186401,2.0,20.00400161743164,0.023758016526699066,-1.4940580129623413,-0.03411911427974701,7.136281967163086,-0.038854777812957764,-0.039998628199100494,1.3680826425552368,26.53216552734375,46.85123825073242,-83.85569763183594
11.58126163482666,0,7.76878023147583,1.1878031492233276,1.5,4.767246246337891,2.008000135421753,2988.0,-0.6981333494186401,2.0,20.00800132751465,0.023876352235674858,-1.3827219009399414,-0.33161383867263794,10.484743118286133,-0.05190446227788925,0.05734138935804367,1.3469101190567017,27.062808990478516,45.25403594970703,-83.00350189208984
11.601573705673218,0,7.792422771453857,1.1887142658233643,1.5,4.75333309173584,2.004000186920166,2948.0,-0.6981333494186401,2.0,20.00400161743164,0.02364243194460869,-1.7083499431610107,-0.3052762746810913,7.521768093109131,-0.03193045035004616,0.007140040397644043,1.337855339050293,26.001522064208984,47.02870559692383,-83.68525695800781
11.621719598770142,0,7.81646728515625,1.190877079963684,1.5,4.720307350158691,2.01200008392334,2952.0,-0.6981333494186401,2.0,20.012001037597656,0.024044223129749298,-2.038167953491211,0.4100279211997986,8.9110746383667,-0.047243859618902206,-0.004578046500682831,1.3306646347045898,26.885927200317383,46.49630355834961,-81.81044006347656
11.642065525054932,0,7.840315818786621,1.1894711256027222,1.5,4.741775989532471,2.004000186920166,2964.0,-0.6981333494186401,2.0,20.016000747680664,0.02384883165359497,-1.5341628789901733,0.33580389618873596,6.957305908203125,-0.08426235616207123,0.003411557525396347,1.3272024393081665,26.53216552734375,45.78643798828125,-82.15131378173828
11.663287162780762,0,7.863905906677246,1.1890931129455566,1.5,4.7475481033325195,2.008000135421753,2952.0,-0.6981333494186401,2.0,20.016000747680664,0.023590143769979477,-1.2815617322921753,-0.30767059326171875,9.96517562866211,-0.10836434364318848,0.07518483698368073,1.3125548362731934,27.41657066345215,46.3188362121582,-82.3217544555664
11.682554960250854,0,7.887991428375244,1.1859723329544067,1.5,4.795202732086182,2.008000135421753,3080.0,-0.6981333494186401,2.0,20.012001037597656,0.024085503071546555,-1.422826886177063,-0.5141810178756714,10.060948371887207,-0.06615258753299713,-0.011102888733148575,1.3142859935760498,27.59345245361328,45.43150329589844,-81.46955871582031
11.702718734741211,0,7.910706520080566,1.1824826002120972,1.5,4.8484907150268555,2.004000186920166,2952.0,-0.6981333494186401,2.0,20.00800132751465,0.02271500788629055,-1.8633824586868286,0.2693614065647125,9.02360725402832,0.006419651210308075,-0.0262831412255764,1.3237403631210327,28.124095916748047,47.02870559692383,-82.3217544555664
11.723348140716553,0,7.934473037719727,1.183087944984436,1.5,4.839247226715088,2.0320000648498535,2956.0,-0.6981333494186401,2.0,20.00400161743164,0.023766271770000458,-1.638316035270691,0.02873188443481922,9.140929222106934,-0.011423799209296703,0.03856582194566727,1.3311972618103027,27.062808990478516,45.25403594970703,-82.66262817382812
11.743253469467163,0,7.958871841430664,1.1885368824005127,1.5,4.756042003631592,2.004000186920166,2952.0,-0.6981333494186401,2.0,20.00400161743164,0.024399232119321823,-1.3749403953552246,-0.6572418808937073,6.658015727996826,-0.032729409635066986,-0.0023143254220485687,1.3272024393081665,28.124095916748047,44.18923568725586,-83.00350189208984
11.764410972595215,0,7.982957363128662,1.1927686929702759,1.5,4.691421985626221,2.004000186920166,2948.0,-0.6981333494186401,2.0,20.00800132751465,0.024085503071546555,-1.3468071222305298,-0.12570199370384216,8.726112365722656,-0.0007709935307502747,0.014197524636983871,1.3228081464767456,29.008501052856445,46.49630355834961,-83.17394256591797
11.783924341201782,0,8.00735092163086,1.1907113790512085,1.5,4.722837448120117,2.008000135421753,3124.0,-0.6981333494186401,2.0,20.11600112915039,0.024393728002905846,-1.638316035270691,0.370521605014801,7.795319557189941,-0.08399604260921478,0.06533099710941315,1.3260040283203125,28.47785758972168,46.3188362121582,-81.63999938964844
11.804057121276855,0,8.030247688293457,1.1881765127182007,1.5,4.761544704437256,2.008000135421753,2952.0,-0.6981333494186401,2.0,20.00400161743164,0.02289664000272751,-1.5964152812957764,-0.6632276773452759,9.780213356018066,-0.1347300261259079,0.05907247215509415,1.323873519897461,30.24666976928711,45.608970642089844,-82.3217544555664
11.82438063621521,0,8.054129600524902,1.1884950399398804,1.5,4.756680965423584,2.0160000324249268,2960.0,-0.6981333494186401,2.0,20.012001037597656,0.023881856352090836,-1.5904295444488525,-0.90086430311203,7.1973371505737305,-0.0697479099035263,0.03030989319086075,1.3217428922653198,29.185382843017578,45.608970642089844,-83.00350189208984
11.84457802772522,0,8.077736854553223,1.1857285499572754,1.5,4.798925399780273,2.004000186920166,2968.0,-0.6981333494186401,2.0,20.00800132751465,0.02360665611922741,-2.426647186279297,-0.11792044341564178,8.95656681060791,-0.02101132459938526,0.008471641689538956,1.3019020557403564,31.307954788208008,46.673770904541016,-82.3217544555664
11.864911317825317,0,8.100963592529297,1.1828668117523193,1.5,4.842623710632324,2.008000135421753,2960.0,-0.6981333494186401,2.0,20.00400161743164,0.02322687953710556,-2.383549213409424,0.5213639736175537,9.07568359375,-0.05483398586511612,-0.009238649159669876,1.2935129404067993,29.53914451599121,46.3188362121582,-83.3443832397461
11.885156393051147,0,8.125327110290527,1.18490469455719,1.5,4.811505317687988,2.004000186920166,3024.0,-0.6981333494186401,2.0,20.00800132751465,0.024363456293940544,-1.8166930675506592,0.4124222695827484,9.209766387939453,-0.13739323616027832,0.019657088443636894,1.3112232685089111,30.24666976928711,44.54417037963867,-83.51482391357422
11.905440330505371,0,8.149145126342773,1.1901731491088867,1.5,4.731056213378906,2.004000186920166,2956.0,-0.6981333494186401,2.0,20.012001037597656,0.02381855994462967,-1.3952921628952026,0.0730268731713295,9.303743362426758,-0.11821818351745605,0.09555833041667938,1.332528829574585,31.661718368530273,45.963905334472656,-82.66262817382812
11.925549268722534,0,8.17270565032959,1.1877108812332153,1.5,4.768654823303223,2.004000186920166,2952.0,-0.6981333494186401,2.0,20.00400161743164,0.023559872061014175,-1.631731629371643,-0.4214009642601013,11.523880004882812,-0.05989406630396843,0.05907247215509415,1.3671505451202393,32.192359924316406,45.076568603515625,-84.19657135009766
11.9458327293396,0,8.196678161621094,1.1878845691680908,1.5,4.766002655029297,2.004000186920166,2972.0,-0.6981333494186401,2.0,20.00800132751465,0.02397267147898674,-2.0968289375305176,-0.418408066034317,9.613808631896973,-0.028335127979516983,-0.03853386640548706,1.3584951162338257,31.48483657836914,43.301902770996094,-83.17394256591797
11.966065406799316,0,8.220592498779297,1.1910251379013062,1.5,4.718046188354492,2.004000186920166,2944.0,-0.6981333494186401,2.0,20.00800132751465,0.02391487918794155,-1.948380947113037,-0.19932745397090912,9.601238250732422,0.010148134082555771,0.009137441404163837,1.3712785243988037,30.24666976928711,44.18923568725586,-84.36701202392578
11.986201524734497,0,8.244461059570312,1.1898746490478516,1.5,4.73561429977417,2.008000135421753,2952.0,-0.6981333494186401,2.0,20.00800132751465,0.023868095129728317,-1.7616236209869385,-0.22267210483551025,7.63430118560791,-0.032729409635066986,0.015529125928878784,1.3760722875595093,32.015480041503906,45.25403594970703,-84.02613830566406
12.00653624534607,0,8.268207550048828,1.1908764839172363,1.5,4.720316410064697,2.004000186920166,2956.0,-0.6981333494186401,2.0,20.012001037597656,0.02374700829386711,-1.9944716691970825,-0.8014998435974121,8.773999214172363,-0.047110699117183685,0.014597004279494286,1.3692810535430908,33.07676696777344,43.4793701171875,-86.07139587402344
12.026689052581787,0,8.292182922363281,1.1921234130859375,1.5,4.701275825500488,2.004000186920166,2944.0,-0.6981333494186401,2.0,20.00800132751465,0.023975424468517303,-1.5371558666229248,-0.5249554514884949,9.93045711517334,-0.045113299041986465,0.04695490375161171,1.3594272136688232,32.54612350463867,42.94696807861328,-82.4921875
12.04716944694519,0,8.315858840942383,1.1905567646026611,1.5,4.725198268890381,2.004000186920166,2944.0,-0.6981333494186401,2.0,20.016000747680664,0.023675456643104553,-1.779581069946289,-0.4423513114452362,8.948185920715332,-0.05350238457322121,0.06546415388584137,1.3445132970809937,32.72300338745117,42.059635162353516,-84.7078857421875
12.067821979522705,0,8.339561462402344,1.1893751621246338,1.5,4.743241310119629,2.004000186920166,2944.0,-0.6981333494186401,2.0,20.00400161743164,0.02370297536253929,-1.8879241943359375,-0.6847766041755676,10.121404647827148,-0.05137182027101517,0.0500175878405571,1.333461046218872,33.07676696777344,42.41456604003906,-83.3443832397461
12.087544679641724,0,8.363787651062012,1.191348910331726,1.5,4.713102340698242,2.008000135421753,2972.0,-0.6981333494186401,2.0,20.00400161743164,0.024225855246186256,-1.802925705909729,-0.5800248980522156,10.174079895019531,-0.0240740068256855,0.005941599607467651,1.3343931436538696,32.72300338745117,40.28496551513672,-83.68525695800781
12.107687950134277,0,8.387317657470703,1.1904830932617188,1.5,4.726323127746582,2.008000135421753,2952.0,-0.6981333494186401,2.0,20.00800132751465,0.023529600352048874,-1.5670849084854126,-0.5812220573425293,7.677399158477783,-0.012489079497754574,-0.023486778140068054,1.336390495300293,32.192359924316406,41.5272331237793,-83.85569763183594
12.128129482269287,0,8.411532402038574,1.1906691789627075,1.5,4.72348165512085,2.0160000324249268,2952.0,-0.0,2.0,20.012001037597656,0.02421484887599945,-1.4916636943817139,-0.35555708408355713,9.205575942993164,-0.03925425559282303,0.05228130519390106,1.3485081195831299,33.4305305480957,41.7047004699707,-84.36701202392578
12.148180484771729,0,8.435091972351074,1.1912832260131836,1.5,4.714105129241943,2.01200008392334,2944.0,-0.0,2.0,20.00800132751465,0.023559872061014175,-1.9884858131408691,0.29150891304016113,8.024576187133789,-0.12753938138484955,0.05507766827940941,1.3329284191131592,33.7842903137207,38.865230560302734,-84.7078857421875
12.168580532073975,0,8.458588600158691,1.1882752180099487,1.5,4.760037422180176,2.0199999809265137,2948.0,-0.0,2.0,20.016000747680664,0.02349657565355301,-1.3061035871505737,-0.5896022319793701,12.407983779907227,-0.07294375449419022,0.0418948233127594,1.3285341262817383,32.72300338745117,37.80043029785156,-84.02613830566406
12.188717603683472,0,8.482577323913574,1.1886696815490723,1.5,4.754014015197754,2.008000135421753,2968.0,-0.0,2.0,20.00800132751465,0.023989183828234673,0.52016681432724,-1.4557487964630127,8.05330753326416,0.07513025403022766,-0.12162575870752335,1.2670141458511353,33.25364685058594,37.622962951660156,-83.51482391357422
12.209064483642578,0,8.506429672241211,1.1907991170883179,1.5,4.721497535705566,2.008000135421753,2948.0,-0.0,2.0,20.00400161743164,0.023851584643125534,0.9756869077682495,-1.0343478918075562,7.801305294036865,0.06381164491176605,-0.11270403116941452,1.079391598701477,32.89988708496094,39.7525634765625,-84.19657135009766
12.229240894317627,0,8.530016899108887,1.1887967586517334,1.5,4.752073764801025,2.01200008392334,2948.0,-0.0,2.0,20.012001037597656,0.023587392643094063,1.2582170963287354,-0.5866093039512634,8.37354850769043,0.014142937958240509,-0.08913470059633255,0.8751240968704224,32.72300338745117,38.155364990234375,-83.68525695800781
12.249519109725952,0,8.554052352905273,1.1909735202789307,1.5,4.718834400177002,2.01200008392334,2948.0,-0.0,2.0,20.020000457763672,0.024035967886447906,1.1923731565475464,-0.6811850666999817,9.555746078491211,0.027325782924890518,-0.17728668451309204,0.6749844551086426,32.192359924316406,36.9130973815918,-83.51482391357422
12.269792079925537,0,8.57829475402832,1.1943628787994385,1.5,4.667078971862793,2.0199999809265137,2948.0,-0.0,2.0,20.00800132751465,0.02424236759543419,1.8939100503921509,-1.1738171577453613,7.094381332397461,-0.011690119281411171,-0.09179789572954178,0.46339306235313416,33.25364685058594,36.9130973815918,-83.17394256591797
12.290021181106567,0,8.602487564086914,1.1953635215759277,1.5,4.651799201965332,2.01200008392334,2968.0,-0.0,2.0,20.00400161743164,0.02419283241033554,1.3743418455123901,-1.0277634859085083,8.72012710571289,-0.036724213510751724,-0.11270403116941452,0.2648513913154602,32.54612350463867,37.97789764404297,-83.17394256591797
12.310172319412231,0,8.626344680786133,1.1966726779937744,1.5,4.631808280944824,2.01200008392334,2944.0,-0.0,2.0,20.00400161743164,0.02385708875954151,1.4282140731811523,-0.09337862581014633,8.739880561828613,-0.030865170061588287,-0.179417222738266,0.0960044264793396,32.72300338745117,37.44549560546875,-83.3443832397461
12.330477476119995,0,8.6477689743042,1.172533392906189,-0.0,-17.904584884643555,2.01200008392334,2944.0,-0.0,2.0,20.016000747680664,0.021424319595098495,1.6664493083953857,0.02992904558777809,8.775794982910156,-0.029400410130620003,-0.11297034472227097,-0.008925719186663628,33.7842903137207,38.51029586791992,-81.98087310791016
12.350618600845337,0,8.655521392822266,1.0296554565429688,-0.0,-15.72283935546875,2.004000186920166,2952.0,-0.0,2.0,20.012001037597656,0.0077523840591311455,0.7805495262145996,-0.2831287682056427,9.953802108764648,-0.017016522586345673,-0.040930747985839844,-0.08988704532384872,32.36924362182617,37.44549560546875,-81.98087310791016
12.370972871780396,0,8.657549858093262,0.8633084893226624,-0.0,-13.182721138000488,2.0199999809265137,2948.0,-0.0,2.0,20.00400161743164,0.0020282240584492683,-0.10355450212955475,-3.1198036670684814,6.140243053436279,-0.018214963376522064,-0.05051827430725098,-0.11691854149103165,32.89988708496094,37.97789764404297,-83.85569763183594
12.391147375106812,0,8.660449981689453,0.7328459024429321,-0.0,-11.190557479858398,2.01200008392334,2968.0,-0.0,2.0,20.016000747680664,0.0029006078839302063,-0.3274237811565399,-2.08066725730896,11.775882720947266,-0.11728605628013611,0.04402538388967514,-0.09135180711746216,33.07676696777344,37.0905647277832,-83.68525695800781
12.411421775817871,0,8.656947135925293,0.5702166557312012,-0.0,-8.707208633422852,2.008000135421753,2948.0,-0.0,2.0,20.012001037597656,-0.003503296058624983,0.7362545132637024,-2.514039993286133,9.131950378417969,0.10069698095321655,-0.0388001874089241,-0.0565970279276371,32.192359924316406,38.33283233642578,-83.51482391357422
12.43177056312561,0,8.655538558959961,0.4530368149280548,-0.0,-6.917872428894043,2.01200008392334,3016.0,-0.0,2.0,20.100000381469727,-0.0014090240001678467,0.3872818648815155,-1.614372730255127,8.25802230834961,-0.03006621077656746,-0.0013822037726640701,-0.018246924504637718,32.015480041503906,37.80043029785156,-83.00350189208984
12.451931238174438,0,8.654828071594238,0.36711907386779785,-0.0,-5.605908393859863,2.004000186920166,2952.0,-0.0,2.0,20.00400161743164,-0.000710016000084579,-0.0017957427771762013,-2.630164623260498,11.53585147857666,-0.12021557986736298,-0.00764072872698307,-0.02477176859974861,32.192359924316406,37.97789764404297,-83.85569763183594
12.472281694412231,0,8.654233932495117,0.2964242100715637,-0.0,-4.526397705078125,2.008000135421753,2948.0,-0.0,2.0,20.012001037597656,-0.0005944320000708103,0.03830917924642563,-1.9172546863555908,10.119608879089355,0.046633992344141006,0.014197524636983871,-0.023173848167061806,31.838598251342773,37.622962951660156,-82.83306884765625
12.492406368255615,0,8.658183097839355,0.27890047430992126,-0.0,-4.258810520172119,2.01200008392334,2956.0,-0.0,2.0,20.00800132751465,0.003949120175093412,-0.026337560266256332,-2.496680974960327,8.728507041931152,0.01108025386929512,0.04296009987592697,-0.028500251471996307,32.36924362182617,39.22016525268555,-81.98087310791016
12.512731313705444,0,8.664817810058594,0.2889513373374939,-0.0,-4.41228723526001,2.004000186920166,2944.0,-0.0,2.0,20.00800132751465,0.00663507217541337,-0.19633454084396362,-2.0579211711883545,10.452420234680176,-0.010757998563349247,-0.02015777677297592,-0.02663601189851761,33.07676696777344,38.155364990234375,-81.63999938964844
12.533063173294067,0,8.672850608825684,0.30762678384780884,-0.0,-4.697461128234863,2.008000135421753,3100.0,-0.0,2.0,20.14000129699707,0.00803308840841055,0.1101388931274414,-2.551151990890503,8.328056335449219,0.039576511830091476,-0.03533802554011345,0.0023928871378302574,32.36924362182617,38.865230560302734,-82.66262817382812
12.553353548049927,0,8.680696487426758,0.3238758444786072,-0.0,-4.945584297180176,2.008000135421753,2944.0,-0.0,2.0,20.012001037597656,0.007845952175557613,-0.054470863193273544,-1.8915157318115234,9.610217094421387,-0.012755399569869041,0.0002157166600227356,-0.007460958790034056,32.36924362182617,39.57509994506836,-81.98087310791016
12.573526382446289,0,8.686198234558105,0.31493228673934937,-0.0,-4.809016227722168,2.004000186920166,2952.0,-0.0,2.0,20.012001037597656,0.005501247942447662,0.08619565516710281,-2.3063323497772217,9.252264976501465,0.01747193932533264,-0.000982724130153656,-0.020244326442480087,32.72300338745117,39.22016525268555,-85.04876708984375
12.593854904174805,0,8.69321346282959,0.32165008783340454,0.0,-4.780680179595947,2.004000186920166,2960.0,-0.0,0.0,20.00400161743164,0.007014847826212645,0.11373037844896317,-2.4356257915496826,8.933820724487305,0.04530239477753639,-0.01696193218231201,-0.010789960622787476,33.4305305480957,39.22016525268555,-82.66262817382812
12.614170551300049,0,8.70415210723877,0.36300355195999146,0.0,-4.780680179595947,2.0199999809265137,2944.0,-0.0,0.0,20.00400161743164,0.010939200408756733,-0.09218145906925201,-2.254255771636963,8.130524635314941,0.053025681525468826,-0.020557254552841187,-0.015450563281774521,32.72300338745117,38.155364990234375,-80.95824432373047
12.634339809417725,0,8.717485427856445,0.41581210494041443,0.0,-4.780680179595947,2.004000186920166,3056.0,-0.0,0.0,20.00400161743164,0.013333439826965332,-0.354359894990921,-0.6422773599624634,8.851216316223145,0.050895120948553085,-0.0016485247761011124,-0.045677900314331055,31.838598251342773,40.10749816894531,-80.78780364990234
12.654581069946289,0,8.729715347290039,0.45266395807266235,0.0,-4.780680179595947,2.004000186920166,2948.0,-0.0,0.0,20.00400161743164,0.012229887768626213,0.02753472328186035,-0.09996301680803299,8.983502388000488,0.022532019764184952,0.011134842410683632,-0.05819494649767876,31.307954788208008,39.22016525268555,-81.98087310791016
12.674996137619019,0,8.740853309631348,0.4710426330566406,0.0,-4.780680179595947,2.01200008392334,2944.0,-0.0,0.0,20.00800132751465,0.011137343943119049,0.29988905787467957,-0.5441100597381592,8.463933944702148,0.0172056183218956,-0.004045406356453896,-0.05752914771437645,32.54612350463867,38.68776321411133,-80.78780364990234
12.69498085975647,0,8.75064754486084,0.4735161066055298,0.0,-4.780680179595947,2.008000135421753,2948.0,-0.0,0.0,20.00400161743164,0.009794368408620358,0.5267512202262878,-0.6644248366355896,9.103816986083984,-0.0026352331042289734,0.024983491748571396,-0.04740898311138153,31.661718368530273,38.865230560302734,-81.98087310791016
12.715311288833618,0,8.758853912353516,0.462504506111145,0.0,-4.780680179595947,2.0360000133514404,2944.0,-0.0,0.0,20.020000457763672,0.008206464350223541,0.2909103333950043,-0.38967618346214294,9.089451789855957,-0.005831075832247734,-0.006841767579317093,-0.03928621858358383,32.36924362182617,37.80043029785156,-81.63999938964844
12.735463380813599,0,8.766135215759277,0.4438432455062866,0.0,-4.780680179595947,2.004000186920166,2988.0,-0.0,0.0,20.012001037597656,0.007281791884452105,0.1221105083823204,-0.009577294811606407,8.797344207763672,-0.006363715976476669,0.011800643056631088,-0.02863341197371483,32.54612350463867,38.33283233642578,-82.15131378173828
12.755762100219727,0,8.77361011505127,0.43235892057418823,0.0,-4.780680179595947,2.004000186920166,2948.0,-0.0,0.0,20.00400161743164,0.0074744317680597305,-0.09996301680803299,-0.146053746342659,9.003854751586914,-0.04458066076040268,0.004077358171343803,-0.0234401673078537,31.131074905395508,40.10749816894531,-81.81044006347656
12.77593994140625,0,8.782655715942383,0.4361393451690674,0.0,-4.780680179595947,2.004000186920166,2940.0,-0.0,0.0,20.00800132751465,0.009045824408531189,0.3220365345478058,-1.2624071836471558,9.307334899902344,0.01520821824669838,0.0060747601091861725,-0.018646404147148132,31.131074905395508,38.68776321411133,-81.46955871582031
12.796282768249512,0,8.79270076751709,0.4473954439163208,0.0,-4.780680179595947,2.004000186920166,2960.0,-0.0,0.0,20.00400161743164,0.010044800117611885,0.002992904745042324,-0.06823822855949402,9.181034088134766,0.006286490708589554,-0.00244748592376709,-0.025171250104904175,33.4305305480957,39.57509994506836,-81.29911804199219
12.816566944122314,0,8.801955223083496,0.45062026381492615,0.0,-4.780680179595947,2.008000135421753,2936.0,-0.0,0.0,20.012001037597656,0.00925497617572546,-0.1161246970295906,-0.004190066363662481,8.926637649536133,-0.009426398202776909,-0.015364013612270355,-0.025038089603185654,31.48483657836914,39.04269790649414,-80.78780364990234
12.836797714233398,0,8.810214042663574,0.44280514121055603,0.0,-4.780680179595947,2.008000135421753,2964.0,-0.0,0.0,20.012001037597656,0.008258751593530178,-0.19334164261817932,0.14066651463508606,9.286384582519531,-0.00649687647819519,-0.005110686644911766,-0.02357332780957222,31.131074905395508,40.81736755371094,-81.46955871582031
12.856943368911743,0,8.81714153289795,0.4260334074497223,0.0,-4.780680179595947,2.004000186920166,2944.0,-0.0,0.0,20.00800132751465,0.006926783826202154,0.3010862171649933,-0.6117497086524963,8.981706619262695,-0.00649687647819519,-0.012567650526762009,-0.017581123858690262,32.192359924316406,39.7525634765625,-80.78780364990234
12.878091096878052,0,8.823720932006836,0.4084998667240143,0.0,-4.780680179595947,2.004000186920166,2944.0,-0.0,0.0,20.012001037597656,0.00658003194257617,0.07182971388101578,-0.4435484707355499,9.399516105651855,-0.0018362738192081451,-0.002713805064558983,-0.009591519832611084,32.015480041503906,38.155364990234375,-80.61737060546875
12.897552728652954,0,8.830708503723145,0.39801159501075745,0.0,-4.780680179595947,2.008000135421753,2948.0,-0.0,0.0,20.016000747680664,0.006987328175455332,-0.017358846962451935,-0.5716447830200195,8.95896053314209,-0.005431595258414745,-0.006708607077598572,-0.015583723783493042,31.838598251342773,39.7525634765625,-81.81044006347656
12.917815923690796,0,8.838323593139648,0.3948381245136261,0.0,-4.780680179595947,2.0360000133514404,2940.0,-0.0,0.0,20.020000457763672,0.007614783942699432,0.06584390252828598,-0.4633016288280487,9.103219032287598,0.017072457820177078,0.009536921977996826,-0.01838008500635624,31.48483657836914,39.04269790649414,-81.1286849975586
12.937965869903564,0,8.845791816711426,0.3904348313808441,0.0,-4.780680179595947,2.004000186920166,2960.0,-0.0,0.0,20.00400161743164,0.00746892811730504,0.05925951153039932,-0.4339711666107178,9.497084617614746,0.0484982393682003,0.02325241081416607,-0.016915325075387955,32.54612350463867,40.462432861328125,-82.15131378173828
12.95825743675232,0,8.852595329284668,0.38185355067253113,0.0,-4.780680179595947,2.004000186920166,2948.0,-0.0,0.0,20.00400161743164,0.006802944000810385,-0.2400309443473816,-0.020351750776171684,8.709951400756836,0.009881813079118729,-0.002846965566277504,-0.03076397255063057,32.015480041503906,40.28496551513672,-81.29911804199219
12.978398561477661,0,8.858713150024414,0.3681473433971405,0.0,-4.780680179595947,2.004000186920166,2948.0,-0.0,0.0,20.00800132751465,0.006117695942521095,0.06524532288312912,-0.26457276940345764,9.543774604797363,-0.012489079497754574,0.012732763774693012,-0.03502509370446205,33.4305305480957,39.930030822753906,-81.29911804199219
12.998754024505615,0,8.864428520202637,0.35327810049057007,0.0,-4.780680179595947,2.004000186920166,2936.0,-0.0,0.0,20.00400161743164,0.005715903826057911,0.03292195126414299,-0.3154521584510803,8.884138107299805,0.00016112811863422394,-0.013366613537073135,-0.02370648831129074,32.54612350463867,39.39763259887695,-80.78780364990234
13.018916606903076,0,8.870226860046387,0.3418363332748413,0.0,-4.780680179595947,2.0240001678466797,2952.0,-0.0,0.0,20.02800178527832,0.005798464175313711,0.12869489192962646,-0.33281099796295166,9.09244441986084,0.0034901294857263565,0.003012077882885933,-0.01744796521961689,31.307954788208008,40.63990020751953,-80.95824432373047
13.039255619049072,0,8.876242637634277,0.333895206451416,0.0,-4.780680179595947,2.004000186920166,2964.0,-0.0,0.0,20.012001037597656,0.0060158721171319485,0.16580691933631897,-0.4740760922431946,9.065507888793945,0.0013595689088106155,-0.010836571455001831,-0.008393079042434692,32.015480041503906,38.51029586791992,-81.63999938964844
13.059400081634521,0,8.882096290588379,0.3269677758216858,0.0,-4.780680179595947,2.008000135421753,2944.0,-0.0,0.0,20.00800132751465,0.005853503942489624,-0.1819685995578766,-0.18436291813850403,9.609618186950684,0.016806136816740036,-0.0020480044186115265,-0.010523640550673008,34.49181365966797,41.7047004699707,-80.2764892578125
13.080303192138672,0,8.88736343383789,0.3154102861881256,0.0,-4.780680179595947,2.004000186920166,2936.0,-0.0,0.0,20.00400161743164,0.00526732811704278,0.03830917924642563,-0.1831657588481903,8.831462860107422,0.02665998414158821,-0.006974928081035614,0.002792367711663246,30.600431442260742,40.28496551513672,-80.95824432373047
13.099970817565918,0,8.892190933227539,0.30202820897102356,0.0,-4.780680179595947,2.01200008392334,2940.0,-0.0,0.0,20.016000747680664,0.004827008116990328,0.04369640722870827,-0.22686217725276947,9.319905281066895,-0.008893757127225399,-0.00244748592376709,-0.006795158609747887,30.954193115234375,40.28496551513672,-82.3217544555664
13.120258808135986,0,8.89670181274414,0.2882915437221527,0.0,-4.780680179595947,2.01200008392334,2952.0,-0.0,0.0,20.012001037597656,0.004510527942329645,0.13767361640930176,-0.3531627357006073,8.87396240234375,-0.0030347146093845367,-0.014431893825531006,-0.002267715521156788,32.36924362182617,40.994834899902344,-80.95824432373047
13.140386819839478,0,8.90133285522461,0.27771759033203125,0.0,-4.780680179595947,2.004000186920166,2956.0,-0.0,0.0,20.00800132751465,0.004631616175174713,0.1610182672739029,-0.28971317410469055,9.297757148742676,-0.015019120648503304,0.003544718027114868,-0.014651603065431118,33.07676696777344,40.28496551513672,-79.93561553955078
13.160549879074097,0,8.905900955200195,0.26929181814193726,0.0,-4.780680179595947,2.004000186920166,2944.0,-0.0,0.0,20.00400161743164,0.004568319767713547,-0.17658136785030365,-0.15563103556632996,9.237899780273438,-0.00649687647819519,-0.00870600901544094,-0.006262517999857664,33.07676696777344,39.930030822753906,-82.3217544555664
13.180892944335938,0,8.910235404968262,0.2596690356731415,0.0,-4.780680179595947,2.004000186920166,2948.0,-0.0,0.0,20.00400161743164,0.004334399942308664,0.049682218581438065,-0.19753170013427734,9.392333030700684,0.009881813079118729,0.004876319319009781,0.0031918473541736603,32.192359924316406,40.81736755371094,-80.78780364990234
13.200999021530151,0,8.914270401000977,0.24924062192440033,0.0,-4.780680179595947,2.008000135421753,2936.0,-0.0,0.0,20.00400161743164,0.004034432116895914,0.11851902306079865,-0.24541817605495453,8.926637649536133,-0.013953840360045433,-0.010303929448127747,-0.010656801052391529,33.4305305480957,40.28496551513672,-81.63999938964844
13.221418142318726,0,8.91782283782959,0.2361903041601181,0.0,-4.780680179595947,2.0280001163482666,2944.0,-0.0,0.0,20.012001037597656,0.003552831942215562,-0.02992904558777809,-0.24781250953674316,9.169062614440918,-0.0018362738192081451,-0.0013822037726640701,-0.011189441196620464,32.54612350463867,40.10749816894531,-81.46955871582031
13.241499662399292,0,8.921205520629883,0.22381964325904846,0.0,-4.780680179595947,2.008000135421753,2956.0,-0.0,0.0,20.00800132751465,0.0033822080586105585,0.21129906177520752,-0.34657835960388184,9.218146324157715,-0.011690119281411171,-0.01363293081521988,-0.005463557317852974,31.307954788208008,41.7047004699707,-81.29911804199219
13.26183295249939,0,8.924673080444336,0.2149815410375595,0.0,-4.780680179595947,2.004000186920166,2944.0,-0.0,0.0,20.016000747680664,0.00346752000041306,0.047886475920677185,-0.34777551889419556,9.197196006774902,-0.011690119281411171,0.013265403918921947,-0.010523640550673008,32.72300338745117,41.34976577758789,-80.95824432373047
13.28218960762024,0,8.928071022033691,0.20622004568576813,0.0,-4.780680179595947,2.004000186920166,3040.0,-0.0,0.0,20.012001037597656,0.0033987199421972036,-0.03711201623082161,-0.3854861259460449,9.002058982849121,0.014409255236387253,-0.004844367504119873,-0.0012024352326989174,31.307954788208008,41.7047004699707,-80.61737060546875
13.302286148071289,0,8.931049346923828,0.1966310441493988,0.0,-4.780680179595947,2.004000186920166,2940.0,-0.0,0.0,20.00800132751465,0.002977664116770029,0.18077144026756287,-0.35974714159965515,9.29177188873291,0.013610295951366425,0.0038110390305519104,0.0009281262755393982,32.015480041503906,40.994834899902344,-79.93561553955078
13.322631597518921,0,8.933756828308105,0.18561619520187378,0.0,-4.780680179595947,2.01200008392334,2948.0,-0.0,0.0,20.00800132751465,0.0027079680003225803,0.13168780505657196,-0.25559404492378235,8.841638565063477,-0.009692718274891376,-0.0037790853530168533,-0.011855240911245346,32.36924362182617,39.930030822753906,-81.98087310791016
13.342822074890137,0,8.936118125915527,0.17306020855903625,0.0,-4.780680179595947,2.004000186920166,2968.0,-0.0,0.0,20.00400161743164,0.002361216116696596,-0.047287892550230026,-0.16640549898147583,9.167865753173828,-0.006630036048591137,0.012200123630464077,-0.011988401412963867,33.7842903137207,39.57509994506836,-82.3217544555664
13.363129377365112,0,8.938347816467285,0.16228538751602173,0.0,-4.780680179595947,2.0160000324249268,2944.0,-0.0,0.0,20.00800132751465,0.0022291201166808605,0.011971618980169296,-0.3070720136165619,9.22951889038086,0.007085451856255531,-0.000982724130153656,-0.002400876022875309,31.307954788208008,40.994834899902344,-79.93561553955078
13.38329005241394,0,8.940163612365723,0.14837324619293213,0.0,-4.780680179595947,2.004000186920166,3096.0,-0.0,0.0,20.016000747680664,0.0018163200002163649,0.11073747277259827,-0.36274003982543945,9.4635648727417,-0.0001051928848028183,0.008604801259934902,-0.005197237245738506,29.892906188964844,39.57509994506836,-81.63999938964844
13.403685331344604,0,8.942296981811523,0.14177344739437103,0.0,-4.780680179595947,2.004000186920166,2948.0,-0.0,0.0,20.016000747680664,0.002132799942046404,0.04609072953462601,-0.34358546137809753,8.976319313049316,-0.016217561438679695,0.0006151963025331497,-0.011588920839130878,30.600431442260742,40.994834899902344,-81.29911804199219
13.423748016357422,0,8.943903923034668,0.13054931163787842,0.0,-4.780680179595947,2.0320000648498535,2948.0,-0.0,0.0,20.00800132751465,0.0016071680001914501,-0.050280798226594925,-0.25858697295188904,9.127161979675293,0.0036232899874448776,0.007273200899362564,-0.003998796455562115,31.48483657836914,41.5272331237793,-79.76517486572266
13.444089889526367,0,8.945808410644531,0.1239447295665741,0.0,-4.780680179595947,2.004000186920166,2968.0,-0.0,0.0,20.012001037597656,0.0019043840002268553,0.008380132727324963,-0.2412281185388565,9.132549285888672,0.012278694659471512,-0.0037790853530168533,0.0022597266361117363,31.48483657836914,41.172298431396484,-80.78780364990234
13.464425325393677,0,8.946682929992676,0.1095392256975174,0.0,-4.780680179595947,2.004000186920166,2940.0,-0.0,0.0,20.016000747680664,0.0008751360001042485,0.03591485694050789,-0.19034872949123383,9.29177188873291,0.0074849314987659454,0.0006151963025331497,-0.0016019148752093315,32.192359924316406,41.172298431396484,-82.4921875
13.484589099884033,0,8.946682929992676,0.08945291489362717,0.0,-4.780680179595947,2.004000186920166,3040.0,-0.0,0.0,20.012001037597656,0.0,0.023943237960338593,-0.34478262066841125,8.94519329071045,-0.0026352331042289734,-0.004311725497245789,-0.0043982770293951035,32.54612350463867,42.23710250854492,-81.1286849975586
13.50473165512085,0,8.946682929992676,0.07373330742120743,0.0,-4.780680179595947,2.004000186920166,2940.0,-0.0,0.0,20.012001037597656,0.0,0.02873188443481922,-0.5961865782737732,9.25885009765625,-0.01009219791740179,0.0004820358008146286,-0.004664597101509571,32.89988708496094,42.23710250854492,-81.1286849975586
13.525111675262451,0,8.946685791015625,0.060527026653289795,0.0,-4.780680179595947,2.008000135421753,2940.0,-0.0,0.0,20.00400161743164,2.7520000003278255e-06,0.052076540887355804,-0.6536503434181213,9.069099426269531,0.0032238103449344635,-0.003246445208787918,-0.0009361151605844498,29.716026306152344,42.23710250854492,-81.1286849975586
13.545379638671875,0,8.946700096130371,0.04970601946115494,0.0,-4.780680179595947,2.004000186920166,2968.0,-0.0,0.0,20.012001037597656,1.3760000001639128e-05,0.044893570244312286,-0.658439040184021,9.223533630371094,0.00029428862035274506,0.003012077882885933,0.00026232562959194183,30.954193115234375,40.994834899902344,-80.95824432373047
13.565542221069336,0,8.946700096130371,0.040857430547475815,0.0,-4.780680179595947,2.004000186920166,2948.0,-0.0,0.0,20.00800132751465,0.0,-0.018556008115410805,-0.5752362608909607,9.245680809020996,-0.0007709935307502747,0.0002157166600227356,-0.0001371540129184723,31.307954788208008,40.994834899902344,-80.95824432373047
13.5856773853302,0,8.946700096130371,0.03336922824382782,0.0,-4.780680179595947,2.004000186920166,3052.0,-0.0,0.0,20.00400161743164,0.0,0.019154589623212814,-0.29270607233047485,9.076282501220703,0.004821730777621269,-0.002846965566277504,-0.0006697950884699821,31.307954788208008,40.63990020751953,-81.63999938964844
13.605996370315552,0,8.946700096130371,0.0275201927870512,0.0,-4.780680179595947,2.004000186920166,2932.0,-0.0,0.0,20.00400161743164,0.0,0.06225241720676422,-0.03411911427974701,9.200188636779785,0.006685972213745117,-0.0021811649203300476,-3.994442522525787e-06,32.89988708496094,40.81736755371094,-81.46955871582031
13.626168251037598,0,8.946625709533691,0.02187071554362774,0.0,-4.780680179595947,2.0160000324249268,2936.0,-0.0,0.0,20.040000915527344,-7.430400000885129e-05,0.07422403246164322,0.234045147895813,9.168463706970215,0.007085451856255531,-0.0019148457795381546,0.0033250078558921814,31.661718368530273,39.930030822753906,-79.59473419189453
13.64650297164917,0,8.946471214294434,0.016571199521422386,0.0,-4.780680179595947,2.004000186920166,2952.0,-0.0,0.0,20.00400161743164,-0.00015411200001835823,0.03651343658566475,0.35854998230934143,9.1965970993042,0.004422251135110855,0.0018136370927095413,0.007719290442764759,31.48483657836914,42.23710250854492,-81.81044006347656
13.666846990585327,0,8.946468353271484,0.013597036711871624,0.0,-4.780680179595947,2.0160000324249268,2940.0,-0.0,0.0,20.00800132751465,-2.7520000003278255e-06,-0.0005985809257254004,0.39566197991371155,9.180436134338379,0.0014927294105291367,0.002878917381167412,0.0023928871378302574,32.36924362182617,40.994834899902344,-81.29911804199219
13.686988115310669,0,8.946468353271484,0.011134812608361244,0.0,-4.780680179595947,2.004000186920166,2956.0,-0.0,0.0,20.012001037597656,0.0,0.008978714235126972,0.4453442096710205,9.163076400756836,0.002558009698987007,-0.00444488599896431,-0.001335594803094864,31.838598251342773,41.172298431396484,-79.76517486572266
13.707120418548584,0,8.946468353271484,0.00915471650660038,0.0,-4.780680179595947,2.004000186920166,2932.0,-0.0,0.0,20.012001037597656,0.0,0.08320274949073792,0.476470410823822,9.082268714904785,0.004422251135110855,-0.002713805064558983,0.0009281262755393982,31.838598251342773,42.59203338623047,-81.1286849975586
13.727498292922974,0,8.946468353271484,0.0075125605799257755,0.0,-4.780680179595947,2.004000186920166,2944.0,-0.0,0.0,20.00400161743164,0.0,0.06823822855949402,0.4752732515335083,9.1720552444458,0.0014927294105291367,0.0023462772369384766,0.00039548613131046295,32.192359924316406,40.462432861328125,-81.81044006347656
13.747645616531372,0,8.946468353271484,0.00616448326036334,0.0,-4.780680179595947,2.004000186920166,2940.0,-0.0,0.0,20.012001037597656,0.0,0.05985809117555618,0.44175273180007935,9.115788459777832,0.0010932479053735733,-0.00045008398592472076,0.0011944463476538658,29.716026306152344,41.5272331237793,-81.46955871582031
13.768217086791992,0,8.946468353271484,0.00505831278860569,0.0,-4.780680179595947,2.008000135421753,2944.0,-0.0,0.0,20.032001495361328,0.0,0.028133302927017212,0.44474563002586365,9.145119667053223,0.0017590485513210297,-0.00031692348420619965,0.00012916605919599533,31.131074905395508,39.7525634765625,-80.44692993164062
13.788146018981934,0,8.946468353271484,0.00414425740018487,0.0,-4.780680179595947,2.004000186920166,2956.0,-0.0,0.0,20.00400161743164,0.0,0.04609072953462601,0.4423513114452362,9.167266845703125,0.0016258880496025085,8.255615830421448e-05,0.0015939269214868546,31.838598251342773,41.5272331237793,-81.46955871582031
13.80846381187439,0,8.946468353271484,0.003405181225389242,0.0,-4.780680179595947,2.004000186920166,2940.0,-0.0,0.0,20.00800132751465,0.0,0.06225241720676422,0.4064364433288574,9.146316528320312,0.0016258880496025085,-0.0008495636284351349,0.0010612867772579193,31.661718368530273,40.994834899902344,-81.29911804199219
13.828661918640137,0,8.946468353271484,0.0027941393200308084,0.0,-4.780680179595947,2.004000186920166,2940.0,-0.0,0.0,20.012001037597656,0.0,0.04369640722870827,0.39266908168792725,9.14452075958252,-0.0005046725273132324,-0.00018376484513282776,0.00012916605919599533,30.600431442260742,40.63990020751953,-81.29911804199219
13.84899091720581,0,8.946468353271484,0.002293016528710723,0.0,-4.780680179595947,2.004000186920166,2940.0,-0.0,0.0,20.00800132751465,0.0,0.047886475920677185,0.3914719223976135,9.160083770751953,0.0013595689088106155,0.0010146759450435638,-0.0002703145146369934,32.89988708496094,40.462432861328125,-81.46955871582031
13.86931586265564,0,8.946468353271484,0.0018813294591382146,0.0,-4.780680179595947,2.0160000324249268,2944.0,-0.0,0.0,20.012001037597656,0.0,0.06225241720676422,0.3681272566318512,9.174449920654297,0.00042744725942611694,0.000881517305970192,-3.994442522525787e-06,31.661718368530273,39.930030822753906,-81.98087310791016
13.891047477722168,0,8.946468353271484,0.0015410070773214102,0.0,-4.780680179595947,2.004000186920166,2968.0,-0.0,0.0,20.00800132751465,0.0,0.052076540887355804,0.33759963512420654,9.156492233276367,-0.001569952815771103,0.0007483568042516708,-0.0017350753769278526,32.54612350463867,41.172298431396484,-80.78780364990234
13.909640550613403,0,8.946468353271484,0.0012670704163610935,0.0,-4.780680179595947,2.004000186920166,2936.0,-0.0,0.0,20.00400161743164,0.0,0.056266605854034424,0.3232336938381195,9.160682678222656,-0.0001051928848028183,-0.000982724130153656,-0.001468755304813385,32.54612350463867,41.5272331237793,-81.81044006347656
13.929991960525513,0,8.946468353271484,0.001035441062413156,0.0,-4.780680179595947,2.004000186920166,2940.0,-0.0,0.0,20.00800132751465,0.0,0.04130208492279053,0.30467769503593445,9.167865753173828,-0.0011704731732606888,0.0003488771617412567,-0.001468755304813385,33.07676696777344,40.63990020751953,-81.29911804199219
13.95011043548584,0,8.946468353271484,0.000853287463542074,0.0,-4.780680179595947,2.004000186920166,2944.0,-0.0,0.0,20.00400161743164,0.0,0.06464674323797226,0.27355149388313293,9.133746147155762,-0.0005046725273132324,-0.00045008398592472076,-0.0016019148752093315,31.131074905395508,39.39763259887695,-81.46955871582031
13.97045350074768,0,8.946468353271484,0.0007000630139373243,0.0,-4.780680179595947,2.0199999809265137,2936.0,-0.0,0.0,20.00800132751465,0.0,0.04609072953462601,0.25738978385925293,9.12416934967041,-0.001569952815771103,8.255615830421448e-05,-0.0009361151605844498,32.89988708496094,41.5272331237793,-81.81044006347656
