time,layout.data_offset,data[0],data[1],data[2],data[3],data[4],data[5],data[6],data[7],data[8],data[9],data[10],data[11],data[12],data[13],data[14],data[15],data[16],data[17],data[18]
0.0,0,-9.413422584533691,-2.1818217089537402e-42,0.0,0.006895598955452442,2.01200008392334,2972.0,-0.0,0.0,20.00800132751465,0.0,0.12929348647594452,0.2531997263431549,9.066106796264648,-0.0010532904416322708,0.0006258580833673477,0.0001278351992368698,15.565537452697754,15.972012519836426,-89.65060424804688
0.020073413848876953,0,-9.413422584533691,-1.793662034335766e-42,0.0,0.006895598955452442,2.01200008392334,2944.0,-0.0,0.0,20.00800132751465,0.0,0.13228638470172882,0.2579883933067322,9.080472946166992,0.0005446299910545349,0.0003595389425754547,0.0009267954155802727,15.74241828918457,17.5692138671875,-89.821044921875
0.0403742790222168,0,-9.413422584533691,-1.471363387541058e-42,0.0,0.006895598955452442,2.01200008392334,2940.0,-0.0,0.0,20.012001037597656,0.0,0.12630057334899902,0.2472139149904251,9.069099426269531,-0.0005206502974033356,0.001291658729314804,0.0002609947696328163,17.864992141723633,16.504413604736328,-89.821044921875
0.060787200927734375,0,-9.413422584533691,-1.2093205747123171e-42,0.0,0.006895598955452442,2.01200008392334,2940.0,-0.0,0.0,20.012001037597656,0.0,0.12390625476837158,0.2579883933067322,9.101423263549805,0.0014767516404390335,0.0014248192310333252,-0.0010706055909395218,16.273061752319336,16.326946258544922,-89.65060424804688
0.0808420181274414,0,-9.413422584533691,-9.921193127419705e-43,0.0,0.006895598955452442,2.0280001163482666,2944.0,-0.0,0.0,20.016000747680664,0.0,0.13468070328235626,0.2633756101131439,9.070895195007324,0.0002783108502626419,0.0007590185850858688,-5.325302481651306e-06,16.980587005615234,14.552278518676758,-90.67323303222656
0.10113263130187988,0,-9.413422584533691,-8.127531093083939e-43,0.0,0.006895598955452442,2.01200008392334,2980.0,-0.0,0.0,20.00400161743164,0.0,0.1370750367641449,0.2693614065647125,9.069698333740234,-0.001319611445069313,0.0019574593752622604,-0.0008042855188250542,15.919299125671387,15.26214599609375,-89.9914779663086
0.12128019332885742,0,-9.413422584533691,-6.670180690186129e-43,0.0,0.006895598955452442,2.01200008392334,2944.0,-0.0,0.0,20.012001037597656,0.0,0.1340821236371994,0.24960824847221375,9.097232818603516,-0.0005206502974033356,0.0019574593752622604,0.0010599549859762192,15.388655662536621,17.5692138671875,-89.821044921875
0.14159893989562988,0,-9.413422584533691,-5.4650640108667866e-43,0.0,0.006895598955452442,2.01200008392334,2940.0,-0.0,0.0,20.00800132751465,0.0,0.13647645711898804,0.24781250953674316,9.09364128112793,-0.00012117065489292145,0.002756420522928238,-0.0010706055909395218,16.8037052154541,15.794546127319336,-91.1845474243164
0.16176509857177734,0,-9.413422584533691,-4.484155085839415e-43,0.0,0.006895598955452442,2.01200008392334,2940.0,-0.0,0.0,20.00800132751465,0.0,0.10654740780591965,0.25559404492378235,9.078078269958496,1.198984682559967e-05,0.0007590185850858688,0.0009267954155802727,16.273061752319336,15.26214599609375,-91.01410675048828
0.1820542812347412,0,-9.413422584533691,-3.685414961174269e-43,0.0,0.006895598955452442,2.004000186920166,2940.0,-0.0,0.0,20.012001037597656,0.0,0.14964522421360016,0.23344656825065613,9.100225448608398,-0.00012117065489292145,0.0016911383718252182,0.001459435559809208,16.980587005615234,15.26214599609375,-90.67323303222656
0.20243263244628906,0,-9.413422584533691,-3.0127916982983567e-43,0.0,0.006895598955452442,2.01200008392334,2952.0,-0.0,0.0,20.012001037597656,0.0,0.12570199370384216,0.2651713490486145,9.103219032287598,0.0010772701352834702,0.0022237785160541534,-0.0001384848728775978,17.864992141723633,15.084678649902344,-90.50279235839844
0.222642183303833,0,-9.413422584533691,-2.45227231256843e-43,0.0,0.006895598955452442,2.01200008392334,2940.0,-0.0,0.0,20.00400161743164,0.0,0.14066651463508606,0.24242527782917023,9.082268714904785,-0.0005206502974033356,0.0014248192310333252,0.0005273148417472839,17.334348678588867,17.746681213378906,-88.9688491821289
0.24281859397888184,0,-9.413422584533691,-2.0178697886277366e-43,0.0,0.006895598955452442,2.01200008392334,2940.0,-0.0,0.0,20.016000747680664,0.0,0.12091334909200668,0.25379830598831177,9.081070899963379,0.000944109633564949,0.0024900995194911957,-0.0006711259484291077,16.273061752319336,17.391746520996094,-89.65060424804688
0.2630496025085449,0,-9.413422584533691,-1.6675451725465323e-43,0.0,0.006895598955452442,2.01200008392334,2936.0,-0.0,0.0,20.016000747680664,0.0,0.13468070328235626,0.24960824847221375,9.078078269958496,-0.0006538107991218567,0.0010253377258777618,-5.325302481651306e-06,16.980587005615234,15.794546127319336,-90.16191864013672
0.28328728675842285,0,-9.413422584533691,-1.3732724950383207e-43,0.0,0.006895598955452442,2.008000135421753,2940.0,-0.0,0.0,20.00800132751465,0.0,0.14665232598781586,0.2783401310443878,9.084064483642578,-0.0005206502974033356,0.0015579797327518463,0.0007936349138617516,16.44994354248047,17.21428108215332,-90.50279235839844
0.3034083843231201,0,-9.413422584533691,-1.0930128021733573e-43,0.0,0.006895598955452442,2.01200008392334,2948.0,-0.0,0.0,20.012001037597656,0.0,0.14186367392539978,0.24841108918190002,9.0786771774292,-0.00025433115661144257,0.0015579797327518463,-0.001203766092658043,15.034893989562988,14.729744911193848,-90.16191864013672
0.32372546195983887,0,-9.413422584533691,-9.388699710976274e-44,0.0,0.006895598955452442,2.01200008392334,2940.0,-0.0,0.0,20.00400161743164,0.0,0.13288496434688568,0.2460167557001114,9.069698333740234,0.000677790492773056,0.00288957916200161,-0.0018695667386054993,17.334348678588867,16.326946258544922,-89.9914779663086
0.34403157234191895,0,-9.413422584533691,-7.847271400218976e-44,0.0,0.006895598955452442,2.01200008392334,3008.0,-0.0,0.0,20.00400161743164,0.0,0.14485658705234528,0.24481959640979767,9.096035957336426,-0.00038748979568481445,0.0007590185850858688,-5.325302481651306e-06,17.511228561401367,16.504413604736328,-91.1845474243164
0.3641791343688965,0,-9.413422584533691,-6.445972935894159e-44,0.0,0.006895598955452442,2.01200008392334,2940.0,-0.0,0.0,20.00400161743164,0.0,0.14066651463508606,0.25679120421409607,9.067303657531738,0.0010772701352834702,0.0018242988735437393,-5.325302481651306e-06,17.6881103515625,17.036813735961914,-91.69586181640625
0.3845701217651367,0,-9.413422584533691,-5.044674471569341e-44,0.0,0.006895598955452442,2.004000186920166,2948.0,-0.0,0.0,20.012001037597656,0.0,0.11851902306079865,0.27175575494766235,9.094240188598633,0.000677790492773056,0.0020906198769807816,0.0002609947696328163,16.980587005615234,15.972012519836426,-91.35498809814453
0.4046652317047119,0,-9.413422584533691,-3.783505853677006e-44,0.0,0.006895598955452442,2.01200008392334,2948.0,-0.0,0.0,20.012001037597656,0.0,0.13049064576625824,0.24900966882705688,9.09244441986084,0.0005446299910545349,0.0016911383718252182,-0.0001384848728775978,18.041872024536133,15.26214599609375,-92.0367431640625
0.4249725341796875,0,-9.413422584533691,-3.5032461608120427e-44,0.0,0.006895598955452442,2.01200008392334,2940.0,-0.0,0.0,20.00800132751465,0.0,0.1251034140586853,0.25439688563346863,9.057127952575684,0.0004114694893360138,0.0015579797327518463,0.0018589161336421967,16.980587005615234,17.391746520996094,-91.01410675048828
0.4451155662536621,0,-9.413422584533691,-3.363116314379561e-44,0.0,0.006895598955452442,2.01200008392334,3084.0,-0.0,0.0,20.00400161743164,0.0,0.14964522421360016,0.24841108918190002,9.103219032287598,0.0008109509944915771,0.0006258580833673477,-5.325302481651306e-06,16.8037052154541,16.859346389770508,-90.50279235839844
0.46566152572631836,0,-9.413422584533691,-3.2229864679470793e-44,0.0,0.006895598955452442,2.01200008392334,2948.0,-0.0,0.0,20.012001037597656,0.0,0.14246225357055664,0.24900966882705688,9.089451789855957,-0.0009201299399137497,0.0015579797327518463,-0.00040480587631464005,15.565537452697754,16.326946258544922,-90.67323303222656
0.4858672618865967,0,-9.413422584533691,-3.0828566215145976e-44,0.0,0.006895598955452442,2.01200008392334,2944.0,-0.0,0.0,20.012001037597656,0.0,0.1280963122844696,0.2370380461215973,9.05652904510498,0.000944109633564949,0.0010253377258777618,-0.002535366453230381,15.034893989562988,17.5692138671875,-90.50279235839844
0.5060346126556396,0,-9.413422584533691,-2.942726775082116e-44,0.0,0.006895598955452442,2.01200008392334,2984.0,-0.0,0.0,20.012001037597656,0.0,0.13887077569961548,0.23763662576675415,9.052339553833008,0.0013435911387205124,0.0014248192310333252,0.0002609947696328163,18.218753814697266,15.084678649902344,-90.84367370605469
0.5262691974639893,0,-9.413422584533691,-2.802596928649634e-44,0.0,0.006895598955452442,2.01200008392334,2936.0,-0.0,0.0,20.032001495361328,0.0,0.15443387627601624,0.25679120421409607,9.089451789855957,1.198984682559967e-05,0.0022237785160541534,-0.0010706055909395218,15.74241828918457,15.794546127319336,-91.1845474243164
0.5463495254516602,0,-9.413422584533691,-2.6624670822171524e-44,-0.0,2.6624670822171524e-43,2.01200008392334,3080.0,-0.0,2.0,20.00400161743164,0.0,0.13647645711898804,0.2520025670528412,9.080472946166992,-0.00038748979568481445,0.0014248192310333252,-0.0001384848728775978,17.334348678588867,17.036813735961914,-91.69586181640625
0.5666952133178711,0,-9.413422584533691,-2.5223372357846707e-44,-0.0,2.5223372357846707e-43,2.008000135421753,2948.0,-0.0,2.0,20.016000747680664,0.0,0.13288496434688568,0.2502068281173706,9.09483814239502,0.0005446299910545349,0.0007590185850858688,0.0001278351992368698,16.8037052154541,15.084678649902344,-90.84367370605469
0.586876630783081,0,-9.413422584533691,-2.382207389352189e-44,-0.0,2.382207389352189e-43,2.01200008392334,2940.0,-0.0,2.0,20.016000747680664,0.0,0.12689915299415588,0.2502068281173706,9.071494102478027,-0.00038748979568481445,0.0004926975816488266,-0.0002716453745961189,16.8037052154541,16.859346389770508,-91.1845474243164
0.6071875095367432,0,-9.413422584533691,-2.2420775429197073e-44,-0.0,2.2420775429197073e-43,2.008000135421753,2964.0,-0.0,2.0,20.00400161743164,0.0,0.12270908802747726,0.25858697295188904,9.08825397491455,0.0008109509944915771,0.0004926975816488266,0.0001278351992368698,16.8037052154541,16.504413604736328,-90.84367370605469
0.6275310516357422,0,-9.413422584533691,-2.1019476964872256e-44,-0.0,2.1019476964872256e-43,2.008000135421753,2944.0,-0.0,2.0,20.00400161743164,0.0,0.1280963122844696,0.22985507547855377,9.088852882385254,-0.00025433115661144257,-0.00043942220509052277,0.0011931154876947403,16.273061752319336,17.036813735961914,-90.33235931396484
0.6477196216583252,0,-9.413422584533691,-1.961817850054744e-44,-0.0,1.961817850054744e-43,2.01200008392334,3016.0,-0.0,2.0,20.012001037597656,0.0,0.14246225357055664,0.23643946647644043,9.085261344909668,0.0010772701352834702,0.0010253377258777618,-5.325302481651306e-06,16.8037052154541,15.084678649902344,-91.52542877197266
0.667797327041626,0,-9.413422584533691,-1.961817850054744e-44,-0.0,1.961817850054744e-43,2.008000135421753,2944.0,-0.0,2.0,20.00800132751465,0.0,0.13587787747383118,0.24661533534526825,9.07328987121582,0.000944109633564949,0.0019574593752622604,-0.0001384848728775978,16.096179962158203,16.859346389770508,-90.50279235839844
0.6881380081176758,0,-9.413422584533691,-1.8216880036222622e-44,-0.0,1.821688003622262e-43,2.004000186920166,2940.0,-0.0,2.0,20.020000457763672,0.0,0.13827219605445862,0.24960824847221375,9.085261344909668,0.000677790492773056,0.0022237785160541534,0.0011931154876947403,15.919299125671387,16.681880950927734,-91.01410675048828
0.708381175994873,0,-9.413422584533691,-1.6815581571897805e-44,-0.0,1.6815581571897805e-43,2.008000135421753,2964.0,-0.0,2.0,20.012001037597656,0.0,0.1251034140586853,0.25260114669799805,9.057127952575684,0.000944109633564949,0.001158498227596283,-0.002135886810719967,17.511228561401367,16.859346389770508,-90.16191864013672
0.728569746017456,0,-9.413422584533691,-1.6815581571897805e-44,-0.0,1.6815581571897805e-43,2.008000135421753,2944.0,-0.0,2.0,20.00800132751465,0.0,0.14246225357055664,0.2280593365430832,9.066106796264648,0.0001451503485441208,0.0010253377258777618,0.0001278351992368698,17.334348678588867,17.036813735961914,-92.71849060058594
0.7488441467285156,0,-9.413422584533691,-1.6815581571897805e-44,-0.0,1.6815581571897805e-43,2.008000135421753,2956.0,-0.0,2.0,20.012001037597656,0.0,0.13647645711898804,0.25080540776252747,9.072092056274414,0.0005446299910545349,0.00089217908680439,-0.0010706055909395218,17.334348678588867,16.681880950927734,-89.65060424804688
0.7690355777740479,0,-9.413422584533691,-1.6815581571897805e-44,-0.0,1.6815581571897805e-43,2.01200008392334,2940.0,-0.0,2.0,20.00400161743164,0.0,0.12450483441352844,0.22865791618824005,9.07568359375,0.0002783108502626419,0.003155900165438652,-0.00040480587631464005,16.44994354248047,15.43961238861084,-91.86630249023438
0.7893235683441162,0,-9.413422584533691,-1.6815581571897805e-44,-0.0,1.6815581571897805e-43,2.0160000324249268,2944.0,-0.0,2.0,20.012001037597656,0.0,0.14784948527812958,0.25738978385925293,9.097232818603516,-0.001319611445069313,0.0020906198769807816,-0.001203766092658043,17.864992141723633,15.43961238861084,-89.48016357421875
0.8094925880432129,0,-9.413422584533691,-1.6815581571897805e-44,-0.0,1.6815581571897805e-43,2.008000135421753,2968.0,-0.0,2.0,20.00400161743164,0.0,0.1161246970295906,0.234045147895813,9.05652904510498,0.0016099102795124054,0.003155900165438652,-0.0002716453745961189,16.980587005615234,17.036813735961914,-91.01410675048828
0.82977294921875,0,-9.413422584533691,-1.6815581571897805e-44,-0.0,1.6815581571897805e-43,2.0160000324249268,2940.0,-0.0,2.0,20.012001037597656,0.0,0.13647645711898804,0.26756566762924194,9.081070899963379,0.0002783108502626419,0.001291658729314804,-5.325302481651306e-06,17.157466888427734,15.084678649902344,-89.48016357421875
0.8500967025756836,0,-9.413422584533691,-1.6815581571897805e-44,-0.0,1.6815581571897805e-43,2.01200008392334,2964.0,-0.0,2.0,20.012001037597656,0.0,0.12630057334899902,0.2549954652786255,9.10501480102539,1.198984682559967e-05,0.0014248192310333252,-5.325302481651306e-06,17.6881103515625,16.681880950927734,-91.01410675048828
0.8702297210693359,0,-9.413422584533691,-1.6815581571897805e-44,-0.0,1.6815581571897805e-43,2.008000135421753,2952.0,-0.0,2.0,20.00800132751465,0.0,0.13527928292751312,0.24481959640979767,9.115788459777832,0.0001451503485441208,0.0014248192310333252,0.0010599549859762192,16.62682342529297,15.61707878112793,-90.33235931396484
0.890561580657959,0,-9.413422584533691,-1.6815581571897805e-44,-0.0,1.6815581571897805e-43,2.008000135421753,2940.0,-0.0,2.0,20.00800132751465,0.0,0.1340821236371994,0.24541817605495453,9.085261344909668,0.0001451503485441208,0.0010253377258777618,-5.325302481651306e-06,16.8037052154541,16.504413604736328,-90.16191864013672
0.9108598232269287,0,-9.413422584533691,-1.6815581571897805e-44,-0.0,1.6815581571897805e-43,2.01200008392334,2948.0,-0.0,2.0,20.012001037597656,0.0,0.1340821236371994,0.25978413224220276,9.089451789855957,-0.00012117065489292145,0.0018242988735437393,0.0002609947696328163,16.273061752319336,17.036813735961914,-91.01410675048828
0.9310431480407715,0,-9.413422584533691,-1.6815581571897805e-44,-0.0,1.6815581571897805e-43,2.01200008392334,2940.0,-0.0,2.0,20.00800132751465,0.0,0.13049064576625824,0.24841108918190002,9.058923721313477,0.0001451503485441208,0.001291658729314804,-0.0001384848728775978,16.62682342529297,17.391746520996094,-90.67323303222656
0.9513022899627686,0,-9.413422584533691,-1.6815581571897805e-44,-0.0,1.6815581571897805e-43,2.008000135421753,2972.0,-0.0,2.0,20.00400161743164,0.0,0.11492753773927689,0.24062953889369965,9.090049743652344,0.0004114694893360138,0.002623260021209717,-0.0005379654467105865,18.926279067993164,16.149478912353516,-92.2071762084961
0.971463680267334,0,-9.413422584533691,-1.6815581571897805e-44,-0.0,1.6815581571897805e-43,2.008000135421753,2936.0,-0.0,2.0,20.012001037597656,0.0,0.15263813734054565,0.25559404492378235,9.064909934997559,-0.00012117065489292145,-0.00043942220509052277,-0.0001384848728775978,16.62682342529297,17.036813735961914,-90.67323303222656
0.9917428493499756,0,-9.413422584533691,-1.6815581571897805e-44,-0.0,1.6815581571897805e-43,2.008000135421753,2948.0,-0.0,2.0,20.00400161743164,0.0,0.12869489192962646,0.2514039874076843,9.09124755859375,-0.001585930585861206,0.001158498227596283,-5.325302481651306e-06,16.980587005615234,15.61707878112793,-89.65060424804688
1.0119194984436035,0,-9.413422584533691,-1.6815581571897805e-44,-0.0,1.6815581571897805e-43,2.008000135421753,2952.0,-0.0,2.0,20.00400161743164,0.0,0.11253321170806885,0.2531997263431549,9.068501472473145,-0.00012117065489292145,0.002623260021209717,-0.0017364062368869781,18.218753814697266,16.149478912353516,-91.1845474243164
1.0322186946868896,0,-9.413422584533691,-1.6815581571897805e-44,-0.0,1.6815581571897805e-43,2.0160000324249268,2948.0,-0.0,2.0,20.00400161743164,0.0,0.14246225357055664,0.22147494554519653,9.081669807434082,1.198984682559967e-05,0.0015579797327518463,-5.325302481651306e-06,16.8037052154541,16.504413604736328,-90.50279235839844
1.0523626804351807,0,-9.413422584533691,-1.6815581571897805e-44,-0.0,1.6815581571897805e-43,2.008000135421753,2972.0,-0.0,2.0,20.012001037597656,0.0,0.11732186377048492,0.25080540776252747,9.063114166259766,-0.001186450943350792,0.0018242988735437393,-0.0008042855188250542,16.44994354248047,16.504413604736328,-90.16191864013672
1.0726649761199951,0,-9.413422584533691,-1.6815581571897805e-44,-0.0,1.6815581571897805e-43,2.008000135421753,2940.0,-0.0,2.0,20.00800132751465,0.0,0.11373037844896317,0.2520025670528412,9.090049743652344,0.0021425504237413406,0.0015579797327518463,-0.0009374460205435753,17.6881103515625,16.681880950927734,-89.9914779663086
1.092968225479126,0,-9.413422584533691,-1.6815581571897805e-44,-0.0,1.6815581571897805e-43,2.01200008392334,2944.0,-0.0,2.0,20.012001037597656,0.0,0.1370750367641449,0.25080540776252747,9.084662437438965,0.0005446299910545349,0.00089217908680439,0.001459435559809208,18.3956356048584,16.681880950927734,-92.0367431640625
1.1131234169006348,0,-9.413422584533691,-1.6815581571897805e-44,-0.0,1.6815581571897805e-43,2.008000135421753,2940.0,-0.0,2.0,20.012001037597656,0.0,0.13348354399204254,0.24182669818401337,9.07568359375,0.0005446299910545349,0.0014248192310333252,-0.0002716453745961189,16.096179962158203,17.21428108215332,-91.1845474243164
1.1334259510040283,0,-9.413422584533691,-1.6815581571897805e-44,-0.0,1.6815581571897805e-43,2.0160000324249268,2944.0,-0.0,2.0,20.012001037597656,0.0,0.16161684691905975,0.26876282691955566,9.058324813842773,0.0002783108502626419,0.001291658729314804,-0.001203766092658043,15.919299125671387,16.326946258544922,-91.01410675048828
1.153571605682373,0,-9.413422584533691,-1.6815581571897805e-44,-0.0,1.6815581571897805e-43,2.008000135421753,2972.0,-0.0,2.0,20.012001037597656,0.0,0.1370750367641449,0.238235205411911,9.101423263549805,-0.00012117065489292145,0.0010253377258777618,-0.0010706055909395218,16.8037052154541,15.794546127319336,-90.50279235839844
1.1738767623901367,0,-9.413422584533691,-1.6815581571897805e-44,-0.0,1.6815581571897805e-43,2.01200008392334,2944.0,-0.0,2.0,20.016000747680664,0.0,0.14485658705234528,0.2591855525970459,9.09364128112793,0.0001451503485441208,0.00089217908680439,-0.0002716453745961189,16.44994354248047,17.5692138671875,-91.86630249023438
1.1944341659545898,0,-9.413422584533691,-1.6815581571897805e-44,-0.0,1.6815581571897805e-43,2.008000135421753,3024.0,-0.0,2.0,20.00800132751465,0.0,0.12929348647594452,0.25260114669799805,9.0786771774292,0.0002783108502626419,0.001291658729314804,-0.0005379654467105865,16.8037052154541,16.149478912353516,-91.86630249023438
1.2157411575317383,0,-9.413422584533691,-1.6815581571897805e-44,-0.0,1.6815581571897805e-43,2.008000135421753,2944.0,-0.0,2.0,20.012001037597656,0.0,0.1191176027059555,0.2633756101131439,9.109803199768066,-0.0006538107991218567,0.0015579797327518463,-0.0010706055909395218,17.157466888427734,16.149478912353516,-90.16191864013672
1.235205888748169,0,-9.413422584533691,-1.6815581571897805e-44,-0.0,1.6815581571897805e-43,2.004000186920166,2944.0,-0.0,2.0,20.016000747680664,0.0,0.11971618235111237,0.2693614065647125,9.082268714904785,0.000677790492773056,0.0016911383718252182,-5.325302481651306e-06,15.74241828918457,17.21428108215332,-92.2071762084961
1.2568564414978027,0,-9.413422584533691,-1.6815581571897805e-44,-0.0,1.6815581571897805e-43,2.01200008392334,2980.0,-0.0,2.0,20.012001037597656,0.0,0.12031476944684982,0.25559404492378235,9.068501472473145,-0.00012117065489292145,0.00089217908680439,-0.001203766092658043,17.334348678588867,15.972012519836426,-91.35498809814453
1.275160312652588,0,-9.413422584533691,-1.6815581571897805e-44,-0.0,1.6815581571897805e-43,2.008000135421753,2944.0,-0.0,2.0,20.016000747680664,0.0,0.12869489192962646,0.24481959640979767,9.071494102478027,0.0008109509944915771,-0.00017310120165348053,-0.0008042855188250542,18.3956356048584,16.681880950927734,-89.65060424804688
1.2954792976379395,0,-9.413422584533691,-1.5414283107572988e-44,-0.0,1.5414283107572988e-43,2.008000135421753,3088.0,-0.0,2.0,20.012001037597656,0.0,0.14246225357055664,0.25858697295188904,9.084064483642578,0.0008109509944915771,0.0006258580833673477,-5.325302481651306e-06,16.980587005615234,17.391746520996094,-91.69586181640625
1.3156161308288574,0,-9.413422584533691,-1.5414283107572988e-44,-0.0,1.5414283107572988e-43,2.008000135421753,2944.0,-0.0,2.0,20.016000747680664,0.0,0.15084239840507507,0.23643946647644043,9.067902565002441,-0.0005206502974033356,0.00089217908680439,-0.0002716453745961189,15.74241828918457,16.859346389770508,-90.50279235839844
1.3358604907989502,0,-9.413422584533691,-1.5414283107572988e-44,-0.0,1.5414283107572988e-43,2.01200008392334,2944.0,-0.0,2.0,20.00800132751465,0.0,0.14665232598781586,0.24900966882705688,9.101423263549805,-0.0005206502974033356,0.0014248192310333252,0.0005273148417472839,15.919299125671387,16.326946258544922,-91.35498809814453
1.3560009002685547,0,-9.413422584533691,-1.5414283107572988e-44,-0.0,1.5414283107572988e-43,2.008000135421753,2960.0,-0.0,2.0,20.016000747680664,0.0,0.11552611738443375,0.25559404492378235,9.084662437438965,-0.00012117065489292145,0.0014248192310333252,0.0002609947696328163,17.334348678588867,15.972012519836426,-91.35498809814453
1.3765878677368164,0,-9.413422584533691,-1.5414283107572988e-44,-0.0,1.5414283107572988e-43,2.008000135421753,2940.0,-0.0,2.0,20.00400161743164,0.0,0.15622961521148682,0.24541817605495453,9.07328987121582,0.0001451503485441208,0.0014248192310333252,-0.0018695667386054993,15.919299125671387,15.26214599609375,-90.67323303222656
1.3964958190917969,0,-9.413422584533691,-1.5414283107572988e-44,-0.0,1.5414283107572988e-43,2.008000135421753,3076.0,-0.0,2.0,20.012001037597656,0.0,0.11792044341564178,0.2442210167646408,9.098429679870605,0.000677790492773056,0.002756420522928238,0.000660475343465805,15.919299125671387,17.746681213378906,-89.9914779663086
1.4168150424957275,0,-9.413422584533691,-1.5414283107572988e-44,-0.0,1.5414283107572988e-43,2.008000135421753,2940.0,-0.0,2.0,20.00400161743164,0.0,0.1310892254114151,0.24960824847221375,9.070297241210938,-0.0005206502974033356,0.0022237785160541534,0.0002609947696328163,17.334348678588867,17.391746520996094,-90.67323303222656
1.437131643295288,0,-9.413422584533691,-1.5414283107572988e-44,-0.0,1.5414283107572988e-43,2.01200008392334,2948.0,-0.0,2.0,20.00800132751465,0.0,0.11193463206291199,0.2549954652786255,9.085261344909668,0.0005446299910545349,0.0016911383718252182,-0.0005379654467105865,17.157466888427734,16.149478912353516,-90.50279235839844
1.45725679397583,0,-9.413422584533691,-1.5414283107572988e-44,-0.0,1.5414283107572988e-43,2.008000135421753,2960.0,-0.0,2.0,20.00800132751465,0.0,0.1430608481168747,0.27055856585502625,9.051141738891602,0.0013435911387205124,0.0015579797327518463,0.0002609947696328163,16.980587005615234,16.681880950927734,-90.33235931396484
1.4776182174682617,0,-9.413422584533691,-1.5414283107572988e-44,-0.0,1.5414283107572988e-43,2.0280001163482666,2944.0,-0.0,2.0,20.02400016784668,0.0,0.1161246970295906,0.2412281185388565,9.097232818603516,-0.001452770084142685,0.0004926975816488266,-0.001203766092658043,15.74241828918457,16.859346389770508,-90.16191864013672
1.497788429260254,0,-9.413422584533691,-1.5414283107572988e-44,-0.0,1.5414283107572988e-43,2.008000135421753,3008.0,-0.0,2.0,20.012001037597656,0.0,0.1370750367641449,0.24960824847221375,9.057127952575684,0.0002783108502626419,0.00089217908680439,-0.0001384848728775978,18.041872024536133,16.681880950927734,-92.0367431640625
1.5182878971099854,0,-9.413422584533691,-1.5414283107572988e-44,-0.0,1.5414283107572988e-43,2.01200008392334,2940.0,-0.0,2.0,20.016000747680664,0.0,0.11432895809412003,0.25978413224220276,9.0541353225708,-0.00012117065489292145,0.0019574593752622604,-0.0010706055909395218,16.62682342529297,15.972012519836426,-91.35498809814453
1.5384390354156494,0,-9.413422584533691,-1.5414283107572988e-44,-0.0,1.5414283107572988e-43,2.008000135421753,2944.0,-0.0,2.0,20.012001037597656,0.0,0.13887077569961548,0.23464372754096985,9.067902565002441,-0.00038748979568481445,0.001158498227596283,0.0005273148417472839,16.273061752319336,17.391746520996094,-91.01410675048828
1.5593600273132324,0,-9.413422584533691,-1.5414283107572988e-44,-0.0,1.5414283107572988e-43,2.01200008392334,2980.0,-0.0,2.0,20.00400161743164,0.0,0.15084239840507507,0.24781250953674316,9.064311027526855,-0.0006538107991218567,0.0014248192310333252,-0.0008042855188250542,16.096179962158203,17.21428108215332,-90.84367370605469
1.579946517944336,0,-9.413422584533691,-1.5414283107572988e-44,-0.0,1.5414283107572988e-43,2.01200008392334,2948.0,-0.0,2.0,20.016000747680664,0.0,0.14246225357055664,0.2352423071861267,9.091845512390137,-0.0007869713008403778,0.0014248192310333252,-5.325302481651306e-06,17.157466888427734,16.149478912353516,-92.2071762084961
1.5991382598876953,0,-9.413422584533691,-1.5414283107572988e-44,-0.0,1.5414283107572988e-43,2.01200008392334,2968.0,-0.0,2.0,20.016000747680664,0.0,0.13647645711898804,0.25559404492378235,9.11040210723877,-0.00038748979568481445,0.0018242988735437393,-0.0006711259484291077,16.62682342529297,14.907212257385254,-90.33235931396484
1.6193342208862305,0,-9.413422584533691,-1.5414283107572988e-44,-0.0,1.5414283107572988e-43,2.01200008392334,2940.0,-0.0,2.0,20.00400161743164,0.0,0.14964522421360016,0.23643946647644043,9.07328987121582,0.0001451503485441208,0.0019574593752622604,-0.0010706055909395218,16.8037052154541,15.084678649902344,-91.1845474243164
1.6394352912902832,0,-9.413422584533691,-1.5414283107572988e-44,-0.0,1.5414283107572988e-43,2.004000186920166,2948.0,-0.0,2.0,20.012001037597656,0.0,0.13887077569961548,0.25260114669799805,9.0786771774292,0.0013435911387205124,0.0014248192310333252,-0.0001384848728775978,17.334348678588867,16.681880950927734,-90.33235931396484
1.659820795059204,0,-9.413422584533691,-1.5414283107572988e-44,-0.0,1.5414283107572988e-43,2.008000135421753,2968.0,-0.0,2.0,20.00400161743164,0.0,0.11672328412532806,0.24362243711948395,9.097831726074219,0.0004114694893360138,0.001291658729314804,-0.001603245735168457,17.157466888427734,17.21428108215332,-91.52542877197266
1.6800928115844727,0,-9.413422584533691,-1.5414283107572988e-44,-0.0,1.5414283107572988e-43,2.0280001163482666,2940.0,-0.0,2.0,20.012001037597656,0.0,0.13348354399204254,0.23883378505706787,9.054733276367188,-0.001585930585861206,0.0016911383718252182,0.0001278351992368698,16.62682342529297,16.681880950927734,-90.67323303222656
1.7002251148223877,0,-9.413422584533691,-1.5414283107572988e-44,-0.0,1.5414283107572988e-43,2.004000186920166,2976.0,-0.0,2.0,20.00800132751465,0.0,0.11792044341564178,0.2603827118873596,9.104415893554688,1.198984682559967e-05,0.0019574593752622604,-0.0002716453745961189,16.273061752319336,15.61707878112793,-91.01410675048828
1.7203681468963623,0,-9.413422584533691,-1.5414283107572988e-44,-0.0,1.5414283107572988e-43,2.01200008392334,2944.0,-0.0,2.0,20.016000747680664,0.0,0.14784948527812958,0.24362243711948395,9.082268714904785,1.198984682559967e-05,0.0015579797327518463,-0.0010706055909395218,17.157466888427734,16.504413604736328,-89.48016357421875
1.74068021774292,0,-9.413422584533691,-1.5414283107572988e-44,-0.0,1.5414283107572988e-43,2.008000135421753,2944.0,-0.0,2.0,20.00400161743164,0.0,0.14186367392539978,0.25260114669799805,9.096633911132812,-0.0005206502974033356,0.001291658729314804,0.0005273148417472839,16.980587005615234,16.326946258544922,-91.01410675048828
1.7610878944396973,0,-9.413422584533691,-1.5414283107572988e-44,-0.0,1.5414283107572988e-43,2.008000135421753,2940.0,-0.0,2.0,20.012001037597656,0.0,0.12929348647594452,0.2561926245689392,9.085261344909668,-0.0006538107991218567,0.0007590185850858688,-5.325302481651306e-06,17.6881103515625,15.61707878112793,-90.33235931396484
1.7811412811279297,0,-9.413422584533691,-1.5414283107572988e-44,-0.0,1.5414283107572988e-43,2.004000186920166,2948.0,-0.0,2.0,20.00800132751465,0.0,0.15263813734054565,0.25379830598831177,9.113993644714355,-0.0010532904416322708,0.0014248192310333252,-0.0001384848728775978,17.157466888427734,16.504413604736328,-91.1845474243164
1.8014566898345947,0,-9.413422584533691,-1.5414283107572988e-44,-0.0,1.5414283107572988e-43,2.01200008392334,2964.0,-0.0,2.0,20.00800132751465,0.0,0.14485658705234528,0.24841108918190002,9.089451789855957,-0.0005206502974033356,0.0020906198769807816,-0.0005379654467105865,16.44994354248047,16.149478912353516,-90.16191864013672
1.8216338157653809,0,-9.413422584533691,-1.5414283107572988e-44,-0.0,1.5414283107572988e-43,2.008000135421753,2948.0,-0.0,2.0,20.016000747680664,0.0,0.13767361640930176,0.2520025670528412,9.103219032287598,-0.00012117065489292145,0.00089217908680439,-0.001203766092658043,16.273061752319336,16.681880950927734,-93.05937194824219
1.8419344425201416,0,-9.413422584533691,-1.5414283107572988e-44,-0.0,1.5414283107572988e-43,2.01200008392334,2948.0,-0.0,2.0,20.00800132751465,0.0,0.15084239840507507,0.2430238574743271,9.091845512390137,0.0001451503485441208,0.001158498227596283,-0.0006711259484291077,16.44994354248047,16.149478912353516,-90.50279235839844
1.8621675968170166,0,-9.413422584533691,-1.5414283107572988e-44,-0.0,1.5414283107572988e-43,2.008000135421753,2944.0,-0.0,2.0,20.00400161743164,0.0,0.11552611738443375,0.2621784508228302,9.090648651123047,0.0004114694893360138,0.0020906198769807816,-0.0005379654467105865,15.565537452697754,14.907212257385254,-91.69586181640625
1.8823869228363037,0,-9.413422584533691,-1.5414283107572988e-44,-0.0,1.5414283107572988e-43,2.0160000324249268,2940.0,-0.0,2.0,20.016000747680664,0.0,0.13228638470172882,0.2502068281173706,9.07328987121582,-0.0009201299399137497,0.0014248192310333252,0.0010599549859762192,16.8037052154541,17.924148559570312,-91.52542877197266
1.9025373458862305,0,-9.413422584533691,-1.5414283107572988e-44,-0.0,1.5414283107572988e-43,2.01200008392334,2960.0,-0.0,2.0,20.016000747680664,0.0,0.12450483441352844,0.2460167557001114,9.079874038696289,0.000944109633564949,0.0019574593752622604,-0.0008042855188250542,16.273061752319336,17.036813735961914,-91.01410675048828
1.9228954315185547,0,-9.413422584533691,-1.5414283107572988e-44,-0.0,1.5414283107572988e-43,2.008000135421753,2948.0,-0.0,2.0,20.012001037597656,0.0,0.1400679349899292,0.25439688563346863,9.081669807434082,0.0001451503485441208,0.0023569390177726746,0.0007936349138617516,16.273061752319336,16.326946258544922,-91.35498809814453
1.9432010650634766,0,-9.413422584533691,-1.5414283107572988e-44,-0.0,1.5414283107572988e-43,2.008000135421753,2952.0,-0.0,2.0,20.012001037597656,0.0,0.12749773263931274,0.2442210167646408,9.07328987121582,0.0005446299910545349,0.0003595389425754547,0.0017257556319236755,15.919299125671387,16.681880950927734,-91.35498809814453
1.9633324146270752,0,-9.413422584533691,-1.5414283107572988e-44,-0.0,1.5414283107572988e-43,2.008000135421753,2948.0,-0.0,2.0,20.012001037597656,0.0,0.14725090563297272,0.2609812915325165,9.082268714904785,-0.00012117065489292145,0.0014248192310333252,0.001459435559809208,18.041872024536133,15.972012519836426,-91.69586181640625
1.9837164878845215,0,-9.413422584533691,-1.5414283107572988e-44,-0.0,1.5414283107572988e-43,2.01200008392334,2940.0,-0.0,2.0,20.00400161743164,0.0,0.12390625476837158,0.23763662576675415,9.086458206176758,-0.0006538107991218567,0.001158498227596283,-0.00040480587631464005,15.919299125671387,18.101613998413086,-92.71849060058594
2.0038046836853027,0,-9.413422584533691,-1.5414283107572988e-44,-0.0,1.5414283107572988e-43,2.01200008392334,2960.0,-0.0,2.0,20.00800132751465,0.0,0.13647645711898804,0.2442210167646408,9.055931091308594,0.0002783108502626419,0.0024900995194911957,-0.00040480587631464005,17.6881103515625,16.326946258544922,-90.67323303222656
2.0241177082061768,0,-9.413422584533691,-1.5414283107572988e-44,-0.0,1.5414283107572988e-43,2.01200008392334,2940.0,-0.0,2.0,20.016000747680664,0.0,0.12630057334899902,0.2591855525970459,9.102620124816895,-0.0010532904416322708,0.0015579797327518463,-0.0008042855188250542,16.980587005615234,16.326946258544922,-89.65060424804688
2.0442590713500977,0,-9.413422584533691,-1.5414283107572988e-44,-0.0,1.5414283107572988e-43,2.01200008392334,3032.0,-0.0,2.0,20.00800132751465,0.0,0.15084239840507507,0.26756566762924194,9.072092056274414,-0.00025433115661144257,0.0010253377258777618,-0.0013369256630539894,17.157466888427734,14.729744911193848,-91.52542877197266
2.0645487308502197,0,-9.413422584533691,-1.5414283107572988e-44,-0.0,1.5414283107572988e-43,2.01200008392334,2948.0,-0.0,2.0,20.00800132751465,0.0,0.11851902306079865,0.24900966882705688,9.087057113647461,0.0016099102795124054,0.0010253377258777618,-0.001603245735168457,16.980587005615234,16.149478912353516,-90.84367370605469
2.0848615169525146,0,-9.413422584533691,-1.5414283107572988e-44,-0.0,1.5414283107572988e-43,2.01200008392334,2944.0,-0.0,2.0,20.012001037597656,0.0,0.10954030603170395,0.2591855525970459,9.043360710144043,1.198984682559967e-05,-3.994256258010864e-05,0.00039415527135133743,16.44994354248047,15.794546127319336,-90.84367370605469
2.1050140857696533,0,-9.41150188446045,0.018170064315199852,5.0,5.0,2.0160000324249268,2960.0,-0.0,1.0,20.00800132751465,0.0019208960002288222,0.15982110798358917,0.30647343397140503,9.0786771774292,-0.0009201299399137497,0.00089217908680439,0.0005273148417472839,15.74241828918457,15.43961238861084,-90.16191864013672
2.125298023223877,0,-9.40318489074707,0.09044588357210159,5.0,5.0,2.004000186920166,2956.0,-0.0,1.0,20.00800132751465,0.008316543884575367,0.13527928292751312,0.3202407956123352,9.00564956665039,0.0018762312829494476,0.0014248192310333252,-0.0002716453745961189,16.273061752319336,17.036813735961914,-90.67323303222656
2.1454291343688965,0,-9.393049240112305,0.1635947972536087,5.0,5.0,2.004000186920166,3104.0,-0.0,1.0,20.00400161743164,0.010135616175830364,0.0005985809257254004,1.552120327949524,8.399287223815918,0.032636210322380066,-0.007097424939274788,-0.00040480587631464005,16.62682342529297,16.681880950927734,-88.62797546386719
2.1658217906951904,0,-9.390063285827637,0.16094493865966797,5.0,5.0,2.01200008392334,2948.0,-0.0,1.0,20.00400161743164,0.0029859200585633516,-0.21070048213005066,2.9150891304016113,9.003854751586914,0.12678039073944092,0.047764524817466736,-0.03609170764684677,16.44994354248047,16.859346389770508,-90.16191864013672
2.1860954761505127,0,-9.390085220336914,0.13184469938278198,5.0,5.0,2.0320000648498535,2956.0,-0.0,1.0,20.012001037597656,-2.2016000002622604e-05,-0.3872818648815155,2.211158037185669,9.164872169494629,-0.018230941146612167,0.005286460742354393,-0.01625085435807705,16.980587005615234,15.26214599609375,-89.9914779663086
2.2062559127807617,0,-9.389314651489258,0.11527713388204575,5.0,5.0,2.004000186920166,2972.0,-0.0,1.0,20.012001037597656,0.0007705600000917912,0.2220735251903534,0.6213269829750061,10.069328308105469,-0.04725983738899231,0.004354340955615044,0.020368168130517006,16.096179962158203,17.924148559570312,-89.821044921875
2.226548194885254,0,-9.386408805847168,0.12118064612150192,5.0,5.0,2.0160000324249268,2952.0,-0.0,1.0,20.016000747680664,0.0029061120003461838,0.3429868817329407,0.676995038986206,8.62375545501709,-0.02462262474000454,0.0019574593752622604,-0.014386613853275776,15.919299125671387,16.326946258544922,-91.01410675048828
2.2466742992401123,0,-9.38148307800293,0.14308109879493713,5.0,5.0,2.01200008392334,3048.0,-0.0,1.0,20.012001037597656,0.004926079884171486,-0.06464674323797226,1.3025120496749878,9.322897911071777,-0.005314413458108902,0.007417023181915283,-0.036358028650283813,15.211774826049805,15.61707878112793,-90.33235931396484
2.2670183181762695,0,-9.377264022827148,0.1558462679386139,5.0,5.0,2.004000186920166,2952.0,-0.0,1.0,20.012001037597656,0.004218815825879574,0.020950332283973694,1.8119044303894043,9.22712516784668,0.03489993140101433,-0.011358549818396568,-0.006796489469707012,16.8037052154541,16.504413604736328,-91.1845474243164
2.2873077392578125,0,-9.373485565185547,0.16178427636623383,5.0,5.0,2.008000135421753,2948.0,-0.0,1.0,20.00800132751465,0.0037784960586577654,0.4561186730861664,1.0672698020935059,8.873363494873047,0.007602114230394363,0.004088019952178001,-0.003600647673010826,15.211774826049805,14.552278518676758,-91.01410675048828
2.3074874877929688,0,-9.368993759155273,0.17302054166793823,5.0,5.0,2.01200008392334,2972.0,-0.0,1.0,20.00400161743164,0.004491264000535011,0.1520395576953888,1.0008273124694824,9.475536346435547,-0.029416387900710106,0.02033355087041855,-0.03928754851222038,15.565537452697754,15.61707878112793,-90.33235931396484
2.3277952671051025,0,-9.36357307434082,0.19099728763103485,5.0,5.0,2.004000186920166,2952.0,-0.0,1.0,20.00800132751465,0.005421440117061138,0.05746376886963844,1.2737802267074585,9.010438919067383,-0.011040296405553818,-0.011891188099980354,-0.02357465960085392,16.096179962158203,15.43961238861084,-90.16191864013672
2.347935676574707,0,-9.35762882232666,0.20965920388698578,5.0,5.0,2.0160000324249268,2976.0,-0.0,1.0,20.00400161743164,0.005944320000708103,0.17658136785030365,1.319870948791504,9.09483814239502,0.017722278833389282,0.012477105483412743,-0.023840978741645813,15.919299125671387,15.972012519836426,-89.9914779663086
2.368194818496704,0,-9.351483345031738,0.22761312127113342,5.0,5.0,2.01200008392334,2948.0,-0.0,1.0,20.00400161743164,0.006145216058939695,0.023344656452536583,1.2923362255096436,9.482719421386719,0.006536833941936493,0.001291658729314804,-0.0225093774497509,16.096179962158203,15.794546127319336,-90.50279235839844
2.3884055614471436,0,-9.345035552978516,0.24463967978954315,5.0,5.0,2.0280001163482666,2944.0,-0.0,1.0,20.02400016784668,0.006447935942560434,0.06823822855949402,1.1726200580596924,9.611413955688477,-0.003317011520266533,0.0036885403096675873,-0.024373620748519897,16.8037052154541,15.084678649902344,-90.50279235839844
2.4087820053100586,0,-9.338353157043457,0.2603248059749603,5.0,5.0,2.004000186920166,2964.0,-0.0,1.0,20.00800132751465,0.006681855767965317,-0.06285099685192108,1.1947674751281738,8.991284370422363,-0.014236138202250004,-0.020013952627778053,-0.014519773423671722,16.096179962158203,15.794546127319336,-90.84367370605469
2.4288787841796875,0,-9.33141040802002,0.2762599587440491,5.0,5.0,2.0280001163482666,2948.0,-0.0,1.0,20.02800178527832,0.006943296175450087,0.06225241720676422,1.0954030752182007,9.371382713317871,-0.012505057267844677,0.01633874699473381,-0.007329129613935947,16.273061752319336,16.326946258544922,-91.01410675048828
2.449193239212036,0,-9.323946952819824,0.2931840419769287,5.0,5.0,2.0199999809265137,2968.0,-0.0,1.0,20.00400161743164,0.007463424000889063,0.36094430088996887,0.9283990263938904,8.888328552246094,-0.019296221435070038,0.003155900165438652,-0.004399607889354229,15.74241828918457,15.43961238861084,-89.821044921875
2.4693493843078613,0,-9.316370010375977,0.3090875446796417,5.0,5.0,2.004000186920166,2952.0,-0.0,1.0,20.00800132751465,0.007576256059110165,0.24242527782917023,1.0648754835128784,8.601009368896484,-0.01490193884819746,-0.0025699827820062637,-0.01651717536151409,15.388655662536621,16.504413604736328,-91.1845474243164
2.4896557331085205,0,-9.308411598205566,0.3250391185283661,5.0,5.0,2.01200008392334,2948.0,-0.0,1.0,20.032001495361328,0.007958783768117428,0.5459058284759521,0.8014998435974121,9.197196006774902,0.0017430707812309265,0.03990808129310608,-0.01119077205657959,15.388655662536621,16.859346389770508,-90.84367370605469
2.5098440647125244,0,-9.299924850463867,0.342325896024704,5.0,5.0,2.004000186920166,2968.0,-0.0,1.0,20.012001037597656,0.00848716776818037,0.20291893184185028,0.826640248298645,8.799737930297852,-0.004914933815598488,0.032317958772182465,-0.02131093665957451,17.511228561401367,15.43961238861084,-92.2071762084961
2.5301783084869385,0,-9.291594505310059,0.3559243679046631,5.0,5.0,2.0320000648498535,2944.0,-0.0,1.0,20.020000457763672,0.00833030417561531,-0.29869186878204346,1.2839560508728027,9.656307220458984,-0.003982812166213989,0.006618062034249306,-0.03768962621688843,15.565537452697754,16.326946258544922,-90.67323303222656
2.5504860877990723,0,-9.282817840576172,0.3704245686531067,5.0,5.0,2.004000186920166,2956.0,-0.0,1.0,20.00800132751465,0.00877612829208374,0.2370380461215973,0.7865353226661682,8.508828163146973,0.004406273365020752,0.006484901532530785,-0.033162184059619904,16.096179962158203,16.149478912353516,-91.1845474243164
2.5706710815429688,0,-9.273846626281738,0.384835809469223,5.0,5.0,2.004000186920166,2944.0,-0.0,1.0,20.00800132751465,0.008971519768238068,0.22626358270645142,0.6823822259902954,9.39472770690918,-0.0045154523104429245,0.005153300240635872,-0.033295344561338425,16.273061752319336,16.681880950927734,-89.65060424804688
2.5909407138824463,0,-9.26462459564209,0.3986017405986786,5.0,5.0,2.004000186920166,2948.0,-0.0,1.0,20.012001037597656,0.00922195240855217,0.0305276270955801,0.9553351402282715,10.037005424499512,0.0017430707812309265,0.006751222535967827,-0.036358028650283813,15.211774826049805,16.681880950927734,-89.9914779663086
2.611121416091919,0,-9.255053520202637,0.412995308637619,5.0,5.0,2.004000186920166,2944.0,-0.0,1.0,20.00800132751465,0.009571456350386143,0.09397720545530319,1.1390994787216187,8.627945899963379,-0.0026512108743190765,0.004088019952178001,-0.03262954205274582,15.74241828918457,16.504413604736328,-90.16191864013672
2.631420850753784,0,-9.245142936706543,0.42773398756980896,5.0,5.0,2.008000135421753,2944.0,-0.0,1.0,20.00400161743164,0.00990995205938816,-0.16580691933631897,1.0918116569519043,10.024435043334961,-0.001319611445069313,0.015007146634161472,-0.03675750643014908,16.8037052154541,17.21428108215332,-90.84367370605469
2.651556968688965,0,-9.234740257263184,0.4437876343727112,5.0,5.0,2.004000186920166,2960.0,-0.0,1.0,20.00400161743164,0.010402560234069824,-0.1370750367641449,1.1588526964187622,9.07328987121582,0.015325397253036499,-0.010160109028220177,-0.040752310305833817,14.327369689941406,15.794546127319336,-89.48016357421875
2.6718783378601074,0,-9.224103927612305,0.4602018892765045,5.0,5.0,2.004000186920166,2956.0,-0.0,1.0,20.00800132751465,0.01063647959381342,-0.046689312905073166,0.9990315437316895,9.181034088134766,-0.0019854120910167694,-0.012290669605135918,-0.036624349653720856,15.388655662536621,16.149478912353516,-89.821044921875
2.6920392513275146,0,-9.212787628173828,0.4774024188518524,5.0,5.0,2.004000186920166,2944.0,-0.0,1.0,20.012001037597656,0.011316224001348019,0.23584088683128357,0.8380132913589478,8.274184226989746,0.010931115597486496,-0.0309330802410841,-0.03196374326944351,14.858013153076172,17.746681213378906,-90.67323303222656
2.712355613708496,0,-9.201576232910156,0.4941471517086029,5.0,5.0,2.0160000324249268,2948.0,-0.0,1.0,20.00400161743164,0.011211647652089596,0.10954030603170395,0.762592077255249,8.969136238098145,-0.0018522515892982483,-0.020013952627778053,-0.025838380679488182,14.681131362915039,16.859346389770508,-89.48016357421875
2.732484817504883,0,-9.189753532409668,0.5116053223609924,5.0,5.0,2.004000186920166,2944.0,-0.0,1.0,20.00400161743164,0.011822592467069626,0.1280963122844696,0.6943538784980774,8.524391174316406,-0.011040296405553818,-0.039987966418266296,-0.025838380679488182,14.150487899780273,18.101613998413086,-90.33235931396484
2.752889394760132,0,-9.177504539489746,0.5288940072059631,5.0,5.0,2.004000186920166,2972.0,-0.0,1.0,20.00800132751465,0.012249152176082134,-0.11672328412532806,1.035544991493225,9.072092056274414,0.0010772701352834702,-0.03026728145778179,-0.027968941256403923,15.74241828918457,17.924148559570312,-89.821044921875
2.772972345352173,0,-9.165098190307617,0.5461425185203552,5.0,5.0,2.004000186920166,2952.0,-0.0,1.0,20.00400161743164,0.012406015768647194,0.07542119920253754,0.986461341381073,8.590234756469727,0.007868435233831406,-0.01868235506117344,-0.027436301112174988,15.034893989562988,17.5692138671875,-89.48016357421875
2.7933058738708496,0,-9.152373313903809,0.5618823766708374,5.0,5.0,2.004000186920166,2964.0,-0.0,1.0,20.012001037597656,0.012725248001515865,-0.17837712168693542,1.1786057949066162,9.949612617492676,-0.003183852881193161,0.0007590185850858688,-0.02863474190235138,15.034893989562988,18.634014129638672,-90.50279235839844
2.813453197479248,0,-9.13967514038086,0.5753271579742432,5.0,5.0,2.004000186920166,2952.0,-0.0,1.0,20.00400161743164,0.012697728350758553,-0.06464674323797226,1.297723412513733,9.486908912658691,-0.01956254243850708,0.002623260021209717,-0.031297944486141205,14.504250526428223,16.326946258544922,-90.33235931396484
2.8337695598602295,0,-9.126776695251465,0.587852954864502,5.0,5.0,2.008000135421753,2944.0,-0.0,1.0,20.00400161743164,0.012898623943328857,0.18436291813850403,1.1744158267974854,9.649723052978516,-0.033411189913749695,0.03311691805720329,-0.03489326685667038,15.034893989562988,17.924148559570312,-89.821044921875
2.853933572769165,0,-9.113694190979004,0.5987131595611572,5.0,5.0,2.004000186920166,2968.0,-0.0,1.0,20.012001037597656,0.013083008117973804,0.345979779958725,0.6889666318893433,9.448599815368652,0.007069474086165428,0.030187396332621574,-0.03356166556477547,13.973607063293457,17.21428108215332,-91.1845474243164
2.8742141723632812,0,-9.100629806518555,0.6094982624053955,5.0,5.0,2.004000186920166,2948.0,-0.0,1.0,20.012001037597656,0.013063743710517883,0.16041968762874603,0.754211962223053,8.46872329711914,0.03010616824030876,-0.005233185365796089,-0.03902123123407364,14.858013153076172,17.391746520996094,-89.9914779663086
2.8945188522338867,0,-9.0869722366333,0.6201017498970032,5.0,5.0,2.004000186920166,3060.0,-0.0,1.0,20.00800132751465,0.013658176176249981,0.03950634226202965,0.8499849438667297,8.457948684692383,-0.016100380569696426,-0.000705743208527565,-0.04834243655204773,15.211774826049805,17.746681213378906,-89.30972290039062
2.914660692214966,0,-9.073883056640625,0.6287122964859009,5.0,5.0,2.004000186920166,2952.0,-0.0,1.0,20.00800132751465,0.013088512234389782,0.002992904745042324,0.8847026228904724,9.864014625549316,-0.04393083602190018,0.031252674758434296,-0.05886208266019821,15.211774826049805,17.746681213378906,-89.9914779663086
2.935015916824341,0,-9.060145378112793,0.6390683650970459,5.0,5.0,2.0320000648498535,2952.0,-0.0,1.0,20.02400016784668,0.013737984001636505,-0.25559404492378235,0.774563729763031,9.266033172607422,-0.0042491331696510315,0.014474506489932537,-0.0631232038140297,14.858013153076172,18.4565486907959,-88.9688491821289
2.955143451690674,0,-9.045637130737305,0.6537569761276245,5.0,5.0,2.004000186920166,2960.0,-0.0,1.0,20.00400161743164,0.014508543536067009,0.25439688563346863,0.7781552076339722,7.3224406242370605,0.030638806521892548,-0.00030626170337200165,-0.04301603138446808,16.096179962158203,18.988948822021484,-90.84367370605469
2.9755520820617676,0,-9.030977249145508,0.6688761711120605,5.0,5.0,2.004000186920166,2948.0,-0.0,1.0,20.012001037597656,0.014659903943538666,0.5961865782737732,0.03352053090929985,9.733524322509766,-0.023291023448109627,-0.003102624788880348,-0.039420709013938904,15.388655662536621,18.634014129638672,-91.1845474243164
2.995643377304077,0,-9.015549659729004,0.6832841038703918,5.0,5.0,2.008000135421753,3100.0,-0.0,1.0,20.016000747680664,0.015427712351083755,0.12330766767263412,0.31664931774139404,9.468951225280762,0.03303568810224533,0.00701754167675972,-0.05686467885971069,16.273061752319336,17.391746520996094,-90.33235931396484
3.015935182571411,0,-9.000614166259766,0.6987333297729492,5.0,5.0,2.004000186920166,2948.0,-0.0,1.0,20.00800132751465,0.014935104176402092,0.20471467077732086,1.001425862312317,7.928802967071533,0.006270512938499451,0.02565995417535305,-0.06605272740125656,15.388655662536621,17.21428108215332,-90.16191864013672
3.0362749099731445,0,-8.984916687011719,0.713941216468811,5.0,5.0,2.008000135421753,2960.0,-0.0,1.0,20.012001037597656,0.015697408467531204,0.2693614065647125,0.3274237811565399,9.899930000305176,-0.0045154523104429245,0.03671224042773247,-0.0475434735417366,15.919299125671387,18.101613998413086,-90.67323303222656
3.0564301013946533,0,-8.969348907470703,0.7242963314056396,5.0,5.0,2.004000186920166,2976.0,-0.0,1.0,20.012001037597656,0.015568063594400883,0.08380132913589478,0.7272758483886719,9.119379997253418,0.022249724715948105,-0.04358328878879547,-0.03915438801050186,16.44994354248047,17.21428108215332,-89.48016357421875
3.076716661453247,0,-8.954111099243164,0.7321920990943909,5.0,5.0,2.004000186920166,2956.0,-0.0,1.0,20.00400161743164,0.015237824060022831,0.41182368993759155,1.0798399448394775,7.828241348266602,-0.017964620143175125,0.03578012064099312,-0.042616549879312515,15.211774826049805,18.101613998413086,-91.35498809814453
3.0968728065490723,0,-8.938380241394043,0.7389100790023804,5.0,5.0,2.004000186920166,3040.0,-0.0,1.0,20.00800132751465,0.01573043130338192,0.42978110909461975,0.36872583627700806,9.62578010559082,-0.02568790502846241,0.05109352618455887,-0.04701083153486252,16.44994354248047,17.21428108215332,-90.16191864013672
3.1171927452087402,0,-8.923285484313965,0.7447642683982849,5.0,5.0,2.004000186920166,2948.0,-0.0,1.0,20.00400161743164,0.01509471982717514,0.09697011113166809,0.6470659971237183,8.576467514038086,0.025578726083040237,0.006218582391738892,-0.052736714482307434,16.62682342529297,20.231216430664062,-90.33235931396484
3.1373343467712402,0,-8.907533645629883,0.7524918913841248,5.0,5.0,2.004000186920166,2948.0,-0.0,1.0,20.00800132751465,0.01575244776904583,0.021548913791775703,0.7554091215133667,9.802959442138672,0.01452643796801567,0.025926273316144943,-0.058063119649887085,16.096179962158203,18.279081344604492,-90.50279235839844
3.1576998233795166,0,-8.891436576843262,0.760587215423584,5.0,5.0,2.004000186920166,2968.0,-0.0,1.0,20.012001037597656,0.0160964485257864,-0.5153781771659851,0.8176615238189697,9.120577812194824,-0.017964620143175125,-0.02693827636539936,-0.06418848037719727,16.44994354248047,18.279081344604492,-91.1845474243164
3.1777987480163574,0,-8.875359535217285,0.7694319486618042,5.0,5.0,2.01200008392334,2948.0,-0.0,1.0,20.012001037597656,0.016077183187007904,0.6153411865234375,0.5710461735725403,9.431839942932129,0.024646606296300888,-0.04265116900205612,-0.05886208266019821,16.980587005615234,18.811481475830078,-89.65060424804688
3.198154926300049,0,-8.858418464660645,0.7820191979408264,5.0,5.0,2.0160000324249268,2988.0,-0.0,1.0,20.00400161743164,0.016941312700510025,0.2101019024848938,0.4932306706905365,7.9138383865356445,0.023448165506124496,-0.027071436867117882,-0.05473411828279495,16.44994354248047,17.5692138671875,-90.50279235839844
3.2183120250701904,0,-8.841325759887695,0.796374499797821,5.0,5.0,2.004000186920166,2952.0,-0.0,1.0,20.012001037597656,0.017092671245336533,0.11971618235111237,0.7595992088317871,11.014487266540527,-0.0019854120910167694,-0.040786921977996826,-0.06405532360076904,14.858013153076172,17.746681213378906,-91.01410675048828
3.2386486530303955,0,-8.823811531066895,0.8105658888816833,5.0,5.0,2.008000135421753,2952.0,-0.0,1.0,20.012001037597656,0.017513727769255638,-0.14725090563297272,0.7607963681221008,8.30471134185791,0.02371448278427124,-0.05263817310333252,-0.05792996287345886,16.273061752319336,17.391746520996094,-89.9914779663086
3.258755683898926,0,-8.805915832519531,0.8244644999504089,5.0,5.0,2.004000186920166,2972.0,-0.0,1.0,20.00400161743164,0.0178962554782629,0.6686148643493652,0.5878064632415771,9.264237403869629,0.025578726083040237,-0.02600615657866001,-0.050872474908828735,16.980587005615234,18.811481475830078,-90.67323303222656
3.2790894508361816,0,-8.788253784179688,0.8358197212219238,5.0,5.0,2.0320000648498535,2948.0,-0.0,1.0,20.02800178527832,0.01766233518719673,0.1161246970295906,0.8918855786323547,7.481064319610596,0.002408871427178383,-0.04464856535196304,-0.041418109089136124,18.218753814697266,18.988948822021484,-89.821044921875
3.2993767261505127,0,-8.770679473876953,0.8424162864685059,5.0,5.0,2.008000135421753,2956.0,-0.0,1.0,20.00400161743164,0.01757427118718624,1.1474796533584595,0.03232337161898613,9.971759796142578,-0.01743197999894619,0.020067229866981506,-0.0387549102306366,15.565537452697754,17.391746520996094,-90.67323303222656
3.3194923400878906,0,-8.753588676452637,0.845578134059906,5.0,5.0,2.004000186920166,2944.0,-0.0,1.0,20.016000747680664,0.01708992011845112,-0.47587183117866516,1.0714598894119263,9.57370376586914,0.011730078607797623,0.05229196697473526,-0.06139212101697922,17.334348678588867,19.52134895324707,-90.67323303222656
3.339838981628418,0,-8.736287117004395,0.848850667476654,5.0,5.0,2.0160000324249268,2952.0,-0.0,1.0,20.020000457763672,0.01730182394385338,0.053872283548116684,0.146053746342659,6.985439300537109,0.015991199761629105,-0.002969464287161827,-0.07457496970891953,16.44994354248047,18.279081344604492,-89.821044921875
3.3599648475646973,0,-8.71849250793457,0.8551478981971741,5.0,5.0,2.0160000324249268,2960.0,-0.0,1.0,20.00400161743164,0.017794432118535042,-0.3004876375198364,1.4946565628051758,8.72790813446045,-0.04020235687494278,0.020067229866981506,-0.0744418129324913,17.157466888427734,18.279081344604492,-90.84367370605469
3.380262851715088,0,-8.700602531433105,0.863236665725708,5.0,5.0,2.004000186920166,2948.0,-0.0,1.0,20.00400161743164,0.017890751361846924,0.1759827882051468,0.14126509428024292,7.634899616241455,0.029706686735153198,-0.0011052228510379791,-0.05792996287345886,17.864992141723633,18.634014129638672,-90.16191864013672
3.4005866050720215,0,-8.682072639465332,0.8735568523406982,5.0,5.0,2.004000186920166,2960.0,-0.0,1.0,20.00800132751465,0.018529215827584267,0.48365339636802673,0.42678821086883545,10.148341178894043,0.0022757109254598618,-0.005765825510025024,-0.05326935648918152,17.157466888427734,19.343881607055664,-90.84367370605469
3.420729398727417,0,-8.66328239440918,0.8864564299583435,5.0,5.0,2.004000186920166,2952.0,-0.0,1.0,20.012001037597656,0.018790656700730324,-0.0580623485147953,0.8493863344192505,10.375203132629395,-0.029150066897273064,0.00914810411632061,-0.06898224353790283,18.74939727783203,19.16641616821289,-89.9914779663086
3.4410927295684814,0,-8.644062042236328,0.8998138904571533,5.0,5.0,2.004000186920166,2944.0,-0.0,1.0,20.016000747680664,0.01921996846795082,0.2352423071861267,0.44953426718711853,8.212530136108398,0.03330200910568237,0.032317958772182465,-0.06725116819143295,18.041872024536133,18.4565486907959,-89.30972290039062
3.461195707321167,0,-8.625060081481934,0.9086451530456543,5.0,5.0,2.004000186920166,2948.0,-0.0,1.0,20.016000747680664,0.019002560526132584,0.40404212474823,1.0936073064804077,10.163305282592773,-0.04393083602190018,0.050028249621391296,-0.06658536195755005,17.157466888427734,17.924148559570312,-91.52542877197266
3.4815011024475098,0,-8.606461524963379,0.9120239019393921,5.0,5.0,2.0320000648498535,2944.0,-0.0,1.0,20.02400016784668,0.01859801635146141,-0.20471467077732086,0.7081212401390076,9.622188568115234,-0.016766179352998734,-0.029734639450907707,-0.03862174600362778,18.041872024536133,18.811481475830078,-89.9914779663086
3.5018606185913086,0,-8.587861061096191,0.914121150970459,5.0,5.0,2.004000186920166,2956.0,-0.0,1.0,20.016000747680664,0.018600767478346825,0.42978110909461975,0.5123852491378784,7.1488518714904785,0.01865440234541893,-0.011092228814959526,-0.04301603138446808,18.3956356048584,18.101613998413086,-91.35498809814453
3.5219600200653076,0,-8.569414138793945,0.9166080355644226,5.0,5.0,2.004000186920166,2948.0,-0.0,1.0,20.00400161743164,0.018446655943989754,0.648263156414032,-0.022746074944734573,9.626378059387207,-0.0042491331696510315,0.08917731046676636,-0.05659835785627365,19.103158950805664,19.87628173828125,-89.65060424804688
3.5422756671905518,0,-8.550444602966309,0.9198958873748779,5.0,5.0,2.004000186920166,2948.0,-0.0,1.0,20.00400161743164,0.01896953582763672,0.06464674323797226,0.7446346879005432,10.034610748291016,-0.024089984595775604,0.014873987063765526,-0.07630605250597,18.5725154876709,19.698816299438477,-91.52542877197266
3.5624024868011475,0,-8.531661987304688,0.925916314125061,5.0,5.0,2.004000186920166,2952.0,-0.0,1.0,20.00400161743164,0.018782399594783783,-0.5159767866134644,1.1139590740203857,9.388741493225098,0.0033409912139177322,-0.04025428742170334,-0.08868993818759918,18.926279067993164,18.279081344604492,-90.50279235839844
3.582730770111084,0,-8.511982917785645,0.9362338781356812,5.0,5.0,2.004000186920166,2948.0,-0.0,1.0,20.00400161743164,0.01967955194413662,0.2190806120634079,0.2370380461215973,7.7851433753967285,0.005338393151760101,-0.019348153844475746,-0.0756402537226677,19.103158950805664,18.4565486907959,-91.35498809814453
3.602872133255005,0,-8.491929054260254,0.9469819664955139,5.0,5.0,2.0160000324249268,2964.0,-0.0,1.0,20.00800132751465,0.02005382440984249,0.2472139149904251,0.586010754108429,10.870229721069336,-0.0007869713008403778,-0.02174503542482853,-0.06898224353790283,17.864992141723633,17.924148559570312,-90.50279235839844
3.6232235431671143,0,-8.471943855285645,0.9575335383415222,5.0,5.0,2.004000186920166,2952.0,-0.0,1.0,20.00400161743164,0.019985023885965347,0.16580691933631897,0.6991425156593323,9.656906127929688,0.032369889318943024,-0.06608734279870987,-0.06951488554477692,18.5725154876709,18.988948822021484,-89.821044921875
3.643376588821411,0,-8.451251983642578,0.9698010683059692,5.0,5.0,2.004000186920166,2988.0,-0.0,1.0,20.00800132751465,0.020692288875579834,0.33580389618873596,0.4561186730861664,8.416646003723145,0.06153194606304169,-0.05290449410676956,-0.06232424080371857,16.8037052154541,17.924148559570312,-90.84367370605469
3.6636478900909424,0,-8.430985450744629,0.9789780378341675,5.0,5.0,2.004000186920166,2956.0,-0.0,1.0,20.016000747680664,0.02026572823524475,0.45971015095710754,0.5016108155250549,8.115560531616211,0.011064276099205017,-0.03586000204086304,-0.05113879591226578,19.456920623779297,17.036813735961914,-93.05937194824219
3.683969736099243,0,-8.411248207092285,0.980120062828064,5.0,5.0,2.008000135421753,2952.0,-0.0,1.0,20.012001037597656,0.01973734423518181,0.5315398573875427,0.6350943446159363,8.389710426330566,-0.041667114943265915,0.0063517410308122635,-0.05872891843318939,19.103158950805664,18.4565486907959,-91.35498809814453
3.704127311706543,0,-8.391764640808105,0.9778552055358887,5.0,5.0,2.004000186920166,2956.0,-0.0,1.0,20.00400161743164,0.019484160467982292,0.3633386194705963,0.3962605595588684,9.843663215637207,0.0001451503485441208,0.037244878709316254,-0.07311020791530609,19.987564086914062,17.924148559570312,-92.2071762084961
3.7244350910186768,0,-8.372123718261719,0.9796151518821716,5.0,5.0,2.0160000324249268,2952.0,-0.0,1.0,20.016000747680664,0.019641023129224777,0.08320274949073792,0.9002656936645508,9.22832202911377,-0.0073118144646286964,-0.000705743208527565,-0.0844288170337677,19.810684204101562,18.101613998413086,-90.67323303222656
3.7445881366729736,0,-8.351367950439453,0.9857670068740845,5.0,5.0,2.004000186920166,3064.0,-0.0,1.0,20.012001037597656,0.02075558342039585,0.17957428097724915,1.1732186079025269,9.064909934997559,-0.022225743159651756,0.020733030512928963,-0.08735834062099457,19.103158950805664,18.101613998413086,-91.01410675048828
3.764899969100952,0,-8.33119010925293,0.9941996932029724,5.0,5.0,2.01200008392334,2952.0,-0.0,1.0,20.016000747680664,0.02017766423523426,-0.24841108918190002,0.36872583627700806,8.873363494873047,-0.001452770084142685,0.009547583758831024,-0.06618588417768478,20.69508934020996,18.634014129638672,-91.52542877197266
3.785216808319092,0,-8.309886932373047,1.0068093538284302,5.0,5.0,2.01200008392334,2956.0,-0.0,1.0,20.016000747680664,0.02130323275923729,0.10834314674139023,0.15982110798358917,8.473511695861816,0.01652383804321289,-0.040920086205005646,-0.07590657472610474,19.63380241394043,17.5692138671875,-92.2071762084961
3.8053648471832275,0,-8.288226127624512,1.0192701816558838,5.0,5.0,2.008000135421753,2960.0,-0.0,1.0,20.012001037597656,0.02166099287569523,0.2609812915325165,-0.06524532288312912,8.611185073852539,0.05247706174850464,0.06054789572954178,-0.07031384855508804,20.164445877075195,18.4565486907959,-92.0367431640625
3.8257429599761963,0,-8.267308235168457,1.024792194366455,5.0,5.0,2.004000186920166,2948.0,-0.0,1.0,20.012001037597656,0.020917952060699463,0.5231597423553467,0.19753170013427734,8.131721496582031,-0.030614828690886497,0.03511431813240051,-0.07164544612169266,18.926279067993164,17.924148559570312,-91.52542877197266
3.845879077911377,0,-8.24640941619873,1.0226802825927734,5.0,5.0,2.004000186920166,3100.0,-0.0,1.0,20.00800132751465,0.020898688584566116,0.1711941510438919,0.3932676613330841,10.831321716308594,-0.00012117065489292145,0.005419621244072914,-0.05646520107984543,19.63380241394043,17.21428108215332,-91.86630249023438
3.8661603927612305,0,-8.22679615020752,1.0206799507141113,5.0,5.0,2.004000186920166,2952.0,-0.0,1.0,20.00400161743164,0.01961350440979004,0.8404076099395752,0.8936813473701477,8.877553939819336,0.028241924941539764,0.06760537624359131,-0.0756402537226677,19.63380241394043,17.5692138671875,-92.54805755615234
3.886296272277832,0,-8.206119537353516,1.023054599761963,5.0,5.0,2.01200008392334,2952.0,-0.0,1.0,20.012001037597656,0.0206757765263319,0.004788647405803204,0.8320274949073792,10.403336524963379,-0.034343309700489044,0.04949560761451721,-0.08323037624359131,19.103158950805664,17.036813735961914,-92.0367431640625
3.9066381454467773,0,-8.184965133666992,1.0276923179626465,5.0,5.0,2.004000186920166,2976.0,-0.0,1.0,20.00800132751465,0.021154623478651047,-0.25080540776252747,0.7997041344642639,9.917887687683105,0.014659598469734192,-0.02800356037914753,-0.09681270271539688,20.69508934020996,18.279081344604492,-91.52542877197266
3.926943302154541,0,-8.163742065429688,1.0354995727539062,5.0,5.0,2.008000135421753,2952.0,-0.0,1.0,20.00400161743164,0.02122342400252819,-0.5991795063018799,1.4198338985443115,7.962922096252441,0.03929421305656433,-0.015486510470509529,-0.0900215432047844,18.5725154876709,17.924148559570312,-94.59331512451172
3.9471242427825928,0,-8.141338348388672,1.0467920303344727,5.0,5.0,2.008000135421753,3032.0,-0.0,1.0,20.016000747680664,0.022404031828045845,-0.5333356261253357,0.8260416984558105,9.15709114074707,-0.015567739494144917,-0.025074036791920662,-0.07963505387306213,20.164445877075195,18.4565486907959,-91.69586181640625
3.9672374725341797,0,-8.11974048614502,1.0562880039215088,5.0,5.0,2.004000186920166,2948.0,-0.0,1.0,20.00800132751465,0.021597696468234062,-0.08320274949073792,0.39386624097824097,9.258251190185547,0.024113964289426804,-0.05676613748073578,-0.08522778004407883,19.63380241394043,17.5692138671875,-93.22981262207031
3.9875576496124268,0,-8.097589492797852,1.0653619766235352,5.0,5.0,2.0160000324249268,2948.0,-0.0,1.0,20.012001037597656,0.02215084806084633,-0.09816727042198181,0.7494233250617981,8.143693923950195,0.06579306721687317,-0.04345012456178665,-0.08043401688337326,20.164445877075195,17.036813735961914,-92.37761688232422
4.007728338241577,0,-8.075400352478027,1.071781039237976,5.0,5.0,2.008000135421753,2960.0,-0.0,1.0,20.012001037597656,0.02218937687575817,0.5955880284309387,0.3741130828857422,7.663631439208984,-0.022358903661370277,-0.023342957720160484,-0.07284388691186905,18.5725154876709,17.924148559570312,-93.22981262207031
4.02802586555481,0,-8.054237365722656,1.0703775882720947,5.0,5.0,2.0280001163482666,2956.0,-0.0,1.0,20.00800132751465,0.021162880584597588,0.6883680820465088,0.35076841711997986,8.831462860107422,-0.034343309700489044,0.018868789076805115,-0.08709201961755753,21.048851013183594,17.5692138671875,-93.91156005859375
4.048389673233032,0,-8.033159255981445,1.066070318222046,5.0,5.0,2.004000186920166,2964.0,-0.0,1.0,20.012001037597656,0.02107756771147251,0.19992603361606598,0.29988905787467957,9.534795761108398,0.016923319548368454,0.04217180237174034,-0.0969458669424057,21.225732803344727,18.4565486907959,-93.05937194824219
4.068497180938721,0,-8.011752128601074,1.0681588649749756,5.0,5.0,2.004000186920166,2948.0,-0.0,1.0,20.012001037597656,0.021407807245850563,0.41780948638916016,0.6344957947731018,7.81028413772583,-0.017698301002383232,-0.017350753769278526,-0.10014170408248901,21.756376266479492,18.279081344604492,-92.88893127441406
4.08887505531311,0,-7.989471435546875,1.076384425163269,5.0,5.0,2.008000135421753,2952.0,-0.0,1.0,20.00800132751465,0.022280192002654076,0.35256415605545044,0.3741130828857422,9.340855598449707,-0.04246607422828674,0.017936669290065765,-0.06964804977178574,19.810684204101562,16.326946258544922,-92.71849060058594
4.108993291854858,0,-7.966519832611084,1.0875259637832642,5.0,5.0,2.004000186920166,2968.0,-0.0,1.0,20.00800132751465,0.022951679304242134,0.25379830598831177,0.3950634002685547,8.627346992492676,-0.03580807149410248,-0.06795158237218857,-0.06951488554477692,20.341327667236328,16.859346389770508,-93.57068634033203
4.129284620285034,0,-7.943612098693848,1.099307894706726,5.0,5.0,2.008000135421753,2952.0,-0.0,1.0,20.00400161743164,0.022907648235559464,0.2561926245689392,0.47766757011413574,9.014628410339355,-0.01077397633343935,0.07599446177482605,-0.07311020791530609,19.810684204101562,15.972012519836426,-91.35498809814453
4.1494362354278564,0,-7.920685291290283,1.1059613227844238,5.0,5.0,2.004000186920166,2980.0,-0.0,1.0,20.00800132751465,0.02292691171169281,-0.0305276270955801,0.882308304309845,7.733067035675049,-0.07735401391983032,0.001158498227596283,-0.07750449329614639,21.048851013183594,17.21428108215332,-93.57068634033203
4.169747352600098,0,-7.898917198181152,1.1042613983154297,5.0,5.0,2.004000186920166,2956.0,-0.0,1.0,20.00800132751465,0.021768320351839066,0.04309782758355141,0.5698490142822266,9.552753448486328,-0.040601834654808044,-0.02693827636539936,-0.06179159879684448,20.518207550048828,18.101613998413086,-93.05937194824219
4.1899731159210205,0,-7.876884460449219,1.0991291999816895,5.0,5.0,2.004000186920166,2948.0,-0.0,1.0,20.00400161743164,0.022032512351870537,0.2520025670528412,0.4674917161464691,6.249783515930176,0.010531637817621231,0.0019574593752622604,-0.06485428661108017,19.987564086914062,17.21428108215332,-93.22981262207031
4.2104597091674805,0,-7.85540771484375,1.0993611812591553,5.0,5.0,2.008000135421753,2952.0,-0.0,1.0,20.016000747680664,0.021476607769727707,-0.23883378505706787,0.560870349407196,7.612752437591553,-0.026087384670972824,0.07652710378170013,-0.0800345316529274,20.69508934020996,17.924148559570312,-93.57068634033203
4.230636358261108,0,-7.832802772521973,1.1047800779342651,5.0,5.0,2.008000135421753,2952.0,-0.0,1.0,20.012001037597656,0.02260492742061615,-0.6267142295837402,0.5477015376091003,9.304940223693848,-0.06963072717189789,0.003555379807949066,-0.10533495247364044,20.164445877075195,16.681880950927734,-92.37761688232422
4.250807762145996,0,-7.809510231018066,1.113641381263733,5.0,5.0,2.004000186920166,2976.0,-0.0,1.0,20.00800132751465,0.02329292893409729,-0.3633386194705963,0.540518581867218,8.728507041931152,-0.0025180522352457047,-0.00936114601790905,-0.10160646587610245,22.110137939453125,18.279081344604492,-93.22981262207031
4.2710793018341064,0,-7.78609037399292,1.1257374286651611,5.0,5.0,2.004000186920166,2948.0,-0.0,1.0,20.00800132751465,0.023419519886374474,-0.582419216632843,0.9810741543769836,7.984470844268799,-0.038604430854320526,-0.027204597368836403,-0.09761166572570801,20.164445877075195,18.101613998413086,-92.0367431640625
4.291181564331055,0,-7.76223087310791,1.1377393007278442,5.0,5.0,2.004000186920166,2948.0,-0.0,1.0,20.00800132751465,0.023859839886426926,-0.012570199556648731,0.49382925033569336,10.413512229919434,-0.033411189913749695,-0.03426208347082138,-0.08975522220134735,21.225732803344727,17.746681213378906,-92.37761688232422
4.311452150344849,0,-7.738750457763672,1.144121766090393,5.0,5.0,2.004000186920166,2956.0,-0.0,1.0,20.00800132751465,0.023480063304305077,0.18975014984607697,0.932589054107666,10.089679718017578,0.03902789205312729,-0.01961447484791279,-0.07710501551628113,20.341327667236328,17.5692138671875,-91.52542877197266
4.331609010696411,0,-7.715812683105469,1.1441850662231445,5.0,5.0,2.004000186920166,2948.0,-0.0,1.0,20.016000747680664,0.022937919944524765,0.3741130828857422,1.1379023790359497,9.649723052978516,-0.021826263517141342,-0.014154909178614616,-0.07510761171579361,21.048851013183594,18.988948822021484,-90.50279235839844
4.351930141448975,0,-7.6932268142700195,1.1393955945968628,5.0,5.0,2.004000186920166,2972.0,-0.0,1.0,20.012001037597656,0.022585663944482803,0.7081212401390076,0.8505834937095642,10.688859939575195,-0.06483696401119232,0.062278978526592255,-0.09121998399496078,20.518207550048828,19.16641616821289,-93.4002456665039
4.372048616409302,0,-7.6709442138671875,1.1369681358337402,5.0,5.0,2.004000186920166,2956.0,-0.0,1.0,20.00400161743164,0.02228294312953949,0.09517436474561691,0.20651042461395264,11.7669038772583,0.014260116964578629,0.05562097206711769,-0.09960906952619553,21.40261459350586,18.988948822021484,-92.2071762084961
4.392388343811035,0,-7.647345542907715,1.1432478427886963,5.0,5.0,2.008000135421753,2956.0,-0.0,1.0,20.016000747680664,0.023598400875926018,0.4453442096710205,0.39566197991371155,7.63430118560791,0.019187040627002716,9.321793913841248e-05,-0.09082049876451492,20.69508934020996,19.343881607055664,-92.2071762084961
4.412675142288208,0,-7.623078346252441,1.156883716583252,5.0,5.0,2.004000186920166,2956.0,-0.0,1.0,20.012001037597656,0.024267135187983513,0.33161383867263794,0.19992603361606598,9.370185852050781,-0.030215349048376083,-0.02587299607694149,-0.0756402537226677,21.048851013183594,17.21428108215332,-93.57068634033203
4.432836294174194,0,-7.598715305328369,1.1675431728363037,5.0,5.0,2.0199999809265137,2956.0,-0.0,1.0,20.00800132751465,0.024363456293940544,0.712311327457428,-0.1191176027059555,8.942798614501953,-0.004648612812161446,-0.0019041839987039566,-0.07231124490499496,21.225732803344727,16.681880950927734,-91.35498809814453
4.453145980834961,0,-7.57464599609375,1.1726164817810059,5.0,5.0,2.004000186920166,2964.0,-0.0,1.0,20.016000747680664,0.02406899258494377,-0.14186367392539978,0.6650233864784241,8.640515327453613,0.026244524866342545,0.04217180237174034,-0.07630605250597,21.048851013183594,18.279081344604492,-91.86630249023438
4.473262548446655,0,-7.551273345947266,1.1730502843856812,5.0,5.0,2.004000186920166,2944.0,-0.0,1.0,20.00400161743164,0.02337273582816124,-0.511786699295044,0.9319905042648315,7.515781879425049,-0.034476470202207565,-0.003102624788880348,-0.07497445493936539,21.756376266479492,18.279081344604492,-92.54805755615234
4.493577718734741,0,-7.528046607971191,1.1689305305480957,5.0,5.0,2.004000186920166,3000.0,-0.0,1.0,20.016000747680664,0.02322687953710556,0.5177724957466125,0.3453812003135681,11.513105392456055,0.03330200910568237,-0.017217593267560005,-0.06591956317424774,21.40261459350586,17.21428108215332,-92.2071762084961
4.513887882232666,0,-7.5048828125,1.1690770387649536,5.0,5.0,2.004000186920166,2952.0,-0.0,1.0,20.016000747680664,0.023163583129644394,0.8134714961051941,0.614742636680603,8.213726997375488,0.05833610147237778,0.02672523446381092,-0.09601374715566635,21.57949447631836,19.16641616821289,-91.35498809814453
4.5340492725372314,0,-7.480739593505859,1.1757756471633911,5.0,5.0,2.008000135421753,2956.0,-0.0,1.0,20.00400161743164,0.024143295362591743,0.3280223608016968,0.18795441091060638,8.558509826660156,-0.015700899064540863,0.018069829791784286,-0.11185979098081589,21.048851013183594,17.21428108215332,-93.57068634033203
4.554327011108398,0,-7.456120014190674,1.1840623617172241,5.0,5.0,2.008000135421753,2964.0,-0.0,1.0,20.00800132751465,0.024619391188025475,-0.017358846962451935,-0.12570199370384216,8.623156547546387,0.02251604199409485,-0.025340357795357704,-0.10866395384073257,21.048851013183594,19.343881607055664,-93.91156005859375
4.57463264465332,0,-7.431363105773926,1.195520043373108,5.0,5.0,2.008000135421753,2944.0,-0.0,1.0,20.016000747680664,0.024756992235779762,0.0730268731713295,0.05746376886963844,6.5191450119018555,0.04954753816127777,-0.06954950094223022,-0.10014170408248901,21.40261459350586,17.924148559570312,-92.54805755615234
4.594797611236572,0,-7.405445098876953,1.2075897455215454,5.0,5.0,2.004000186920166,3076.0,-0.0,1.0,20.012001037597656,0.02591833658516407,-0.20471467077732086,0.09637153148651123,8.633332252502441,0.03476677089929581,-0.018016552552580833,-0.08962205797433853,22.994543075561523,18.811481475830078,-92.71849060058594
4.615077495574951,0,-7.381268501281738,1.212934136390686,5.0,5.0,2.008000135421753,2952.0,-0.0,1.0,20.00800132751465,0.02417632006108761,-0.14964522421360016,0.6722064018249512,10.690056800842285,0.06792362779378891,-0.0309330802410841,-0.08056717365980148,22.287019729614258,17.036813735961914,-92.0367431640625
4.635414361953735,0,-7.357268333435059,1.2104134559631348,5.0,5.0,2.0240001678466797,2948.0,-0.0,1.0,20.020000457763672,0.024000192061066628,0.41481658816337585,1.0936073064804077,8.499849319458008,0.06113246828317642,-0.05756509304046631,-0.07390917092561722,20.871971130371094,18.101613998413086,-91.69586181640625
4.655519962310791,0,-7.3334527015686035,1.2048426866531372,5.0,5.0,2.01200008392334,2972.0,-0.0,1.0,20.012001037597656,0.023815808817744255,0.46270304918289185,0.816464364528656,7.545112609863281,-0.02275838330388069,0.058017849922180176,-0.07204493135213852,20.69508934020996,18.988948822021484,-91.52542877197266
4.67586088180542,0,-7.309694766998291,1.2037907838821411,5.0,5.0,2.004000186920166,2956.0,-0.0,1.0,20.012001037597656,0.023758016526699066,-0.1550324559211731,0.33580389618873596,10.342880249023438,-0.011972417123615742,0.0688038170337677,-0.0781702920794487,20.518207550048828,17.036813735961914,-93.4002456665039
4.695992708206177,0,-7.283641338348389,1.2148206233978271,5.0,5.0,2.004000186920166,3108.0,-0.0,1.0,20.00800132751465,0.026053184643387794,0.09816727042198181,0.4064364433288574,7.686976432800293,0.002941511571407318,-0.01974763534963131,-0.07044700533151627,20.69508934020996,17.924148559570312,-92.54805755615234
4.716296195983887,0,-7.258311748504639,1.2311561107635498,5.0,5.0,2.004000186920166,2952.0,-0.0,1.0,20.00800132751465,0.025329407304525375,0.9643138647079468,0.08439990878105164,7.9186272621154785,-0.014369298703968525,-0.030533598735928535,-0.053136199712753296,21.756376266479492,16.859346389770508,-91.86630249023438
4.736605882644653,0,-7.232701778411865,1.2392127513885498,5.0,5.0,2.0199999809265137,2948.0,-0.0,1.0,20.016000747680664,0.02561011165380478,0.2783401310443878,0.21967920660972595,10.837905883789062,0.006137354299426079,0.07519550621509552,-0.0656532421708107,22.994543075561523,17.391746520996094,-91.35498809814453
4.756773948669434,0,-7.207988739013672,1.2367935180664062,5.0,5.0,2.004000186920166,2968.0,-0.0,1.0,20.00800132751465,0.024712959304451942,0.10175875574350357,0.4561186730861664,8.328056335449219,0.033701490610837936,-0.029335157945752144,-0.07896925508975983,22.110137939453125,15.084678649902344,-90.50279235839844
4.777044296264648,0,-7.184131622314453,1.2304573059082031,5.0,5.0,2.01200008392334,2948.0,-0.0,1.0,20.00400161743164,0.02385708875954151,0.6476645469665527,-0.005985809490084648,11.317968368530273,-0.009042895399034023,0.06414321810007095,-0.07417549192905426,21.57949447631836,16.681880950927734,-92.0367431640625
4.797200441360474,0,-7.159407615661621,1.2268807888031006,5.0,5.0,2.008000135421753,3040.0,-0.0,1.0,20.012001037597656,0.024723967537283897,0.4381612241268158,-0.14186367392539978,8.808117866516113,0.04129161685705185,0.01740402728319168,-0.10546810925006866,21.57949447631836,16.326946258544922,-91.01410675048828
4.817508697509766,0,-7.13466739654541,1.2337031364440918,5.0,5.0,2.004000186920166,2944.0,-0.0,1.0,20.00400161743164,0.02474047988653183,0.11432895809412003,0.10056159645318985,7.062057971954346,-0.0061133746057748795,0.047897689044475555,-0.11998255550861359,21.40261459350586,18.634014129638672,-91.1845474243164
4.837818622589111,0,-7.10859489440918,1.2458570003509521,5.0,5.0,2.01200008392334,2944.0,-0.0,1.0,20.00400161743164,0.02607244811952114,0.046689312905073166,0.19334164261817932,10.374006271362305,-0.013170857913792133,0.016871389001607895,-0.11998255550861359,22.64078140258789,17.036813735961914,-91.35498809814453
4.857946395874023,0,-7.082434177398682,1.2552262544631958,5.0,5.0,2.004000186920166,2972.0,-0.0,1.0,20.016000747680664,0.02616051211953163,0.4543229341506958,0.6793893575668335,8.718331336975098,0.047949619591236115,-0.08526238799095154,-0.1270400434732437,23.34830665588379,17.746681213378906,-92.37761688232422
4.878281831741333,0,-7.056529998779297,1.2640352249145508,5.0,5.0,2.008000135421753,2956.0,-0.0,1.0,20.012001037597656,0.025904575362801552,0.40284496545791626,0.11672328412532806,8.280169486999512,0.025445565581321716,-0.017483914270997047,-0.1187841147184372,22.463899612426758,18.634014129638672,-91.52542877197266
4.89842963218689,0,-7.0306196212768555,1.2675039768218994,5.0,5.0,2.004000186920166,2964.0,-0.0,1.0,20.016000747680664,0.02591007947921753,-0.47287893295288086,0.5465043783187866,9.640146255493164,0.02051864191889763,-0.048110730946063995,-0.12291207909584045,22.463899612426758,17.5692138671875,-90.84367370605469
4.918705224990845,0,-7.005796909332275,1.2642066478729248,5.0,5.0,2.004000186920166,2960.0,-0.0,1.0,20.00800132751465,0.024823039770126343,0.7057269215583801,0.7512190341949463,9.07448673248291,0.035698890686035156,-0.07181322574615479,-0.12051519751548767,24.409591674804688,17.746681213378906,-91.69586181640625
4.939035654067993,0,-6.981017589569092,1.2595628499984741,5.0,5.0,2.0240001678466797,2948.0,-0.0,1.0,20.00800132751465,0.024779008701443672,0.7147056460380554,0.15144097805023193,7.5325422286987305,-0.018230941146612167,0.0588168129324913,-0.13609492778778076,22.287019729614258,17.036813735961914,-92.37761688232422
4.959166526794434,0,-6.955580711364746,1.2602037191390991,5.0,5.0,2.004000186920166,2972.0,-0.0,1.0,20.00800132751465,0.02543673664331436,0.03651343658566475,-0.2903117537498474,8.799139976501465,0.008667394518852234,0.060015253722667694,-0.1344970017671585,24.055830001831055,16.326946258544922,-89.9914779663086
4.979493618011475,0,-6.929310321807861,1.271640658378601,5.0,5.0,2.0240001678466797,2952.0,-0.0,1.0,20.012001037597656,0.026270592585206032,-0.017358846962451935,0.836816132068634,8.065877914428711,0.014925919473171234,-0.07634066790342331,-0.1275726854801178,23.34830665588379,17.746681213378906,-90.67323303222656
4.999626636505127,0,-6.901927947998047,1.2866400480270386,5.0,5.0,2.004000186920166,2976.0,-0.0,1.0,20.00400161743164,0.027382399886846542,0.8511821031570435,0.2280593365430832,10.39675235748291,-0.015700899064540863,0.03804384171962738,-0.10600075125694275,22.817663192749023,18.279081344604492,-91.1845474243164
5.01992130279541,0,-6.875866413116455,1.2916600704193115,5.0,5.0,2.004000186920166,2956.0,-0.0,1.0,20.016000747680664,0.026061439886689186,-0.20591184496879578,0.9798769950866699,10.558368682861328,0.0020093917846679688,0.05482201278209686,-0.12264575809240341,23.34830665588379,17.746681213378906,-91.35498809814453
5.040097236633301,0,-6.850157260894775,1.2860509157180786,5.0,5.0,2.004000186920166,2948.0,-0.0,1.0,20.00400161743164,0.025709183886647224,0.45252716541290283,0.6674177050590515,6.992023944854736,-0.011040296405553818,-0.051040247082710266,-0.10360386967658997,23.34830665588379,15.61707878112793,-89.9914779663086
5.060462474822998,0,-6.825884819030762,1.2770624160766602,5.0,5.0,2.004000186920166,2952.0,-0.0,1.0,20.012001037597656,0.02427263930439949,0.3184450566768646,-0.1711941510438919,11.599899291992188,-0.0005206502974033356,0.06787169724702835,-0.10000854730606079,21.756376266479492,16.859346389770508,-90.84367370605469
5.080681085586548,0,-6.800395488739014,1.2765955924987793,5.0,5.0,2.008000135421753,2952.0,-0.0,1.0,20.00800132751465,0.025489024817943573,0.5291455388069153,0.6686148643493652,8.621959686279297,0.030372489243745804,0.006751222535967827,-0.10932975262403488,22.287019729614258,17.391746520996094,-90.33235931396484
5.100795030593872,0,-6.773343563079834,1.288404107093811,5.0,5.0,2.004000186920166,2968.0,-0.0,1.0,20.016000747680664,0.02705216035246849,0.7326630353927612,0.3974577486515045,8.461540222167969,-0.04233291745185852,0.0706680566072464,-0.10853078961372375,23.34830665588379,18.101613998413086,-90.33235931396484
5.121137380599976,0,-6.746315956115723,1.301756739616394,5.0,5.0,2.008000135421753,2948.0,-0.0,1.0,20.00800132751465,0.027027392759919167,-0.44175273180007935,0.20651042461395264,10.455412864685059,-0.035408589988946915,0.013009745627641678,-0.11492247879505157,23.52518653869629,17.5692138671875,-89.821044921875
5.141254186630249,0,-6.719346523284912,1.3095825910568237,5.0,5.0,2.004000186920166,2960.0,-0.0,1.0,20.016000747680664,0.026969600468873978,0.6751992702484131,0.52016681432724,6.990826606750488,0.04209057241678238,-0.08446343243122101,-0.10653339326381683,22.994543075561523,17.746681213378906,-90.67323303222656
5.161573886871338,0,-6.692704200744629,1.313310146331787,5.0,5.0,2.008000135421753,2948.0,-0.0,1.0,20.00400161743164,0.02664211206138134,0.31245923042297363,0.38967618346214294,8.65548038482666,0.016257520765066147,0.006751222535967827,-0.09454898536205292,23.171424865722656,18.279081344604492,-91.1845474243164
5.181869745254517,0,-6.6666483879089355,1.3113600015640259,5.0,5.0,2.01200008392334,2952.0,-0.0,1.0,20.00400161743164,0.02605593577027321,-0.17059555649757385,0.2591855525970459,10.311155319213867,0.016790159046649933,-0.06089409440755844,-0.09960906952619553,22.64078140258789,19.52134895324707,-91.01410675048828
5.2019853591918945,0,-6.640664100646973,1.3071314096450806,5.0,5.0,2.004000186920166,2964.0,-0.0,1.0,20.00400161743164,0.02598438411951065,0.9493493437767029,0.560870349407196,8.985298156738281,0.029307208955287933,-0.009227989241480827,-0.11172663420438766,21.225732803344727,16.681880950927734,-91.69586181640625
5.222313404083252,0,-6.614591598510742,1.308578372001648,5.0,5.0,2.004000186920166,2952.0,-0.0,1.0,20.012001037597656,0.02607244811952114,0.5052022933959961,-0.08978714048862457,6.5191450119018555,-0.03687335178256035,0.08438354730606079,-0.11438983678817749,22.817663192749023,17.924148559570312,-91.86630249023438
5.242613792419434,0,-6.5875420570373535,1.3160501718521118,5.0,5.0,2.004000186920166,2948.0,-0.0,1.0,20.012001037597656,0.027049407362937927,-0.06644248217344284,0.25858697295188904,10.046582221984863,0.011863235384225845,0.02779051475226879,-0.10786499083042145,22.287019729614258,17.391746520996094,-91.01410675048828
5.263104438781738,0,-6.559945106506348,1.3278807401657104,5.0,5.0,2.008000135421753,2948.0,-0.0,1.0,20.016000747680664,0.027597056701779366,0.6009752750396729,0.36752867698669434,8.64171314239502,0.00520523265004158,-0.03146572411060333,-0.10493546724319458,23.34830665588379,17.746681213378906,-91.69586181640625
5.283173322677612,0,-6.532480239868164,1.3355205059051514,5.0,5.0,2.008000135421753,2956.0,-0.0,1.0,20.00800132751465,0.027464959770441055,0.4214009642601013,0.7344588041305542,8.916461944580078,-0.034343309700489044,0.07346442341804504,-0.12118099629878998,22.463899612426758,17.924148559570312,-91.1845474243164
5.3032262325286865,0,-6.5057830810546875,1.3330134153366089,5.0,5.0,2.004000186920166,2980.0,-0.0,1.0,20.00800132751465,0.026697151362895966,0.38967618346214294,0.6734035611152649,10.215980529785156,-0.021160462871193886,0.011544984765350819,-0.12783899903297424,23.878948211669922,17.21428108215332,-89.821044921875
5.323499441146851,0,-6.480236053466797,1.3249162435531616,5.0,5.0,2.004000186920166,2952.0,-0.0,1.0,20.016000747680664,0.025546815246343613,0.3711201846599579,0.23763662576675415,9.169661521911621,-0.05018936097621918,0.02645891346037388,-0.14541614055633545,22.994543075561523,16.681880950927734,-90.67323303222656
5.343958854675293,0,-6.453005313873291,1.3219718933105469,5.0,5.0,2.01200008392334,3004.0,-0.0,1.0,20.18400001525879,0.027231039479374886,0.5572788715362549,-0.3292195200920105,9.472542762756348,0.06565991044044495,-0.022144516929984093,-0.12930375337600708,23.34830665588379,17.746681213378906,-91.69586181640625
5.36414909362793,0,-6.426365852355957,1.3314075469970703,5.0,5.0,2.004000186920166,2952.0,-0.0,1.0,20.00400161743164,0.026639360934495926,0.3914719223976135,0.2783401310443878,6.474849700927734,-0.007711295038461685,-0.003368943929672241,-0.14541614055633545,23.52518653869629,17.924148559570312,-91.52542877197266
5.384432077407837,0,-6.3980231285095215,1.3465397357940674,5.0,5.0,2.0160000324249268,2948.0,-0.0,1.0,20.032001495361328,0.028342848643660545,0.1370750367641449,0.4872448742389679,10.217177391052246,-0.060309525579214096,0.056819409132003784,-0.15620210766792297,23.52518653869629,18.279081344604492,-89.821044921875
5.404698371887207,0,-6.369649887084961,1.3575963973999023,5.0,5.0,2.004000186920166,2964.0,-0.0,1.0,20.012001037597656,0.028373120352625847,0.12749773263931274,0.26277703046798706,10.511080741882324,0.016124360263347626,-0.07181322574615479,-0.14874513447284698,21.756376266479492,17.21428108215332,-90.16191864013672
5.425009727478027,0,-6.342286586761475,1.361042857170105,5.0,5.0,2.004000186920166,2956.0,-0.0,1.0,20.012001037597656,0.027363136410713196,0.5692504644393921,1.0349464416503906,9.012832641601562,0.012262716889381409,-0.012157509103417397,-0.15060937404632568,23.702068328857422,17.746681213378906,-91.01410675048828
5.445155382156372,0,-6.314799785614014,1.3553290367126465,5.0,5.0,2.004000186920166,3100.0,-0.0,1.0,20.00800132751465,0.027486976236104965,-0.1251034140586853,0.5291455388069153,8.715936660766602,-0.015700899064540863,-0.05476873368024826,-0.13875812292099,22.287019729614258,18.811481475830078,-91.35498809814453
5.465487003326416,0,-6.2891950607299805,1.34925377368927,5.0,5.0,2.004000186920166,2948.0,-0.0,1.0,20.012001037597656,0.0256046075373888,0.9188216924667358,0.5016108155250549,9.558738708496094,0.029174048453569412,-0.045847006142139435,-0.13662756979465485,23.171424865722656,18.279081344604492,-92.54805755615234
5.485804796218872,0,-6.261889934539795,1.352318525314331,5.0,5.0,2.01200008392334,2952.0,-0.0,1.0,20.012001037597656,0.027305344119668007,0.40164780616760254,0.3322124183177948,6.648438453674316,-0.0037164930254220963,0.04989508539438248,-0.13183380663394928,22.64078140258789,18.4565486907959,-91.69586181640625
5.505924224853516,0,-6.233114719390869,1.365437626838684,5.0,5.0,2.004000186920166,2988.0,-0.0,1.0,20.012001037597656,0.028774911537766457,0.03411911427974701,0.7099169492721558,10.813962936401367,-0.02994902804493904,0.047498203814029694,-0.1113271564245224,23.878948211669922,17.5692138671875,-91.52542877197266
5.526219606399536,0,-6.204843521118164,1.3762414455413818,5.0,5.0,2.004000186920166,2948.0,-0.0,1.0,20.020000457763672,0.028271295130252838,0.2603827118873596,0.28791743516921997,8.57167911529541,-0.03767231106758118,-0.031598880887031555,-0.08829046040773392,22.817663192749023,18.279081344604492,-92.88893127441406
5.546344518661499,0,-6.17604398727417,1.380316972732544,5.0,5.0,2.004000186920166,3088.0,-0.0,1.0,20.00800132751465,0.02879967913031578,0.911040186882019,0.6698120832443237,9.633561134338379,0.020918123424053192,0.050960369408130646,-0.08735834062099457,24.055830001831055,18.101613998413086,-93.4002456665039
5.566692352294922,0,-6.149682521820068,1.3758594989776611,5.0,5.0,2.008000135421753,2952.0,-0.0,1.0,20.012001037597656,0.026361407712101936,0.3753102421760559,0.8410062193870544,8.095208168029785,-0.014768779277801514,0.035513799637556076,-0.0818987786769867,22.994543075561523,17.036813735961914,-91.35498809814453
5.586836576461792,0,-6.122875213623047,1.3694180250167847,5.0,5.0,2.01200008392334,2948.0,-0.0,1.0,20.00400161743164,0.026807231828570366,0.6189326643943787,0.2549954652786255,10.039998054504395,-0.014768779277801514,0.011944465339183807,-0.08935573697090149,22.287019729614258,17.391746520996094,-92.0367431640625
5.607113838195801,0,-6.094961643218994,1.3720555305480957,5.0,5.0,2.004000186920166,2968.0,-0.0,1.0,20.012001037597656,0.027913536876440048,0.048485055565834045,-0.8356189727783203,7.909049987792969,0.10068100690841675,-0.013222789391875267,-0.07537393271923065,25.29399871826172,17.21428108215332,-91.86630249023438
5.627405643463135,0,-6.0663161277771,1.3850255012512207,5.0,5.0,2.004000186920166,2956.0,-0.0,1.0,20.00400161743164,0.02864556759595871,0.6356929540634155,0.8122743368148804,7.974295139312744,-0.011040296405553818,-0.010160109028220177,-0.08988837897777557,22.110137939453125,17.21428108215332,-91.1845474243164
5.647555828094482,0,-6.036520481109619,1.3994828462600708,5.0,5.0,2.008000135421753,3016.0,-0.0,1.0,20.012001037597656,0.029795903712511063,-0.1310892254114151,0.2609812915325165,9.282793045043945,0.0002783108502626419,-0.02081291563808918,-0.08296405524015427,23.702068328857422,18.4565486907959,-90.33235931396484
5.6678783893585205,0,-6.008147239685059,1.4069234132766724,5.0,5.0,2.004000186920166,2956.0,-0.0,1.0,20.00800132751465,0.028373120352625847,0.5279483795166016,0.4112251102924347,9.418670654296875,0.056338705122470856,-0.05796457827091217,-0.08509461581707001,24.055830001831055,18.4565486907959,-90.67323303222656
5.687987804412842,0,-5.980008125305176,1.4065332412719727,5.0,5.0,2.01200008392334,2960.0,-0.0,1.0,20.00400161743164,0.028139200061559677,0.10475166141986847,0.8763224482536316,7.126105785369873,0.02571188658475876,-0.0290688406676054,-0.07137912511825562,23.52518653869629,17.21428108215332,-90.84367370605469
5.708323001861572,0,-5.95234489440918,1.400423288345337,5.0,5.0,2.004000186920166,2968.0,-0.0,1.0,20.00400161743164,0.027663104236125946,0.21967920660972595,0.04070350155234337,11.94109058380127,0.012928519397974014,-0.04518120735883713,-0.07603973150253296,23.878948211669922,17.21428108215332,-89.821044921875
5.7286107540130615,0,-5.924816608428955,1.3982455730438232,5.0,5.0,2.0160000324249268,2956.0,-0.0,1.0,20.020000457763672,0.02752825617790222,0.5093923807144165,0.5441100597381592,6.605340480804443,0.055939219892024994,0.022996751591563225,-0.08149929344654083,23.878948211669922,16.859346389770508,-91.52542877197266
5.748734712600708,0,-5.89551305770874,1.4078927040100098,5.0,5.0,2.004000186920166,2980.0,-0.0,1.0,20.00800132751465,0.0293032955378294,-0.22327068448066711,0.8900898098945618,8.774598121643066,-0.011040296405553818,0.04962876811623573,-0.06365584582090378,23.878948211669922,17.21428108215332,-90.50279235839844
5.769106864929199,0,-5.865929126739502,1.4227463006973267,5.0,5.0,2.008000135421753,2956.0,-0.0,1.0,20.012001037597656,0.029583999887108803,0.5231597423553467,0.08020984381437302,9.451592445373535,-0.07136180996894836,0.0010253377258777618,-0.05340252071619034,25.29399871826172,17.5692138671875,-90.50279235839844
5.789206266403198,0,-5.836755275726318,1.428798794746399,5.0,5.0,2.0280001163482666,2948.0,-0.0,1.0,20.00400161743164,0.029173951596021652,0.6895652413368225,0.3711201846599579,11.693278312683105,0.02358132228255272,0.020866191014647484,-0.07750449329614639,23.34830665588379,18.4565486907959,-89.9914779663086
5.809561729431152,0,-5.808406829833984,1.424073338508606,5.0,5.0,2.0199999809265137,2980.0,-0.0,1.0,20.016000747680664,0.028348352760076523,0.1771799474954605,1.1001917123794556,7.2763495445251465,-0.00411597266793251,0.01420818641781807,-0.07337652891874313,24.409591674804688,16.326946258544922,-92.37761688232422
5.829855442047119,0,-5.780994415283203,1.4169673919677734,5.0,5.0,2.004000186920166,2948.0,-0.0,1.0,20.02800178527832,0.027412671595811844,0.5596731901168823,-0.2579883933067322,9.804157257080078,-0.019163060933351517,-0.017883392050862312,-0.0807003378868103,23.52518653869629,17.21428108215332,-90.50279235839844
5.849961757659912,0,-5.75242280960083,1.4167451858520508,5.0,5.0,2.008000135421753,2976.0,-0.0,1.0,20.012001037597656,0.028571264818310738,0.1819685995578766,-0.07781551778316498,12.072179794311523,0.08736500144004822,0.026858393102884293,-0.0906873419880867,24.58647346496582,17.21428108215332,-90.84367370605469
5.87030553817749,0,-5.722825050354004,1.4299159049987793,5.0,5.0,2.004000186920166,2952.0,-0.0,1.0,20.012001037597656,0.029597759246826172,0.24481959640979767,0.594390869140625,6.736429691314697,0.010531637817621231,-0.006964264437556267,-0.11638723313808441,25.64776039123535,17.21428108215332,-92.2071762084961
5.890416622161865,0,-5.692531108856201,1.4451148509979248,5.0,5.0,2.008000135421753,2948.0,-0.0,1.0,20.012001037597656,0.030294016003608704,-0.052076540887355804,0.36872583627700806,9.577893257141113,-0.041667114943265915,0.004354340955615044,-0.11931675672531128,24.940235137939453,18.279081344604492,-91.1845474243164
5.910721302032471,0,-5.6627655029296875,1.4523563385009766,5.0,5.0,2.004000186920166,2952.0,-0.0,1.0,20.00800132751465,0.02976563200354576,-0.2663685083389282,0.5183711051940918,9.327686309814453,0.017855439335107803,-0.056100331246852875,-0.12610791623592377,22.994543075561523,17.391746520996094,-91.01410675048828
5.9310526847839355,0,-5.633976936340332,1.4500830173492432,5.0,5.0,2.01200008392334,2952.0,-0.0,1.0,20.00800132751465,0.028788672760128975,0.2639741897583008,1.2360695600509644,8.764421463012695,0.06259723007678986,-0.044382244348526,-0.12530896067619324,24.232711791992188,17.924148559570312,-91.52542877197266
5.9511566162109375,0,-5.605265140533447,1.445138692855835,5.0,5.0,2.008000135421753,2960.0,-0.0,1.0,20.00400161743164,0.02871161513030529,0.5010122060775757,-0.08619565516710281,10.016653060913086,0.01852124184370041,-0.00736374594271183,-0.1169198751449585,24.232711791992188,18.279081344604492,-91.1845474243164
5.971475124359131,0,-5.5768232345581055,1.4431307315826416,5.0,5.0,2.004000186920166,2948.0,-0.0,1.0,20.00800132751465,0.02844192087650299,-0.24062953889369965,0.08559707552194595,7.605569362640381,0.04994702339172363,-0.047977566719055176,-0.12371104210615158,23.878948211669922,17.21428108215332,-91.1845474243164
5.991611480712891,0,-5.547088146209717,1.450666069984436,5.0,5.0,2.004000186920166,2960.0,-0.0,1.0,20.00800132751465,0.02973536029458046,0.6716077923774719,1.1055790185928345,7.773770332336426,0.04541957378387451,0.028323154896497726,-0.10640022903680801,25.824642181396484,17.746681213378906,-91.01410675048828
6.011923551559448,0,-5.516538143157959,1.4647220373153687,5.0,5.0,2.004000186920166,2952.0,-0.0,1.0,20.012001037597656,0.030549952760338783,0.5016108155250549,-0.1520395576953888,9.278602600097656,-0.03181327134370804,0.031119516119360924,-0.07204493135213852,24.58647346496582,17.924148559570312,-90.50279235839844
6.032242059707642,0,-5.48651123046875,1.4708518981933594,5.0,5.0,2.008000135421753,2952.0,-0.0,1.0,20.012001037597656,0.030027072876691818,0.2202777862548828,0.37590882182121277,10.212987899780273,0.026377685368061066,0.008748622611165047,-0.1013401448726654,23.52518653869629,19.343881607055664,-91.86630249023438
6.052379846572876,0,-5.457372665405273,1.4661715030670166,5.0,5.0,2.004000186920166,2956.0,-0.0,1.0,20.00800132751465,0.029138175770640373,0.010774456895887852,1.5820493698120117,8.195770263671875,0.02358132228255272,0.04803084582090378,-0.0969458669424057,22.994543075561523,17.036813735961914,-91.35498809814453
6.072691917419434,0,-5.429211616516113,1.4576764106750488,5.0,5.0,2.004000186920166,2948.0,-0.0,1.0,20.016000747680664,0.028161216527223587,0.04309782758355141,-0.049083635210990906,9.749686241149902,-0.0278184674680233,-0.022410834208130836,-0.09747850894927979,23.702068328857422,18.811481475830078,-91.01410675048828
6.092982053756714,0,-5.400210857391357,1.456170916557312,5.0,5.0,2.004000186920166,2948.0,-0.0,1.0,20.00800132751465,0.029000576585531235,-0.13049064576625824,0.2729529142379761,10.672698020935059,0.02691032737493515,0.012343944981694221,-0.11558827757835388,26.355283737182617,18.988948822021484,-92.2071762084961
6.113135814666748,0,-5.369638919830322,1.4689525365829468,5.0,5.0,2.01200008392334,2956.0,-0.0,1.0,20.00400161743164,0.030571967363357544,0.45252716541290283,0.5554831027984619,7.427192211151123,0.02371448278427124,-0.007496906444430351,-0.12557527422904968,24.232711791992188,18.988948822021484,-92.54805755615234
6.1334850788116455,0,-5.338343143463135,1.4860416650772095,5.0,5.0,2.01200008392334,2952.0,-0.0,1.0,20.00800132751465,0.031295742839574814,0.4321754276752472,0.33460673689842224,8.835054397583008,-0.01956254243850708,0.010879184119403362,-0.1238441988825798,24.409591674804688,16.681880950927734,-92.0367431640625
6.15442419052124,0,-5.307900905609131,1.4898966550827026,5.0,5.0,2.004000186920166,2964.0,-0.0,1.0,20.016000747680664,0.030442623421549797,-0.03112620860338211,0.37770456075668335,11.37243938446045,0.0005446299910545349,-0.011758027598261833,-0.13542912900447845,24.763355255126953,17.391746520996094,-92.0367431640625
6.173917531967163,0,-5.279326915740967,1.4810198545455933,5.0,5.0,2.004000186920166,2960.0,-0.0,1.0,20.00400161743164,0.02857401594519615,0.0700339674949646,1.2252951860427856,7.005192756652832,0.05553974211215973,-0.06848422437906265,-0.13729336857795715,23.878948211669922,16.504413604736328,-92.54805755615234
6.194075345993042,0,-5.249921798706055,1.4735147953033447,5.0,5.0,2.004000186920166,3032.0,-0.0,1.0,20.00400161743164,0.029405120760202408,0.49083635210990906,0.17837712168693542,10.0130615234375,-0.014502459205687046,-0.004301063716411591,-0.1231784000992775,23.702068328857422,17.036813735961914,-92.71849060058594
6.214371919631958,0,-5.2209625244140625,1.4748021364212036,5.0,5.0,2.004000186920166,2952.0,-0.0,1.0,20.00800132751465,0.02895929664373398,0.46090731024742126,-0.047287892550230026,10.79780101776123,0.024247124791145325,-0.017084432765841484,-0.12610791623592377,23.52518653869629,17.21428108215332,-92.2071762084961
6.234695911407471,0,-5.190197467803955,1.4859720468521118,5.0,5.0,2.0240001678466797,2952.0,-0.0,1.0,20.00400161743164,0.030764607712626457,0.38967618346214294,1.1235363483428955,6.188129425048828,0.03996001183986664,0.02366255223751068,-0.11012871563434601,24.58647346496582,17.21428108215332,-94.25244140625
6.254871129989624,0,-5.158984661102295,1.4967427253723145,5.0,5.0,2.008000135421753,2976.0,-0.0,1.0,20.012001037597656,0.03121318481862545,0.8966742157936096,0.20591184496879578,11.602892875671387,-0.06497012823820114,0.02552679367363453,-0.0744418129324913,23.702068328857422,18.101613998413086,-92.0367431640625
6.275141477584839,0,-5.129488468170166,1.4951810836791992,5.0,5.0,2.004000186920166,2956.0,-0.0,1.0,20.012001037597656,0.029495935887098312,0.7470290064811707,0.6129468679428101,9.454586029052734,-0.02076098322868347,0.007949663326144218,-0.09801114350557327,24.763355255126953,17.036813735961914,-93.05937194824219
6.295267581939697,0,-5.099422931671143,1.4873946905136108,5.0,5.0,2.008000135421753,3108.0,-0.0,1.0,20.02800178527832,0.03006559982895851,-0.3411911129951477,1.0175875425338745,7.251209259033203,0.000944109633564949,0.037378039211034775,-0.09854378551244736,23.34830665588379,18.101613998413086,-91.35498809814453
6.31561541557312,0,-5.071069240570068,1.4835268259048462,5.0,5.0,2.004000186920166,2948.0,-0.0,1.0,20.00400161743164,0.0283538568764925,0.35076841711997986,0.0760197788476944,11.667539596557617,-0.06829912960529327,-0.00629846565425396,-0.11292507499456406,24.940235137939453,16.859346389770508,-91.52542877197266
6.335896968841553,0,-5.041006088256836,1.4869537353515625,5.0,5.0,2.0160000324249268,2948.0,-0.0,1.0,20.012001037597656,0.030062848702073097,0.1652083396911621,0.5524901747703552,9.879578590393066,-0.021160462871193886,0.029521595686674118,-0.12677371501922607,23.52518653869629,17.21428108215332,-91.86630249023438
6.356078147888184,0,-5.0095977783203125,1.4992830753326416,5.0,5.0,2.004000186920166,2980.0,-0.0,1.0,20.00800132751465,0.03140857443213463,-0.3830918073654175,0.47287893295288086,7.4870500564575195,0.008001593872904778,-0.02787039987742901,-0.1456824541091919,25.29399871826172,18.988948822021484,-91.86630249023438
6.37637186050415,0,-4.978456020355225,1.5118557214736938,5.0,5.0,2.0160000324249268,2948.0,-0.0,1.0,20.012001037597656,0.031141631305217743,0.5896022319793701,0.5931937098503113,8.377738952636719,-0.05551576241850853,-0.01868235506117344,-0.1289042830467224,24.409591674804688,18.4565486907959,-92.37761688232422
6.396529674530029,0,-4.947542667388916,1.511001467704773,5.0,5.0,2.004000186920166,3056.0,-0.0,1.0,20.012001037597656,0.03091321513056755,0.6111510992050171,0.418408066034317,11.15096378326416,-0.02036150172352791,0.0036885403096675873,-0.1289042830467224,24.763355255126953,18.811481475830078,-92.37761688232422
6.416861295700073,0,-4.919117450714111,1.5015921592712402,5.0,5.0,2.008000135421753,2956.0,-0.0,1.0,20.016000747680664,0.02842540852725506,0.005985809490084648,0.52016681432724,7.260786533355713,0.05860242247581482,-0.05010812729597092,-0.13649439811706543,25.47087860107422,17.746681213378906,-91.35498809814453
6.436991930007935,0,-4.889616012573242,1.4966167211532593,5.0,5.0,2.0160000324249268,2952.0,-0.0,1.0,20.016000747680664,0.02950144000351429,-0.05985809117555618,0.1640111804008484,9.115190505981445,-0.004382291808724403,-0.0017710234969854355,-0.1307685226202011,25.29399871826172,17.924148559570312,-92.2071762084961
6.45730996131897,0,-4.858736038208008,1.5025748014450073,5.0,5.0,2.004000186920166,2964.0,-0.0,1.0,20.00400161743164,0.030880192294716835,0.8858997821807861,-0.06165383383631706,8.581255912780762,0.032369889318943024,-0.006697947159409523,-0.12078151851892471,25.29399871826172,17.21428108215332,-92.2071762084961
6.477615118026733,0,-4.827473163604736,1.5156455039978027,5.0,5.0,2.0280001163482666,2952.0,-0.0,1.0,20.00400161743164,0.03126271814107895,-0.054470863193273544,0.860160768032074,6.969876289367676,-0.024089984595775604,0.07892398536205292,-0.10932975262403488,24.58647346496582,17.924148559570312,-92.54805755615234
6.497808218002319,0,-4.796039581298828,1.521084189414978,5.0,5.0,2.008000135421753,3012.0,-0.0,1.0,20.00400161743164,0.0314333438873291,0.29150891304016113,0.14784948527812958,12.788681030273438,-0.06350536644458771,0.024328352883458138,-0.10160646587610245,25.47087860107422,18.4565486907959,-92.0367431640625
6.518094778060913,0,-4.766598701477051,1.5163464546203613,5.0,5.0,2.008000135421753,2960.0,-0.0,1.0,20.00800132751465,0.029440896585583687,0.5022094249725342,0.7242829203605652,9.490500450134277,0.013727478682994843,0.015672948211431503,-0.11771883815526962,24.232711791992188,17.21428108215332,-91.52542877197266
6.538212060928345,0,-4.7370285987854,1.5100774765014648,5.0,5.0,2.008000135421753,2952.0,-0.0,1.0,20.020000457763672,0.029570240527391434,-0.2681642472743988,0.9224132299423218,7.197935581207275,-0.026486866176128387,0.017803508788347244,-0.11612091958522797,24.409591674804688,18.4565486907959,-91.01410675048828
6.558537483215332,0,-4.706415176391602,1.5106714963912964,5.0,5.0,2.004000186920166,2976.0,-0.0,1.0,20.00800132751465,0.0306132473051548,-0.03830917924642563,-0.03950634226202965,8.3340425491333,-0.004648612812161446,0.011544984765350819,-0.1331654042005539,26.001522064208984,18.988948822021484,-91.86630249023438
6.5786662101745605,0,-4.675457954406738,1.51998770236969,5.0,5.0,2.01200008392334,2948.0,-0.0,1.0,20.00800132751465,0.03095724806189537,0.1550324559211731,-0.38668328523635864,7.273356914520264,0.10640688985586166,-0.02267715521156788,-0.13862496614456177,26.001522064208984,17.924148559570312,-91.86630249023438
6.599013328552246,0,-4.643215656280518,1.5339828729629517,5.0,5.0,2.004000186920166,2972.0,-0.0,1.0,20.012001037597656,0.03224243223667145,0.8146686553955078,0.21369339525699615,6.8555474281311035,0.015325397253036499,-0.037857405841350555,-0.14741353690624237,25.64776039123535,17.21428108215332,-92.2071762084961
6.619133710861206,0,-4.612024307250977,1.5407787561416626,5.0,5.0,2.004000186920166,2956.0,-0.0,1.0,20.00400161743164,0.03119116835296154,0.3974577486515045,0.7548105716705322,10.866039276123047,-0.04433031752705574,0.006484901532530785,-0.14861197769641876,24.58647346496582,17.21428108215332,-90.50279235839844
6.639421224594116,0,-4.581860065460205,1.5343050956726074,5.0,5.0,2.0280001163482666,2948.0,-0.0,1.0,20.016000747680664,0.030164672061800957,0.17239131033420563,0.586010754108429,8.196967124938965,0.0322367288172245,-0.041719041764736176,-0.14395137131214142,23.702068328857422,18.4565486907959,-90.67323303222656
6.659741640090942,0,-4.551802635192871,1.5267490148544312,5.0,5.0,2.008000135421753,2960.0,-0.0,1.0,20.00800132751465,0.03005734458565712,-0.3381982147693634,0.39266908168792725,8.224501609802246,-0.003982812166213989,0.0015579797327518463,-0.13782601058483124,24.940235137939453,18.279081344604492,-92.2071762084961
6.680027723312378,0,-4.521395683288574,1.5273661613464355,5.0,5.0,2.0160000324249268,2948.0,-0.0,1.0,20.036001205444336,0.030406847596168518,0.6536503434181213,0.3890776038169861,10.131580352783203,0.03183724731206894,-0.012290669605135918,-0.12371104210615158,25.47087860107422,17.391746520996094,-92.0367431640625
6.7001965045928955,0,-4.489224910736084,1.5392415523529053,5.0,5.0,2.0160000324249268,2980.0,-0.0,1.0,20.012001037597656,0.03217088058590889,0.41661232709884644,0.9876585006713867,7.3182501792907715,0.027309805154800415,0.0632110983133316,-0.10280490666627884,24.763355255126953,19.52134895324707,-91.01410675048828
6.720474004745483,0,-4.457436561584473,1.5507348775863647,5.0,5.0,2.004000186920166,2952.0,-0.0,1.0,20.00400161743164,0.03178835287690163,-0.21429197490215302,0.7296701669692993,9.552154541015625,-0.05018936097621918,0.0002263784408569336,-0.088823102414608,24.763355255126953,17.746681213378906,-92.37761688232422
6.740639686584473,0,-4.426487445831299,1.5491989850997925,5.0,5.0,2.004000186920166,2960.0,-0.0,1.0,20.012001037597656,0.03094899281859398,0.43277400732040405,0.3118606507778168,10.955826759338379,0.01652383804321289,0.013542385771870613,-0.08975522220134735,25.117116928100586,17.391746520996094,-92.0367431640625
6.76091742515564,0,-4.396449565887451,1.5411243438720703,5.0,5.0,2.004000186920166,2956.0,-0.0,1.0,20.012001037597656,0.030038079246878624,0.33580389618873596,0.6829808354377747,9.313919067382812,0.013594318181276321,0.012876586057245731,-0.0844288170337677,26.001522064208984,17.21428108215332,-92.2071762084961
6.781230688095093,0,-4.365794658660889,1.5395876169204712,5.0,5.0,2.008000135421753,2956.0,-0.0,1.0,20.00800132751465,0.030654527246952057,0.6650233864784241,-0.17059555649757385,10.666711807250977,-0.0565810427069664,0.031119516119360924,-0.08829046040773392,24.763355255126953,17.746681213378906,-92.37761688232422
6.8013694286346436,0,-4.333799839019775,1.548089861869812,5.0,5.0,2.008000135421753,2980.0,-0.0,1.0,20.00800132751465,0.03199475258588791,0.06285099685192108,0.42978110909461975,8.014998435974121,1.198984682559967e-05,0.02872263453900814,-0.12251260131597519,24.232711791992188,18.279081344604492,-92.2071762084961
6.821680784225464,0,-4.301560401916504,1.5617371797561646,5.0,5.0,2.004000186920166,2956.0,-0.0,1.0,20.012001037597656,0.032239679247140884,-0.25260114669799805,0.8757238984107971,7.71810245513916,0.00826791487634182,-0.06182621419429779,-0.11345771700143814,26.001522064208984,17.21428108215332,-91.86630249023438
6.841827869415283,0,-4.269400596618652,1.5695512294769287,5.0,5.0,2.004000186920166,2956.0,-0.0,1.0,20.012001037597656,0.032159872353076935,0.7919225692749023,0.4573158323764801,10.145946502685547,-0.04326503723859787,-0.007896387949585915,-0.1150556355714798,26.53216552734375,18.4565486907959,-89.9914779663086
6.862126350402832,0,-4.238600254058838,1.5642741918563843,5.0,5.0,2.01200008392334,2948.0,-0.0,1.0,20.00800132751465,0.030800383538007736,-0.018556008115410805,0.5393214225769043,10.727169036865234,0.009066876024007797,-0.023342957720160484,-0.12464316189289093,24.763355255126953,19.16641616821289,-91.69586181640625
6.882405757904053,0,-4.2081298828125,1.5563849210739136,5.0,5.0,2.008000135421753,2952.0,-0.0,1.0,20.012001037597656,0.030470144003629684,0.21548913419246674,0.3914719223976135,7.856973171234131,0.021051283925771713,-0.03399576246738434,-0.12544211745262146,24.58647346496582,17.924148559570312,-92.2071762084961
6.902552604675293,0,-4.176754474639893,1.5564535856246948,5.0,5.0,2.004000186920166,2964.0,-0.0,1.0,20.00400161743164,0.03137555345892906,0.17059555649757385,0.20830616354942322,7.315257549285889,0.05021333694458008,-0.0084290262311697,-0.11119399219751358,25.47087860107422,18.101613998413086,-91.35498809814453
6.922866106033325,0,-4.144693851470947,1.56727135181427,5.0,5.0,2.0160000324249268,2952.0,-0.0,1.0,20.012001037597656,0.03206079825758934,-0.1741870492696762,0.3735145032405853,8.0203857421875,0.06113246828317642,0.02978791669011116,-0.09734534472227097,24.409591674804688,18.101613998413086,-91.35498809814453
6.943176984786987,0,-4.111980438232422,1.5787326097488403,5.0,5.0,2.004000186920166,2956.0,-0.0,1.0,20.00800132751465,0.03271302580833435,0.9481521844863892,0.2759458124637604,9.26124382019043,-0.025954226031899452,-0.020413434132933617,-0.08136613667011261,25.824642181396484,17.746681213378906,-92.37761688232422
6.963279724121094,0,-4.08042049407959,1.5784727334976196,5.0,5.0,2.008000135421753,2956.0,-0.0,1.0,20.00800132751465,0.031559936702251434,1.4198338985443115,0.06883680820465088,11.705848693847656,0.0005446299910545349,0.0002263784408569336,-0.07777081429958344,25.47087860107422,16.681880950927734,-92.0367431640625
6.983663558959961,0,-4.049705505371094,1.5704723596572876,5.0,5.0,2.0280001163482666,2952.0,-0.0,1.0,20.00400161743164,0.03071507252752781,0.13946935534477234,1.0098060369491577,8.972129821777344,0.02384764328598976,0.0010253377258777618,-0.1006743460893631,26.53216552734375,17.746681213378906,-91.69586181640625
7.003768444061279,0,-4.0185418128967285,1.5666885375976562,5.0,5.0,2.004000186920166,2968.0,-0.0,1.0,20.016000747680664,0.031163647770881653,0.10714598745107651,0.04609072953462601,7.946760177612305,-0.047792479395866394,0.02872263453900814,-0.10600075125694275,26.355283737182617,18.634014129638672,-91.52542877197266
7.024050235748291,0,-3.986621618270874,1.5739810466766357,5.0,5.0,2.004000186920166,2948.0,-0.0,1.0,20.00400161743164,0.03192044794559479,-0.04010492190718651,0.08080842345952988,8.996671676635742,-0.007578134536743164,0.0007590185850858688,-0.12291207909584045,23.878948211669922,17.924148559570312,-94.25244140625
7.044371843338013,0,-3.9530553817749023,1.5876808166503906,5.0,5.0,2.004000186920166,3044.0,-0.0,1.0,20.00400161743164,0.03356614336371422,-0.07063254714012146,0.11373037844896317,8.894912719726562,0.08310388028621674,-0.05157288908958435,-0.10733234882354736,26.178403854370117,18.4565486907959,-92.0367431640625
7.064497947692871,0,-3.9208762645721436,1.5963490009307861,5.0,5.0,2.004000186920166,2948.0,-0.0,1.0,20.00400161743164,0.03217913582921028,0.6500588655471802,1.0289605855941772,8.294535636901855,0.006270512938499451,-0.045048050582408905,-0.1087971106171608,26.885927200317383,17.391746520996094,-93.05937194824219
7.084798336029053,0,-3.8894400596618652,1.5914746522903442,5.0,5.0,2.01200008392334,2948.0,-0.0,1.0,20.012001037597656,0.031436096876859665,0.22147494554519653,0.92420893907547,10.782238006591797,-0.023024704307317734,0.03964176028966904,-0.12064836174249649,25.117116928100586,17.391746520996094,-91.01410675048828
7.104943513870239,0,-3.858438730239868,1.5820122957229614,5.0,5.0,2.004000186920166,2968.0,-0.0,1.0,20.016000747680664,0.03100127913057804,0.32862094044685364,0.2741500735282898,9.856832504272461,0.0038736313581466675,-0.03732476383447647,-0.12743951380252838,24.763355255126953,18.101613998413086,-92.37761688232422
7.125412940979004,0,-3.827016592025757,1.5820424556732178,5.0,5.0,2.004000186920166,2948.0,-0.0,1.0,20.012001037597656,0.03142233565449715,0.6219255924224854,0.2789387106895447,7.424199104309082,0.04528641700744629,-0.02893568016588688,-0.11239243298768997,26.53216552734375,18.4565486907959,-92.37761688232422
7.145552635192871,0,-3.793128490447998,1.5923688411712646,5.0,5.0,2.004000186920166,3124.0,-0.0,1.0,20.056001663208008,0.03388812765479088,0.19872887432575226,-0.20531325042247772,8.059293746948242,0.06952155381441116,0.058949969708919525,-0.0881572961807251,26.001522064208984,17.924148559570312,-92.88893127441406
7.165901184082031,0,-3.7611446380615234,1.6025142669677734,5.0,5.0,2.008000135421753,2948.0,-0.0,1.0,20.00400161743164,0.031983744353055954,0.356155663728714,0.6141440272331238,6.954911708831787,0.015991199761629105,-0.08925719559192657,-0.0744418129324913,26.001522064208984,16.859346389770508,-90.50279235839844
7.1859962940216064,0,-3.7291224002838135,1.6016336679458618,5.0,5.0,2.0160000324249268,2948.0,-0.0,1.0,20.02400016784668,0.03202227130532265,0.8260416984558105,0.25379830598831177,11.207829475402832,0.0008109509944915771,0.016072427853941917,-0.07177861034870148,25.824642181396484,18.4565486907959,-90.67323303222656
7.206322193145752,0,-3.6976752281188965,1.5941872596740723,5.0,5.0,2.004000186920166,2972.0,-0.0,1.0,20.00800132751465,0.03144710510969162,0.12570199370384216,1.2031476497650146,8.341225624084473,0.024912923574447632,-0.0015047024935483932,-0.09082049876451492,26.709047317504883,18.279081344604492,-90.50279235839844
7.22661828994751,0,-3.666302442550659,1.5919239521026611,5.0,5.0,2.008000135421753,2952.0,-0.0,1.0,20.00400161743164,0.0313728004693985,0.06524532288312912,0.4339711666107178,8.20055866241455,-0.0565810427069664,0.023795712739229202,-0.08775781840085983,25.824642181396484,18.811481475830078,-91.69586181640625
7.246753215789795,0,-3.6328930854797363,1.5990312099456787,5.0,5.0,2.008000135421753,3056.0,-0.0,1.0,20.00400161743164,0.033409278839826584,-0.180172860622406,-0.05866093188524246,9.2462797164917,0.02171708270907402,0.030054235830903053,-0.10746551305055618,26.178403854370117,18.101613998413086,-91.35498809814453
7.267093658447266,0,-3.600270986557007,1.6115096807479858,5.0,5.0,2.004000186920166,2956.0,-0.0,1.0,20.00400161743164,0.03262220695614815,-0.509990930557251,0.6494603157043457,7.461909770965576,0.07125262916088104,-0.05756509304046631,-0.11039503663778305,27.062808990478516,18.279081344604492,-91.86630249023438
7.287317514419556,0,-3.567178249359131,1.6187148094177246,5.0,5.0,2.0199999809265137,2948.0,-0.0,1.0,20.036001205444336,0.03309280052781105,0.3513669967651367,1.102586030960083,8.4765043258667,-0.04086815565824509,-0.038789525628089905,-0.11745251715183258,24.763355255126953,19.16641616821289,-91.35498809814453
7.307483911514282,0,-3.5353541374206543,1.6113835573196411,5.0,5.0,2.004000186920166,2972.0,-0.0,1.0,20.00800132751465,0.031824126839637756,0.7691764831542969,0.530342698097229,11.569372177124023,-0.06190744787454605,0.06560797989368439,-0.12983639538288116,25.29399871826172,18.634014129638672,-91.86630249023438
7.327787160873413,0,-3.5046885013580322,1.5996094942092896,5.0,5.0,2.01200008392334,2948.0,-0.0,1.0,20.020000457763672,0.030665535479784012,0.550694465637207,0.24062953889369965,13.184343338012695,-0.020894141867756844,0.0016911383718252182,-0.13902445137500763,25.64776039123535,17.924148559570312,-91.1845474243164
7.347957611083984,0,-3.472297430038452,1.6000086069107056,5.0,5.0,2.004000186920166,2984.0,-0.0,1.0,20.016000747680664,0.03239104151725769,1.254027009010315,0.22865791618824005,8.67583179473877,0.016390681266784668,0.010612864047288895,-0.12251260131597519,27.062808990478516,18.279081344604492,-91.86630249023438
7.3682403564453125,0,-3.4392130374908447,1.6123952865600586,5.0,5.0,2.004000186920166,2956.0,-0.0,1.0,20.016000747680664,0.03308454528450966,0.052076540887355804,0.23165081441402435,11.584935188293457,0.0033409912139177322,0.09623479843139648,-0.10746551305055618,26.885927200317383,20.231216430664062,-91.69586181640625
7.388556241989136,0,-3.4059715270996094,1.621033787727356,5.0,5.0,2.0199999809265137,2952.0,-0.0,1.0,20.00400161743164,0.03324140980839729,0.511786699295044,0.03232337161898613,6.387456893920898,0.0058710332959890366,-0.13852642476558685,-0.08602673560380936,26.001522064208984,18.279081344604492,-91.52542877197266
7.408718109130859,0,-3.37372088432312,1.6166759729385376,5.0,5.0,2.004000186920166,2960.0,-0.0,1.0,20.00800132751465,0.03225068747997284,0.06943538784980774,0.7631906867027283,7.8755292892456055,-0.008510255254805088,-0.006697947159409523,-0.0869588553905487,26.001522064208984,18.279081344604492,-90.16191864013672
7.429143190383911,0,-3.3425710201263428,1.6085669994354248,5.0,5.0,2.01200008392334,2948.0,-0.0,1.0,20.00400161743164,0.031149888411164284,0.16760265827178955,0.592595100402832,7.973696708679199,-0.019029902294278145,-0.007230585440993309,-0.09348370134830475,25.47087860107422,18.811481475830078,-91.69586181640625
7.44921612739563,0,-3.3140933513641357,1.5709654092788696,-0.0,-15.709653854370117,2.004000186920166,2976.0,-0.0,2.0,20.012001037597656,0.02847769670188427,0.5309413075447083,-0.26576992869377136,8.047920227050781,-0.02142678201198578,0.06480901688337326,-0.09614690393209457,26.885927200317383,19.16641616821289,-93.05937194824219
7.469495534896851,0,-3.3000690937042236,1.4151701927185059,-0.0,-14.151701927185059,2.004000186920166,2952.0,-0.0,2.0,20.012001037597656,0.014024192467331886,0.18376433849334717,-0.32981809973716736,6.437737941741943,-0.006779173389077187,0.009813903830945492,-0.11851780116558075,26.53216552734375,18.4565486907959,-93.05937194824219
7.489792823791504,0,-3.2890610694885254,1.2606030702590942,-0.0,-12.606030464172363,2.004000186920166,2956.0,-0.0,2.0,20.02400016784668,0.011008000001311302,0.8398090600967407,-4.322352886199951,10.988748550415039,-0.0734923779964447,-0.03119940124452114,-0.09281790256500244,26.355283737182617,18.988948822021484,-92.54805755615234
7.509944915771484,0,-3.2796409130096436,1.1156260967254639,-0.0,-11.156261444091797,2.004000186920166,2976.0,0.09869494289159775,2.0,20.00800132751465,0.009420095942914486,0.8272388577461243,-4.63960075378418,10.409322738647461,0.055939219892024994,0.0022237785160541534,-0.1494109332561493,25.47087860107422,17.746681213378906,-93.74112701416016
7.53024959564209,0,-3.2790658473968506,0.9214301109313965,-0.0,-9.214301109313965,2.01200008392334,2948.0,0.09869494289159775,2.0,20.012001037597656,0.0005751680000685155,0.12450483441352844,-3.0413897037506104,9.685039520263672,0.16752737760543823,0.0975663959980011,-0.16086269915103912,24.763355255126953,18.101613998413086,-91.35498809814453
7.550351858139038,0,-3.2748663425445557,0.7940350770950317,0.0,-8.862837791442871,2.0160000324249268,2984.0,-0.0,0.0,20.00400161743164,0.00419955188408494,1.1396980285644531,-3.938662528991699,10.566150665283203,-0.04566191881895065,-0.08765926957130432,-0.21119721233844757,25.824642181396484,18.101613998413086,-91.69586181640625
7.570669889450073,0,-3.2649617195129395,0.7418504953384399,0.0,-8.862837791442871,2.008000135421753,2944.0,-0.0,0.0,20.012001037597656,0.009904447942972183,0.836816132068634,-3.2790262699127197,9.05652904510498,0.06273038685321808,-0.03426208347082138,-0.2813725471496582,25.824642181396484,18.4565486907959,-90.67323303222656
7.590944528579712,0,-3.253359317779541,0.7128180861473083,-4.0,-47.12818145751953,2.004000186920166,2956.0,-0.0,2.0,20.00800132751465,0.011602431535720825,-0.4160137474536896,-1.0756499767303467,7.516380786895752,0.0609993040561676,0.06041473150253296,-0.25407475233078003,26.178403854370117,17.391746520996094,-91.35498809814453
7.611083745956421,0,-3.2420430183410645,0.6862416863441467,-4.0,-46.8624153137207,2.004000186920166,2956.0,-0.0,2.0,20.00800132751465,0.011316224001348019,-0.3214379549026489,-1.6053940057754517,10.270451545715332,-0.11716888099908829,-0.10869856178760529,-0.20054440200328827,27.41657066345215,16.504413604736328,-92.88893127441406
7.631364822387695,0,-3.2362308502197266,0.6140596270561218,-4.0,-46.140594482421875,2.004000186920166,2952.0,-0.0,2.0,20.00400161743164,0.0058122240006923676,-0.17897570133209229,-1.7287017107009888,7.9557390213012695,0.0058710332959890366,-0.010293269529938698,-0.17084971070289612,26.355283737182617,17.5692138671875,-92.2071762084961
7.651706218719482,0,-3.235694169998169,0.5075482726097107,-4.0,-45.07548522949219,2.008000135421753,2972.0,-0.0,2.0,20.012001037597656,0.000536640000063926,-0.5435115098953247,-1.5581061840057373,10.138165473937988,0.008667394518852234,0.09676744043827057,-0.14834564924240112,26.001522064208984,17.924148559570312,-90.50279235839844
7.671811819076538,0,-3.2357382774353027,0.4166463315486908,-4.0,-44.166465759277344,2.004000186920166,2948.0,-0.0,2.0,20.016000747680664,-4.403200000524521e-05,-0.07961126416921616,-2.6439318656921387,9.844860076904297,-0.0853436216711998,-0.06289149820804596,-0.13116800785064697,26.885927200317383,17.036813735961914,-90.67323303222656
7.692107200622559,0,-3.2378573417663574,0.32133498787879944,-4.0,-43.213348388671875,2.004000186920166,2952.0,-0.0,2.0,20.00400161743164,-0.0021190401166677475,0.25978413224220276,-2.2207353115081787,8.586045265197754,0.0484822615981102,0.04030756279826164,-0.13489648699760437,27.23969078063965,18.811481475830078,-89.30972290039062
7.712267637252808,0,-3.2399048805236816,0.2466728389263153,-4.0,-42.46672821044922,2.0160000324249268,2960.0,-0.0,2.0,20.012001037597656,-0.002047488000243902,0.20291893184185028,-2.34045147895813,9.27920150756836,0.010797955095767975,0.06134685128927231,-0.1669880598783493,26.53216552734375,16.326946258544922,-90.67323303222656
7.732594728469849,0,-3.2401552200317383,0.2000972479581833,-4.0,-42.00096893310547,2.0160000324249268,2948.0,-0.0,2.0,20.00400161743164,-0.0002504320000298321,0.4219995439052582,-2.763049602508545,11.203639030456543,-0.0384712740778923,0.002756420522928238,-0.19055740535259247,26.53216552734375,17.391746520996094,-91.69586181640625
7.752944469451904,0,-3.2404000759124756,0.16194352507591248,-4.0,-41.61943435668945,2.01200008392334,2956.0,-0.0,2.0,20.00800132751465,-0.0002449280000291765,-0.03890775889158249,-1.9010930061340332,8.935017585754395,0.04115845263004303,-0.000705743208527565,-0.18523100018501282,26.178403854370117,17.391746520996094,-91.01410675048828
7.773070573806763,0,-3.2404000759124756,0.13304771482944489,-4.0,-41.330474853515625,2.004000186920166,2948.0,-0.0,2.0,20.012001037597656,0.0,0.3800988793373108,-2.3464372158050537,8.513616561889648,0.013194836676120758,0.017670348286628723,-0.17284710705280304,26.178403854370117,17.746681213378906,-91.69586181640625
7.7933430671691895,0,-3.2404000759124756,0.10905520617961884,-4.0,-41.09054946899414,2.004000186920166,2968.0,-0.0,2.0,20.00400161743164,0.0,0.052076540887355804,-2.211756467819214,10.4446382522583,-0.009309215471148491,0.0002263784408569336,-0.16272693872451782,25.47087860107422,17.746681213378906,-89.65060424804688
7.813510894775391,0,-3.2404000759124756,0.0895824208855629,-4.0,-40.89582443237305,2.008000135421753,2948.0,-0.0,2.0,20.00400161743164,0.0,0.07123112678527832,-2.1093990802764893,9.283391952514648,0.04528641700744629,-0.04637964814901352,-0.1507425308227539,26.178403854370117,18.4565486907959,-88.9688491821289
7.833770275115967,0,-3.2404000759124756,0.07353881001472473,-4.0,-40.735389709472656,2.0160000324249268,2944.0,-0.0,2.0,20.012001037597656,0.0,0.3549584746360779,-1.9926759004592896,7.555288314819336,-0.0061133746057748795,0.019135110080242157,-0.13835865259170532,25.824642181396484,18.4565486907959,-90.33235931396484
7.854099750518799,0,-3.2384159564971924,0.0789361447095871,-0.0,-0.7893614768981934,2.0160000324249268,2972.0,-0.0,2.0,20.00400161743164,0.001984192058444023,0.20291893184185028,-2.0621113777160645,9.748489379882812,-0.04939039796590805,0.03285059705376625,-0.1400897353887558,26.885927200317383,19.52134895324707,-90.33235931396484
7.874199151992798,0,-3.231478214263916,0.1277233213186264,-0.0,-1.2772332429885864,2.004000186920166,2948.0,-0.0,2.0,20.00400161743164,0.006937792059034109,0.0550694465637207,-1.6670478582382202,10.123200416564941,-0.0017190910875797272,0.01633874699473381,-0.13556228578090668,26.355283737182617,18.279081344604492,-89.821044921875
7.894539833068848,0,-3.220616102218628,0.2020808905363083,-0.0,-2.0208089351654053,2.01200008392334,3060.0,-0.0,2.0,20.00400161743164,0.010862143710255623,-0.015563104301691055,-0.3334095776081085,9.135541915893555,-0.02169310301542282,-0.013222789391875267,-0.08709201961755753,27.062808990478516,19.698816299438477,-89.821044921875
7.9146575927734375,0,-3.2084522247314453,0.2757871747016907,-0.0,-2.757871627807617,2.01200008392334,2960.0,-0.0,2.0,20.012001037597656,0.012163840234279633,0.2951003909111023,-0.2909103333950043,9.191808700561523,-0.07082916796207428,0.013009745627641678,-0.034360624849796295,26.178403854370117,17.746681213378906,-89.9914779663086
7.9349634647369385,0,-3.1978514194488525,0.32095831632614136,-0.0,-3.209583282470703,2.0160000324249268,2948.0,-0.0,2.0,20.00400161743164,0.01060070376843214,0.06045667454600334,0.34957125782966614,9.747291564941406,0.02051864191889763,0.03804384171962738,-0.021710418164730072,26.355283737182617,17.924148559570312,-89.821044921875
7.955142974853516,0,-3.1900634765625,0.33239707350730896,-0.0,-3.3239707946777344,2.01200008392334,2964.0,-0.0,2.0,20.00400161743164,0.0077881598845124245,0.09876585006713867,0.22746075689792633,8.10299015045166,0.035698890686035156,0.01820298843085766,-0.0225093774497509,26.355283737182617,18.988948822021484,-89.13928985595703
7.975451469421387,0,-3.1843061447143555,0.3247019648551941,-0.0,-3.2470197677612305,2.01200008392334,2956.0,-0.0,2.0,20.00800132751465,0.005757183767855167,-0.0640481561422348,-0.5818206667900085,9.818522453308105,0.016656998544931412,0.05961577594280243,-0.0387549102306366,26.885927200317383,17.391746520996094,-88.9688491821289
7.995733976364136,0,-3.1774041652679443,0.3266955614089966,-0.0,-3.266955614089966,2.0160000324249268,3104.0,-0.0,2.0,20.14000129699707,0.006902015767991543,0.18496151268482208,-1.6263443231582642,8.941601753234863,-0.01649986021220684,-0.013355949893593788,-0.03795594722032547,25.47087860107422,16.326946258544922,-88.28709411621094
8.016047716140747,0,-3.169494867324829,0.3406713306903839,-0.0,-3.4067132472991943,2.01200008392334,2952.0,-0.0,2.0,20.00400161743164,0.007909247651696205,-0.19753170013427734,-0.8272388577461243,9.499479293823242,-0.019296221435070038,0.03245111554861069,-0.04527974873781204,27.41657066345215,18.279081344604492,-89.13928985595703
8.036335229873657,0,-3.161456346511841,0.35148850083351135,-0.0,-3.5148849487304688,2.0199999809265137,2948.0,-0.0,2.0,20.00400161743164,0.008038591593503952,0.0305276270955801,-0.26576992869377136,8.897905349731445,0.021983403712511063,0.0014248192310333252,-0.04235023260116577,26.885927200317383,18.811481475830078,-88.9688491821289
8.056500434875488,0,-3.1547937393188477,0.3475247919559479,-0.0,-3.475247859954834,2.004000186920166,2968.0,-0.0,2.0,20.00400161743164,0.006662591826170683,0.3890776038169861,-0.40164780616760254,9.037374496459961,0.04209057241678238,0.008881783112883568,-0.022243058308959007,26.53216552734375,18.4565486907959,-88.62797546386719
8.076824188232422,0,-3.1496694087982178,0.3313734829425812,-0.0,-3.313734769821167,2.004000186920166,2952.0,-0.0,2.0,20.00800132751465,0.005124223884195089,-0.12749773263931274,-0.14186367392539978,9.15589427947998,0.0038736313581466675,0.016072427853941917,-0.015851374715566635,25.29399871826172,18.634014129638672,-87.7757797241211
8.096937417984009,0,-3.1445233821868896,0.3169965147972107,-0.0,-3.1699652671813965,2.0160000324249268,3036.0,-0.0,2.0,20.012001037597656,0.005146239884197712,0.15144097805023193,-0.9619195461273193,9.573104858398438,-0.033278029412031174,0.012210785411298275,-0.012522372417151928,26.709047317504883,17.5692138671875,-88.79840850830078
8.117238283157349,0,-3.1391513347625732,0.3094244599342346,-0.0,-3.0942444801330566,2.01200008392334,2952.0,-0.0,2.0,20.016000747680664,0.0053719040006399155,-0.017957428470253944,-0.8224502205848694,8.973925590515137,-0.0022517312318086624,-0.009760627523064613,-0.01332133263349533,26.355283737182617,18.988948822021484,-88.11666107177734
8.137549877166748,0,-3.133559226989746,0.30387845635414124,-0.0,-3.0387845039367676,2.008000135421753,2956.0,-0.0,2.0,20.012001037597656,0.0055920640006661415,0.09697011113166809,-0.7093183994293213,8.965544700622559,0.014925919473171234,-0.012423830106854439,-0.017049815505743027,26.178403854370117,17.746681213378906,-88.62797546386719
8.157904624938965,0,-3.1288340091705322,0.29115548729896545,-0.0,-2.9115548133850098,2.01200008392334,2980.0,-0.0,2.0,20.012001037597656,0.004725183825939894,-0.06943538784980774,-0.18436291813850403,9.008044242858887,0.012262716889381409,-0.01455439068377018,-0.008527570404112339,25.47087860107422,17.036813735961914,-89.9914779663086
8.178089618682861,0,-3.125088691711426,0.2729116380214691,-0.0,-2.729116439819336,2.01200008392334,2948.0,-0.0,2.0,20.012001037597656,0.0037454720586538315,0.339993953704834,-0.6081582307815552,8.961953163146973,-0.009042895399034023,-0.007230585440993309,-0.004532767925411463,26.709047317504883,17.21428108215332,-89.821044921875
8.198336124420166,0,-3.121687173843384,0.25346148014068604,-0.0,-2.5346148014068604,2.004000186920166,3048.0,-0.0,2.0,20.012001037597656,0.0034014720004051924,0.008380132727324963,-0.4351683259010315,9.167865753173828,0.0001451503485441208,-0.018948672339320183,-0.021177778020501137,26.178403854370117,18.101613998413086,-88.28709411621094
8.218448638916016,0,-3.118269205093384,0.2397403120994568,-0.0,-2.3974032402038574,2.01200008392334,2948.0,-0.0,2.0,20.00800132751465,0.003417984116822481,0.12091334909200668,-0.49861791729927063,9.263039588928223,0.006137354299426079,-0.0077632274478673935,-0.001203766092658043,25.824642181396484,18.101613998413086,-87.60533905029297
8.238783597946167,0,-3.114628314971924,0.22942577302455902,-0.0,-2.294257640838623,2.004000186920166,2948.0,-0.0,2.0,20.00400161743164,0.0036408959422260523,0.3274237811565399,-0.5848135352134705,9.148711204528809,-0.0045154523104429245,-0.015353349968791008,-5.325302481651306e-06,26.001522064208984,18.988948822021484,-88.79840850830078
8.258944749832153,0,-3.1116340160369873,0.21472105383872986,-0.0,-2.1472105979919434,2.01200008392334,2972.0,-0.0,2.0,20.012001037597656,0.002994176000356674,0.0580623485147953,-0.19453880190849304,8.920052528381348,0.012662198394536972,0.0019574593752622604,-0.01119077205657959,26.178403854370117,18.4565486907959,-87.94622039794922
8.279227256774902,0,-3.1095261573791504,0.19509504735469818,-0.0,-1.9509505033493042,2.0199999809265137,2952.0,-0.0,2.0,20.012001037597656,0.0021080318838357925,-0.050280798226594925,-0.0849984884262085,9.20916748046875,0.00413995236158371,-0.002969464287161827,-0.002668526954948902,25.117116928100586,17.746681213378906,-88.62797546386719
8.299480199813843,0,-3.107712507247925,0.17638549208641052,0.0,-1.894467830657959,2.01200008392334,2972.0,-0.0,0.0,20.012001037597656,0.0018135679420083761,0.19453880190849304,-0.5548844933509827,9.238497734069824,-0.001319611445069313,0.0015579797327518463,0.00931588001549244,25.824642181396484,18.101613998413086,-88.62797546386719
8.319633483886719,0,-3.1054916381835938,0.16477812826633453,0.0,-1.894467830657959,2.01200008392334,2948.0,-0.0,0.0,20.016000747680664,0.0022208639420568943,0.27654439210891724,-0.4800618886947632,9.079275131225586,-0.009841855615377426,0.0004926975816488266,-0.005598048679530621,26.001522064208984,18.279081344604492,-89.48016357421875
8.339945793151855,0,-3.103224039077759,0.1547449827194214,0.0,-1.894467830657959,2.008000135421753,2944.0,-0.0,0.0,20.012001037597656,0.0022676480002701283,0.026337560266256332,-0.10535024106502533,9.136140823364258,0.00933319702744484,0.0036885403096675873,-0.013454493135213852,25.29399871826172,18.634014129638672,-88.11666107177734
8.360085248947144,0,-3.1023049354553223,0.13556569814682007,0.0,-1.894467830657959,2.004000186920166,2944.0,-0.0,0.0,20.016000747680664,0.0009191680001094937,0.026337560266256332,-0.09876585006713867,9.25885009765625,0.01133059710264206,-0.002703143283724785,-0.0024022068828344345,26.001522064208984,18.988948822021484,-89.48016357421875
8.38041067123413,0,-3.1023378372192383,0.11094622313976288,0.0,-1.894467830657959,2.008000135421753,2952.0,-0.0,0.0,20.012001037597656,-3.3024000003933907e-05,0.17478562891483307,-0.46689313650131226,9.014628410339355,-0.010241336189210415,-0.0005725827068090439,0.00039415527135133743,26.001522064208984,18.634014129638672,-89.821044921875
8.40070366859436,0,-3.1023378372192383,0.0909290611743927,0.0,-1.894467830657959,2.01200008392334,2952.0,-0.0,0.0,20.012001037597656,0.0,0.17658136785030365,-0.7141070365905762,9.166667938232422,-0.013037698343396187,0.0007590185850858688,-0.002535366453230381,25.29399871826172,18.279081344604492,-87.7757797241211
8.420833110809326,0,-3.1023378372192383,0.07469557225704193,0.0,-1.894467830657959,2.01200008392334,2948.0,-0.0,0.0,20.00400161743164,0.0,0.1340821236371994,-0.6722064018249512,8.896708488464355,0.004539432004094124,0.0015579797327518463,-0.002535366453230381,26.178403854370117,18.101613998413086,-88.28709411621094
8.44116735458374,0,-3.1023378372192383,0.061298735439777374,0.0,-1.894467830657959,2.01200008392334,2936.0,-0.0,0.0,20.00400161743164,0.0,0.09038572013378143,-0.5818206667900085,9.26004695892334,0.002941511571407318,0.002623260021209717,0.0002609947696328163,25.64776039123535,18.634014129638672,-87.43490600585938
8.461273431777954,0,-3.1023378372192383,0.050314560532569885,0.0,-1.894467830657959,2.008000135421753,2940.0,-0.0,0.0,20.00800132751465,0.0,0.1251034140586853,-0.3100649118423462,9.094240188598633,0.0037404727190732956,-0.00043942220509052277,0.0007936349138617516,25.64776039123535,18.279081344604492,-90.16191864013672
8.481598854064941,0,-3.1023406982421875,0.04125674068927765,0.0,-1.894467830657959,2.01200008392334,2936.0,-0.0,0.0,20.012001037597656,-2.7520000003278255e-06,0.10954030603170395,0.03531627357006073,8.99188232421875,0.007602114230394363,-0.003368943929672241,0.001592596061527729,24.940235137939453,18.988948822021484,-87.7757797241211
8.501894235610962,0,-3.102524995803833,0.032102782279253006,0.0,-1.894467830657959,2.004000186920166,2948.0,-0.0,0.0,20.012001037597656,-0.0001843840000219643,0.14485658705234528,0.2801358699798584,9.119978904724121,0.01039847731590271,-0.000972062349319458,0.003856317140161991,24.940235137939453,18.988948822021484,-89.13928985595703
8.522007703781128,0,-3.1027450561523438,0.02445516176521778,0.0,-1.894467830657959,2.01200008392334,2940.0,-0.0,0.0,20.00400161743164,-0.00022016000002622604,0.13168780505657196,0.4321754276752472,9.085261344909668,0.00520523265004158,-0.002703143283724785,0.004655277356505394,26.355283737182617,16.859346389770508,-88.11666107177734
8.542335510253906,0,-3.1027450561523438,0.02003534696996212,0.0,-1.894467830657959,2.01200008392334,2940.0,-0.0,0.0,20.012001037597656,0.0,0.16281400620937347,0.4561186730861664,9.062515258789062,-0.00012117065489292145,-0.00017310120165348053,0.005054756999015808,24.232711791992188,17.924148559570312,-88.11666107177734
8.562485218048096,0,-3.1027450561523438,0.016464821994304657,0.0,-1.894467830657959,2.01200008392334,2948.0,-0.0,0.0,20.016000747680664,0.0,0.15263813734054565,0.47168177366256714,9.033185005187988,0.0017430707812309265,-0.0005725827068090439,0.006386358290910721,26.001522064208984,17.21428108215332,-89.48016357421875
8.582814693450928,0,-3.1027450561523438,0.013513444922864437,0.0,-1.894467830657959,2.01200008392334,2936.0,-0.0,0.0,20.012001037597656,0.0,0.14725090563297272,0.4219995439052582,9.023009300231934,0.002675190567970276,0.0010253377258777618,0.007851120084524155,26.178403854370117,18.101613998413086,-88.62797546386719
8.60310411453247,0,-3.1027450561523438,0.011070186272263527,0.0,-1.894467830657959,2.01200008392334,2952.0,-0.0,0.0,20.00800132751465,0.0,0.08619565516710281,0.4130208492279053,9.14452075958252,0.00413995236158371,0.005552781745791435,0.0021252362057566643,26.001522064208984,18.634014129638672,-88.11666107177734
8.623209476470947,0,-3.1027450561523438,0.009098055772483349,0.0,-1.894467830657959,2.01200008392334,2936.0,-0.0,0.0,20.012001037597656,0.0,0.14066651463508606,0.3962605595588684,9.115788459777832,0.002941511571407318,-0.002436824142932892,-0.005198568105697632,25.117116928100586,17.391746520996094,-88.62797546386719
8.643542289733887,0,-3.1027450561523438,0.007453717291355133,0.0,-1.894467830657959,2.01200008392334,2976.0,-0.0,0.0,20.012001037597656,0.0,0.19334164261817932,0.43277400732040405,9.099028587341309,0.002408871427178383,0.0007590185850858688,-0.006929649505764246,26.178403854370117,17.746681213378906,-87.94622039794922
8.6638343334198,0,-3.1027450561523438,0.0061258659698069096,0.0,-1.894467830657959,2.01200008392334,2944.0,-0.0,0.0,20.012001037597656,0.0,0.21429197490215302,0.4501328468322754,9.019417762756348,-0.00012117065489292145,0.0016911383718252182,-0.009060210548341274,25.824642181396484,18.811481475830078,-88.62797546386719
8.683980226516724,0,-3.1027450561523438,0.0050254394300282,0.0,-1.894467830657959,2.0280001163482666,2952.0,-0.0,0.0,20.02800178527832,0.0,0.12330766767263412,0.5034065842628479,9.034980773925781,-0.0005206502974033356,0.003155900165438652,-0.0038669677451252937,27.41657066345215,18.988948822021484,-88.79840850830078
8.704300165176392,0,-3.1027450561523438,0.0041173105128109455,0.0,-1.894467830657959,2.01200008392334,2960.0,-0.0,0.0,20.00400161743164,0.0,0.1310892254114151,0.5369271039962769,9.088852882385254,0.0022757109254598618,0.007283862680196762,0.001992075704038143,27.23969078063965,17.746681213378906,-89.65060424804688
8.724606037139893,0,-3.1027450561523438,0.00338447536341846,0.0,-1.894467830657959,2.01200008392334,2932.0,-0.0,0.0,20.00400161743164,0.0,0.1191176027059555,0.5195682644844055,9.102620124816895,-0.0005206502974033356,0.005153300240635872,0.00425579771399498,26.355283737182617,18.988948822021484,-88.11666107177734
8.744741201400757,0,-3.1027450561523438,0.0027634429279714823,0.0,-1.894467830657959,2.008000135421753,3068.0,-0.0,0.0,20.00800132751465,0.0,0.13887077569961548,0.5542859435081482,9.078078269958496,-0.0006538107991218567,0.0024900995194911957,-0.0005379654467105865,25.47087860107422,18.4565486907959,-88.9688491821289
8.765051364898682,0,-3.1027450561523438,0.002278962405398488,0.0,-1.894467830657959,2.008000135421753,2940.0,-0.0,0.0,20.00800132751465,0.0,0.1520395576953888,0.6075596213340759,9.02360725402832,0.0001451503485441208,0.0016911383718252182,-0.0008042855188250542,26.355283737182617,17.21428108215332,-88.11666107177734
8.785358905792236,0,-3.102747917175293,0.0018451743526384234,0.0,-1.894467830657959,2.01200008392334,2944.0,-0.0,0.0,20.02800178527832,-2.7520000003278255e-06,0.13587787747383118,0.6404815912246704,9.05652904510498,0.0020093917846679688,0.0020906198769807816,-5.325302481651306e-06,24.763355255126953,19.16641616821289,-88.62797546386719
8.805492162704468,0,-3.1027588844299316,0.0014115290250629187,0.0,-1.894467830657959,2.01200008392334,2968.0,-0.0,0.0,20.012001037597656,-1.1008000001311302e-05,0.17239131033420563,0.6404815912246704,9.034381866455078,0.0016099102795124054,0.0018242988735437393,0.0009267954155802727,26.355283737182617,17.924148559570312,-89.48016357421875
8.82583737373352,0,-3.1027672290802,0.0010875833686441183,0.0,-1.894467830657959,2.0160000324249268,2948.0,-0.0,0.0,20.012001037597656,-8.256000000983477e-06,0.13587787747383118,0.6249184608459473,9.063114166259766,1.198984682559967e-05,0.0019574593752622604,-0.00040480587631464005,26.709047317504883,17.21428108215332,-89.821044921875
8.84598684310913,0,-3.1027672290802,0.0008870300371199846,0.0,-1.894467830657959,2.008000135421753,3104.0,-0.0,0.0,20.012001037597656,0.0,0.11432895809412003,0.5788277387619019,9.082866668701172,0.0010772701352834702,0.001291658729314804,-0.0005379654467105865,25.64776039123535,16.149478912353516,-88.79840850830078
8.866229057312012,0,-3.1027672290802,0.0007323394529521465,0.0,-1.894467830657959,2.01200008392334,2948.0,-0.0,0.0,20.00400161743164,0.0,0.1490466445684433,0.48963919281959534,9.119978904724121,1.198984682559967e-05,0.001158498227596283,-0.0005379654467105865,25.117116928100586,18.811481475830078,-88.9688491821289
8.886548042297363,0,-3.1027672290802,0.0006009244243614376,0.0,-1.894467830657959,2.0160000324249268,2944.0,-0.0,0.0,20.00800132751465,0.0,0.15622961521148682,0.44474563002586365,9.033185005187988,-0.001452770084142685,0.0018242988735437393,0.00039415527135133743,25.29399871826172,18.988948822021484,-88.79840850830078
8.90668249130249,0,-3.1027672290802,0.0004924487438984215,0.0,-1.894467830657959,2.01200008392334,2960.0,-0.0,0.0,20.012001037597656,0.0,0.13228638470172882,0.37171876430511475,9.05952262878418,-0.00025433115661144257,0.0019574593752622604,-0.0009374460205435753,26.709047317504883,17.924148559570312,-87.7757797241211
8.926998138427734,0,-3.1027672290802,0.0004046264511998743,0.0,-1.894467830657959,2.008000135421753,2944.0,-0.0,0.0,20.016000747680664,0.0,0.11851902306079865,0.33161383867263794,9.11279582977295,0.0008109509944915771,0.001291658729314804,-0.0008042855188250542,24.58647346496582,19.343881607055664,-88.11666107177734
8.947132349014282,0,-3.1027672290802,0.00033087385236285627,0.0,-1.894467830657959,2.01200008392334,3020.0,-0.0,0.0,20.00400161743164,0.0,0.13468070328235626,0.30767059326171875,9.07448673248291,-0.001319611445069313,0.001158498227596283,-0.0008042855188250542,25.64776039123535,18.634014129638672,-88.45753479003906
8.967443943023682,0,-3.1027672290802,0.00027249715640209615,0.0,-1.894467830657959,2.01200008392334,2944.0,-0.0,0.0,20.00800132751465,0.0,0.14186367392539978,0.29270607233047485,9.031987190246582,-0.0005206502974033356,0.0003595389425754547,-0.002135886810719967,24.940235137939453,19.343881607055664,-89.13928985595703
8.987778186798096,0,-3.1027672290802,0.00022359036665875465,0.0,-1.894467830657959,2.008000135421753,2936.0,-0.0,0.0,20.00400161743164,0.0,0.1310892254114151,0.2980932891368866,9.044557571411133,0.0012104306370019913,0.0022237785160541534,-0.0002716453745961189,25.117116928100586,19.52134895324707,-88.62797546386719
9.007890701293945,0,-3.1027672290802,0.0001832143316278234,0.0,-1.894467830657959,2.01200008392334,2948.0,-0.0,0.0,20.00800132751465,0.0,0.13647645711898804,0.2789387106895447,9.193005561828613,0.0013435911387205124,0.0014248192310333252,0.000660475343465805,25.47087860107422,17.391746520996094,-89.9914779663086
9.028212785720825,0,-3.1027672290802,0.00015058099234011024,0.0,-1.894467830657959,2.0160000324249268,2936.0,-0.0,0.0,20.00800132751465,0.0,0.1502438187599182,0.2603827118873596,9.077479362487793,-0.0026512108743190765,0.001158498227596283,-0.0010706055909395218,25.47087860107422,18.4565486907959,-88.9688491821289
9.048343658447266,0,-3.1027672290802,0.00012335623614490032,0.0,-1.894467830657959,2.008000135421753,2960.0,-0.0,0.0,20.00400161743164,0.0,0.146053746342659,0.2669670879840851,9.002656936645508,-0.0005206502974033356,0.0018242988735437393,0.0001278351992368698,24.232711791992188,18.634014129638672,-88.45753479003906
9.068632125854492,0,-3.1027672290802,0.00010138442303286865,0.0,-1.894467830657959,2.01200008392334,2940.0,-0.0,0.0,20.00400161743164,0.0,0.13168780505657196,0.2699599862098694,9.103219032287598,0.0034741517156362534,-3.994256258010864e-05,-0.0001384848728775978,26.355283737182617,17.924148559570312,-90.16191864013672
9.088780879974365,0,-3.1027672290802,8.3194587205071e-05,0.0,-1.894467830657959,2.0160000324249268,2940.0,-0.0,0.0,20.00800132751465,0.0,0.12450483441352844,0.31245923042297363,9.118782043457031,0.0012104306370019913,0.001158498227596283,0.000660475343465805,24.940235137939453,18.279081344604492,-88.45753479003906
9.10911250114441,0,-3.1027672290802,6.818999099778011e-05,0.0,-1.894467830657959,2.01200008392334,2952.0,-0.0,0.0,20.00800132751465,0.0,0.15323671698570251,0.30886775255203247,9.02360725402832,-0.001319611445069313,0.0015579797327518463,-0.0006711259484291077,24.940235137939453,18.279081344604492,-88.79840850830078
9.12938380241394,0,-3.1027672290802,5.602707824436948e-05,0.0,-1.894467830657959,2.004000186920166,2944.0,-0.0,0.0,20.012001037597656,0.0,0.12450483441352844,0.3340081572532654,9.001460075378418,0.000944109633564949,0.0010253377258777618,-0.0006711259484291077,25.47087860107422,19.16641616821289,-89.65060424804688
9.149542093276978,0,-3.1027672290802,4.590263415593654e-05,0.0,-1.894467830657959,2.01200008392334,2952.0,-0.0,0.0,20.00800132751465,0.0,0.14425800740718842,0.3573528230190277,9.147513389587402,0.0002783108502626419,0.0023569390177726746,0.0013262759894132614,25.29399871826172,18.279081344604492,-89.13928985595703
9.169827222824097,0,-3.1027672290802,3.772374475374818e-05,0.0,-1.894467830657959,2.01200008392334,2944.0,-0.0,0.0,20.00400161743164,0.0,0.14126509428024292,0.36094430088996887,9.098429679870605,-0.00025433115661144257,0.00288957916200161,-0.0017364062368869781,25.824642181396484,18.101613998413086,-88.9688491821289
9.189985275268555,0,-3.1027672290802,3.083947012783028e-05,0.0,-1.894467830657959,2.01200008392334,2936.0,-0.0,0.0,20.00800132751465,0.0,0.15263813734054565,0.3890776038169861,9.012234687805176,-0.0010532904416322708,0.0018242988735437393,-0.001203766092658043,25.47087860107422,19.52134895324707,-89.9914779663086
9.21029257774353,0,-3.1027672290802,2.539831621106714e-05,0.0,-1.894467830657959,2.01200008392334,2940.0,-0.0,0.0,20.016000747680664,0.0,0.11313179135322571,0.4034435451030731,9.0289945602417,0.0012104306370019913,0.0018242988735437393,0.0001278351992368698,23.878948211669922,17.21428108215332,-89.48016357421875
9.230638027191162,0,-3.1027672290802,2.0845593098783866e-05,0.0,-1.894467830657959,2.004000186920166,2944.0,-0.0,0.0,20.012001037597656,0.0,0.13587787747383118,0.3944648206233978,9.115190505981445,0.0013435911387205124,0.0006258580833673477,-0.0005379654467105865,26.178403854370117,18.4565486907959,-89.30972290039062
9.250769138336182,0,-3.1027672290802,1.708071431494318e-05,0.0,-1.894467830657959,2.01200008392334,2948.0,-0.0,0.0,20.00400161743164,0.0,0.13049064576625824,0.3974577486515045,9.099627494812012,-0.00012117065489292145,0.0010253377258777618,-0.0022690463811159134,25.117116928100586,17.21428108215332,-89.13928985595703
9.271037817001343,0,-3.1027672290802,1.4035684216651134e-05,0.0,-1.894467830657959,2.008000135421753,2940.0,-0.0,0.0,20.012001037597656,0.0,0.1280963122844696,0.43097826838493347,9.127161979675293,0.0014767516404390335,0.0004926975816488266,0.0007936349138617516,25.47087860107422,17.036813735961914,-87.94622039794922
9.291350841522217,0,-3.1027672290802,1.151706965174526e-05,0.0,-1.894467830657959,2.01200008392334,2940.0,-0.0,0.0,20.00400161743164,0.0,0.14784948527812958,0.4100279211997986,9.076881408691406,-0.001452770084142685,0.0019574593752622604,-0.0008042855188250542,25.64776039123535,18.279081344604492,-88.79840850830078
9.311487674713135,0,-3.1027672290802,9.451138794247527e-06,0.0,-1.894467830657959,2.01200008392334,2940.0,-0.0,0.0,20.00800132751465,0.0,0.11253321170806885,0.3812960386276245,9.055931091308594,-0.0007869713008403778,0.001291658729314804,0.00039415527135133743,25.47087860107422,18.811481475830078,-89.65060424804688
9.331793546676636,0,-3.1027672290802,7.756706509098876e-06,0.0,-1.894467830657959,2.004000186920166,2940.0,-0.0,0.0,20.00400161743164,0.0,0.13168780505657196,0.38249319791793823,9.076881408691406,0.0014767516404390335,0.00089217908680439,0.0007936349138617516,26.53216552734375,18.101613998413086,-89.65060424804688
9.35189962387085,0,-3.1027672290802,6.354292963806074e-06,0.0,-1.894467830657959,2.01200008392334,2940.0,-0.0,0.0,20.012001037597656,0.0,0.15084239840507507,0.38189461827278137,9.117584228515625,-0.0007869713008403778,0.0022237785160541534,0.0010599549859762192,24.409591674804688,18.101613998413086,-89.30972290039062
9.372210025787354,0,-3.1027672290802,5.222087565925904e-06,0.0,-1.894467830657959,2.01200008392334,2936.0,-0.0,0.0,20.012001037597656,0.0,0.14126509428024292,0.3531627357006073,9.067303657531738,0.0004114694893360138,0.0016911383718252182,-0.0010706055909395218,25.29399871826172,16.859346389770508,-88.79840850830078
9.392547845840454,0,-3.1027672290802,4.283339876565151e-06,0.0,-1.894467830657959,2.01200008392334,2944.0,-0.0,0.0,20.012001037597656,0.0,0.1310892254114151,0.35555708408355713,9.05652904510498,-0.00025433115661144257,0.0018242988735437393,-5.325302481651306e-06,25.824642181396484,17.391746520996094,-88.9688491821289
9.41266918182373,0,-3.1027672290802,3.5159396247763652e-06,0.0,-1.894467830657959,2.01200008392334,2948.0,-0.0,0.0,20.00400161743164,0.0,0.14246225357055664,0.34358546137809753,9.101423263549805,-0.0005206502974033356,0.0007590185850858688,-0.0002716453745961189,26.709047317504883,19.698816299438477,-87.7757797241211
9.43302845954895,0,-3.1027672290802,2.8849069622083334e-06,0.0,-1.894467830657959,2.0240001678466797,2944.0,-0.0,0.0,20.020000457763672,0.0,0.14066651463508606,0.33759963512420654,9.083465576171875,-0.0007869713008403778,0.0004926975816488266,0.0010599549859762192,25.824642181396484,18.101613998413086,-88.28709411621094
9.45316195487976,0,-3.1027672290802,2.3644108750886517e-06,0.0,-1.894467830657959,2.01200008392334,2960.0,-0.0,0.0,20.00800132751465,0.0,0.14784948527812958,0.3352053165435791,9.084662437438965,0.0001451503485441208,0.0022237785160541534,-0.00040480587631464005,26.001522064208984,18.634014129638672,-88.45753479003906
9.473408699035645,0,-3.1027672290802,1.9427482129685814e-06,0.0,-1.894467830657959,2.01200008392334,2936.0,-0.0,0.0,20.012001037597656,0.0,0.1310892254114151,0.35555708408355713,9.04036808013916,0.0016099102795124054,0.0004926975816488266,0.00039415527135133743,25.64776039123535,17.924148559570312,-89.48016357421875
9.493730545043945,0,-3.1027672290802,1.5908839259282104e-06,0.0,-1.894467830657959,2.01200008392334,2992.0,-0.0,0.0,20.012001037597656,0.0,0.14964522421360016,0.3411911129951477,9.04156494140625,0.0017430707812309265,0.0014248192310333252,-0.0009374460205435753,26.885927200317383,18.101613998413086,-89.30972290039062
9.51383352279663,0,-3.1027672290802,1.3079244354230468e-06,0.0,-1.894467830657959,2.01200008392334,2936.0,-0.0,0.0,20.016000747680664,0.0,0.1251034140586853,0.3800988793373108,9.10740852355957,0.0022757109254598618,0.002623260021209717,0.0010599549859762192,25.117116928100586,17.746681213378906,-87.60533905029297
9.534181833267212,0,-3.1027672290802,1.0733924682426732e-06,0.0,-1.894467830657959,2.008000135421753,2940.0,-0.0,0.0,20.016000747680664,0.0,0.146053746342659,0.3669300973415375,9.108606338500977,0.0008109509944915771,0.0010253377258777618,0.0002609947696328163,26.178403854370117,18.4565486907959,-89.30972290039062
9.554458618164062,0,-3.1027672290802,8.796629913376819e-07,0.0,-1.894467830657959,2.01200008392334,2940.0,-0.0,0.0,20.00400161743164,0.0,0.146053746342659,0.36992302536964417,9.065507888793945,-0.0006538107991218567,0.0024900995194911957,-0.00040480587631464005,25.29399871826172,18.279081344604492,-88.79840850830078
9.574774026870728,0,-3.1027672290802,7.227315563795855e-07,0.0,-1.894467830657959,2.01200008392334,2936.0,-0.0,0.0,20.00800132751465,0.0,0.13348354399204254,0.38668328523635864,9.140929222106934,0.0004114694893360138,0.0014248192310333252,-5.325302481651306e-06,26.355283737182617,18.634014129638672,-89.48016357421875
9.594922065734863,0,-3.1027672290802,5.895872163819149e-07,0.0,-1.894467830657959,2.01200008392334,3076.0,-0.0,0.0,20.016000747680664,0.0,0.14545516669750214,0.39266908168792725,9.061318397521973,-0.003317011520266533,0.0003595389425754547,-5.325302481651306e-06,26.53216552734375,18.811481475830078,-89.30972290039062
9.615040302276611,0,-3.1027672290802,4.86579892822192e-07,0.0,-1.894467830657959,2.01200008392334,2948.0,-0.0,0.0,20.00400161743164,0.0,0.1310892254114151,0.3513669967651367,8.916461944580078,-0.003317011520266533,0.0016911383718252182,0.0001278351992368698,26.885927200317383,18.811481475830078,-89.30972290039062
9.635379076004028,0,-3.1027672290802,3.993434063431778e-07,0.0,-1.894467830657959,2.01200008392334,2940.0,-0.0,0.0,20.00800132751465,0.0,0.12151192873716354,0.3842889666557312,9.108007431030273,0.004805753007531166,0.0016911383718252182,-0.0002716453745961189,26.885927200317383,18.811481475830078,-89.65060424804688
9.65567421913147,0,-3.1027672290802,3.273581796747749e-07,0.0,-1.894467830657959,2.01200008392334,2952.0,-0.0,0.0,20.00400161743164,0.0,0.14126509428024292,0.3800988793373108,9.251068115234375,0.002408871427178383,0.0016911383718252182,0.0001278351992368698,26.178403854370117,17.746681213378906,-88.62797546386719
9.67602252960205,0,-3.1027672290802,2.6887397552854964e-07,0.0,-1.894467830657959,2.01200008392334,2936.0,-0.0,0.0,20.020000457763672,0.0,0.15563103556632996,0.3800988793373108,9.07328987121582,-0.005181252956390381,0.0020906198769807816,-0.0014700861647725105,26.53216552734375,18.811481475830078,-89.65060424804688
9.69618010520935,0,-3.1027672290802,2.1938542715815856e-07,0.0,-1.894467830657959,2.01200008392334,3076.0,-0.0,0.0,20.00800132751465,0.0,0.1370750367641449,0.34777551889419556,9.044557571411133,-0.00038748979568481445,0.0022237785160541534,-0.0017364062368869781,25.117116928100586,18.4565486907959,-88.62797546386719
9.71628475189209,0,-3.1027672290802,1.8106349841673364e-07,0.0,-1.894467830657959,2.01200008392334,2940.0,-0.0,0.0,20.00400161743164,0.0,0.12270908802747726,0.3771059811115265,9.111000061035156,0.002808351069688797,0.0015579797327518463,-0.00040480587631464005,26.001522064208984,18.988948822021484,-89.13928985595703
9.736628293991089,0,-3.1027672290802,1.4859600128147576e-07,0.0,-1.894467830657959,2.008000135421753,2936.0,-0.0,0.0,20.012001037597656,0.0,0.14844806492328644,0.3519655764102936,9.090049743652344,-0.0022517312318086624,0.0020906198769807816,-0.00040480587631464005,25.824642181396484,18.4565486907959,-87.60533905029297
9.75676155090332,0,-3.1027672290802,1.217581768742093e-07,0.0,-1.894467830657959,2.01200008392334,2960.0,-0.0,0.0,20.00800132751465,0.0,0.16161684691905975,0.356155663728714,8.953573226928711,-0.001319611445069313,0.0007590185850858688,-0.0014700861647725105,25.47087860107422,19.52134895324707,-89.30972290039062
9.777254581451416,0,-3.1027672290802,1.0004813333353013e-07,0.0,-1.894467830657959,2.008000135421753,2940.0,-0.0,0.0,20.012001037597656,0.0,0.14485658705234528,0.3681272566318512,9.043959617614746,0.0032078325748443604,0.0006258580833673477,-0.0002716453745961189,26.709047317504883,17.924148559570312,-88.11666107177734
9.797378301620483,0,-3.1027672290802,8.178037091965962e-08,0.0,-1.894467830657959,2.004000186920166,3016.0,-0.0,0.0,20.00800132751465,0.0,0.1400679349899292,0.36872583627700806,9.143921852111816,0.0012104306370019913,0.0024900995194911957,-0.0009374460205435753,25.64776039123535,18.279081344604492,-90.16191864013672
9.817665338516235,0,-3.1027672290802,6.736731705814236e-08,0.0,-1.894467830657959,2.01200008392334,2936.0,-0.0,0.0,20.00400161743164,0.0,0.14126509428024292,0.3489726781845093,9.134943962097168,-0.001319611445069313,0.00089217908680439,-0.0014700861647725105,25.47087860107422,17.746681213378906,-88.62797546386719
9.837862730026245,0,-3.1027672290802,5.5282978195236865e-08,0.0,-1.894467830657959,2.01200008392334,2936.0,-0.0,0.0,20.020000457763672,0.0,0.12390625476837158,0.3681272566318512,9.096035957336426,0.0004114694893360138,0.0014248192310333252,-0.0001384848728775978,24.232711791992188,17.5692138671875,-88.11666107177734
9.858160734176636,0,-3.1027672290802,4.5289734629250233e-08,0.0,-1.894467830657959,2.01200008392334,2968.0,-0.0,0.0,20.016000747680664,0.0,0.14066651463508606,0.3411911129951477,9.027198791503906,-0.00038748979568481445,0.001291658729314804,0.0005273148417472839,25.117116928100586,19.87628173828125,-89.30972290039062
9.878265380859375,0,-3.1027672290802,3.7209943570815085e-08,0.0,-1.894467830657959,2.0240001678466797,2944.0,-0.0,0.0,20.012001037597656,0.0,0.13767361640930176,0.33281099796295166,8.992481231689453,-0.0006538107991218567,0.0015579797327518463,-0.001203766092658043,25.117116928100586,17.391746520996094,-88.62797546386719
9.898593425750732,0,-3.1027672290802,3.0481164259299476e-08,0.0,-1.894467830657959,2.01200008392334,2964.0,-0.0,0.0,20.016000747680664,0.0,0.12869489192962646,0.3669300973415375,9.067902565002441,0.0014767516404390335,0.0018242988735437393,-0.0009374460205435753,25.117116928100586,18.811481475830078,-87.94622039794922
9.918767929077148,0,-3.1027672290802,2.505880480896394e-08,0.0,-1.894467830657959,2.01200008392334,2944.0,-0.0,0.0,20.00400161743164,0.0,0.1640111804008484,0.3711201846599579,9.13913345336914,0.0017430707812309265,0.0018242988735437393,0.0001278351992368698,26.001522064208984,17.924148559570312,-88.79840850830078
9.939045667648315,0,-3.1027672290802,2.0561339297842096e-08,0.0,-1.894467830657959,2.0240001678466797,2940.0,-0.0,0.0,20.00800132751465,0.0,0.1340821236371994,0.3429868817329407,9.090049743652344,0.0002783108502626419,0.001291658729314804,-0.0008042855188250542,26.53216552734375,17.746681213378906,-88.9688491821289
9.959344387054443,0,-3.1027672290802,1.6852954587420754e-08,0.0,-1.894467830657959,2.01200008392334,2952.0,-0.0,0.0,20.00800132751465,0.0,0.15682820975780487,0.3681272566318512,9.037374496459961,-0.00012117065489292145,0.0016911383718252182,-0.00040480587631464005,24.763355255126953,17.746681213378906,-87.60533905029297
9.979476928710938,0,-3.1027672290802,1.3845872004480952e-08,0.0,-1.894467830657959,2.008000135421753,2952.0,-0.0,0.0,20.012001037597656,0.0,0.15084239840507507,0.35256415605545044,9.097232818603516,0.0012104306370019913,0.001291658729314804,-0.0009374460205435753,24.940235137939453,17.5692138671875,-89.48016357421875
9.99981141090393,0,-3.1027672290802,1.1341684924559559e-08,0.0,-1.894467830657959,2.01200008392334,2968.0,-0.0,0.0,20.00800132751465,0.0,0.14186367392539978,0.3783031404018402,9.060120582580566,0.0002783108502626419,0.00089217908680439,-0.0008042855188250542,26.001522064208984,17.924148559570312,-89.13928985595703
10.01991581916809,0,-3.1027672290802,9.323362526458823e-09,0.0,-1.894467830657959,2.01200008392334,2944.0,-0.0,0.0,20.00800132751465,0.0,0.15742678940296173,0.34657835960388184,9.066705703735352,0.0004114694893360138,0.001158498227596283,0.0005273148417472839,24.940235137939453,18.634014129638672,-89.48016357421875
10.040246725082397,0,-3.1027672290802,7.632389831258024e-09,0.0,-1.894467830657959,2.01200008392334,2948.0,-0.0,0.0,20.00800132751465,0.0,0.11373037844896317,0.35854998230934143,9.11159896850586,0.0004114694893360138,0.0010253377258777618,-0.0009374460205435753,25.64776039123535,17.924148559570312,-89.13928985595703
10.060545921325684,0,-3.1027672290802,6.277787178987637e-09,0.0,-1.894467830657959,2.01200008392334,2944.0,-0.0,0.0,20.00800132751465,0.0,0.17239131033420563,0.296297550201416,8.79135799407959,0.000944109633564949,0.0007590185850858688,0.0001278351992368698,26.001522064208984,17.924148559570312,-89.13928985595703
10.080687046051025,0,-3.1027672290802,5.151879811648996e-09,0.0,-1.894467830657959,2.008000135421753,2944.0,-0.0,0.0,20.00400161743164,0.0,0.15323671698570251,0.2980932891368866,9.307933807373047,0.00520523265004158,0.003555379807949066,-0.0001384848728775978,26.885927200317383,19.87628173828125,-87.60533905029297
10.10107707977295,0,-3.1027672290802,4.220429339341081e-09,0.0,-1.894467830657959,2.01200008392334,2956.0,-0.0,0.0,20.00400161743164,0.0,0.13647645711898804,0.3310152590274811,9.208568572998047,0.0005446299910545349,0.00089217908680439,-5.325302481651306e-06,25.64776039123535,18.634014129638672,-89.48016357421875
10.121132373809814,0,-3.1027672290802,3.468700660036461e-09,0.0,-1.894467830657959,2.01200008392334,2944.0,-0.0,0.0,20.00800132751465,0.0,0.13887077569961548,0.3250294327735901,8.849420547485352,-0.0061133746057748795,0.0007590185850858688,-0.0009374460205435753,26.001522064208984,19.698816299438477,-87.43490600585938
10.141449689865112,0,-3.1027672290802,2.8460345191660963e-09,0.0,-1.894467830657959,2.01200008392334,2944.0,-0.0,0.0,20.00400161743164,0.0,0.14485658705234528,0.32263511419296265,9.051141738891602,0.006403673440217972,0.0022237785160541534,-0.0001384848728775978,26.355283737182617,18.634014129638672,-89.13928985595703
10.161582469940186,0,-3.1027672290802,2.3361426126911056e-09,0.0,-1.894467830657959,2.01200008392334,2940.0,-0.0,0.0,20.00400161743164,0.0,0.1340821236371994,0.3591485619544983,9.250469207763672,0.0001451503485441208,0.004753820598125458,0.0018589161336421967,24.940235137939453,17.924148559570312,-88.79840850830078
10.18190312385559,0,-3.1027672290802,1.916636183096898e-09,0.0,-1.894467830657959,2.0240001678466797,2944.0,-0.0,0.0,20.020000457763672,0.0,0.11792044341564178,0.3681272566318512,9.102620124816895,0.0004114694893360138,0.0004926975816488266,-0.002135886810719967,26.355283737182617,17.21428108215332,-89.13928985595703
10.202204704284668,0,-3.1027672290802,1.5708361278399252e-09,0.0,-1.894467830657959,2.01200008392334,2960.0,-0.0,0.0,20.00800132751465,0.0,0.12031476944684982,0.3830918073654175,8.98948860168457,-0.0009201299399137497,0.001158498227596283,-0.0009374460205435753,26.709047317504883,19.343881607055664,-89.13928985595703
10.222341775894165,0,-3.1027672290802,1.2906981039506604e-09,0.0,-1.894467830657959,2.01200008392334,2940.0,-0.0,0.0,20.012001037597656,0.0,0.1711941510438919,0.35555708408355713,9.166069984436035,-0.0009201299399137497,0.0014248192310333252,0.0007936349138617516,25.824642181396484,18.811481475830078,-88.9688491821289
10.242703437805176,0,-3.1027672290802,1.0589674692695894e-09,0.0,-1.894467830657959,2.01200008392334,2948.0,-0.0,0.0,20.00800132751465,0.0,0.13527928292751312,0.37171876430511475,9.045755386352539,-0.001186450943350792,0.0014248192310333252,-0.0010706055909395218,25.29399871826172,18.988948822021484,-89.821044921875
10.262805223464966,0,-3.1027672290802,8.691778963232366e-10,0.0,-1.894467830657959,2.008000135421753,2936.0,-0.0,0.0,20.00800132751465,0.0,0.11792044341564178,0.36453577876091003,9.130154609680176,-0.001585930585861206,0.0015579797327518463,-0.001603245735168457,25.824642181396484,17.391746520996094,-87.94622039794922
10.283135890960693,0,-3.1027672290802,7.130996904081144e-10,0.0,-1.894467830657959,2.004000186920166,2944.0,-0.0,0.0,20.012001037597656,0.0,0.1490466445684433,0.3663315176963806,9.02241039276123,-0.0005206502974033356,-3.994256258010864e-05,0.0007936349138617516,25.29399871826172,17.5692138671875,-89.48016357421875
10.303258419036865,0,-3.1027672290802,5.842156203250681e-10,0.0,-1.894467830657959,2.01200008392334,2960.0,-0.0,0.0,20.00400161743164,0.0,0.14725090563297272,0.3639371991157532,9.046353340148926,-0.001186450943350792,0.0022237785160541534,-0.0005379654467105865,26.001522064208984,18.988948822021484,-89.48016357421875
10.323573589324951,0,-3.1027672290802,4.802321873498272e-10,0.0,-1.894467830657959,2.01200008392334,2940.0,-0.0,0.0,20.00400161743164,0.0,0.14066651463508606,0.36992302536964417,8.993080139160156,-0.00025433115661144257,0.0016911383718252182,-0.0006711259484291077,26.885927200317383,18.101613998413086,-88.9688491821289
10.343906879425049,0,-3.1027672290802,3.9132441731482004e-10,0.0,-1.894467830657959,2.01200008392334,3008.0,-0.0,0.0,20.016000747680664,0.0,0.13168780505657196,0.37471166253089905,9.127760887145996,0.0016099102795124054,0.0016911383718252182,-0.0002716453745961189,24.409591674804688,19.16641616821289,-89.65060424804688
10.364070177078247,0,-3.1027672290802,3.2330607635522313e-10,0.0,-1.894467830657959,2.01200008392334,2936.0,-0.0,0.0,20.00400161743164,0.0,0.11971618235111237,0.38488754630088806,9.146316528320312,-0.0009201299399137497,0.001158498227596283,-0.0005379654467105865,26.355283737182617,18.988948822021484,-89.13928985595703
10.384373903274536,0,-3.1027672290802,2.653004482766619e-10,0.0,-1.894467830657959,2.0160000324249268,2940.0,-0.0,0.0,20.00400161743164,0.0,0.14126509428024292,0.3531627357006073,9.00864315032959,-0.0019854120910167694,0.0010253377258777618,-5.325302481651306e-06,26.885927200317383,18.101613998413086,-87.60533905029297
10.404484272003174,0,-3.1027672290802,2.1738420785677448e-10,0.0,-1.894467830657959,2.01200008392334,2960.0,-0.0,0.0,20.016000747680664,0.0,0.14425800740718842,0.370521605014801,9.046353340148926,0.0016099102795124054,0.001291658729314804,0.000660475343465805,25.64776039123535,18.988948822021484,-88.79840850830078
10.424792766571045,0,-3.1027672290802,1.7866481905048914e-10,0.0,-1.894467830657959,2.01200008392334,2936.0,-0.0,0.0,20.00400161743164,0.0,0.12749773263931274,0.36872583627700806,9.11159896850586,0.0010772701352834702,0.0016911383718252182,-0.0006711259484291077,27.23969078063965,18.4565486907959,-87.60533905029297
10.444946050643921,0,-3.1027672290802,1.457457349252067e-10,0.0,-1.894467830657959,2.01200008392334,3084.0,-0.0,0.0,20.00400161743164,0.0,0.11851902306079865,0.34957125782966614,9.113394737243652,-0.0010532904416322708,0.0024900995194911957,0.0005273148417472839,25.47087860107422,19.16641616821289,-87.60533905029297
10.46522569656372,0,-3.1027672290802,1.2030547391628232e-10,0.0,-1.894467830657959,2.01200008392334,2936.0,-0.0,0.0,20.016000747680664,0.0,0.13168780505657196,0.3890776038169861,9.07448673248291,0.0008109509944915771,0.0004926975816488266,0.0005273148417472839,26.53216552734375,19.16641616821289,-88.9688491821289
10.485551595687866,0,-3.1027672290802,9.87172774080669e-11,0.0,-1.894467830657959,2.0160000324249268,2940.0,-0.0,0.0,20.016000747680664,0.0,0.14126509428024292,0.36573293805122375,9.072092056274414,0.0004114694893360138,0.0014248192310333252,-5.325302481651306e-06,24.940235137939453,18.988948822021484,-88.11666107177734
10.505712270736694,0,-3.1027672290802,8.088504171999134e-11,0.0,-1.894467830657959,2.01200008392334,2964.0,-0.0,0.0,20.012001037597656,0.0,0.12091334909200668,0.356155663728714,9.084064483642578,0.0004114694893360138,0.00089217908680439,-0.0005379654467105865,25.64776039123535,18.634014129638672,-88.79840850830078
10.526187419891357,0,-3.1027672290802,6.647055822428527e-11,0.0,-1.894467830657959,2.01200008392334,2940.0,-0.0,0.0,20.02800178527832,0.0,0.12570199370384216,0.37471166253089905,9.018818855285645,0.0008109509944915771,0.0024900995194911957,-0.0014700861647725105,26.885927200317383,18.811481475830078,-87.94622039794922
10.546306133270264,0,-3.1027672290802,5.4229863655219646e-11,0.0,-1.894467830657959,2.01200008392334,3080.0,-0.0,0.0,20.00800132751465,0.0,0.11373037844896317,0.36274003982543945,9.09364128112793,0.002675190567970276,0.0018242988735437393,0.0002609947696328163,27.23969078063965,17.746681213378906,-88.28709411621094
10.566428184509277,0,-3.1027672290802,4.4744857125023074e-11,0.0,-1.894467830657959,2.01200008392334,2936.0,-0.0,0.0,20.00800132751465,0.0,0.14246225357055664,0.3663315176963806,9.098429679870605,0.0010772701352834702,0.001158498227596283,-0.0005379654467105865,26.53216552734375,18.811481475830078,-87.94622039794922
10.586755514144897,0,-3.1027672290802,3.6725619073640914e-11,0.0,-1.894467830657959,2.008000135421753,2936.0,-0.0,0.0,20.012001037597656,0.0,0.1430608481168747,0.3441840410232544,9.081070899963379,-0.0007869713008403778,0.001291658729314804,-0.0001384848728775978,25.117116928100586,18.101613998413086,-88.9688491821289
10.606888055801392,0,-3.1027672290802,3.009263324638134e-11,0.0,-1.894467830657959,2.01200008392334,2960.0,-0.0,0.0,20.00800132751465,0.0,0.12570199370384216,0.3483740985393524,9.014628410339355,-0.0010532904416322708,0.0015579797327518463,0.0002609947696328163,24.940235137939453,18.988948822021484,-88.11666107177734
10.627189874649048,0,-3.1027672290802,2.4724085626037784e-11,0.0,-1.894467830657959,2.008000135421753,2944.0,-0.0,0.0,20.00800132751465,0.0,0.1310892254114151,0.3681272566318512,9.051141738891602,0.000677790492773056,0.0024900995194911957,0.0002609947696328163,25.824642181396484,17.746681213378906,-88.9688491821289
10.647512912750244,0,-3.1027672290802,2.0231424174843582e-11,0.0,-1.894467830657959,2.01200008392334,2996.0,-0.0,0.0,20.00800132751465,0.0,0.13827219605445862,0.3651343584060669,9.185822486877441,0.0014767516404390335,0.0020906198769807816,-0.00040480587631464005,25.29399871826172,18.279081344604492,-89.821044921875
10.667640924453735,0,-3.1027672290802,1.664842916304643e-11,0.0,-1.894467830657959,2.01200008392334,2944.0,-0.0,0.0,20.00400161743164,0.0,0.13647645711898804,0.36094430088996887,9.099028587341309,-0.003982812166213989,0.0006258580833673477,-0.0018695667386054993,25.47087860107422,18.101613998413086,-88.28709411621094
10.687954425811768,0,-3.1027672290802,1.366253204321266e-11,0.0,-1.894467830657959,2.0240001678466797,2936.0,-0.0,0.0,20.00400161743164,0.0,0.1430608481168747,0.37950029969215393,8.936214447021484,-0.005181252956390381,0.003289060667157173,-0.0001384848728775978,27.41657066345215,17.5692138671875,-87.7757797241211
10.708086490631104,0,-3.1027672290802,1.1200177937875644e-11,0.0,-1.894467830657959,2.01200008392334,2964.0,-0.0,0.0,20.00400161743164,0.0,0.11492753773927689,0.3783031404018402,9.287581443786621,0.0004114694893360138,0.0016911383718252182,0.0011931154876947403,26.001522064208984,18.279081344604492,-88.79840850830078
10.72837209701538,0,-3.1027672290802,9.199925543601495e-12,0.0,-1.894467830657959,2.0240001678466797,2944.0,-0.0,0.0,20.012001037597656,0.0,0.1430608481168747,0.37171876430511475,9.15709114074707,-0.005847053602337837,0.0007590185850858688,0.0002609947696328163,26.709047317504883,18.988948822021484,-87.43490600585938
10.748700618743896,0,-3.1027672290802,7.540363299030073e-12,0.0,-1.894467830657959,2.01200008392334,2960.0,-0.0,0.0,20.012001037597656,0.0,0.16640549898147583,0.3274237811565399,8.766217231750488,-0.0063796937465667725,0.0016911383718252182,-0.0022690463811159134,26.001522064208984,18.634014129638672,-88.79840850830078
10.768826007843018,0,-3.1027672290802,6.195161137562133e-12,0.0,-1.894467830657959,2.01200008392334,2936.0,-0.0,0.0,20.00800132751465,0.0,0.12330766767263412,0.36094430088996887,9.07328987121582,0.008667394518852234,0.0036885403096675873,-0.0005379654467105865,24.940235137939453,19.343881607055664,-88.11666107177734
10.789157390594482,0,-3.1027672290802,5.084468002874987e-12,0.0,-1.894467830657959,2.004000186920166,2936.0,-0.0,0.0,20.016000747680664,0.0,0.14545516669750214,0.38369038701057434,9.231314659118652,0.005072072148323059,0.002623260021209717,0.0010599549859762192,26.001522064208984,18.634014129638672,-88.45753479003906
10.80945348739624,0,-3.1027672290802,4.165859063959276e-12,0.0,-1.894467830657959,2.01200008392334,2940.0,-0.0,0.0,20.012001037597656,0.0,0.1280963122844696,0.3052762746810913,9.230117797851562,-0.0045154523104429245,0.00089217908680439,-0.0020027263090014458,25.64776039123535,18.634014129638672,-87.7757797241211
10.829602241516113,0,-3.1027672290802,3.423201609328852e-12,0.0,-1.894467830657959,2.008000135421753,2936.0,-0.0,0.0,20.00800132751465,0.0,0.1400679349899292,0.38788044452667236,8.984699249267578,-0.0005206502974033356,-0.0016378629952669144,-0.0017364062368869781,25.47087860107422,18.101613998413086,-87.94622039794922
10.849918842315674,0,-3.1027672290802,2.803747902249687e-12,0.0,-1.894467830657959,2.01200008392334,2948.0,-0.0,0.0,20.016000747680664,0.0,0.14725090563297272,0.35076841711997986,9.001460075378418,-0.0029175318777561188,0.0010253377258777618,0.0002609947696328163,26.355283737182617,17.5692138671875,-89.13928985595703
10.87009048461914,0,-3.1027672290802,2.3048039171635892e-12,0.0,-1.894467830657959,2.01200008392334,2936.0,-0.0,0.0,20.00400161743164,0.0,0.14425800740718842,0.3693244457244873,9.118183135986328,-0.0007869713008403778,0.0016911383718252182,0.0010599549859762192,26.885927200317383,19.16641616821289,-89.65060424804688
10.890347242355347,0,-3.1027672290802,1.888926732043772e-12,0.0,-1.894467830657959,2.01200008392334,2944.0,-0.0,0.0,20.00800132751465,0.0,0.1400679349899292,0.3549584746360779,9.085860252380371,-0.0005206502974033356,0.0002263784408569336,-0.0002716453745961189,27.062808990478516,18.634014129638672,-89.13928985595703
10.910712003707886,0,-3.1027672290802,1.5516398929604769e-12,0.0,-1.894467830657959,2.01200008392334,2940.0,-0.0,0.0,20.012001037597656,0.0,0.13348354399204254,0.3513669967651367,9.014030456542969,-0.0005206502974033356,0.00089217908680439,0.0001278351992368698,26.178403854370117,19.16641616821289,-88.9688491821289
10.930797815322876,0,-3.1027672290802,1.2731549755423677e-12,0.0,-1.894467830657959,2.01200008392334,2944.0,-0.0,0.0,20.012001037597656,0.0,0.13887077569961548,0.36274003982543945,9.040966033935547,0.0021425504237413406,0.002756420522928238,-0.0002716453745961189,25.47087860107422,18.101613998413086,-89.65060424804688
10.951126337051392,0,-3.1027672290802,1.0430895513655059e-12,0.0,-1.894467830657959,2.01200008392334,2960.0,-0.0,0.0,20.00800132751465,0.0,0.11552611738443375,0.3633386194705963,9.163675308227539,-0.0006538107991218567,0.0023569390177726746,-0.0013369256630539894,24.940235137939453,18.634014129638672,-88.45753479003906
10.971239566802979,0,-3.1027672290802,8.574312050299571e-13,0.0,-1.894467830657959,2.01200008392334,2936.0,-0.0,0.0,20.012001037597656,0.0,0.1490466445684433,0.3531627357006073,9.121175765991211,-0.0022517312318086624,0.0006258580833673477,-0.0005379654467105865,25.117116928100586,18.4565486907959,-89.30972290039062
10.991569519042969,0,-3.1027672290802,7.03433296854461e-13,0.0,-1.894467830657959,2.01200008392334,2944.0,-0.0,0.0,20.016000747680664,0.0,0.13887077569961548,0.38369038701057434,9.102021217346191,-0.0005206502974033356,-3.994256258010864e-05,-0.0018695667386054993,26.885927200317383,16.326946258544922,-88.9688491821289
11.011859655380249,0,-3.1027672290802,5.773181412094264e-13,0.0,-1.894467830657959,2.01200008392334,2940.0,-0.0,0.0,20.012001037597656,0.0,0.14485658705234528,0.3663315176963806,9.012832641601562,-0.0018522515892982483,0.002756420522928238,-5.325302481651306e-06,24.58647346496582,17.21428108215332,-88.45753479003906
11.032027244567871,0,-3.1027672290802,4.737045716622645e-13,0.0,-1.894467830657959,2.008000135421753,2944.0,-0.0,0.0,20.00800132751465,0.0,0.12929348647594452,0.3669300973415375,8.995473861694336,0.0004114694893360138,0.001291658729314804,0.000660475343465805,25.64776039123535,17.5692138671875,-88.79840850830078
11.052332401275635,0,-3.1027672290802,3.880593220893791e-13,0.0,-1.894467830657959,2.01200008392334,2960.0,-0.0,0.0,20.00800132751465,0.0,0.12929348647594452,0.35795140266418457,9.169661521911621,0.0010772701352834702,0.0004926975816488266,-0.0001384848728775978,26.709047317504883,18.634014129638672,-88.45753479003906
11.072448253631592,0,-3.1027672290802,3.189394820295177e-13,0.0,-1.894467830657959,2.01200008392334,2940.0,-0.0,0.0,20.00800132751465,0.0,0.1430608481168747,0.34059253334999084,9.113993644714355,-0.0025180522352457047,0.001158498227596283,-0.0020027263090014458,26.53216552734375,18.4565486907959,-89.9914779663086
11.092754125595093,0,-3.1027672290802,2.617478987460703e-13,0.0,-1.894467830657959,2.01200008392334,2936.0,-0.0,0.0,20.00800132751465,0.0,0.13228638470172882,0.34478262066841125,9.036177635192871,-0.0019854120910167694,0.00089217908680439,-0.0002716453745961189,25.29399871826172,18.988948822021484,-89.48016357421875
11.113107919692993,0,-3.1027672290802,2.1479590025033635e-13,0.0,-1.894467830657959,2.01200008392334,2944.0,-0.0,0.0,20.00400161743164,0.0,0.13946935534477234,0.3549584746360779,9.026001930236816,-0.0007869713008403778,0.0015579797327518463,-0.0022690463811159134,26.885927200317383,18.4565486907959,-89.30972290039062
11.13322901725769,0,-3.1027672290802,1.7625880139107708e-13,0.0,-1.894467830657959,2.004000186920166,2940.0,-0.0,0.0,20.012001037597656,0.0,0.12570199370384216,0.3513669967651367,9.100225448608398,1.198984682559967e-05,0.0016911383718252182,-0.0006711259484291077,26.001522064208984,17.924148559570312,-88.79840850830078
11.153519868850708,0,-3.1027672290802,1.4436902736648938e-13,0.0,-1.894467830657959,2.008000135421753,2964.0,-0.0,0.0,20.00400161743164,0.0,0.13887077569961548,0.35675424337387085,9.091845512390137,-0.00025433115661144257,0.0019574593752622604,-0.002135886810719967,25.64776039123535,18.988948822021484,-88.79840850830078
11.173636436462402,0,-3.1027672290802,1.1867736611145818e-13,0.0,-1.894467830657959,2.01200008392334,2932.0,-0.0,0.0,20.016000747680664,0.0,0.12989206612110138,0.35675424337387085,9.08825397491455,0.000677790492773056,0.001291658729314804,-0.0010706055909395218,26.355283737182617,18.279081344604492,-88.11666107177734
11.193963050842285,0,-3.1027672290802,9.685023508003432e-14,0.0,-1.894467830657959,2.01200008392334,3008.0,-0.0,0.0,20.00800132751465,0.0,0.12570199370384216,0.370521605014801,9.073887825012207,0.000944109633564949,0.0014248192310333252,0.0009267954155802727,26.355283737182617,19.343881607055664,-89.48016357421875
11.214328050613403,0,-3.1027672290802,7.991401458759192e-14,0.0,-1.894467830657959,2.01200008392334,2936.0,-0.0,0.0,20.00400161743164,0.0,0.13468070328235626,0.37471166253089905,9.05952262878418,-0.00012117065489292145,0.0018242988735437393,-0.0010706055909395218,25.29399871826172,18.634014129638672,-87.7757797241211
11.234427452087402,0,-3.1027672290802,6.558675721664645e-14,0.0,-1.894467830657959,2.008000135421753,2940.0,-0.0,0.0,20.00800132751465,0.0,0.1502438187599182,0.3663315176963806,9.073887825012207,0.0005446299910545349,0.0022237785160541534,0.00039415527135133743,25.117116928100586,17.036813735961914,-88.62797546386719
11.254722595214844,0,-3.1027672290802,5.372668320435467e-14,0.0,-1.894467830657959,2.01200008392334,2948.0,-0.0,0.0,20.012001037597656,0.0,0.14126509428024292,0.3681272566318512,9.067303657531738,-0.00025433115661144257,0.0006258580833673477,0.0007936349138617516,25.47087860107422,17.391746520996094,-87.94622039794922
11.275017023086548,0,-3.1027672290802,4.4157148911764393e-14,0.0,-1.894467830657959,2.01200008392334,2940.0,-0.0,0.0,20.012001037597656,0.0,0.146053746342659,0.36992302536964417,9.061318397521973,1.198984682559967e-05,0.0002263784408569336,-0.0010706055909395218,26.53216552734375,18.101613998413086,-88.62797546386719
11.295186996459961,0,-3.1027672290802,3.600619490604952e-14,0.0,-1.894467830657959,2.01200008392334,3104.0,-0.0,0.0,20.012001037597656,0.0,0.1502438187599182,0.34478262066841125,9.085261344909668,0.0022757109254598618,0.00089217908680439,-0.0001384848728775978,24.232711791992188,17.924148559570312,-88.79840850830078
11.315481185913086,0,-3.1027672290802,2.973280123627284e-14,0.0,-1.894467830657959,2.01200008392334,2936.0,-0.0,0.0,20.00400161743164,0.0,0.14425800740718842,0.37291592359542847,9.070297241210938,0.0001451503485441208,0.001158498227596283,-0.0005379654467105865,26.001522064208984,19.698816299438477,-88.79840850830078
11.335630655288696,0,-3.1027672290802,2.439743895733988e-14,0.0,-1.894467830657959,2.008000135421753,2940.0,-0.0,0.0,20.012001037597656,0.0,0.14725090563297272,0.3513669967651367,8.984699249267578,-0.0019854120910167694,0.0019574593752622604,-0.0008042855188250542,26.885927200317383,19.16641616821289,-90.33235931396484
11.355939388275146,0,-3.1027672290802,1.998871547611008e-14,0.0,-1.894467830657959,2.01200008392334,2944.0,-0.0,0.0,20.012001037597656,0.0,0.14246225357055664,0.34478262066841125,9.234906196594238,0.0032078325748443604,0.0020906198769807816,-0.00040480587631464005,24.409591674804688,19.16641616821289,-88.9688491821289
11.37623906135559,0,-3.1027672290802,1.6427145220813087e-14,0.0,-1.894467830657959,2.01200008392334,2940.0,-0.0,0.0,20.016000747680664,0.0,0.11971618235111237,0.36752867698669434,9.252264976501465,-0.00025433115661144257,0.001158498227596283,-0.0001384848728775978,24.763355255126953,18.811481475830078,-89.30972290039062
11.396379470825195,0,-3.1027672290802,1.3407131409573763e-14,0.0,-1.894467830657959,2.01200008392334,3068.0,-0.0,0.0,20.00800132751465,0.0,0.14545516669750214,0.37291592359542847,9.011635780334473,-0.008776575326919556,-0.0008389018476009369,-0.0001384848728775978,25.117116928100586,17.746681213378906,-88.9688491821289
11.416678190231323,0,-3.1027672290802,1.1060039535148829e-14,0.0,-1.894467830657959,2.01200008392334,2944.0,-0.0,0.0,20.00800132751465,0.0,0.13348354399204254,0.36453577876091003,8.92065143585205,-0.00411597266793251,0.0002263784408569336,0.00039415527135133743,24.055830001831055,19.16641616821289,-88.9688491821289
11.436823844909668,0,-3.1027672290802,9.077488618365517e-15,0.0,-1.894467830657959,2.008000135421753,2936.0,-0.0,0.0,20.032001495361328,0.0,0.12869489192962646,0.3651343584060669,9.079874038696289,0.0018762312829494476,0.0019574593752622604,0.000660475343465805,25.64776039123535,17.924148559570312,-89.13928985595703
11.457136631011963,0,-3.1027672290802,7.435450875609064e-15,0.0,-1.894467830657959,2.01200008392334,2964.0,-0.0,0.0,20.00800132751465,0.0,0.12749773263931274,0.36274003982543945,9.134943962097168,-0.0009201299399137497,0.0024900995194911957,-0.00040480587631464005,26.355283737182617,17.21428108215332,-88.11666107177734
11.477433204650879,0,-3.1027672290802,6.108941376034311e-15,0.0,-1.894467830657959,2.0360000133514404,2944.0,-0.0,0.0,20.02800178527832,0.0,0.13827219605445862,0.34478262066841125,9.085261344909668,-0.0017190910875797272,0.0004926975816488266,-0.0002716453745961189,25.824642181396484,17.036813735961914,-88.9688491821289
11.497655868530273,0,-3.1027672290802,4.998489652513396e-15,0.0,-1.894467830657959,2.01200008392334,3004.0,-0.0,0.0,20.00800132751465,0.0,0.12390625476837158,0.350169837474823,9.09124755859375,0.0018762312829494476,0.0018242988735437393,0.0007936349138617516,24.58647346496582,18.279081344604492,-87.7757797241211
11.517913103103638,0,-3.1027672290802,4.113250013623769e-15,0.0,-1.894467830657959,2.01200008392334,2940.0,-0.0,0.0,20.012001037597656,0.0,0.14246225357055664,0.354359894990921,9.109204292297363,-0.001585930585861206,0.0016911383718252182,0.00039415527135133743,25.29399871826172,20.40868377685547,-89.48016357421875
11.538208961486816,0,-3.1027672290802,3.3754063895341264e-15,0.0,-1.894467830657959,2.01200008392334,2940.0,-0.0,0.0,20.032001495361328,0.0,0.12570199370384216,0.354359894990921,9.037374496459961,-0.0021185707300901413,0.0014248192310333252,-5.325302481651306e-06,25.29399871826172,20.053749084472656,-88.45753479003906
11.558350801467896,0,-3.1027672290802,2.7644950995135134e-15,0.0,-1.894467830657959,2.008000135421753,2968.0,-0.0,0.0,20.00400161743164,0.0,0.12749773263931274,0.3519655764102936,9.071494102478027,0.0022757109254598618,0.001291658729314804,0.0001278351992368698,26.001522064208984,17.5692138671875,-88.79840850830078
11.578662395477295,0,-3.1027672290802,2.272620949460573e-15,0.0,-1.894467830657959,2.004000186920166,2940.0,-0.0,0.0,20.00800132751465,0.0,0.14725090563297272,0.3621414601802826,9.085261344909668,0.0002783108502626419,0.0015579797327518463,-0.001603245735168457,25.29399871826172,17.924148559570312,-89.48016357421875
11.598803997039795,0,-3.1027672290802,1.861945707072035e-15,0.0,-1.894467830657959,2.01200008392334,2952.0,-0.0,0.0,20.00800132751465,0.0,0.13049064576625824,0.35555708408355713,9.05652904510498,-0.0005206502974033356,0.0018242988735437393,-5.325302481651306e-06,24.940235137939453,17.924148559570312,-88.79840850830078
11.619127988815308,0,-3.1027672290802,1.5303060502006114e-15,0.0,-1.894467830657959,2.01200008392334,2944.0,-0.0,0.0,20.012001037597656,0.0,0.12749773263931274,0.3621414601802826,9.0289945602417,0.0004114694893360138,0.0018242988735437393,0.0013262759894132614,25.29399871826172,18.634014129638672,-87.7757797241211
11.639437437057495,0,-3.1027672290802,1.255899350783977e-15,0.0,-1.894467830657959,2.008000135421753,2944.0,-0.0,0.0,20.016000747680664,0.0,0.14485658705234528,0.3735145032405853,9.14332389831543,0.002542031928896904,0.0015579797327518463,0.0001278351992368698,25.47087860107422,18.811481475830078,-88.9688491821289
11.65958571434021,0,-3.1027672290802,1.0288368168002928e-15,0.0,-1.894467830657959,2.01200008392334,2964.0,-0.0,0.0,20.012001037597656,0.0,0.13647645711898804,0.3735145032405853,9.128358840942383,-0.0019854120910167694,0.001291658729314804,-0.0005379654467105865,25.64776039123535,19.343881607055664,-88.45753479003906
11.679868936538696,0,-3.1027672290802,8.454877474002717e-16,0.0,-1.894467830657959,2.004000186920166,2940.0,-0.0,0.0,20.016000747680664,0.0,0.11073747277259827,0.3549584746360779,9.05533218383789,-0.0023848917335271835,0.0014248192310333252,-0.0001384848728775978,25.29399871826172,18.988948822021484,-89.13928985595703
11.70001745223999,0,-3.1027672290802,6.925697130589006e-16,0.0,-1.894467830657959,2.01200008392334,2960.0,-0.0,0.0,20.00400161743164,0.0,0.12989206612110138,0.36094430088996887,9.02121353149414,0.000677790492773056,9.321793913841248e-05,0.0002609947696328163,27.062808990478516,18.279081344604492,-89.13928985595703
11.72033405303955,0,-3.1027672290802,5.692338279443532e-16,0.0,-1.894467830657959,2.008000135421753,2944.0,-0.0,0.0,20.012001037597656,0.0,0.13228638470172882,0.36453577876091003,9.082268714904785,0.0013435911387205124,0.0004926975816488266,0.0001278351992368698,24.763355255126953,18.4565486907959,-89.65060424804688
11.740476846694946,0,-3.1027672290802,4.668870486858529e-16,0.0,-1.894467830657959,2.01200008392334,2944.0,-0.0,0.0,20.00800132751465,0.0,0.10714598745107651,0.3741130828857422,9.106810569763184,-0.001186450943350792,0.002623260021209717,-0.0002716453745961189,26.355283737182617,17.5692138671875,-88.11666107177734
11.760782718658447,0,-3.1027672290802,3.8332841310951865e-16,0.0,-1.894467830657959,2.01200008392334,2940.0,-0.0,0.0,20.00400161743164,0.0,0.13946935534477234,0.37950029969215393,9.109803199768066,0.000944109633564949,-0.00030626170337200165,-0.0002716453745961189,26.53216552734375,19.52134895324707,-88.28709411621094
11.781140327453613,0,-3.1027672290802,3.145547111577286e-16,0.0,-1.894467830657959,2.004000186920166,2940.0,-0.0,0.0,20.00400161743164,0.0,0.14186367392539978,0.3693244457244873,9.07568359375,0.0004114694893360138,0.0020906198769807816,-0.0006711259484291077,26.178403854370117,20.231216430664062,-89.9914779663086
11.801248550415039,0,-3.1027672290802,2.577535287478025e-16,0.0,-1.894467830657959,2.01200008392334,2960.0,-0.0,0.0,20.012001037597656,0.0,0.12689915299415588,0.35974714159965515,9.0786771774292,-0.0009201299399137497,0.0023569390177726746,0.0002609947696328163,27.41657066345215,19.343881607055664,-87.7757797241211
11.821577548980713,0,-3.1027672290802,2.118192364206672e-16,0.0,-1.894467830657959,2.01200008392334,2940.0,-0.0,0.0,20.00400161743164,0.0,0.13468070328235626,0.3573528230190277,9.036177635192871,-0.001186450943350792,0.0023569390177726746,0.001459435559809208,26.709047317504883,18.988948822021484,-89.48016357421875
11.84169864654541,0,-3.1027672290802,1.7382982197120163e-16,0.0,-1.894467830657959,2.01200008392334,2936.0,-0.0,0.0,20.016000747680664,0.0,0.14246225357055664,0.34777551889419556,9.058923721313477,0.0014767516404390335,0.0015579797327518463,0.0013262759894132614,25.47087860107422,19.16641616821289,-87.26446533203125
11.86200499534607,0,-3.1027672290802,1.4259272918412072e-16,0.0,-1.894467830657959,2.01200008392334,2940.0,-0.0,0.0,20.016000747680664,0.0,0.13887077569961548,0.35675424337387085,9.046353340148926,0.0005446299910545349,0.0004926975816488266,-0.0017364062368869781,26.001522064208984,17.924148559570312,-88.45753479003906
11.882307291030884,0,-3.1027672290802,1.1703714959541744e-16,0.0,-1.894467830657959,2.004000186920166,2940.0,-0.0,0.0,20.012001037597656,0.0,0.15323671698570251,0.3621414601802826,9.07568359375,-0.0005206502974033356,0.0016911383718252182,-0.0013369256630539894,25.64776039123535,17.21428108215332,-88.45753479003906
11.902453184127808,0,-3.1027672290802,9.585089020345197e-17,0.0,-1.894467830657959,2.01200008392334,2972.0,-0.0,0.0,20.012001037597656,0.0,0.14964522421360016,0.356155663728714,9.11159896850586,-0.00025433115661144257,0.001158498227596283,0.0009267954155802727,25.47087860107422,19.16641616821289,-89.65060424804688
11.922762393951416,0,-3.1027672290802,7.879668252131958e-17,0.0,-1.894467830657959,2.01200008392334,2940.0,-0.0,0.0,20.00800132751465,0.0,0.13468070328235626,0.3669300973415375,9.086458206176758,-0.001319611445069313,0.0018242988735437393,-5.325302481651306e-06,26.001522064208984,18.279081344604492,-89.13928985595703
11.942922115325928,0,-3.1027672290802,6.465968277931061e-17,0.0,-1.894467830657959,2.01200008392334,2940.0,-0.0,0.0,20.00400161743164,0.0,0.16939839720726013,0.3651343584060669,9.052937507629395,-0.00038748979568481445,0.0016911383718252182,-0.0006711259484291077,24.763355255126953,19.16641616821289,-89.30972290039062
11.963215112686157,0,-3.1027672290802,5.305900077512398e-17,0.0,-1.894467830657959,2.01200008392334,2940.0,-0.0,0.0,20.00800132751465,0.0,0.13887077569961548,0.3549584746360779,9.072690963745117,0.0013435911387205124,0.0003595389425754547,0.0009267954155802727,26.53216552734375,17.746681213378906,-88.9688491821289
11.983525037765503,0,-3.1027672290802,4.353957467529222e-17,0.0,-1.894467830657959,2.0160000324249268,2936.0,-0.0,0.0,20.00800132751465,0.0,0.14186367392539978,0.3735145032405853,9.076881408691406,0.0016099102795124054,9.321793913841248e-05,-0.0008042855188250542,26.53216552734375,18.101613998413086,-88.62797546386719
12.00370979309082,0,-3.1027672290802,3.5671928997055353e-17,0.0,-1.894467830657959,2.01200008392334,2976.0,-0.0,0.0,20.00800132751465,0.0,0.1502438187599182,0.370521605014801,8.920052528381348,-0.001585930585861206,0.002623260021209717,-5.325302481651306e-06,26.178403854370117,19.16641616821289,-88.9688491821289
12.023955345153809,0,-3.1027672290802,2.931476805689952e-17,0.0,-1.894467830657959,2.01200008392334,2944.0,-0.0,0.0,20.00800132751465,0.0,0.10654740780591965,0.3370010554790497,9.13793659210205,0.0008109509944915771,0.0024900995194911957,-0.0009374460205435753,27.062808990478516,18.988948822021484,-88.45753479003906
12.044164180755615,0,-3.1027672290802,2.39722185842951e-17,0.0,-1.894467830657959,2.01200008392334,3032.0,-0.0,0.0,20.00400161743164,0.0,0.13946935534477234,0.3681272566318512,9.231314659118652,0.002408871427178383,0.0010253377258777618,0.0011931154876947403,26.001522064208984,18.279081344604492,-90.16191864013672
12.064409017562866,0,-3.1027672290802,1.9741183133641464e-17,0.0,-1.894467830657959,2.01200008392334,2932.0,-0.0,0.0,20.00400161743164,0.0,0.1400679349899292,0.3669300973415375,9.11040210723877,-0.0027843713760375977,0.0007590185850858688,-0.0010706055909395218,25.64776039123535,18.634014129638672,-87.7757797241211
12.084718465805054,0,-3.1027672290802,1.6201892359486322e-17,0.0,-1.894467830657959,2.0160000324249268,2936.0,-0.0,0.0,20.00800132751465,0.0,0.14964522421360016,0.3549584746360779,9.006248474121094,-0.0023848917335271835,0.001158498227596283,-0.0005379654467105865,25.117116928100586,18.4565486907959,-88.62797546386719
12.10486102104187,0,-3.1027672290802,1.3277231522043807e-17,0.0,-1.894467830657959,2.01200008392334,2948.0,-0.0,0.0,20.00800132751465,0.0,0.1430608481168747,0.36573293805122375,8.940404891967773,0.0012104306370019913,0.0016911383718252182,0.000660475343465805,27.062808990478516,18.988948822021484,-89.13928985595703
12.125170946121216,0,-3.1027672290802,1.0909426191430153e-17,0.0,-1.894467830657959,2.01200008392334,2944.0,-0.0,0.0,20.00800132751465,0.0,0.1340821236371994,0.3591485619544983,9.167865753173828,-0.001585930585861206,0.0014248192310333252,-0.0002716453745961189,26.178403854370117,17.746681213378906,-88.62797546386719
12.145323753356934,0,-3.1027672290802,8.896372982941503e-18,0.0,-1.894467830657959,2.004000186920166,3092.0,-0.0,0.0,20.00400161743164,0.0,0.1430608481168747,0.3902747631072998,9.168463706970215,0.0017430707812309265,-3.994256258010864e-05,-0.00040480587631464005,26.709047317504883,17.924148559570312,-90.84367370605469
12.165624380111694,0,-3.1027672290802,7.346053708101755e-18,0.0,-1.894467830657959,2.01200008392334,2944.0,-0.0,0.0,20.00400161743164,0.0,0.1520395576953888,0.35376131534576416,9.0786771774292,-0.0027843713760375977,0.0019574593752622604,-0.0005379654467105865,25.64776039123535,19.698816299438477,-89.821044921875
12.185919284820557,0,-3.1027672290802,6.027120838830853e-18,0.0,-1.894467830657959,2.0320000648498535,2936.0,-0.0,0.0,20.012001037597656,0.0,0.14186367392539978,0.36992302536964417,9.030790328979492,0.0004114694893360138,0.0007590185850858688,0.000660475343465805,25.64776039123535,17.924148559570312,-89.13928985595703
12.206048965454102,0,-3.1027672290802,4.937207811396282e-18,0.0,-1.894467830657959,2.01200008392334,2976.0,-0.0,0.0,20.00400161743164,0.0,0.1161246970295906,0.35795140266418457,9.06071949005127,0.0018762312829494476,0.00089217908680439,-0.0001384848728775978,24.763355255126953,19.87628173828125,-88.9688491821289
12.22635269165039,0,-3.1027672290802,4.0590600518104935e-18,0.0,-1.894467830657959,2.01200008392334,2940.0,-0.0,0.0,20.00800132751465,0.0,0.1161246970295906,0.3411911129951477,9.15709114074707,-0.00012117065489292145,0.0004926975816488266,-0.0009374460205435753,25.29399871826172,19.343881607055664,-87.7757797241211
12.246515035629272,0,-3.1027672290802,3.3146134237395602e-18,0.0,-1.894467830657959,2.01200008392334,3068.0,-0.0,0.0,20.00400161743164,0.0,0.1520395576953888,0.3639371991157532,9.088852882385254,-0.00012117065489292145,0.0015579797327518463,-0.0017364062368869781,25.29399871826172,18.988948822021484,-88.11666107177734
12.266793966293335,0,-3.1027672290802,2.7332878464398497e-18,0.0,-1.894467830657959,2.01200008392334,2944.0,-0.0,0.0,20.012001037597656,0.0,0.13887077569961548,0.35376131534576416,8.999664306640625,-0.0026512108743190765,0.0006258580833673477,-0.0008042855188250542,25.47087860107422,19.87628173828125,-90.67323303222656
12.287182807922363,0,-3.1027672290802,2.2432484739754194e-18,0.0,-1.894467830657959,2.0160000324249268,2936.0,-0.0,0.0,20.00800132751465,0.0,0.1370750367641449,0.35256415605545044,9.04036808013916,0.002408871427178383,0.002623260021209717,0.0017257556319236755,25.824642181396484,19.16641616821289,-88.62797546386719
12.308095932006836,0,-3.1027672290802,1.8378098258404625e-18,0.0,-1.894467830657959,2.01200008392334,2948.0,-0.0,0.0,20.00800132751465,0.0,0.12450483441352844,0.339993953704834,9.12656307220459,0.0017430707812309265,0.0015579797327518463,0.000660475343465805,24.763355255126953,18.101613998413086,-89.65060424804688
12.32753586769104,0,-3.1027672290802,1.5102312072232844e-18,0.0,-1.894467830657959,2.0160000324249268,2936.0,-0.0,0.0,20.00800132751465,0.0,0.14365942776203156,0.3651343584060669,9.146915435791016,1.198984682559967e-05,0.0003595389425754547,0.000660475343465805,28.300975799560547,19.52134895324707,-86.92359161376953
12.347689867019653,0,-3.1027672290802,1.2355197695059018e-18,0.0,-1.894467830657959,2.01200008392334,3016.0,-0.0,0.0,20.00400161743164,0.0,0.14246225357055664,0.3681272566318512,9.069698333740234,-0.0019854120910167694,0.0015579797327518463,0.0002609947696328163,26.001522064208984,18.988948822021484,-89.13928985595703
12.367966651916504,0,-3.1027672290802,1.0171006608097434e-18,0.0,-1.894467830657959,2.01200008392334,2936.0,-0.0,0.0,20.016000747680664,0.0,0.11792044341564178,0.345979779958725,9.050543785095215,0.0001451503485441208,0.003155900165438652,-0.00040480587631464005,26.709047317504883,17.5692138671875,-90.50279235839844
12.388311862945557,0,-3.1027672290802,8.347197434509891e-19,0.0,-1.894467830657959,2.004000186920166,2948.0,-0.0,0.0,20.00400161743164,0.0,0.12929348647594452,0.3681272566318512,9.064311027526855,0.0012104306370019913,0.001158498227596283,0.0001278351992368698,25.824642181396484,18.811481475830078,-88.28709411621094
12.408415794372559,0,-3.1027672290802,6.839627680907496e-19,0.0,-1.894467830657959,2.01200008392334,2944.0,-0.0,0.0,20.012001037597656,0.0,0.14186367392539978,0.3621414601802826,9.098429679870605,-0.00012117065489292145,0.0016911383718252182,0.0007936349138617516,25.64776039123535,17.924148559570312,-88.79840850830078
12.428709506988525,0,-3.1027672290802,5.618988787223847e-19,0.0,-1.894467830657959,2.0240001678466797,2940.0,-0.0,0.0,20.016000747680664,0.0,0.15742678940296173,0.3753102421760559,9.098429679870605,-0.001319611445069313,0.001158498227596283,-0.0005379654467105865,25.47087860107422,18.4565486907959,-88.62797546386719
12.4491708278656,0,-3.1027672290802,4.605212255103224e-19,0.0,-1.894467830657959,2.01200008392334,2964.0,-0.0,0.0,20.012001037597656,0.0,0.13827219605445862,0.35555708408355713,9.077479362487793,-0.0009201299399137497,0.0022237785160541534,-0.0018695667386054993,25.64776039123535,18.279081344604492,-87.7757797241211
12.469634294509888,0,-3.1027672290802,3.783784942204444e-19,0.0,-1.894467830657959,2.004000186920166,2936.0,-0.0,0.0,20.012001037597656,0.0,0.1340821236371994,0.3639371991157532,9.127760887145996,0.0018762312829494476,0.0018242988735437393,0.0013262759894132614,26.178403854370117,17.746681213378906,-88.62797546386719
12.489439249038696,0,-3.1027672290802,3.104565486240015e-19,0.0,-1.894467830657959,2.01200008392334,2940.0,-0.0,0.0,20.00400161743164,0.0,0.14066651463508606,0.3633386194705963,9.154098510742188,1.198984682559967e-05,0.001158498227596283,-5.325302481651306e-06,25.824642181396484,18.101613998413086,-87.94622039794922
12.509647369384766,0,-3.1027672290802,2.545137551103691e-19,0.0,-1.894467830657959,2.01200008392334,2964.0,-0.0,0.0,20.00400161743164,0.0,0.14186367392539978,0.36154288053512573,9.026001930236816,-0.0026512108743190765,0.0007590185850858688,0.0010599549859762192,25.47087860107422,18.811481475830078,-88.9688491821289
12.52994155883789,0,-3.1027672290802,2.0907621999964553e-19,0.0,-1.894467830657959,2.004000186920166,2944.0,-0.0,0.0,20.016000747680664,0.0,0.14186367392539978,0.3483740985393524,8.97572135925293,-0.001452770084142685,0.0020906198769807816,-0.0002716453745961189,26.885927200317383,18.101613998413086,-89.9914779663086
12.5501229763031,0,-3.1027672290802,1.7131539918720568e-19,0.0,-1.894467830657959,2.01200008392334,2956.0,-0.0,0.0,20.00800132751465,0.0,0.11373037844896317,0.350169837474823,9.106810569763184,0.002408871427178383,0.002756420522928238,0.000660475343465805,26.355283737182617,17.924148559570312,-89.13928985595703
12.570379257202148,0,-3.1027672290802,1.4079078022277385e-19,0.0,-1.894467830657959,2.01200008392334,2936.0,-0.0,0.0,20.012001037597656,0.0,0.13827219605445862,0.3651343584060669,9.070297241210938,-0.0009201299399137497,0.0015579797327518463,-0.0017364062368869781,25.47087860107422,18.811481475830078,-88.9688491821289
12.590720176696777,0,-3.1027672290802,1.1550428248733407e-19,0.0,-1.894467830657959,2.01200008392334,2936.0,-0.0,0.0,20.00400161743164,0.0,0.12929348647594452,0.34957125782966614,9.223533630371094,0.0005446299910545349,0.0014248192310333252,0.0002609947696328163,25.29399871826172,17.924148559570312,-87.43490600585938
12.61085820198059,0,-3.1027672290802,9.479986128225229e-20,0.0,-1.894467830657959,2.01200008392334,2944.0,-0.0,0.0,20.00400161743164,0.0,0.14425800740718842,0.35974714159965515,9.095437049865723,0.002542031928896904,-0.00030626170337200165,0.0002609947696328163,26.355283737182617,17.5692138671875,-89.48016357421875
12.63118052482605,0,-3.1027672290802,7.78037747737767e-20,0.0,-1.894467830657959,2.004000186920166,2936.0,-0.0,0.0,20.00400161743164,0.0,0.1580253690481186,0.34358546137809753,8.978713989257812,-0.005314413458108902,0.0007590185850858688,-0.0006711259484291077,25.824642181396484,18.101613998413086,-88.62797546386719
12.651349782943726,0,-3.1027672290802,6.373944253838777e-20,0.0,-1.894467830657959,2.008000135421753,2964.0,-0.0,0.0,20.00400161743164,0.0,0.13527928292751312,0.3633386194705963,8.987692832946777,-0.0005206502974033356,0.0014248192310333252,-0.001603245735168457,25.47087860107422,19.52134895324707,-88.9688491821289
12.671651363372803,0,-3.1027672290802,5.238032048582257e-20,0.0,-1.894467830657959,2.01200008392334,2936.0,-0.0,0.0,20.00800132751465,0.0,0.12330766767263412,0.35675424337387085,9.184026718139648,0.0032078325748443604,0.0019574593752622604,-0.0006711259484291077,24.940235137939453,19.698816299438477,-89.48016357421875
12.69180703163147,0,-3.1027672290802,4.297242702539046e-20,0.0,-1.894467830657959,2.01200008392334,2936.0,-0.0,0.0,20.00400161743164,0.0,0.13767361640930176,0.35974714159965515,9.173851013183594,-0.0009201299399137497,0.0014248192310333252,0.0013262759894132614,26.355283737182617,17.5692138671875,-89.48016357421875
12.712108612060547,0,-3.1027672290802,3.5278968782051065e-20,0.0,-1.894467830657959,2.01200008392334,2936.0,-0.0,0.0,20.016000747680664,0.0,0.14066651463508606,0.35675424337387085,8.959559440612793,-0.0042491331696510315,0.0015579797327518463,-0.0009374460205435753,26.355283737182617,18.988948822021484,-89.48016357421875
12.732424974441528,0,-3.1027672290802,2.8947269546824166e-20,0.0,-1.894467830657959,2.004000186920166,2936.0,-0.0,0.0,20.020000457763672,0.0,0.13228638470172882,0.34957125782966614,8.998467445373535,0.0002783108502626419,0.0019574593752622604,-0.0006711259484291077,25.29399871826172,18.634014129638672,-88.45753479003906
12.752562046051025,0,-3.1027672290802,2.3709994885490278e-20,0.0,-1.894467830657959,2.01200008392334,2968.0,-0.0,0.0,20.00400161743164,0.0,0.13587787747383118,0.370521605014801,9.179837226867676,0.0034741517156362534,0.0023569390177726746,-0.0010706055909395218,24.232711791992188,17.5692138671875,-88.45753479003906
12.772855997085571,0,-3.1027672290802,1.9489903577177994e-20,0.0,-1.894467830657959,2.01200008392334,2940.0,-0.0,0.0,20.016000747680664,0.0,0.12929348647594452,0.3914719223976135,9.174449920654297,-0.0019854120910167694,0.0004926975816488266,-0.0005379654467105865,26.355283737182617,18.988948822021484,-88.45753479003906
12.793016195297241,0,-3.1027672290802,1.5985107010048138e-20,0.0,-1.894467830657959,2.01200008392334,2944.0,-0.0,0.0,20.00800132751465,0.0,0.13587787747383118,0.3669300973415375,9.013431549072266,-0.003317011520266533,0.0004926975816488266,-0.0010706055909395218,26.178403854370117,18.101613998413086,-87.94622039794922
12.813381910324097,0,-3.1027672290802,1.3120694447669943e-20,0.0,-1.894467830657959,2.01200008392334,2936.0,-0.0,0.0,20.00800132751465,0.0,0.13168780505657196,0.36992302536964417,8.973925590515137,0.000944109633564949,0.003022739663720131,0.0001278351992368698,26.178403854370117,18.101613998413086,-87.94622039794922
12.833521366119385,0,-3.1027672290802,1.0767496467514424e-20,0.0,-1.894467830657959,2.0199999809265137,2940.0,-0.0,0.0,20.00400161743164,0.0,0.11971618235111237,0.36094430088996887,9.130154609680176,0.0010772701352834702,0.0019574593752622604,-0.0008042855188250542,25.64776039123535,17.924148559570312,-89.48016357421875
12.85382080078125,0,-3.1027672290802,8.82006127397171e-21,0.0,-1.894467830657959,2.01200008392334,2976.0,-0.0,0.0,20.00800132751465,0.0,0.1550324559211731,0.3621414601802826,9.1720552444458,-0.001319611445069313,0.0015579797327518463,0.0002609947696328163,25.824642181396484,19.16641616821289,-88.28709411621094
12.873934745788574,0,-3.1027672290802,7.250188793619704e-21,0.0,-1.894467830657959,2.01200008392334,2948.0,-0.0,0.0,20.00800132751465,0.0,0.12869489192962646,0.35256415605545044,9.07328987121582,-0.0010532904416322708,0.0015579797327518463,-0.0013369256630539894,26.001522064208984,18.988948822021484,-89.13928985595703
12.894279718399048,0,-3.1027672290802,5.927944623421524e-21,0.0,-1.894467830657959,2.01200008392334,3028.0,-0.0,0.0,20.012001037597656,0.0,0.13767361640930176,0.36872583627700806,9.013431549072266,0.0002783108502626419,0.0024900995194911957,-0.00040480587631464005,26.885927200317383,18.4565486907959,-88.28709411621094
12.914430856704712,0,-3.1027672290802,4.88205955717275e-21,0.0,-1.894467830657959,2.01200008392334,2944.0,-0.0,0.0,20.00400161743164,0.0,0.1400679349899292,0.33281099796295166,9.115190505981445,0.0013435911387205124,0.0014248192310333252,-0.0010706055909395218,25.824642181396484,19.52134895324707,-88.9688491821289
12.934762477874756,0,-3.1027672290802,4.006775645501636e-21,0.0,-1.894467830657959,2.004000186920166,2936.0,-0.0,0.0,20.02400016784668,0.0,0.14784948527812958,0.34478262066841125,9.11040210723877,-0.001186450943350792,0.0007590185850858688,0.000660475343465805,25.47087860107422,19.16641616821289,-89.9914779663086
12.955071926116943,0,-3.1027672290802,3.2836374307325515e-21,0.0,-1.894467830657959,2.01200008392334,2968.0,-0.0,0.0,20.00800132751465,0.0,0.1370750367641449,0.345979779958725,9.017023086547852,-0.001319611445069313,0.0016911383718252182,-0.0005379654467105865,26.355283737182617,18.634014129638672,-88.45753479003906
12.975358009338379,0,-3.1027672290802,2.6974218411480017e-21,0.0,-1.894467830657959,2.01200008392334,2944.0,-0.0,0.0,20.012001037597656,0.0,0.15982110798358917,0.3519655764102936,9.05952262878418,-0.0023848917335271835,0.0019574593752622604,0.0005273148417472839,26.355283737182617,18.279081344604492,-89.13928985595703
12.995518684387207,0,-3.1027672290802,2.1998482669419554e-21,0.0,-1.894467830657959,2.01200008392334,3092.0,-0.0,0.0,20.00400161743164,0.0,0.12330766767263412,0.36992302536964417,9.127161979675293,0.0018762312829494476,0.0018242988735437393,-0.0006711259484291077,25.47087860107422,17.391746520996094,-88.28709411621094
13.01565170288086,0,-3.1027672290802,1.8162113500245945e-21,0.0,-1.894467830657959,2.01200008392334,2944.0,-0.0,0.0,20.012001037597656,0.0,0.15622961521148682,0.36872583627700806,9.118183135986328,-0.00038748979568481445,0.0010253377258777618,-0.0008042855188250542,26.709047317504883,18.988948822021484,-89.821044921875
13.036011695861816,0,-3.1027672290802,1.4904756623472033e-21,0.0,-1.894467830657959,2.008000135421753,2944.0,-0.0,0.0,20.02800178527832,0.0,0.13767361640930176,0.3489726781845093,9.019417762756348,-0.0019854120910167694,0.00089217908680439,-0.0002716453745961189,25.117116928100586,18.101613998413086,-89.65060424804688
13.056142568588257,0,-3.1027672290802,1.2209505929483591e-21,0.0,-1.894467830657959,2.01200008392334,2956.0,-0.0,0.0,20.00800132751465,0.0,0.15383529663085938,0.3519655764102936,9.006248474121094,0.0005446299910545349,0.0020906198769807816,-0.00040480587631464005,26.178403854370117,18.101613998413086,-90.33235931396484
13.076444864273071,0,-3.1027672290802,1.00348085171969e-21,0.0,-1.894467830657959,2.01200008392334,2940.0,-0.0,0.0,20.00400161743164,0.0,0.12151192873716354,0.350169837474823,9.08825397491455,-0.00038748979568481445,0.0022237785160541534,0.0002609947696328163,26.178403854370117,17.746681213378906,-88.28709411621094
13.096583604812622,0,-3.1027672290802,8.196269349085127e-22,0.0,-1.894467830657959,2.01200008392334,3040.0,-0.0,0.0,20.012001037597656,0.0,0.11971618235111237,0.3292195200920105,9.351031303405762,0.0056047141551971436,0.0019574593752622604,0.000660475343465805,24.763355255126953,20.231216430664062,-88.62797546386719
13.116879224777222,0,-3.1027672290802,6.756696394462262e-22,0.0,-1.894467830657959,2.01200008392334,2936.0,-0.0,0.0,20.00400161743164,0.0,0.16281400620937347,0.39566197991371155,8.912271499633789,-0.0026512108743190765,-0.000705743208527565,-0.0006711259484291077,24.763355255126953,18.101613998413086,-90.33235931396484
13.137255430221558,0,-3.1027672290802,5.543155691903502e-22,0.0,-1.894467830657959,2.0360000133514404,2948.0,-0.0,0.0,20.036001205444336,0.0,0.13049064576625824,0.31964221596717834,8.902095794677734,-0.007711295038461685,0.003155900165438652,-0.0005379654467105865,25.64776039123535,17.21428108215332,-87.43490600585938
13.157373905181885,0,-3.1027672290802,4.543058283538966e-22,0.0,-1.894467830657959,2.01200008392334,2964.0,-0.0,0.0,20.00800132751465,0.0,0.13827219605445862,0.3453812003135681,9.097831726074219,0.009998995810747147,0.0006258580833673477,-5.325302481651306e-06,25.64776039123535,18.988948822021484,-88.79840850830078
13.177706241607666,0,-3.1027672290802,3.7315491186201866e-22,0.0,-1.894467830657959,2.0280001163482666,2940.0,-0.0,0.0,20.00400161743164,0.0,0.1400679349899292,0.3783031404018402,9.249272346496582,0.0022757109254598618,0.001291658729314804,-0.001203766092658043,26.178403854370117,18.4565486907959,-88.62797546386719
13.197841882705688,0,-3.1027672290802,3.0573666271307086e-22,0.0,-1.894467830657959,2.01200008392334,2976.0,-0.0,0.0,20.00400161743164,0.0,0.13647645711898804,0.33281099796295166,9.045755386352539,-0.007977615110576153,-3.994256258010864e-05,-0.0008042855188250542,26.001522064208984,18.634014129638672,-89.48016357421875
13.2181875705719,0,-3.1027672290802,2.5138730178696403e-22,0.0,-1.894467830657959,2.004000186920166,2944.0,-0.0,0.0,20.00400161743164,0.0,0.12270908802747726,0.345979779958725,8.850019454956055,0.0010772701352834702,0.0023569390177726746,0.0011931154876947403,25.64776039123535,17.924148559570312,-89.48016357421875
13.238510847091675,0,-3.1027672290802,2.062771555134526e-22,0.0,-1.894467830657959,2.008000135421753,2936.0,-0.0,0.0,20.032001495361328,0.0,0.14545516669750214,0.3423883020877838,9.14571762084961,0.004805753007531166,0.0024900995194911957,-0.0002716453745961189,26.178403854370117,19.52134895324707,-88.9688491821289
13.25864291191101,0,-3.1027672290802,1.689300316360401e-22,0.0,-1.894467830657959,2.01200008392334,2968.0,-0.0,0.0,20.00400161743164,0.0,0.13647645711898804,0.38189461827278137,9.184026718139648,-0.00025433115661144257,0.001291658729314804,-0.0017364062368869781,26.709047317504883,18.988948822021484,-89.48016357421875
13.278946161270142,0,-3.1027672290802,1.388785206020522e-22,0.0,-1.894467830657959,2.0160000324249268,2936.0,-0.0,0.0,20.012001037597656,0.0,0.15323671698570251,0.3429868817329407,9.090648651123047,-0.00411597266793251,0.0006258580833673477,0.00039415527135133743,25.64776039123535,18.634014129638672,-90.50279235839844
13.299110174179077,0,-3.1027672290802,1.1380469663645994e-22,0.0,-1.894467830657959,2.01200008392334,2952.0,-0.0,0.0,20.012001037597656,0.0,0.1550324559211731,0.34059253334999084,8.979312896728516,-0.00012117065489292145,0.001291658729314804,0.000660475343465805,26.001522064208984,17.924148559570312,-88.45753479003906
13.319406747817993,0,-3.1027672290802,9.349451968757148e-23,0.0,-1.894467830657959,2.01200008392334,2944.0,-0.0,0.0,20.012001037597656,0.0,0.12570199370384216,0.356155663728714,9.061318397521973,0.000677790492773056,0.001158498227596283,-0.0002716453745961189,25.117116928100586,18.811481475830078,-88.9688491821289
