time,layout.data_offset,data[0],data[1],data[2],data[3],data[4],data[5],data[6],data[7],data[8],data[9],data[10],data[11],data[12],data[13],data[14],data[15],data[16],data[17],data[18]
0.0,0,4.761246204376221,-8.910935682913956e-14,0.0,0.0007072313455864787,2.0280001163482666,2944.0,-0.0,0.0,20.02800178527832,0.0,0.06045667454600334,0.20950332283973694,9.090648651123047,-0.0008655376732349396,0.0002716481685638428,7.723411545157433e-05,22.994543075561523,33.718692779541016,-93.4002456665039
0.019243478775024414,0,4.761246204376221,-7.300959153650616e-14,0.0,0.0007072313455864787,2.008000135421753,2956.0,-0.0,0.0,20.00400161743164,0.0,0.04010492190718651,0.20052461326122284,9.12416934967041,-0.0015313364565372467,-0.001326272264122963,-0.0003222459927201271,24.409591674804688,35.138427734375,-94.08200073242188
0.03941535949707031,0,4.761246204376221,-6.0007710335052e-14,0.0,0.0007072313455864787,2.01200008392334,2940.0,-0.0,0.0,20.00400161743164,0.0,0.048485055565834045,0.2071090042591095,9.071494102478027,-0.0011318568140268326,-0.0005273129791021347,-0.0005885660648345947,24.940235137939453,34.960960388183594,-93.57068634033203
0.059679269790649414,0,4.761246204376221,-4.90300312014965e-14,0.0,0.0007072313455864787,2.01200008392334,2940.0,-0.0,0.0,20.016000747680664,0.0,0.0550694465637207,0.21070048213005066,9.099627494812012,-0.0003328956663608551,-0.0005273129791021347,-0.0003222459927201271,26.709047317504883,34.60602951049805,-94.59331512451172
0.08001542091369629,0,4.761246204376221,-4.040608383363946e-14,0.0,0.0007072313455864787,2.008000135421753,2940.0,-0.0,0.0,20.00800132751465,0.0,0.03890775889158249,0.21129906177520752,9.093042373657227,-0.0013981778174638748,5.327165126800537e-06,0.0007430347613990307,25.64776039123535,33.54122543334961,-93.22981262207031
0.10026979446411133,0,4.761246204376221,-3.315418753879924e-14,0.0,0.0007072313455864787,2.008000135421753,2952.0,-0.0,0.0,20.012001037597656,0.0,0.07661835849285126,0.20531325042247772,9.07328987121582,0.0005992241203784943,5.327165126800537e-06,-0.0004554060287773609,24.763355255126953,35.49336242675781,-95.10462951660156
0.12053513526916504,0,4.761246204376221,-2.7164190764383117e-14,0.0,0.0007072313455864787,2.008000135421753,2952.0,-0.0,0.0,20.00800132751465,0.0,0.052675120532512665,0.21249623596668243,9.097232818603516,6.658397614955902e-05,-0.00012783147394657135,-0.0001890859566628933,26.001522064208984,34.60602951049805,-93.57068634033203
0.14061617851257324,0,4.761246204376221,-2.232324331082839e-14,0.0,0.0007072313455864787,2.008000135421753,2948.0,-0.0,0.0,20.00400161743164,0.0,0.051477961242198944,0.20890474319458008,9.084662437438965,-0.0013981778174638748,0.00013848766684532166,7.723411545157433e-05,27.23969078063965,35.848297119140625,-92.71849060058594
0.16108345985412598,0,4.761246204376221,-1.8308415561060255e-14,0.0,0.0007072313455864787,2.008000135421753,2960.0,-0.0,0.0,20.012001037597656,0.0,0.06584390252828598,0.204116091132164,9.103219032287598,-0.0007323771715164185,-0.0007936321198940277,-0.0003222459927201271,25.29399871826172,35.315895080566406,-93.91156005859375
0.181243896484375,0,4.761246204376221,-1.503291035490767e-14,0.0,0.0007072313455864787,2.01200008392334,2940.0,-0.0,0.0,20.012001037597656,0.0,0.04070350155234337,0.20471467077732086,9.051141738891602,6.658397614955902e-05,-0.0003941524773836136,0.0007430347613990307,24.940235137939453,34.251094818115234,-94.59331512451172
0.20144224166870117,0,4.761246204376221,-1.2334382816601031e-14,0.0,0.0007072313455864787,2.004000186920166,2948.0,-0.0,0.0,20.00400161743164,0.0,0.06344957649707794,0.2011231929063797,9.064909934997559,0.0005992241203784943,-0.00012783147394657135,0.0010093548335134983,23.702068328857422,35.49336242675781,-94.08200073242188
0.221726655960083,0,4.761246204376221,-1.0104698178995015e-14,0.0,0.0007072313455864787,2.008000135421753,2956.0,-0.0,0.0,20.012001037597656,0.0,0.06344957649707794,0.21369339525699615,9.109204292297363,-0.0015313364565372467,0.00013848766684532166,7.723411545157433e-05,25.47087860107422,34.42856216430664,-95.44551086425781
0.2418200969696045,0,4.761246204376221,-8.305207175739356e-15,0.0,0.0007072313455864787,2.01200008392334,2948.0,-0.0,0.0,20.00800132751465,0.0,0.047287892550230026,0.2101019024848938,9.097232818603516,-0.0013981778174638748,0.0006711278110742569,-0.0008548866026103497,25.29399871826172,35.315895080566406,-92.88893127441406
0.26211047172546387,0,4.761246204376221,-6.786406797577773e-15,0.0,0.0007072313455864787,2.01200008392334,3048.0,-0.0,0.0,20.012001037597656,0.0,0.05686518922448158,0.20351751148700714,9.106810569763184,-6.65765255689621e-05,0.0009374488145112991,-0.0003222459927201271,24.940235137939453,33.18629455566406,-94.25244140625
0.2823677062988281,0,4.761246204376221,-5.592514705455784e-15,0.0,0.0007072313455864787,2.01200008392334,2944.0,-0.0,0.0,20.00800132751465,0.0,0.048485055565834045,0.20291893184185028,9.102021217346191,0.0005992241203784943,-0.0003941524773836136,-0.0007217261008918285,26.178403854370117,35.49336242675781,-93.74112701416016
0.30264925956726074,0,4.761246204376221,-4.589139804929074e-15,0.0,0.0007072313455864787,2.01200008392334,2940.0,-0.0,0.0,20.012001037597656,0.0,0.050280798226594925,0.20890474319458008,9.090049743652344,-0.0009986963123083115,0.00013848766684532166,-0.0004554060287773609,25.29399871826172,33.89616012573242,-93.22981262207031
0.3227691650390625,0,4.761246204376221,-3.759853468469172e-15,0.0,0.0007072313455864787,2.008000135421753,2960.0,-0.0,0.0,20.00400161743164,0.0,0.05686518922448158,0.20052461326122284,9.077479362487793,-6.65765255689621e-05,-0.00105995312333107,0.00021039415150880814,25.824642181396484,34.78349304199219,-92.71849060058594
0.3432502746582031,0,4.761246204376221,-3.0901606330079523e-15,0.0,0.0007072313455864787,2.008000135421753,2940.0,-0.0,0.0,20.00800132751465,0.0,0.04309782758355141,0.19034872949123383,9.083465576171875,0.00019974447786808014,0.0013369284570217133,-0.0007217261008918285,24.940235137939453,34.60602951049805,-92.88893127441406
0.363527774810791,0,4.761246204376221,-2.5197413295143575e-15,-0.0,2.5197414142176522e-14,2.008000135421753,3112.0,-0.0,2.0,20.09600067138672,0.0,0.05866093188524246,0.19932745397090912,9.087656021118164,0.0005992241203784943,0.001070607453584671,-0.0008548866026103497,26.53216552734375,35.138427734375,-93.4002456665039
0.3836026191711426,0,4.761246204376221,-2.0792727619973334e-15,-0.0,2.0792727619973334e-14,2.008000135421753,2944.0,-0.0,2.0,20.012001037597656,0.0,0.04010492190718651,0.18975014984607697,9.109803199768066,-0.0004660561680793762,0.0004048086702823639,-0.0005885660648345947,27.41657066345215,35.67082977294922,-92.54805755615234
0.4038698673248291,0,4.761246204376221,-1.7058914273643364e-15,-0.0,1.7058914908918074e-14,2.0160000324249268,2944.0,-0.0,2.0,20.012001037597656,0.0,0.049682218581438065,0.19633454084396362,9.089451789855957,0.0005992241203784943,0.0004048086702823639,-0.0008548866026103497,25.47087860107422,33.36376190185547,-92.71849060058594
0.42415499687194824,0,4.761246204376221,-1.3983300584471557e-15,-0.0,1.398330100798803e-14,2.008000135421753,2956.0,-0.0,2.0,20.012001037597656,0.0,0.03711201623082161,0.19872887432575226,9.073887825012207,-0.0013981778174638748,0.000804288312792778,-5.5925920605659485e-05,24.055830001831055,34.78349304199219,-92.71849060058594
0.4444105625152588,0,4.761246204376221,-1.1483739179650823e-15,-0.0,1.1483738967892586e-14,2.0160000324249268,2940.0,-0.0,2.0,20.016000747680664,0.0,0.048485055565834045,0.20830616354942322,9.061318397521973,-0.0008655376732349396,0.0004048086702823639,0.0006098742596805096,23.34830665588379,34.07362747192383,-93.4002456665039
0.46469974517822266,0,4.761246204376221,-9.388724945603479e-16,-0.0,9.388724945603479e-15,2.004000186920166,3016.0,-0.0,2.0,20.012001037597656,0.0,0.05985809117555618,0.20052461326122284,9.091845512390137,-0.0004660561680793762,0.00013848766684532166,0.00034355418756604195,26.001522064208984,34.60602951049805,-93.57068634033203
0.4849371910095215,0,4.761246204376221,-7.736464891602206e-16,-0.0,7.736465209239561e-15,2.008000135421753,2944.0,-0.0,2.0,20.00400161743164,0.0,0.04249924421310425,0.20890474319458008,9.089451789855957,-0.0011318568140268326,-0.00026099197566509247,-0.0007217261008918285,24.409591674804688,35.49336242675781,-93.4002456665039
0.505225419998169,0,4.761246204376221,-6.349215506412794e-16,-0.0,6.349215400533676e-15,2.004000186920166,2940.0,-0.0,2.0,20.016000747680664,0.0,0.06464674323797226,0.20830616354942322,9.100824356079102,6.658397614955902e-05,-0.0003941524773836136,-0.0019201668910682201,24.58647346496582,36.38069534301758,-93.57068634033203
0.5254888534545898,0,4.761246204376221,-5.199882323634946e-16,-0.0,5.199882323634946e-15,2.008000135421753,2964.0,-0.0,2.0,20.00800132751465,0.0,0.052076540887355804,0.20531325042247772,9.052339553833008,-0.0009986963123083115,0.000804288312792778,-0.0005885660648345947,25.47087860107422,34.78349304199219,-94.08200073242188
0.5456676483154297,0,4.761246204376221,-4.2725382121845256e-16,-0.0,4.272538371003203e-15,2.0320000648498535,2948.0,-0.0,2.0,20.016000747680664,0.0,0.05866093188524246,0.18855299055576324,9.09244441986084,-0.0011318568140268326,0.0004048086702823639,0.0016751554794609547,24.232711791992188,35.315895080566406,-93.22981262207031
0.5659303665161133,0,4.761246204376221,-3.5012871851386994e-16,-0.0,3.50128713219914e-15,2.008000135421753,2964.0,-0.0,2.0,20.00400161743164,0.0,0.06344957649707794,0.19094730913639069,9.063114166259766,-6.65765255689621e-05,0.0005379673093557358,0.0018083150498569012,24.409591674804688,34.42856216430664,-93.74112701416016
0.5860092639923096,0,4.761246204376221,-2.8770927244392444e-16,-0.0,2.8770926714996852e-15,2.01200008392334,2952.0,-0.0,2.0,20.016000747680664,0.0,0.0550694465637207,0.21429197490215302,9.103816986083984,-0.0007323771715164185,-0.00026099197566509247,0.00047671422362327576,25.117116928100586,35.138427734375,-93.74112701416016
0.6063103675842285,0,4.761246204376221,-2.3609026407507973e-16,-0.0,2.3609027466299157e-15,2.008000135421753,2944.0,-0.0,2.0,20.00800132751465,0.0,0.06165383383631706,0.19573596119880676,9.069099426269531,-0.0007323771715164185,0.0004048086702823639,-0.0003222459927201271,24.940235137939453,35.315895080566406,-94.25244140625
0.626603364944458,0,4.761246204376221,-1.93739993140904e-16,-0.0,1.9373998255299216e-15,2.008000135421753,2944.0,-0.0,2.0,20.00400161743164,0.0,0.056266605854034424,0.18975014984607697,9.076282501220703,-0.0008655376732349396,0.0002716481685638428,-0.0011212066747248173,24.409591674804688,34.07362747192383,-92.37761688232422
0.6468667984008789,0,4.761246204376221,-1.589430855743093e-16,-0.0,1.5894308557430929e-15,2.0360000133514404,2948.0,-0.0,2.0,20.02400016784668,0.0,0.049083635210990906,0.20531325042247772,9.07568359375,-0.0011318568140268326,0.0009374488145112991,0.0007430347613990307,24.763355255126953,33.718692779541016,-93.4002456665039
0.6672382354736328,0,4.761246204376221,-1.3027634073545116e-16,-0.0,1.3027633544149524e-15,2.008000135421753,2956.0,-0.0,2.0,20.00800132751465,0.0,0.050879377871751785,0.2011231929063797,9.090049743652344,-0.001797657459974289,0.0009374488145112991,-0.0019201668910682201,26.178403854370117,34.07362747192383,-94.08200073242188
0.6873514652252197,0,4.761246204376221,-1.0706417705700041e-16,-0.0,1.0706418102746735e-15,2.008000135421753,2948.0,-0.0,2.0,20.00800132751465,0.0,0.056266605854034424,0.20232035219669342,9.116986274719238,0.00019974447786808014,0.000804288312792778,-0.0003222459927201271,26.178403854370117,34.07362747192383,-94.76375579833984
0.7076377868652344,0,4.761246204376221,-8.785237793486431e-17,-0.0,8.785237793486431e-16,2.004000186920166,2940.0,-0.0,2.0,20.012001037597656,0.0,0.07482261210680008,0.19693312048912048,9.086458206176758,-0.0009986963123083115,0.0004048086702823639,0.0010093548335134983,25.29399871826172,35.315895080566406,-92.88893127441406
0.7278776168823242,0,4.761246204376221,-7.207944655179696e-17,-0.0,7.2079443904819e-16,2.01200008392334,2940.0,-0.0,2.0,20.00800132751465,0.0,0.0670410618185997,0.19334164261817932,9.088852882385254,-0.0009986963123083115,0.0004048086702823639,-5.5925920605659485e-05,25.47087860107422,34.78349304199219,-93.05937194824219
0.748126745223999,0,4.761246204376221,-5.914519389021969e-17,-0.0,5.914519256673071e-16,2.01200008392334,2944.0,-0.0,2.0,20.012001037597656,0.0,0.04130208492279053,0.2071090042591095,9.09364128112793,-6.65765255689621e-05,-0.0005273129791021347,0.001408835407346487,24.055830001831055,35.848297119140625,-93.4002456665039
0.7683663368225098,0,4.761246204376221,-4.8453633010065594e-17,-0.0,4.845363036308763e-16,2.01200008392334,2972.0,-0.0,2.0,20.016000747680664,0.0,0.048485055565834045,0.20651042461395264,9.094240188598633,-0.00019973702728748322,0.0012037679553031921,-0.0005885660648345947,26.709047317504883,34.60602951049805,-93.57068634033203
0.788646936416626,0,4.761246204376221,-3.9823306954720134e-17,-0.0,3.9823306954720134e-16,2.01200008392334,2944.0,-0.0,2.0,20.00800132751465,0.0,0.05686518922448158,0.204116091132164,9.096035957336426,0.000332903116941452,0.0005379673093557358,-0.0004554060287773609,25.64776039123535,34.251094818115234,-92.54805755615234
0.8087706565856934,0,4.761246204376221,-3.2676009858563845e-17,-0.0,3.2676011182052826e-16,2.008000135421753,2948.0,-0.0,2.0,20.00800132751465,0.0,0.050879377871751785,0.1921444833278656,9.082268714904785,-0.00193081796169281,5.327165126800537e-06,-0.0004554060287773609,26.001522064208984,33.89616012573242,-93.57068634033203
0.8290784358978271,0,4.761246204376221,-2.6814573296427364e-17,-0.0,2.681457230381063e-16,2.008000135421753,2948.0,-0.0,2.0,20.012001037597656,0.0,0.046689312905073166,0.20651042461395264,9.072092056274414,-6.65765255689621e-05,5.327165126800537e-06,-5.5925920605659485e-05,24.940235137939453,36.025760650634766,-94.59331512451172
0.8493587970733643,0,4.761246204376221,-2.2002880216818653e-17,-0.0,2.2002879885946408e-16,2.0160000324249268,2948.0,-0.0,2.0,20.016000747680664,0.0,0.048485055565834045,0.2130948156118393,9.086458206176758,-0.0009986963123083115,0.0005379673093557358,0.00034355418756604195,26.001522064208984,32.47642517089844,-94.59331512451172
0.8696286678314209,0,4.761246204376221,-1.8027542837117408e-17,-0.0,1.8027542506245163e-16,2.01200008392334,2952.0,-0.0,2.0,20.00400161743164,0.0,0.04429498687386513,0.19034872949123383,9.099627494812012,-6.65765255689621e-05,0.0006711278110742569,7.723411545157433e-05,24.055830001831055,34.42856216430664,-93.4002456665039
0.8897390365600586,0,4.761246204376221,-1.4815992602184352e-17,-0.0,1.4815993263928842e-16,2.004000186920166,2944.0,-0.0,2.0,20.012001037597656,0.0,0.049083635210990906,0.21129906177520752,9.099627494812012,-0.0016644969582557678,-0.00026099197566509247,-0.0005885660648345947,22.994543075561523,33.008827209472656,-93.74112701416016
0.9100522994995117,0,4.761246204376221,-1.2149250815638934e-17,-0.0,1.2149250319330566e-16,2.008000135421753,2944.0,-0.0,2.0,20.012001037597656,0.0,0.04130208492279053,0.20531325042247772,9.072092056274414,-0.0009986963123083115,-0.00026099197566509247,-0.0003222459927201271,25.64776039123535,32.47642517089844,-92.54805755615234
0.9302999973297119,0,4.761246204376221,-9.974505304092093e-18,-0.0,9.974505138655971e-17,2.01200008392334,2948.0,-0.0,2.0,20.00400161743164,0.0,0.06464674323797226,0.2011231929063797,9.084064483642578,0.0007323846220970154,0.0002716481685638428,-0.0003222459927201271,25.29399871826172,34.60602951049805,-94.25244140625
0.950599193572998,0,4.761246204376221,-8.185261526761304e-18,-0.0,8.185261857633549e-17,2.0160000324249268,2952.0,-0.0,2.0,20.012001037597656,0.0,0.056266605854034424,0.21548913419246674,9.057127952575684,-6.65765255689621e-05,-0.00105995312333107,-0.0004554060287773609,25.824642181396484,34.07362747192383,-93.4002456665039
0.9707076549530029,0,4.761246204376221,-6.7066488848625525e-18,-0.0,6.70664871942643e-17,2.01200008392334,2948.0,-0.0,2.0,20.00800132751465,0.0,0.0640481561422348,0.1921444833278656,9.090049743652344,-0.0004660561680793762,0.0005379673093557358,-5.5925920605659485e-05,26.355283737182617,35.315895080566406,-91.86630249023438
0.9910006523132324,0,4.761246204376221,-5.511880375029229e-18,-0.0,5.5118802923111675e-17,2.01200008392334,2944.0,-0.0,2.0,20.016000747680664,0.0,0.04369640722870827,0.19753170013427734,9.118183135986328,-0.0005992166697978973,0.0006711278110742569,0.0008761943317949772,25.29399871826172,34.60602951049805,-94.25244140625
1.0113472938537598,0,4.761246204376221,-4.514117749374903e-18,-0.0,4.5141178320929644e-17,2.01200008392334,2988.0,-0.0,2.0,20.00800132751465,0.0,0.053872283548116684,0.20950332283973694,9.102620124816895,0.000332903116941452,0.0002716481685638428,-0.0008548866026103497,26.178403854370117,34.78349304199219,-93.4002456665039
1.031583547592163,0,4.761246204376221,-3.7107926120975985e-18,-0.0,3.710792446661476e-17,2.01200008392334,2948.0,-0.0,2.0,20.016000747680664,0.0,0.056266605854034424,0.1921444833278656,9.081669807434082,-0.00019973702728748322,0.000804288312792778,-0.0009880466386675835,24.58647346496582,34.60602951049805,-93.57068634033203
1.0518755912780762,0,4.761246204376221,-3.044907462703889e-18,-0.0,3.0449074213448584e-17,2.0240001678466797,2944.0,-0.0,2.0,20.016000747680664,0.0,0.051477961242198944,0.18735583126544952,9.083465576171875,-0.00019973702728748322,-0.00012783147394657135,-5.5925920605659485e-05,26.001522064208984,34.60602951049805,-93.22981262207031
1.0719630718231201,0,4.761246204376221,-2.4947738323277875e-18,-0.0,2.4947737496097263e-17,2.008000135421753,2964.0,-0.0,2.0,20.00400161743164,0.0,0.06464674323797226,0.21489055454730988,9.128358840942383,-0.0009986963123083115,0.002668529748916626,0.00021039415150880814,24.58647346496582,34.60602951049805,-93.91156005859375
1.0922906398773193,0,4.761246204376221,-2.050575155049821e-18,-0.0,2.0505751136907902e-17,2.008000135421753,2940.0,-0.0,2.0,20.00800132751465,0.0,0.048485055565834045,0.21369339525699615,9.058923721313477,-0.0005992166697978973,-0.00012783147394657135,-0.0005885660648345947,24.763355255126953,34.78349304199219,-93.05937194824219
1.1125268936157227,0,4.761246204376221,-1.6739822594285429e-18,-0.0,1.6739822801080582e-17,2.008000135421753,3072.0,-0.0,2.0,20.00400161743164,0.0,0.0610552541911602,0.22446784377098083,9.108007431030273,-0.0008655376732349396,-0.00105995312333107,-5.5925920605659485e-05,26.178403854370117,35.49336242675781,-92.0367431640625
1.1326220035552979,0,4.761246204376221,-1.3808801151522687e-18,-0.0,1.3808800944727534e-17,2.008000135421753,2948.0,-0.0,2.0,20.00800132751465,0.0,0.0550694465637207,0.19573596119880676,9.079874038696289,0.000332903116941452,-0.0005273129791021347,0.0011425144039094448,26.355283737182617,34.60602951049805,-92.88893127441406
1.153080701828003,0,4.761246204376221,-1.1327336862046031e-18,-0.0,1.1327336862046031e-17,2.0440001487731934,2940.0,-0.0,2.0,20.02800178527832,0.0,0.05746376886963844,0.21070048213005066,9.105612754821777,-0.0005992166697978973,5.327165126800537e-06,0.00034355418756604195,24.940235137939453,34.960960388183594,-92.88893127441406
1.1731994152069092,0,4.761246204376221,-9.28580444545264e-19,-0.0,9.285804652247793e-18,2.008000135421753,2956.0,-0.0,2.0,20.00400161743164,0.0,0.0640481561422348,0.20052461326122284,9.076881408691406,-0.0005992166697978973,0.0005379673093557358,-0.001254366710782051,24.940235137939453,34.60602951049805,-92.88893127441406
1.1946454048156738,0,4.761246204376221,-7.630118697390734e-19,-0.0,7.63011911098104e-18,2.008000135421753,2940.0,-0.0,2.0,20.00800132751465,0.0,0.0550694465637207,0.19693312048912048,9.109204292297363,-6.65765255689621e-05,0.0005379673093557358,0.0008761943317949772,25.64776039123535,35.315895080566406,-92.88893127441406
1.2143352031707764,0,4.761246204376221,-6.223836175819692e-19,-0.0,6.2238359690245385e-18,2.008000135421753,3088.0,-0.0,2.0,20.036001205444336,0.0,0.04369640722870827,0.21070048213005066,9.109803199768066,-0.00019973702728748322,0.000804288312792778,-0.0008548866026103497,26.355283737182617,35.315895080566406,-92.2071762084961
1.2355587482452393,0,4.761246204376221,-5.13566663832123e-19,-0.0,5.13566663832123e-18,2.008000135421753,2940.0,-0.0,2.0,20.012001037597656,0.0,0.044893570244312286,0.18675725162029266,9.0786771774292,0.0012650247663259506,-0.00012783147394657135,-0.0005885660648345947,24.940235137939453,34.960960388183594,-93.22981262207031
1.2543718814849854,0,4.761246204376221,-4.213614613362964e-19,-0.0,4.213614613362964e-18,2.008000135421753,2952.0,-0.0,2.0,20.012001037597656,0.0,0.05746376886963844,0.1951373815536499,9.071494102478027,-0.0015313364565372467,5.327165126800537e-06,0.00034355418756604195,25.64776039123535,35.315895080566406,-91.86630249023438
1.2744286060333252,0,4.761246204376221,-3.4507457424722856e-19,-0.0,3.450745639074709e-18,2.008000135421753,2976.0,-0.0,2.0,20.00800132751465,0.0,0.055668026208877563,0.2101019024848938,9.098429679870605,-0.0008655376732349396,0.0012037679553031921,-0.0008548866026103497,24.940235137939453,34.60602951049805,-93.57068634033203
1.2948882579803467,0,4.761246204376221,-2.8373191984545586e-19,-0.0,2.837319250153347e-18,2.0199999809265137,2948.0,-0.0,2.0,20.012001037597656,0.0,0.06464674323797226,0.1921444833278656,9.09364128112793,0.0024634655565023422,-0.0005273129791021347,7.723411545157433e-05,26.355283737182617,35.315895080566406,-92.88893127441406
1.314955234527588,0,4.761246204376221,-2.3196075325729324e-19,-0.0,2.3196075842717207e-18,2.008000135421753,3012.0,-0.0,2.0,20.00800132751465,0.0,0.056266605854034424,0.2071090042591095,9.061318397521973,-0.0009986963123083115,0.0009374488145112991,0.0008761943317949772,24.940235137939453,35.67082977294922,-92.88893127441406
1.3357114791870117,0,4.761246204376221,-1.9107238839818453e-19,-0.0,1.9107239356806336e-18,2.01200008392334,2944.0,-0.0,2.0,20.00400161743164,0.0,0.047886475920677185,0.2071090042591095,9.080472946166992,-6.65765255689621e-05,-0.0003941524773836136,-0.0009880466386675835,25.824642181396484,34.42856216430664,-92.71849060058594
1.35560941696167,0,4.761246204376221,-1.567855452127084e-19,-0.0,1.5678555038258723e-18,2.008000135421753,2944.0,-0.0,2.0,20.00400161743164,0.0,0.050280798226594925,0.20351751148700714,9.07448673248291,0.0005992241203784943,0.0005379673093557358,-0.0004554060287773609,25.29399871826172,34.251094818115234,-93.57068634033203
1.3756508827209473,0,4.761246204376221,-1.286813601181833e-19,-0.0,1.2868136528806213e-18,2.004000186920166,2944.0,-0.0,2.0,20.00400161743164,0.0,0.050879377871751785,0.19932745397090912,9.121175765991211,0.0009987037628889084,0.00013848766684532166,-0.0001890859566628933,25.64776039123535,35.315895080566406,-93.22981262207031
1.3959410190582275,0,4.761246204376221,-1.0557795357798435e-19,-0.0,1.0557795228551464e-18,2.0240001678466797,2944.0,-0.0,2.0,20.012001037597656,0.0,0.053273703902959824,0.20830616354942322,9.10501480102539,0.00019974447786808014,0.0013369284570217133,0.00047671422362327576,25.64776039123535,34.960960388183594,-92.88893127441406
1.4161887168884277,0,4.761246204376221,-8.653952582537265e-20,-0.0,8.653952711784236e-19,2.008000135421753,2952.0,-0.0,2.0,20.00400161743164,0.0,0.048485055565834045,0.19992603361606598,9.072092056274414,0.00046606361865997314,0.0004048086702823639,-0.0005885660648345947,24.940235137939453,34.60602951049805,-93.57068634033203
1.4364511966705322,0,4.761246204376221,-7.109259997019256e-20,-0.0,7.109260126266227e-19,2.01200008392334,2948.0,-0.0,2.0,20.00800132751465,0.0,0.0670410618185997,0.20531325042247772,9.103816986083984,6.658397614955902e-05,0.00013848766684532166,-0.0011212066747248173,25.29399871826172,34.960960388183594,-93.57068634033203
1.456573724746704,0,4.761246204376221,-5.834674839477342e-20,-0.0,5.8346745809834e-19,2.01200008392334,2944.0,-0.0,2.0,20.00400161743164,0.0,0.054470863193273544,0.2160877138376236,9.054733276367188,0.0007323846220970154,0.0009374488145112991,-0.0001890859566628933,25.29399871826172,33.89616012573242,-93.91156005859375
1.4776265621185303,0,4.761246204376221,-4.7878638802421335e-20,-0.0,4.78786407411259e-19,2.008000135421753,2944.0,-0.0,2.0,20.00800132751465,0.0,0.05925951153039932,0.20052461326122284,9.076282501220703,-0.0016644969582557678,-0.00012783147394657135,-0.0007217261008918285,25.64776039123535,33.89616012573242,-93.91156005859375
1.4971742630004883,0,4.761246204376221,-3.928095905846211e-20,-0.0,3.928095905846211e-19,2.0280001163482666,2940.0,-0.0,2.0,20.00800132751465,0.0,0.052076540887355804,0.19034872949123383,9.081669807434082,-0.0005992166697978973,0.0018695686012506485,7.723411545157433e-05,26.001522064208984,34.960960388183594,-92.88893127441406
1.5185391902923584,0,4.761246204376221,-3.220645809551113e-20,-0.0,3.220645809551113e-19,2.01200008392334,2960.0,-0.0,2.0,20.00800132751465,0.0,0.044893570244312286,0.20830616354942322,9.123570442199707,-0.0015313364565372467,0.0002716481685638428,-0.0001890859566628933,26.355283737182617,34.60602951049805,-93.22981262207031
1.5376231670379639,0,4.761246204376221,-2.6456778972030452e-20,-0.0,2.645677994138273e-19,2.0160000324249268,2944.0,-0.0,2.0,20.00400161743164,0.0,0.0305276270955801,0.20471467077732086,9.081070899963379,-0.0004660561680793762,-0.00026099197566509247,7.723411545157433e-05,26.355283737182617,34.60602951049805,-92.54805755615234
1.5578436851501465,0,4.761246204376221,-2.1599176980684135e-20,-0.0,2.1599177303801562e-19,2.01200008392334,2948.0,-0.0,2.0,20.00800132751465,0.0,0.04549214988946915,0.19693312048912048,9.11159896850586,-0.0009986963123083115,0.0005379673093557358,-0.0003222459927201271,27.23969078063965,35.49336242675781,-91.69586181640625
1.5781471729278564,0,4.761246204376221,-1.7812465305451417e-20,-0.0,1.781246595168627e-19,2.01200008392334,2948.0,-0.0,2.0,20.00400161743164,0.0,0.0670410618185997,0.18855299055576324,9.106810569763184,-0.0008655376732349396,-0.0015925932675600052,-0.0008548866026103497,25.64776039123535,36.025760650634766,-93.57068634033203
1.5984151363372803,0,4.761246204376221,-1.461437664658114e-20,-0.0,1.4614376323463713e-19,2.0160000324249268,2948.0,-0.0,2.0,20.00800132751465,0.0,0.06584390252828598,0.20232035219669342,9.100824356079102,-0.00193081796169281,0.001070607453584671,0.0016751554794609547,25.64776039123535,34.251094818115234,-93.57068634033203
1.6185178756713867,0,4.761246204376221,-1.1977637469872496e-20,-0.0,1.1977637308313782e-19,2.008000135421753,2952.0,-0.0,2.0,20.012001037597656,0.0,0.07182971388101578,0.2071090042591095,9.106810569763184,0.0012650247663259506,0.0002716481685638428,0.00034355418756604195,25.824642181396484,35.49336242675781,-92.71849060058594
1.6387829780578613,0,4.761246204376221,-9.843114055050747e-21,-0.0,9.843113893492033e-20,2.004000186920166,2948.0,-0.0,2.0,20.00800132751465,0.0,0.05686518922448158,0.22566500306129456,9.081070899963379,-0.0009986963123083115,-0.0006604734808206558,-0.001254366710782051,25.47087860107422,34.78349304199219,-92.0367431640625
1.659095287322998,0,4.761246204376221,-8.072391782213208e-21,-0.0,8.072391620654495e-20,2.008000135421753,2944.0,-0.0,2.0,20.012001037597656,0.0,0.05925951153039932,0.22087636590003967,9.0786771774292,-0.0008655376732349396,-0.0009267926216125488,0.00220779562368989,25.29399871826172,34.251094818115234,-92.2071762084961
1.6798582077026367,0,4.761246204376221,-6.6266436496678226e-21,-0.0,6.626643407329752e-20,2.01200008392334,2944.0,-0.0,2.0,20.012001037597656,0.0,0.06883680820465088,0.18795441091060638,9.076282501220703,0.0007323846220970154,0.000804288312792778,7.723411545157433e-05,25.824642181396484,35.138427734375,-93.74112701416016
1.699699878692627,0,4.761246204376221,-5.43838375555441e-21,-0.0,5.438383593995696e-20,2.008000135421753,2944.0,-0.0,2.0,20.012001037597656,0.0,0.06225241720676422,0.1891515702009201,9.07328987121582,0.0008655432611703873,0.0004048086702823639,0.001408835407346487,25.64776039123535,34.60602951049805,-92.2071762084961
1.7205290794372559,0,4.761246204376221,-4.450520885632256e-21,-0.0,4.4505208856322557e-20,2.008000135421753,2988.0,-0.0,2.0,20.016000747680664,0.0,0.04369640722870827,0.19394022226333618,9.085261344909668,-6.65765255689621e-05,0.0002716481685638428,-0.0005885660648345947,25.29399871826172,33.89616012573242,-92.88893127441406
1.7400286197662354,0,4.761246204376221,-3.661342517539434e-21,-0.0,3.661342436760077e-20,2.008000135421753,2944.0,-0.0,2.0,20.00400161743164,0.0,0.051477961242198944,0.20351751148700714,9.113993644714355,0.0005992241203784943,5.327165126800537e-06,-0.0004554060287773609,26.178403854370117,34.78349304199219,-93.74112701416016
1.760328769683838,0,4.761246204376221,-3.003744633824539e-21,-0.0,3.003744512655504e-20,2.008000135421753,2948.0,-0.0,2.0,20.00400161743164,0.0,0.0550694465637207,0.19034872949123383,9.067303657531738,0.0012650247663259506,0.0016032494604587555,0.0023409551940858364,25.29399871826172,34.251094818115234,-92.88893127441406
1.780590534210205,0,4.761246204376221,-2.465497037935612e-21,-0.0,2.4654971187149685e-20,2.008000135421753,2944.0,-0.0,2.0,20.00800132751465,0.0,0.05686518922448158,0.20890474319458008,9.103219032287598,-0.0005992166697978973,-0.00026099197566509247,-0.0004554060287773609,26.355283737182617,34.60602951049805,-94.59331512451172
1.8008663654327393,0,4.761246204376221,-2.023471388360629e-21,-0.0,2.0234713479709506e-20,2.008000135421753,2944.0,-0.0,2.0,20.016000747680664,0.0,0.07661835849285126,0.18556009232997894,9.070895195007324,0.00046606361865997314,0.000804288312792778,0.00021039415150880814,25.29399871826172,33.54122543334961,-92.88893127441406
1.820957899093628,0,4.761246204376221,-1.657694888182647e-21,-0.0,1.6576948275981294e-20,2.004000186920166,2964.0,-0.0,2.0,20.00400161743164,0.0,0.0610552541911602,0.20770758390426636,9.122971534729004,0.0005992241203784943,0.0004048086702823639,0.00021039415150880814,23.52518653869629,35.315895080566406,-93.91156005859375
1.8413217067718506,0,4.761246204376221,-1.362434424508656e-21,-0.0,1.3624344850931735e-20,2.008000135421753,2944.0,-0.0,2.0,20.00800132751465,0.0,0.0700339674949646,0.18376433849334717,9.089451789855957,0.0005992241203784943,0.0022690482437610626,-0.0009880466386675835,26.001522064208984,35.67082977294922,-92.88893127441406
1.8615550994873047,0,4.761246204376221,-1.1108537823801531e-21,-0.0,1.1108538025749923e-20,2.01200008392334,3012.0,-0.0,2.0,20.084001541137695,0.0,0.07123112678527832,0.20591184496879578,9.079275131225586,-6.65765255689621e-05,5.327165126800537e-06,-0.0007217261008918285,25.64776039123535,34.60602951049805,-93.57068634033203
1.8817923069000244,0,4.761246204376221,-9.1656266781305e-22,-0.0,9.165626476182108e-21,2.008000135421753,2952.0,-0.0,2.0,20.012001037597656,0.0,0.047886475920677185,0.19274306297302246,9.09364128112793,-0.0009986963123083115,-0.00012783147394657135,-0.0004554060287773609,24.58647346496582,34.60602951049805,-92.88893127441406
1.9021267890930176,0,4.761246204376221,-7.520306682522491e-22,-0.0,7.520306884470882e-21,2.0240001678466797,2944.0,-0.0,2.0,20.012001037597656,0.0,0.054470863193273544,0.19334164261817932,9.090049743652344,-0.0004660561680793762,0.0009374488145112991,0.00021039415150880814,25.47087860107422,34.78349304199219,-93.74112701416016
1.9224052429199219,0,4.762393951416016,0.010879327543079853,4.800000190734863,4.800000190734863,2.01200008392334,2952.0,-0.0,1.0,20.00800132751465,0.0011475840583443642,0.05866093188524246,0.20950332283973694,9.081669807434082,-0.0011318568140268326,0.0004048086702823639,0.001275674905627966,24.58647346496582,34.251094818115234,-93.22981262207031
1.942690372467041,0,4.769130706787109,0.07014402002096176,4.800000190734863,4.800000190734863,2.004000186920166,2956.0,-0.0,1.0,20.00400161743164,0.006736896000802517,0.09876585006713867,0.22267210483551025,9.228920936584473,-0.0031292587518692017,-0.001459432765841484,-0.0008548866026103497,24.763355255126953,34.42856216430664,-92.71849060058594
1.9628043174743652,0,4.777491092681885,0.13136133551597595,4.800000190734863,4.800000190734863,2.0160000324249268,3104.0,-0.0,1.0,20.02400016784668,0.008360575884580612,-0.0610552541911602,1.2001547813415527,8.641114234924316,0.022304316982626915,-0.015174919739365578,-0.0025859675370156765,24.58647346496582,35.67082977294922,-92.54805755615234
1.9830594062805176,0,4.780185699462891,0.13184627890586853,4.800000190734863,4.800000190734863,2.01200008392334,2948.0,-0.0,1.0,20.00800132751465,0.0026942079421132803,0.39386624097824097,2.584073781967163,8.239466667175293,0.09034911543130875,0.01545189693570137,0.020051246508955956,24.055830001831055,34.07362747192383,-92.0367431640625
2.0033531188964844,0,4.779965400695801,0.1062837615609169,4.800000190734863,4.800000190734863,2.004000186920166,2952.0,-0.0,1.0,20.00400161743164,-0.00022016000002622604,0.5967851877212524,1.6628577709197998,9.799367904663086,0.014714190736413002,0.0017364080995321274,0.022847607731819153,25.29399871826172,34.251094818115234,-93.57068634033203
2.0236032009124756,0,4.780001163482666,0.087445467710495,4.800000190734863,4.800000190734863,2.004000186920166,2964.0,-0.0,1.0,20.012001037597656,3.577600000426173e-05,0.0550694465637207,0.7667821645736694,10.519461631774902,-0.0048603396862745285,-0.0015925932675600052,-0.009510291740298271,24.055830001831055,34.42856216430664,-93.05937194824219
2.0439157485961914,0,4.78094482421875,0.08055580407381058,4.800000190734863,4.800000190734863,2.0160000324249268,2944.0,-0.0,1.0,20.012001037597656,0.0009439360001124442,-0.17179273068904877,0.6297071576118469,8.422033309936523,-0.015113665722310543,-0.008383756503462791,-0.026155302301049232,25.29399871826172,34.251094818115234,-91.1845474243164
2.0639984607696533,0,4.78488302230835,0.10128657519817352,4.800000190734863,4.800000190734863,2.01200008392334,3060.0,-0.0,1.0,20.00800132751465,0.0039381119422614574,0.02753472328186035,0.5429129004478455,9.09244441986084,-0.040414080023765564,-0.02569456584751606,-0.008578171022236347,27.062808990478516,34.251094818115234,-92.2071762084961
2.0843050479888916,0,4.7889838218688965,0.12024970352649689,4.800000190734863,4.800000190734863,2.004000186920166,2948.0,-0.0,1.0,20.012001037597656,0.004100480116903782,0.2831287682056427,0.880512535572052,8.794949531555176,0.029894443228840828,-0.013310680165886879,0.0016751554794609547,24.763355255126953,33.36376190185547,-92.0367431640625
2.1046042442321777,0,4.792052268981934,0.12587760388851166,4.800000190734863,4.800000190734863,2.008000135421753,2948.0,-0.0,1.0,20.012001037597656,0.0030684799421578646,0.10774456709623337,1.3881092071533203,8.80512523651123,0.050267934799194336,0.012655535712838173,-0.0037844080943614244,25.47087860107422,35.848297119140625,-91.35498809814453
2.1247060298919678,0,4.7947187423706055,0.12718796730041504,4.800000190734863,4.800000190734863,2.0160000324249268,2964.0,-0.0,1.0,20.00800132751465,0.002666688058525324,0.07123112678527832,0.9224132299423218,9.194801330566406,0.001930825412273407,0.00613069161772728,-0.0036512480583041906,25.117116928100586,34.07362747192383,-91.69586181640625
2.144977569580078,0,4.798087120056152,0.13494576513767242,4.800000190734863,4.800000190734863,2.0160000324249268,2952.0,-0.0,1.0,20.00800132751465,0.0033684480004012585,-0.03471769392490387,0.6231227517127991,9.738312721252441,-0.018176347017288208,0.007994932122528553,-0.010309251956641674,23.34830665588379,34.78349304199219,-92.0367431640625
2.1654212474823,0,4.802424430847168,0.14938035607337952,4.800000190734863,4.800000190734863,2.0160000324249268,2992.0,-0.0,1.0,20.012001037597656,0.004337152000516653,-0.022147493436932564,0.8475905656814575,8.860793113708496,0.011651510372757912,-0.008117437362670898,-0.012706133536994457,24.232711791992188,34.960960388183594,-91.86630249023438
2.1855971813201904,0,4.806923866271973,0.1633623242378235,4.800000190734863,4.800000190734863,2.0160000324249268,2944.0,-0.0,1.0,20.00800132751465,0.0044995201751589775,0.03531627357006073,1.0708612203598022,8.381928443908691,0.03535400331020355,-0.022232403978705406,-0.004849689081311226,25.64776039123535,33.54122543334961,-92.88893127441406
2.2056972980499268,0,4.811497688293457,0.17444252967834473,4.800000190734863,4.800000190734863,2.004000186920166,2948.0,-0.0,1.0,20.00400161743164,0.004573823884129524,0.15084239840507507,0.9068500995635986,9.148112297058105,0.007789866998791695,-0.013177519664168358,-0.00604812940582633,23.878948211669922,34.60602951049805,-92.2071762084961
2.2259552478790283,0,4.8160905838012695,0.18501996994018555,4.800000190734863,4.800000190734863,2.004000186920166,2948.0,-0.0,1.0,20.00800132751465,0.004593087825924158,0.03172478824853897,1.0708612203598022,9.485712051391602,0.0021971445530653,0.013188175857067108,-0.012306652963161469,25.29399871826172,35.315895080566406,-92.54805755615234
2.2462821006774902,0,4.8211822509765625,0.19755342602729797,4.800000190734863,4.800000190734863,2.004000186920166,2944.0,-0.0,1.0,20.02800178527832,0.005091200117021799,0.07063254714012146,1.0349464416503906,8.97811508178711,-0.007656700909137726,0.006663331761956215,-0.006980250123888254,24.409591674804688,34.07362747192383,-93.05937194824219
2.2665293216705322,0,4.8265814781188965,0.2102491408586502,4.800000190734863,4.800000190734863,2.008000135421753,2964.0,-0.0,1.0,20.012001037597656,0.0053994241170585155,-0.028133302927017212,0.8984699845314026,9.625181198120117,0.008189348503947258,0.010524974204599857,-0.00684709008783102,25.824642181396484,33.718692779541016,-92.37761688232422
2.2867987155914307,0,4.832272529602051,0.22387321293354034,4.800000190734863,4.800000190734863,2.0160000324249268,2948.0,-0.0,1.0,20.016000747680664,0.005691136233508587,0.10295592248439789,0.914033055305481,8.756640434265137,0.031625524163246155,-0.007851116359233856,-0.007779210340231657,24.409591674804688,36.20322799682617,-91.35498809814453
2.3069379329681396,0,4.838288307189941,0.23760423064231873,4.800000190734863,4.800000190734863,2.0160000324249268,2948.0,-0.0,1.0,20.00800132751465,0.0060158721171319485,0.26576992869377136,0.8835054636001587,8.86019515991211,0.009254628792405128,0.019047219306230545,-0.012173492461442947,25.47087860107422,34.42856216430664,-92.0367431640625
2.327208995819092,0,4.8446125984191895,0.251738041639328,4.800000190734863,4.800000190734863,2.01200008392334,2956.0,-0.0,1.0,20.00800132751465,0.006324096117168665,0.13468070328235626,0.8673437833786011,9.127161979675293,0.002330305054783821,0.012122895568609238,-0.00937713123857975,24.940235137939453,35.315895080566406,-91.52542877197266
2.347491502761841,0,4.85114049911499,0.26512306928634644,4.800000190734863,4.800000190734863,2.0400002002716064,2952.0,-0.0,1.0,20.02800178527832,0.006527744233608246,-0.10056159645318985,1.1714228391647339,8.853012084960938,0.02190483547747135,0.01025865413248539,-0.011907173320651054,27.41657066345215,35.315895080566406,-91.86630249023438
2.3677899837493896,0,4.858042240142822,0.27924516797065735,4.800000190734863,4.800000190734863,2.004000186920166,2956.0,-0.0,1.0,20.012001037597656,0.006902015767991543,0.22267210483551025,0.708719789981842,8.769210815429688,0.00046606361865997314,0.0033343303948640823,-0.008045530878007412,27.062808990478516,35.315895080566406,-91.1845474243164
2.3878867626190186,0,4.865359783172607,0.29512616991996765,4.800000190734863,4.800000190734863,2.004000186920166,2952.0,-0.0,1.0,20.00800132751465,0.007317568175494671,0.1251034140586853,0.5046037435531616,9.050543785095215,0.010985711589455605,0.027436304837465286,-0.015103014186024666,26.355283737182617,34.60602951049805,-93.22981262207031
2.4081900119781494,0,4.8730597496032715,0.31130996346473694,4.800000190734863,4.800000190734863,2.004000186920166,2944.0,-0.0,1.0,20.00400161743164,0.007700095884501934,-0.2729529142379761,1.1367051601409912,9.254060745239258,0.02496751956641674,-0.012911198660731316,-0.021228378638625145,26.709047317504883,36.38069534301758,-92.54805755615234
2.4284727573394775,0,4.8810296058654785,0.32700103521347046,4.800000190734863,4.800000190734863,2.004000186920166,2944.0,-0.0,1.0,20.00400161743164,0.007969792000949383,0.2789387106895447,0.5907993912696838,7.9623236656188965,0.016312113031744957,-0.015707561746239662,-0.0057818093337118626,26.709047317504883,34.251094818115234,-91.86630249023438
2.4487485885620117,0,4.889310359954834,0.34255102276802063,4.800000190734863,4.800000190734863,2.008000135421753,2952.0,-0.0,1.0,20.012001037597656,0.008280768059194088,0.0730268731713295,0.8296331763267517,9.140929222106934,0.008189348503947258,0.03196374699473381,-0.012706133536994457,25.64776039123535,33.89616012573242,-91.86630249023438
2.4688971042633057,0,4.897806167602539,0.35686561465263367,4.800000190734863,4.800000190734863,2.004000186920166,2964.0,-0.0,1.0,20.00400161743164,0.008495423942804337,-0.13946935534477234,1.0241719484329224,9.143921852111816,0.011118872091174126,-0.00825059786438942,-0.01763305626809597,26.53216552734375,36.558162689208984,-91.35498809814453
2.48915958404541,0,4.906394958496094,0.3703693747520447,4.800000190734863,4.800000190734863,2.004000186920166,2948.0,-0.0,1.0,20.00800132751465,0.008588992059230804,0.2412281185388565,0.8428019285202026,8.60340404510498,-0.00499350018799305,-0.007717957720160484,-0.012839293107390404,26.53216552734375,34.42856216430664,-92.37761688232422
2.5094916820526123,0,4.915182113647461,0.3827206492424011,4.800000190734863,4.800000190734863,2.004000186920166,2944.0,-0.0,1.0,20.012001037597656,0.00878713559359312,-0.03112620860338211,0.592595100402832,8.959559440612793,-0.030027594417333603,0.01332133635878563,-0.01137453317642212,26.178403854370117,35.49336242675781,-92.71849060058594
2.5297622680664062,0,4.9240241050720215,0.39336299896240234,4.800000190734863,4.800000190734863,2.004000186920166,2948.0,-0.0,1.0,20.016000747680664,0.00884217582643032,-0.07721693813800812,0.8733295798301697,9.554548263549805,0.004061385989189148,-0.0025247130542993546,-0.0041838884353637695,26.001522064208984,35.315895080566406,-91.86630249023438
2.5498664379119873,0,4.93316650390625,0.4047876298427582,4.800000190734863,4.800000190734863,2.01200008392334,2940.0,-0.0,1.0,20.00400161743164,0.009142143651843071,0.08380132913589478,0.794915497303009,8.778189659118652,0.023369597271084785,0.03089846670627594,-0.004317048471421003,27.770334243774414,35.67082977294922,-91.1845474243164
2.5701303482055664,0,4.942542552947998,0.41552042961120605,4.800000190734863,4.800000190734863,2.004000186920166,2960.0,-0.0,1.0,20.00800132751465,0.00937606394290924,-0.01436594221740961,0.9212160706520081,9.877782821655273,-0.00605878047645092,0.006530171260237694,-0.0019201668910682201,27.41657066345215,36.025760650634766,-91.86630249023438
2.5903842449188232,0,4.9517669677734375,0.42445796728134155,4.800000190734863,4.800000190734863,2.004000186920166,2948.0,-0.0,1.0,20.012001037597656,0.009224703535437584,0.24481959640979767,0.6309043169021606,8.800935745239258,-0.007390379905700684,0.007728612050414085,-0.005515489261597395,26.885927200317383,35.848297119140625,-89.65060424804688
2.6106929779052734,0,4.961115837097168,0.4321039021015167,4.800000190734863,4.800000190734863,2.004000186920166,2956.0,-0.0,1.0,20.00400161743164,0.009348544292151928,-0.234045147895813,0.8272388577461243,8.945792198181152,-0.026432272046804428,0.020112499594688416,-0.024157900363206863,27.41657066345215,36.025760650634766,-91.1845474243164
2.63079571723938,0,4.970604419708252,0.43959227204322815,4.800000190734863,4.800000190734863,2.004000186920166,2956.0,-0.0,1.0,20.00800132751465,0.009488895535469055,0.013168780133128166,0.35854998230934143,8.822484016418457,0.004993505775928497,-0.011712757870554924,-0.019497297704219818,26.53216552734375,36.20322799682617,-90.67323303222656
2.651078701019287,0,4.980407238006592,0.44870612025260925,4.800000190734863,4.800000190734863,2.004000186920166,2940.0,-0.0,1.0,20.02400016784668,0.009802623651921749,-0.022746074944734573,0.5782291889190674,8.898504257202148,0.03948196768760681,0.01638401672244072,-0.029617464169859886,26.178403854370117,35.138427734375,-92.71849060058594
2.671353816986084,0,4.990427494049072,0.4575706422328949,4.800000190734863,4.800000190734863,2.004000186920166,2960.0,-0.0,1.0,20.016000747680664,0.010020031593739986,0.026337560266256332,0.6297071576118469,8.952975273132324,0.04028092324733734,0.004000130109488964,-0.013904574327170849,27.59345245361328,35.848297119140625,-91.35498809814453
2.6916306018829346,0,5.000469207763672,0.4659484624862671,4.800000190734863,4.800000190734863,2.004000186920166,2948.0,-0.0,1.0,20.00400161743164,0.010042048059403896,-0.006584390066564083,0.5333356261253357,9.565921783447266,0.0318918451666832,0.00013848766684532166,-0.01763305626809597,28.831619262695312,35.67082977294922,-90.84367370605469
2.7119455337524414,0,5.010965347290039,0.47494742274284363,4.800000190734863,4.800000190734863,2.004000186920166,3048.0,-0.0,1.0,20.00400161743164,0.010496128350496292,-0.09876585006713867,0.5662575364112854,9.171457290649414,0.04028092324733734,-0.046068064868450165,-0.01763305626809597,26.53216552734375,35.49336242675781,-91.01410675048828
2.7320213317871094,0,5.021365165710449,0.4846283793449402,4.800000190734863,4.800000190734863,2.004000186920166,2948.0,-0.0,1.0,20.00800132751465,0.010399808175861835,0.10714598745107651,0.48485055565834045,7.606167793273926,0.019241636618971825,-0.03741265833377838,-0.02176101878285408,27.770334243774414,36.025760650634766,-91.1845474243164
2.7523176670074463,0,5.032257556915283,0.4953705668449402,4.800000190734863,4.800000190734863,2.008000135421753,2952.0,-0.0,1.0,20.02400016784668,0.010892416350543499,0.18975014984607697,0.46689313650131226,8.997868537902832,0.015246832743287086,-0.05072866380214691,-0.014037733897566795,26.885927200317383,36.9130973815918,-91.35498809814453
2.772573232650757,0,5.043516159057617,0.5067249536514282,4.800000190734863,4.800000190734863,2.004000186920166,2964.0,-0.0,1.0,20.00400161743164,0.01125843171030283,0.39566197991371155,0.4453442096710205,8.746464729309082,0.026565438136458397,-0.018104443326592445,-0.03201434388756752,26.885927200317383,35.848297119140625,-92.0367431640625
2.79284930229187,0,5.054834842681885,0.5181320309638977,4.800000190734863,4.800000190734863,2.004000186920166,2952.0,-0.0,1.0,20.012001037597656,0.011318976059556007,0.5339341759681702,0.21489055454730988,8.517208099365234,0.03641928732395172,-0.018770242109894753,-0.028685344383120537,29.53914451599121,37.44549560546875,-92.2071762084961
2.8138651847839355,0,5.066866874694824,0.5298706889152527,4.800000190734863,4.800000190734863,2.008000135421753,3104.0,-0.0,1.0,20.036001205444336,0.012031744234263897,0.3711201846599579,0.43756264448165894,8.158658027648926,0.04147936403751373,-0.002924194559454918,-0.040669750422239304,28.124095916748047,37.0905647277832,-90.84367370605469
2.8334109783172607,0,5.078251838684082,0.5399107933044434,4.800000190734863,4.800000190734863,2.008000135421753,2948.0,-0.0,1.0,20.00800132751465,0.011385023593902588,0.2430238574743271,0.2370380461215973,8.554320335388184,0.050001613795757294,-0.04140745848417282,-0.03694126754999161,27.23969078063965,36.558162689208984,-91.01410675048828
2.8538482189178467,0,5.090129375457764,0.5494769215583801,4.800000190734863,4.800000190734863,2.01200008392334,2956.0,-0.0,1.0,20.00800132751465,0.011877631768584251,0.023344656452536583,0.5153781771659851,7.810882568359375,0.05359693616628647,-0.04327169805765152,-0.03800654783844948,28.47785758972168,37.44549560546875,-91.86630249023438
2.8738887310028076,0,5.102254867553711,0.558932900428772,4.800000190734863,4.800000190734863,2.004000186920166,2968.0,-0.0,1.0,20.00800132751465,0.012125312350690365,0.17777854204177856,0.44654136896133423,8.317880630493164,0.022570637986063957,-0.04873126000165939,-0.03228066489100456,27.770334243774414,37.0905647277832,-90.16191864013672
2.8942952156066895,0,5.1142425537109375,0.5670252442359924,4.800000190734863,4.800000190734863,2.008000135421753,2952.0,-0.0,1.0,20.012001037597656,0.011987712234258652,-0.0035914855543524027,0.8074856400489807,7.919824123382568,0.02070639468729496,-0.040608495473861694,-0.04053658992052078,27.770334243774414,36.38069534301758,-90.50279235839844
2.914360523223877,0,5.126582622528076,0.5734321475028992,4.800000190734863,4.800000190734863,2.004000186920166,3056.0,-0.0,1.0,20.00400161743164,0.012339968234300613,0.3364024758338928,0.702135443687439,8.941601753234863,0.0406804084777832,-0.026360368356108665,-0.03680810704827309,27.062808990478516,36.38069534301758,-91.86630249023438
2.934638023376465,0,5.138275623321533,0.5779138803482056,4.800000190734863,4.800000190734863,2.004000186920166,2952.0,-0.0,1.0,20.012001037597656,0.011693247593939304,0.13288496434688568,0.9254060983657837,10.071722984313965,0.017244232818484306,-0.008383756503462791,-0.053985755890607834,26.885927200317383,37.622962951660156,-89.9914779663086
2.9547665119171143,0,5.150252342224121,0.5814239382743835,4.800000190734863,4.800000190734863,2.0199999809265137,2944.0,-0.0,1.0,20.00800132751465,0.011976704001426697,0.006584390066564083,0.5087937712669373,10.581114768981934,0.030560242012143135,-0.008516917005181313,-0.05584999918937683,26.355283737182617,35.67082977294922,-91.52542877197266
2.9750640392303467,0,5.162490367889404,0.5859887003898621,4.800000190734863,4.800000190734863,2.01200008392334,2968.0,-0.0,1.0,20.00800132751465,0.01223814394325018,0.03411911427974701,0.5584760308265686,9.152302742004395,0.05639329552650452,-0.019968682900071144,-0.054118916392326355,27.41657066345215,35.67082977294922,-90.16191864013672
2.995335578918457,0,5.1747260093688965,0.5915502905845642,4.800000190734863,4.800000190734863,2.0360000133514404,2948.0,-0.0,1.0,20.00400161743164,0.01223539188504219,0.2472139149904251,0.5028079748153687,9.595850944519043,0.04041408747434616,0.01025865413248539,-0.04333294928073883,26.885927200317383,36.20322799682617,-91.35498809814453
3.015605926513672,0,5.187283515930176,0.5969135165214539,4.800000190734863,4.800000190734863,2.004000186920166,2980.0,-0.0,1.0,20.00800132751465,0.01255737617611885,0.38189461827278137,0.5093923807144165,9.618597030639648,0.04653944820165634,0.004532770253717899,-0.03174802288413048,28.654739379882812,34.78349304199219,-91.35498809814453
3.0357091426849365,0,5.1997551918029785,0.6029454469680786,4.800000190734863,4.800000190734863,2.008000135421753,2956.0,-0.0,1.0,20.012001037597656,0.012472064234316349,0.5022094249725342,0.47886472940444946,8.273585319519043,0.04667261242866516,-0.003323674201965332,-0.02588898129761219,26.53216552734375,37.268028259277344,-90.33235931396484
3.0559988021850586,0,5.2126264572143555,0.6099206805229187,4.800000190734863,4.800000190734863,2.01200008392334,2948.0,-0.0,1.0,20.00400161743164,0.012871104292571545,0.46689313650131226,0.45971015095710754,8.118553161621094,0.025233840569853783,0.013853976503014565,-0.03134854510426521,26.885927200317383,37.622962951660156,-90.67323303222656
3.076329231262207,0,5.22566556930542,0.6177576780319214,4.800000190734863,4.800000190734863,2.008000135421753,2948.0,-0.0,1.0,20.00800132751465,0.01303897611796856,0.1670040786266327,0.5967851877212524,8.348407745361328,0.022304316982626915,-0.017172323539853096,-0.03201434388756752,28.300975799560547,37.97789764404297,-90.33235931396484
3.0965728759765625,0,5.239076137542725,0.6270921230316162,4.800000190734863,4.800000190734863,2.01200008392334,2952.0,-0.0,1.0,20.00400161743164,0.013410495594143867,-0.053872283548116684,0.7649863958358765,8.73808479309082,0.05492853373289108,-0.02476244606077671,-0.03281330317258835,28.124095916748047,36.73563003540039,-90.50279235839844
3.116652488708496,0,5.25285530090332,0.6372403502464294,4.800000190734863,4.800000190734863,2.004000186920166,2964.0,-0.0,1.0,20.00400161743164,0.013779263943433762,0.09996301680803299,1.0481152534484863,9.181034088134766,0.018975315615534782,0.0022690482437610626,-0.03321278467774391,28.47785758972168,37.80043029785156,-90.16191864013672
3.1369309425354004,0,5.2663044929504395,0.6445501446723938,4.800000190734863,4.800000190734863,2.004000186920166,2944.0,-0.0,1.0,20.012001037597656,0.01344902440905571,0.21788345277309418,0.5752362608909607,10.22914981842041,-0.02163850888609886,0.029300544410943985,-0.030815904960036278,28.831619262695312,36.73563003540039,-90.50279235839844
3.157231569290161,0,5.279489040374756,0.6471238732337952,4.800000190734863,4.800000190734863,2.004000186920166,2948.0,-0.0,1.0,20.00400161743164,0.013184832409024239,0.37770456075668335,0.34358546137809753,9.455183982849121,0.006724586710333824,0.015318736433982849,-0.025489501655101776,29.185382843017578,36.38069534301758,-90.50279235839844
3.1775081157684326,0,5.292618751525879,0.6487721800804138,4.800000190734863,4.800000190734863,2.008000135421753,2944.0,-0.0,1.0,20.00400161743164,0.013129792176187038,0.28971317410469055,0.47766757011413574,8.330451011657715,0.007257228717207909,0.004532770253717899,-0.016967255622148514,28.124095916748047,37.0905647277832,-90.84367370605469
3.197798013687134,0,5.305809020996094,0.6506099700927734,4.800000190734863,4.800000190734863,2.01200008392334,2948.0,-0.0,1.0,20.012001037597656,0.013190335594117641,-0.2460167557001114,0.9924471974372864,9.712574005126953,-0.00193081796169281,0.029566865414381027,-0.021361539140343666,28.124095916748047,36.73563003540039,-90.84367370605469
3.2179064750671387,0,5.319269180297852,0.6535153985023499,4.800000190734863,4.800000190734863,2.004000186920166,2968.0,-0.0,1.0,20.00400161743164,0.01346003171056509,0.06763964146375656,0.7093183994293213,9.024805068969727,0.024301717057824135,0.0020027291029691696,-0.0246905405074358,29.716026306152344,36.558162689208984,-91.01410675048828
3.238199234008789,0,5.332630157470703,0.6572209000587463,4.800000190734863,4.800000190734863,2.004000186920166,2952.0,-0.0,1.0,20.00800132751465,0.01336096040904522,0.281931608915329,0.5704476237297058,9.442614555358887,0.028696002438664436,0.021177779883146286,-0.03134854510426521,28.47785758972168,38.865230560302734,-88.79840850830078
3.258516788482666,0,5.3460845947265625,0.659675121307373,4.800000190734863,4.800000190734863,2.004000186920166,2956.0,-0.0,1.0,20.00800132751465,0.013454527594149113,0.34059253334999084,0.46090731024742126,10.086687088012695,0.009254628792405128,0.04101863503456116,-0.03387858718633652,28.300975799560547,37.97789764404297,-89.65060424804688
3.278794527053833,0,5.3595170974731445,0.661949872970581,4.800000190734863,4.800000190734863,2.004000186920166,2944.0,-0.0,1.0,20.00800132751465,0.013432512059807777,-0.21548913419246674,0.47287893295288086,8.683613777160645,0.02177167497575283,-0.04167377948760986,-0.023625260218977928,28.300975799560547,36.558162689208984,-90.67323303222656
3.2988803386688232,0,5.373277187347412,0.6665909886360168,4.800000190734863,4.800000190734863,2.0160000324249268,2948.0,-0.0,1.0,20.012001037597656,0.013760000467300415,-0.2891145944595337,0.690163791179657,8.67463493347168,0.04321044683456421,-0.06071566790342331,-0.020163098350167274,28.47785758972168,37.44549560546875,-90.50279235839844
3.3191277980804443,0,5.387609481811523,0.6746376752853394,4.800000190734863,4.800000190734863,2.004000186920166,2972.0,-0.0,1.0,20.00800132751465,0.014332415536046028,0.04309782758355141,0.7045297622680664,8.557312965393066,-0.00965410191565752,-0.04247273504734039,-0.015768814831972122,28.831619262695312,37.44549560546875,-90.84367370605469
3.3394041061401367,0,5.401922702789307,0.6829381585121155,4.800000190734863,4.800000190734863,2.008000135421753,2944.0,-0.0,1.0,20.016000747680664,0.014313152059912682,0.5058009028434753,0.2011231929063797,9.973555564880371,-0.03801719844341278,-0.01437596045434475,-0.012306652963161469,28.654739379882812,38.33283233642578,-89.65060424804688
3.3597161769866943,0,5.416629314422607,0.6895853281021118,4.800000190734863,4.800000190734863,2.008000135421753,2948.0,-0.0,1.0,20.00400161743164,0.0147066880017519,0.1520395576953888,0.4064364433288574,9.146316528320312,0.01564631424844265,0.015318736433982849,-0.015369335189461708,29.185382843017578,37.0905647277832,-90.50279235839844
3.379805564880371,0,5.430920600891113,0.6966809034347534,4.800000190734863,4.800000190734863,2.004000186920166,2952.0,-0.0,1.0,20.00800132751465,0.014291135594248772,0.04249924421310425,0.6111510992050171,7.672011852264404,-0.0007323771715164185,-0.01637336052954197,-0.019896777346730232,29.008501052856445,38.33283233642578,-89.9914779663086
3.400090456008911,0,5.445641040802002,0.7038567662239075,4.800000190734863,4.800000190734863,2.004000186920166,2948.0,-0.0,1.0,20.02800178527832,0.014720448292791843,0.050879377871751785,0.5722433924674988,10.459004402160645,-0.0051266588270664215,-0.005986874923110008,-0.029484303668141365,28.47785758972168,37.0905647277832,-92.2071762084961
3.420358180999756,0,5.4603447914123535,0.7083231210708618,4.800000190734863,4.800000190734863,2.004000186920166,2952.0,-0.0,1.0,20.012001037597656,0.014703935943543911,0.20471467077732086,0.614742636680603,9.94602108001709,0.007257228717207909,-0.019436044618487358,-0.03201434388756752,28.654739379882812,37.622962951660156,-90.67323303222656
3.4406440258026123,0,5.4746222496032715,0.7100560069084167,4.800000190734863,4.800000190734863,2.004000186920166,2944.0,-0.0,1.0,20.00800132751465,0.014277376234531403,0.3112620711326599,0.3423883020877838,7.464902877807617,0.0052598267793655396,-0.04007585346698761,-0.014703534543514252,29.362262725830078,38.33283233642578,-91.69586181640625
3.460911989212036,0,5.488773345947266,0.708884596824646,4.800000190734863,4.800000190734863,2.004000186920166,2972.0,-0.0,1.0,20.00800132751465,0.014150784350931644,0.19274306297302246,0.8122743368148804,9.876585006713867,0.004727186635136604,0.0024022087454795837,-0.017100416123867035,29.716026306152344,37.97789764404297,-90.33235931396484
3.481205701828003,0,5.502786159515381,0.7079208493232727,4.800000190734863,4.800000190734863,2.004000186920166,2948.0,-0.0,1.0,20.012001037597656,0.014013184234499931,0.204116091132164,0.6542489528656006,10.508687019348145,-0.0013981778174638748,0.03076530620455742,-0.04519719257950783,29.716026306152344,37.622962951660156,-90.33235931396484
3.5015058517456055,0,5.517085552215576,0.7088720202445984,4.800000190734863,4.800000190734863,2.0240001678466797,2956.0,-0.0,1.0,20.020000457763672,0.014299391768872738,0.1759827882051468,-0.03950634226202965,7.7432427406311035,0.012583630159497261,-0.01757180131971836,-0.041868191212415695,30.954193115234375,37.80043029785156,-90.16191864013672
3.521606206893921,0,5.531589031219482,0.7108956575393677,4.800000190734863,4.800000190734863,2.004000186920166,2968.0,-0.0,1.0,20.012001037597656,0.014503040350973606,-0.2639741897583008,0.8422033786773682,8.793752670288086,0.012583630159497261,-0.00518791563808918,-0.043865591287612915,30.42354965209961,36.9130973815918,-89.65060424804688
3.5418734550476074,0,5.545995712280273,0.7135345935821533,4.800000190734863,4.800000190734863,2.008000135421753,2952.0,-0.0,1.0,20.00400161743164,0.01440672017633915,0.019753171131014824,1.145085334777832,9.905916213989258,-0.013915224932134151,0.014786096289753914,-0.04772723466157913,29.362262725830078,37.97789764404297,-89.30972290039062
3.5621907711029053,0,5.56110954284668,0.7181822061538696,4.800000190734863,4.800000190734863,2.004000186920166,3064.0,-0.0,1.0,20.012001037597656,0.015113984234631062,0.37890172004699707,0.09876585006713867,8.658473014831543,-0.010985703207552433,-0.006918996572494507,-0.033479105681180954,29.362262725830078,37.268028259277344,-92.0367431640625
3.582341432571411,0,5.575920581817627,0.7252295017242432,4.800000190734863,4.800000190734863,2.01200008392334,2944.0,-0.0,1.0,20.00400161743164,0.014811264351010323,0.09936443716287613,0.4854491353034973,8.652487754821777,-0.013116263784468174,-0.0071853157132864,-0.03587598726153374,28.124095916748047,38.51029586791992,-90.16191864013672
3.6025962829589844,0,5.5912933349609375,0.7327307462692261,4.800000190734863,4.800000190734863,2.0160000324249268,2948.0,-0.0,1.0,20.00800132751465,0.015372672118246555,-0.11253321170806885,0.8224502205848694,9.445008277893066,-0.021105868741869926,0.007994932122528553,-0.04226766899228096,29.53914451599121,37.0905647277832,-89.821044921875
3.6228690147399902,0,5.606555938720703,0.7373936772346497,4.800000190734863,4.800000190734863,2.004000186920166,2956.0,-0.0,1.0,20.012001037597656,0.015262591652572155,-0.04190066456794739,1.1169520616531372,8.775794982910156,-0.034155555069446564,0.01944669894874096,-0.03840602934360504,30.24666976928711,38.155364990234375,-90.16191864013672
3.64322566986084,0,5.621397495269775,0.7389600872993469,4.800000190734863,4.800000190734863,2.004000186920166,2948.0,-0.0,1.0,20.00800132751465,0.014841536059975624,0.356155663728714,0.09517436474561691,8.444779396057129,-0.06930981576442719,0.029300544410943985,-0.03507702797651291,29.008501052856445,36.558162689208984,-91.35498809814453
3.663273811340332,0,5.6366190910339355,0.7386664748191833,4.800000190734863,4.800000190734863,2.004000186920166,3100.0,-0.0,1.0,20.00800132751465,0.015221311710774899,0.022746074944734573,0.5596731901168823,9.39592456817627,-0.04214516282081604,0.010658133774995804,-0.0309490654617548,30.069787979125977,37.622962951660156,-91.69586181640625
3.683558225631714,0,5.650763988494873,0.7373595833778381,4.800000190734863,4.800000190734863,2.004000186920166,2944.0,-0.0,1.0,20.016000747680664,0.014145280234515667,-0.1891515702009201,1.038537859916687,9.136738777160645,-0.03348975628614426,0.015585057437419891,-0.035609666258096695,30.777311325073242,37.268028259277344,-91.01410675048828
3.703836679458618,0,5.6654953956604,0.7367680072784424,4.800000190734863,4.800000190734863,2.0320000648498535,2944.0,-0.0,1.0,20.00800132751465,0.014731455594301224,0.20052461326122284,-0.13049064576625824,8.338232040405273,-0.005659298971295357,0.008128092624247074,-0.03640862554311752,30.777311325073242,37.622962951660156,-89.9914779663086
3.7241029739379883,0,5.680441856384277,0.7378814816474915,4.800000190734863,4.800000190734863,2.008000135421753,2956.0,-0.0,1.0,20.00400161743164,0.014946112409234047,0.03890775889158249,0.8451962471008301,9.537788391113281,-0.003528738394379616,0.009326533414423466,-0.03933814913034439,32.192359924316406,36.9130973815918,-90.33235931396484
3.744414806365967,0,5.695374011993408,0.7403843998908997,4.800000190734863,4.800000190734863,2.004000186920166,2944.0,-0.0,1.0,20.020000457763672,0.014932352118194103,-0.13468070328235626,0.6985439658164978,8.839244842529297,-0.03988143801689148,0.022908860817551613,-0.04359927028417587,30.600431442260742,37.44549560546875,-90.84367370605469
3.764526128768921,0,5.7107768058776855,0.7426818609237671,4.800000190734863,4.800000190734863,2.008000135421753,3028.0,-0.0,1.0,20.00400161743164,0.015402943827211857,-0.04070350155234337,0.022147493436932564,9.043959617614746,-0.04307728260755539,-0.029156731441617012,-0.04027026891708374,32.015480041503906,37.0905647277832,-89.48016357421875
3.784780502319336,0,5.725602149963379,0.745055079460144,4.800000190734863,4.800000190734863,2.004000186920166,2944.0,-0.0,1.0,20.012001037597656,0.014825023710727692,-0.6476645469665527,1.0379393100738525,9.823311805725098,-0.010453062132000923,-0.07962439954280853,-0.029750624671578407,33.4305305480957,39.22016525268555,-90.16191864013672
3.805091619491577,0,5.741142749786377,0.7507912516593933,4.800000190734863,4.800000190734863,2.01200008392334,2944.0,-0.0,1.0,20.00400161743164,0.01554054394364357,0.26756566762924194,0.7284730076789856,7.710320949554443,-0.052531648427248,-0.06990371644496918,-0.018831497058272362,31.661718368530273,37.44549560546875,-89.821044921875
3.8253703117370605,0,5.757104396820068,0.7586212754249573,4.800000190734863,4.800000190734863,2.004000186920166,2960.0,-0.0,1.0,20.012001037597656,0.015961600467562675,0.540518581867218,0.3100649118423462,9.797572135925293,-0.08475638926029205,-0.01131327822804451,-0.018298856914043427,32.015480041503906,39.22016525268555,-90.50279235839844
3.8460025787353516,0,5.7730712890625,0.7662420272827148,4.800000190734863,4.800000190734863,2.008000135421753,2952.0,-0.0,1.0,20.02400016784668,0.015967104583978653,0.12689915299415588,0.6021724343299866,9.908309936523438,-0.023769071325659752,-0.004788435995578766,-0.022959459573030472,32.015480041503906,38.155364990234375,-90.84367370605469
3.8658411502838135,0,5.789272308349609,0.7729661464691162,4.800000190734863,4.800000190734863,2.004000186920166,2968.0,-0.0,1.0,20.012001037597656,0.016201024875044823,0.27355149388313293,0.3800988793373108,8.779985427856445,0.008721990510821342,-0.0035899952054023743,-0.03614230826497078,31.307954788208008,38.51029586791992,-90.50279235839844
3.8860604763031006,0,5.805148601531982,0.7778332829475403,4.800000190734863,4.800000190734863,2.004000186920166,2944.0,-0.0,1.0,20.012001037597656,0.0158762875944376,-0.3010862171649933,1.0325521230697632,10.036406517028809,-0.03788403794169426,-0.018903402611613274,-0.042933471500873566,33.6074104309082,38.33283233642578,-89.65060424804688
3.9063973426818848,0,5.820950508117676,0.7798600792884827,4.800000190734863,4.800000190734863,2.008000135421753,2952.0,-0.0,1.0,20.00800132751465,0.015801984816789627,0.17358846962451935,0.22147494554519653,8.547137260437012,-0.010186742059886456,-0.032485730946063995,-0.030416425317525864,32.72300338745117,37.44549560546875,-90.84367370605469
3.9264488220214844,0,5.836441516876221,0.778839647769928,4.800000190734863,4.800000190734863,2.004000186920166,2948.0,-0.0,1.0,20.00400161743164,0.015491007827222347,0.2759458124637604,0.5381242632865906,10.11482048034668,-0.010852542705833912,-0.007851116359233856,-0.03640862554311752,32.192359924316406,37.97789764404297,-90.33235931396484
3.9467549324035645,0,5.851830959320068,0.7770841717720032,4.800000190734863,4.800000190734863,2.004000186920166,2948.0,-0.0,1.0,20.00400161743164,0.015389183536171913,0.6219255924224854,0.06644248217344284,8.365168571472168,0.0013981852680444717,-0.001193113625049591,-0.05052359402179718,32.54612350463867,36.558162689208984,-89.65060424804688
3.967007637023926,0,5.86741828918457,0.7766276597976685,4.800000190734863,4.800000190734863,2.008000135421753,2948.0,-0.0,1.0,20.012001037597656,0.015587328001856804,-0.004788647405803204,0.5034065842628479,10.07531452178955,0.018309513106942177,0.011723414994776249,-0.05971163883805275,32.72300338745117,37.44549560546875,-89.13928985595703
3.9872891902923584,0,5.883118152618408,0.7789415121078491,4.800000190734863,4.800000190734863,2.008000135421753,2956.0,-0.0,1.0,20.00400161743164,0.01570015959441662,0.2472139149904251,0.3711201846599579,8.62375545501709,0.03708508610725403,0.011989735066890717,-0.05784739926457405,33.6074104309082,37.97789764404297,-90.67323303222656
4.007418155670166,0,5.899289131164551,0.7842475771903992,4.800000190734863,4.800000190734863,2.004000186920166,2956.0,-0.0,1.0,20.00800132751465,0.016170751303434372,0.16879981756210327,0.35795140266418457,8.097003936767578,0.03508768230676651,0.00719597190618515,-0.03387858718633652,33.96117401123047,37.622962951660156,-90.33235931396484
4.027677774429321,0,5.9157819747924805,0.7915245294570923,4.800000190734863,4.800000190734863,2.004000186920166,2948.0,-0.0,1.0,20.00800132751465,0.016492735594511032,-0.0017957427771762013,0.6494603157043457,9.452790260314941,0.0008655432611703873,0.0022690482437610626,-0.03414490446448326,33.4305305480957,37.44549560546875,-90.16191864013672
4.047976493835449,0,5.9326324462890625,0.8006552457809448,4.800000190734863,4.800000190734863,2.004000186920166,2948.0,-0.0,1.0,20.016000747680664,0.01685049571096897,0.32383227348327637,0.023344656452536583,7.433776378631592,0.01564631424844265,-0.009049557149410248,-0.04120238870382309,35.022457122802734,37.268028259277344,-89.9914779663086
4.068233489990234,0,5.949556827545166,0.8077530264854431,4.800000190734863,4.800000190734863,2.004000186920166,2952.0,-0.0,1.0,20.00400161743164,0.016924800351262093,0.07482261210680008,0.5973837375640869,10.46259593963623,-0.009520942345261574,0.026504183188080788,-0.04200134798884392,33.96117401123047,37.268028259277344,-89.9914779663086
4.088540315628052,0,5.9659037590026855,0.8103882670402527,4.800000190734863,4.800000190734863,2.004000186920166,2940.0,-0.0,1.0,20.00800132751465,0.016346879303455353,0.36752867698669434,0.5105895400047302,8.093412399291992,-0.02336958982050419,0.009459692984819412,-0.03614230826497078,34.13805389404297,38.51029586791992,-89.821044921875
4.108629465103149,0,5.982066631317139,0.8094906806945801,4.800000190734863,4.800000190734863,2.004000186920166,2956.0,-0.0,1.0,20.012001037597656,0.01616249606013298,0.04429498687386513,0.9601237773895264,8.67583179473877,-0.02776387333869934,0.02970002591609955,-0.026554781943559647,34.13805389404297,37.44549560546875,-89.821044921875
4.128906726837158,0,5.997989654541016,0.8072785139083862,4.800000190734863,4.800000190734863,2.008000135421753,2944.0,-0.0,1.0,20.00800132751465,0.015923071652650833,0.27953729033470154,0.07721693813800812,9.765848159790039,-0.004327699542045593,0.013853976503014565,-0.019230976700782776,35.376220703125,37.622962951660156,-90.67323303222656
4.149188041687012,0,6.013951301574707,0.805717408657074,4.800000190734863,4.800000190734863,2.004000186920166,2940.0,-0.0,1.0,20.012001037597656,0.015961600467562675,0.1670040786266327,0.5261526107788086,8.7901611328125,0.032823964953422546,0.00879389327019453,-0.01776621676981449,36.26062774658203,38.155364990234375,-90.50279235839844
4.1694722175598145,0,6.030364036560059,0.8071867823600769,4.800000190734863,4.800000190734863,2.0160000324249268,2948.0,-0.0,1.0,20.012001037597656,0.016412928700447083,0.5435115098953247,0.21967920660972595,9.781411170959473,0.02390223927795887,0.043681833893060684,-0.024024739861488342,34.668697357177734,38.68776321411133,-88.28709411621094
4.189732551574707,0,6.04677677154541,0.8105624318122864,4.800000190734863,4.800000190734863,2.004000186920166,2944.0,-0.0,1.0,20.016000747680664,0.016412928700447083,-0.31485357880592346,1.0708612203598022,9.50905704498291,-0.0027297772467136383,0.018780898302793503,-0.04506403207778931,36.43750762939453,35.848297119140625,-88.28709411621094
4.210016489028931,0,6.063611030578613,0.8146477341651917,4.800000190734863,4.800000190734863,2.004000186920166,2956.0,-0.0,1.0,20.012001037597656,0.01683398336172104,0.37590882182121277,0.11133605241775513,10.142354965209961,-0.0051266588270664215,0.01025865413248539,-0.055051036179065704,35.022457122802734,38.68776321411133,-88.9688491821289
4.23011326789856,0,6.0803704261779785,0.8202037811279297,4.800000190734863,4.800000190734863,2.004000186920166,2948.0,-0.0,1.0,20.012001037597656,0.016759680584073067,-0.24900966882705688,0.3711201846599579,9.674863815307617,0.015912631526589394,-0.040608495473861694,-0.060377441346645355,35.5531005859375,37.80043029785156,-88.11666107177734
4.250423908233643,0,6.097686290740967,0.8280045390129089,4.800000190734863,4.800000190734863,2.004000186920166,2956.0,-0.0,1.0,20.020000457763672,0.017315583303570747,0.6883680820465088,0.302283376455307,9.71077823638916,0.00938778929412365,-0.07536327838897705,-0.04732775315642357,35.5531005859375,37.44549560546875,-88.79840850830078
4.270669937133789,0,6.11535120010376,0.8369670510292053,4.800000190734863,4.800000190734863,2.004000186920166,2960.0,-0.0,1.0,20.00800132751465,0.017665088176727295,0.2980932891368866,1.1444867849349976,8.151474952697754,-0.023103270679712296,0.011057614348828793,-0.045729830861091614,35.906864166259766,37.0905647277832,-89.821044921875
4.2909393310546875,0,6.132856845855713,0.844820499420166,4.800000190734863,4.800000190734863,2.004000186920166,2948.0,-0.0,1.0,20.00400161743164,0.017505472525954247,0.6255170702934265,-0.052675120532512665,11.010895729064941,-0.007257221266627312,0.029566865414381027,-0.04652879387140274,36.43750762939453,37.622962951660156,-87.94622039794922
4.31122899055481,0,6.150496959686279,0.8502064347267151,4.800000190734863,4.800000190734863,2.004000186920166,2984.0,-0.0,1.0,20.00400161743164,0.01764032058417797,-0.35376131534576416,0.9182231426239014,8.283163070678711,0.003661906346678734,0.01132393442094326,-0.06330696493387222,36.43750762939453,38.33283233642578,-88.9688491821289
4.331362724304199,0,6.167617321014404,0.8523178696632385,4.800000190734863,4.800000190734863,2.0199999809265137,2948.0,-0.0,1.0,20.00400161743164,0.01712019182741642,0.32083937525749207,0.13946935534477234,10.08070182800293,-0.004061378538608551,-0.019169723615050316,-0.06583700329065323,37.85255813598633,37.622962951660156,-89.30972290039062
4.3516271114349365,0,6.184456825256348,0.8504011631011963,4.800000190734863,4.800000190734863,2.0160000324249268,2948.0,-0.0,1.0,20.00800132751465,0.016839487478137016,0.001197161851450801,0.5069980621337891,8.054505348205566,-0.025766471400856972,-0.055256105959415436,-0.06610332429409027,36.9681510925293,38.51029586791992,-87.43490600585938
4.371885776519775,0,6.201362133026123,0.8483555316925049,4.800000190734863,4.800000190734863,2.004000186920166,2968.0,-0.0,1.0,20.00800132751465,0.016905536875128746,0.18137001991271973,0.2980932891368866,8.046723365783691,0.002063984051346779,-0.025161927565932274,-0.07276132702827454,35.906864166259766,38.155364990234375,-88.45753479003906
4.3921592235565186,0,6.21831750869751,0.8494216799736023,4.800000190734863,4.800000190734863,2.004000186920166,2948.0,-0.0,1.0,20.00400161743164,0.016955072060227394,0.462104469537735,0.39566197991371155,10.414709091186523,-0.006458260118961334,0.0005379673093557358,-0.09273534268140793,37.67567443847656,38.155364990234375,-89.48016357421875
4.412450551986694,0,6.236196994781494,0.8533610105514526,4.800000190734863,4.800000190734863,2.004000186920166,3072.0,-0.0,1.0,20.012001037597656,0.01787974312901497,-0.3783031404018402,0.8170629739761353,7.944365978240967,0.027497561648488045,-0.02689300663769245,-0.09246902167797089,37.1450309753418,36.9130973815918,-89.30972290039062
4.432782173156738,0,6.2534356117248535,0.8589282631874084,4.800000190734863,4.800000190734863,2.004000186920166,2952.0,-0.0,1.0,20.012001037597656,0.017238527536392212,0.7488247156143188,0.11073747277259827,10.016054153442383,0.049868449568748474,0.011856574565172195,-0.0712965652346611,36.26062774658203,36.73563003540039,-87.7757797241211
4.45286226272583,0,6.2714972496032715,0.8669400215148926,4.800000190734863,4.800000190734863,2.004000186920166,2948.0,-0.0,1.0,20.012001037597656,0.018061375245451927,0.21489055454730988,0.8445976972579956,8.578862190246582,0.029228640720248222,-0.002791034057736397,-0.049058832228183746,35.906864166259766,37.0905647277832,-88.45753479003906
4.473126173019409,0,6.290004253387451,0.8758388161659241,4.800000190734863,4.800000190734863,2.004000186920166,2964.0,-0.0,1.0,20.012001037597656,0.018507199361920357,0.6967481970787048,0.2472139149904251,9.3893404006958,0.004993505775928497,-0.006785836070775986,-0.047993551939725876,35.906864166259766,37.80043029785156,-88.11666107177734
4.493381500244141,0,6.30806303024292,0.8819855451583862,4.800000190734863,4.800000190734863,2.008000135421753,2944.0,-0.0,1.0,20.00800132751465,0.018058624118566513,0.2071090042591095,0.6560447216033936,9.280997276306152,-0.022836949676275253,0.017182977870106697,-0.050124116241931915,36.26062774658203,37.44549560546875,-87.43490600585938
4.5135109424591064,0,6.326352596282959,0.8826692700386047,4.800000190734863,4.800000190734863,2.004000186920166,3104.0,-0.0,1.0,20.00400161743164,0.01828979142010212,-0.10355450212955475,0.4513300061225891,9.099627494812012,-0.017111066728830338,-0.0018589142709970474,-0.05278731510043144,35.729984283447266,38.33283233642578,-88.28709411621094
4.533763885498047,0,6.343114852905273,0.8795115351676941,4.800000190734863,4.800000190734863,2.008000135421753,2948.0,-0.0,1.0,20.016000747680664,0.01676243171095848,0.1682012379169464,0.658439040184021,8.345415115356445,-0.03828351944684982,0.012122895568609238,-0.03640862554311752,36.26062774658203,36.73563003540039,-87.43490600585938
4.554524898529053,0,6.360260009765625,0.8751494884490967,4.800000190734863,4.800000190734863,2.01200008392334,2944.0,-0.0,1.0,20.00800132751465,0.017144959419965744,0.14964522421360016,-0.046689312905073166,9.730531692504883,0.004727186635136604,0.0037338100373744965,-0.04319978877902031,37.49879455566406,37.97789764404297,-86.24183654785156
4.574384689331055,0,6.3776774406433105,0.87359219789505,4.800000190734863,4.800000190734863,2.004000186920166,2948.0,-0.0,1.0,20.00800132751465,0.017417408525943756,0.3130578100681305,0.5441100597381592,9.09483814239502,0.05346377193927765,0.04741031676530838,-0.04160187020897865,35.5531005859375,37.80043029785156,-86.41226959228516
4.594689607620239,0,6.395383834838867,0.876779317855835,4.800000190734863,4.800000190734863,2.004000186920166,2944.0,-0.0,1.0,20.02400016784668,0.01770636811852455,0.07422403246164322,0.42559105157852173,9.206772804260254,0.004860347136855125,0.03622487187385559,-0.056249476969242096,36.61438751220703,37.80043029785156,-87.7757797241211
4.614878177642822,0,6.413871765136719,0.8817139863967896,4.800000190734863,4.800000190734863,2.01200008392334,3028.0,-0.0,1.0,20.00400161743164,0.01848793588578701,-0.07123112678527832,0.4130208492279053,8.311296463012695,-0.02550015226006508,-0.013310680165886879,-0.05358627811074257,37.32191467285156,39.57509994506836,-87.7757797241211
4.635003089904785,0,6.4316935539245605,0.8867351412773132,4.800000190734863,4.800000190734863,2.004000186920166,2948.0,-0.0,1.0,20.00400161743164,0.01782195270061493,-0.3693244457244873,1.0558967590332031,9.585076332092285,0.009787270799279213,-0.017971282824873924,-0.03307962417602539,36.7912712097168,37.622962951660156,-86.92359161376953
4.655268907546997,0,6.450286388397217,0.8944188356399536,4.800000190734863,4.800000190734863,2.0199999809265137,2948.0,-0.0,1.0,20.00400161743164,0.018592512235045433,0.45671725273132324,-0.23344656825065613,8.076652526855469,0.013915231451392174,-0.056321389973163605,-0.01044241152703762,36.43750762939453,37.622962951660156,-87.26446533203125
4.675551891326904,0,6.469357490539551,0.9040457606315613,4.800000190734863,4.800000190734863,2.004000186920166,2956.0,-0.0,1.0,20.00800132751465,0.019071359187364578,0.24781250953674316,0.5429129004478455,8.511820793151855,-0.0003328956663608551,0.032629549503326416,-0.022559979930520058,35.906864166259766,39.22016525268555,-86.07139587402344
4.695854663848877,0,6.488211631774902,0.9118929505348206,4.800000190734863,4.800000190734863,2.008000135421753,2952.0,-0.0,1.0,20.00800132751465,0.01885395124554634,0.17897570133209229,0.8966742157936096,10.808575630187988,-0.003661898896098137,0.036358028650283813,-0.02881850302219391,36.61438751220703,37.80043029785156,-87.43490600585938
4.715938568115234,0,6.506825923919678,0.9140124917030334,4.800000190734863,4.800000190734863,2.004000186920166,2956.0,-0.0,1.0,20.00400161743164,0.018614528700709343,0.21728487312793732,0.2322493940591812,9.170858383178711,0.013116272166371346,-0.0025247130542993546,-0.03494386747479439,35.1993408203125,39.57509994506836,-85.04876708984375
4.736191749572754,0,6.524738788604736,0.9117352366447449,4.800000190734863,4.800000190734863,2.004000186920166,2952.0,-0.0,1.0,20.016000747680664,0.017912767827510834,-0.10834314674139023,0.7392474412918091,9.0289945602417,-0.008588820695877075,-0.015973882749676704,-0.04639563336968422,36.26062774658203,37.0905647277832,-87.09402465820312
4.756526231765747,0,6.542723178863525,0.9088662266731262,4.800000190734863,4.800000190734863,2.004000186920166,2944.0,-0.0,1.0,20.00800132751465,0.01798431947827339,0.4219995439052582,0.5488986968994141,9.225329399108887,0.01671159453690052,-0.015707561746239662,-0.052121516317129135,35.5531005859375,38.865230560302734,-86.41226959228516
4.776770830154419,0,6.5608696937561035,0.909068763256073,4.800000190734863,4.800000190734863,2.008000135421753,2952.0,-0.0,1.0,20.012001037597656,0.018146688118577003,0.6967481970787048,-0.2011231929063797,8.946390151977539,0.04867000877857208,0.018914058804512024,-0.06983180344104767,35.729984283447266,38.33283233642578,-85.21920776367188
4.797050476074219,0,6.5795063972473145,0.9130300283432007,4.800000190734863,4.800000190734863,2.008000135421753,2960.0,-0.0,1.0,20.00400161743164,0.018636543303728104,-0.24661533534526825,0.3854861259460449,8.87396240234375,0.06891034543514252,0.0034674890339374542,-0.08154989033937454,34.668697357177734,37.622962951660156,-85.5600814819336
4.817310333251953,0,6.59863805770874,0.9194603562355042,4.800000190734863,4.800000190734863,2.004000186920166,2964.0,-0.0,1.0,20.00400161743164,0.01913190446794033,0.09457578510046005,0.7787537574768066,10.140559196472168,0.06664662063121796,-0.009449038654565811,-0.07768825441598892,34.49181365966797,38.51029586791992,-86.07139587402344
4.837403059005737,0,6.617703914642334,0.9269982576370239,4.800000190734863,4.800000190734863,2.004000186920166,2948.0,-0.0,1.0,20.016000747680664,0.01906585693359375,-0.07063254714012146,0.6267142295837402,9.090648651123047,0.051200054585933685,0.010658133774995804,-0.07276132702827454,35.729984283447266,39.7525634765625,-85.5600814819336
4.857728481292725,0,6.637535095214844,0.9351708292961121,4.800000190734863,4.800000190734863,2.004000186920166,2948.0,-0.0,1.0,20.00400161743164,0.019830912351608276,-0.004788647405803204,0.6698120832443237,8.033555030822754,-0.008189341053366661,0.0033343303948640823,-0.07036444544792175,36.61438751220703,40.994834899902344,-85.04876708984375
4.877971410751343,0,6.656372547149658,0.9397578835487366,4.800000190734863,4.800000190734863,2.004000186920166,2952.0,-0.0,1.0,20.00800132751465,0.018837440758943558,0.5991795063018799,0.5991795063018799,10.04358959197998,-0.06398341804742813,0.015185576863586903,-0.062374841421842575,36.7912712097168,39.7525634765625,-87.60533905029297
4.89825701713562,0,6.675110816955566,0.9389097094535828,4.800000190734863,4.800000190734863,2.008000135421753,2948.0,-0.0,1.0,20.00800132751465,0.018738368526101112,0.3393953740596771,0.5063994526863098,7.92700719833374,-0.010985703207552433,0.0021358896046876907,-0.04200134798884392,34.845577239990234,39.22016525268555,-85.73052215576172
4.918521404266357,0,6.693444728851318,0.9334000945091248,4.800000190734863,4.800000190734863,2.004000186920166,2960.0,-0.0,1.0,20.016000747680664,0.01833382435142994,0.14186367392539978,0.21967920660972595,7.416417598724365,0.006591426208615303,0.010791294276714325,-0.042800310999155045,36.083744049072266,37.97789764404297,-86.24183654785156
4.938625812530518,0,6.711456298828125,0.928837239742279,4.800000190734863,4.800000190734863,2.004000186920166,2944.0,-0.0,1.0,20.00800132751465,0.01801184006035328,0.29270607233047485,0.019753171131014824,10.666711807250977,-0.0033955778926610947,0.00306800939142704,-0.05238783732056618,35.022457122802734,40.81736755371094,-85.90095520019531
4.958896636962891,0,6.730046272277832,0.9281551837921143,4.800000190734863,4.800000190734863,2.004000186920166,2952.0,-0.0,1.0,20.00800132751465,0.01858975924551487,0.005985809490084648,0.7721694111824036,10.466187477111816,0.019374797120690346,0.022109901532530785,-0.06264116615056992,35.729984283447266,40.10749816894531,-85.21920776367188
4.979188919067383,0,6.748919486999512,0.9316036105155945,4.800000190734863,4.800000190734863,2.004000186920166,2948.0,-0.0,1.0,20.00800132751465,0.018873216584324837,-0.5620675086975098,0.8110771775245667,8.362773895263672,0.006458267569541931,0.011723414994776249,-0.07289449125528336,35.5531005859375,39.930030822753906,-85.04876708984375
4.999447584152222,0,6.768111705780029,0.9364613890647888,4.800000190734863,4.800000190734863,2.008000135421753,2952.0,-0.0,1.0,20.012001037597656,0.019192447885870934,0.43875980377197266,0.02753472328186035,8.587242126464844,-0.01830950751900673,-0.029556209221482277,-0.06956548988819122,36.083744049072266,38.68776321411133,-84.19657135009766
5.019693374633789,0,6.787585258483887,0.9417227506637573,4.800000190734863,4.800000190734863,2.004000186920166,2960.0,-0.0,1.0,20.012001037597656,0.019473152235150337,-0.08080842345952988,1.0092074871063232,10.901954650878906,-0.015513145364820957,-0.03102097101509571,-0.053985755890607834,37.49879455566406,40.10749816894531,-86.24183654785156
5.03980278968811,0,6.807041645050049,0.9485229849815369,4.800000190734863,4.800000190734863,2.0160000324249268,2948.0,-0.0,1.0,20.00800132751465,0.019456639885902405,-0.05985809117555618,0.4603087306022644,7.755813121795654,0.039881445467472076,-0.10905277729034424,-0.019497297704219818,35.5531005859375,40.28496551513672,-86.07139587402344
5.0600974559783936,0,6.827169895172119,0.9589034914970398,4.800000190734863,4.800000190734863,2.004000186920166,2944.0,-0.0,1.0,20.00800132751465,0.020128127187490463,0.5267512202262878,0.5052022933959961,7.0261430740356445,0.029894443228840828,-0.014242799952626228,-0.0246905405074358,36.43750762939453,39.39763259887695,-86.58271026611328
5.08038330078125,0,6.847113609313965,0.9655579924583435,4.800000190734863,4.800000190734863,2.01200008392334,2940.0,-0.0,1.0,20.012001037597656,0.01994374394416809,0.7422403693199158,0.12151192873716354,10.831321716308594,-0.02030690759420395,0.0575304850935936,-0.030416425317525864,34.845577239990234,38.865230560302734,-87.09402465820312
5.100660800933838,0,6.866231918334961,0.9634866118431091,4.800000190734863,4.800000190734863,2.0320000648498535,2952.0,-0.0,1.0,20.00800132751465,0.019118143245577812,-0.13049064576625824,1.0834314823150635,10.090877532958984,-0.026165951043367386,0.005731211043894291,-0.03387858718633652,35.1993408203125,39.57509994506836,-85.04876708984375
5.120930910110474,0,6.884727954864502,0.9554122686386108,4.800000190734863,4.800000190734863,2.008000135421753,2960.0,-0.0,1.0,20.00800132751465,0.018496191129088402,-0.626115620136261,0.8864983320236206,8.058694839477539,-0.025899631902575493,-0.026094047352671623,-0.04533035308122635,35.5531005859375,40.28496551513672,-85.73052215576172
5.141026496887207,0,6.903136253356934,0.9503605365753174,4.800000190734863,4.800000190734863,2.008000135421753,2952.0,-0.0,1.0,20.012001037597656,0.01840812712907791,0.4160137474536896,-0.10654740780591965,8.639917373657227,-0.03348975628614426,0.026504183188080788,-0.05491787567734718,36.61438751220703,38.865230560302734,-87.43490600585938
5.161476373672485,0,6.923099040985107,0.9523782730102539,4.800000190734863,4.800000190734863,2.004000186920166,2996.0,-0.0,1.0,20.14000129699707,0.019963007420301437,0.5159767866134644,0.1161246970295906,10.139362335205078,-0.016844745725393295,0.028634745627641678,-0.06383960694074631,36.61438751220703,39.930030822753906,-86.41226959228516
5.181764125823975,0,6.942261219024658,0.9587634801864624,4.800000190734863,4.800000190734863,2.008000135421753,2952.0,-0.0,1.0,20.00800132751465,0.019162176176905632,0.0879913941025734,0.8607593774795532,9.488704681396484,0.03482136130332947,0.0069296518340706825,-0.05145571380853653,36.7912712097168,38.68776321411133,-85.90095520019531
5.202028274536133,0,6.962499618530273,0.9682760834693909,4.800000190734863,4.800000190734863,2.008000135421753,2948.0,-0.0,1.0,20.00400161743164,0.020238207653164864,-0.28372734785079956,0.8014998435974121,7.712715148925781,0.05546117573976517,-0.01663968153297901,-0.04106922820210457,35.376220703125,40.462432861328125,-85.5600814819336
5.222165584564209,0,6.983035087585449,0.9773055911064148,4.800000190734863,4.800000190734863,2.004000186920166,2956.0,-0.0,1.0,20.012001037597656,0.0205354243516922,0.6680163145065308,0.008380132727324963,8.484286308288574,0.009121468290686607,0.009859173558652401,-0.02069573849439621,37.85255813598633,41.172298431396484,-85.90095520019531
5.242590665817261,0,7.002763748168945,0.9804167747497559,4.800000190734863,4.800000190734863,2.004000186920166,2940.0,-0.0,1.0,20.016000747680664,0.019729087129235268,0.6925581097602844,0.560870349407196,9.71496868133545,-0.08462322503328323,0.029566865414381027,-0.028419023379683495,36.083744049072266,39.39763259887695,-86.24183654785156
5.262722015380859,0,7.022572994232178,0.9764297008514404,4.800000190734863,4.800000190734863,2.004000186920166,3088.0,-0.0,1.0,20.016000747680664,0.019808895885944366,-0.2250664234161377,1.1738171577453613,9.08825397491455,-0.08728642761707306,0.05393516272306442,-0.031215384602546692,35.376220703125,37.622962951660156,-85.90095520019531
5.282957315444946,0,7.040901184082031,0.9708109498023987,4.800000190734863,4.800000190734863,2.004000186920166,2948.0,-0.0,1.0,20.012001037597656,0.018328320235013962,-0.24062953889369965,0.5776305794715881,9.014030456542969,-0.04534100368618965,0.013720816001296043,-0.02695426158607006,36.26062774658203,38.51029586791992,-86.7531509399414
5.303264379501343,0,7.059986114501953,0.9675527215003967,4.800000190734863,4.800000190734863,2.0320000648498535,2948.0,-0.0,1.0,20.012001037597656,0.019085120409727097,0.09038572013378143,0.20471467077732086,9.096035957336426,-0.024168550968170166,0.014519776217639446,-0.028685344383120537,36.26062774658203,39.57509994506836,-86.41226959228516
5.32352876663208,0,7.0795087814331055,0.9680382013320923,4.800000190734863,4.800000190734863,2.004000186920166,2960.0,-0.0,1.0,20.00800132751465,0.019522687420248985,-0.020351750776171684,0.08380132913589478,9.787995338439941,-0.014314704574644566,0.021976741030812263,-0.03534334525465965,35.376220703125,39.39763259887695,-86.92359161376953
5.343798398971558,0,7.099177360534668,0.9720901846885681,4.800000190734863,4.800000190734863,2.004000186920166,2944.0,-0.0,1.0,20.032001495361328,0.019668543711304665,0.022147493436932564,0.6698120832443237,9.27501106262207,0.01151834987103939,0.019047219306230545,-0.05478471890091896,36.9681510925293,39.57509994506836,-86.41226959228516
5.363945484161377,0,7.119872570037842,0.9781812429428101,4.800000190734863,4.800000190734863,2.004000186920166,3076.0,-0.0,1.0,20.00800132751465,0.020695040002465248,-0.09337862581014633,0.7153041958808899,8.17302417755127,-0.029494954273104668,-0.023164527490735054,-0.06423908472061157,36.61438751220703,39.22016525268555,-86.41226959228516
5.384227752685547,0,7.139491558074951,0.9835212230682373,4.800000190734863,4.800000190734863,2.004000186920166,2952.0,-0.0,1.0,20.00800132751465,0.019619008526206017,0.12270908802747726,0.2292564958333969,9.011635780334473,-0.06078757345676422,-0.02995569072663784,-0.05798055976629257,35.5531005859375,39.22016525268555,-87.7757797241211
5.404537200927734,0,7.159878253936768,0.9898042678833008,4.800000190734863,4.800000190734863,2.008000135421753,2952.0,-0.0,1.0,20.02400016784668,0.020386815071105957,0.2693614065647125,0.020950332283973694,10.442842483520508,-0.006857739761471748,-0.07416483759880066,-0.03707442805171013,35.729984283447266,39.04269790649414,-86.92359161376953
5.424762487411499,0,7.1807661056518555,0.9982655048370361,4.800000190734863,4.800000190734863,2.004000186920166,2956.0,-0.0,1.0,20.016000747680664,0.02088768035173416,0.6728049516677856,0.5752362608909607,7.0650506019592285,-0.01271678414195776,-0.06617523729801178,-0.03840602934360504,34.49181365966797,37.44549560546875,-87.09402465820312
5.445029973983765,0,7.201202392578125,1.0032439231872559,4.800000190734863,4.800000190734863,2.0240001678466797,2944.0,-0.0,1.0,20.00800132751465,0.020436352118849754,0.20890474319458008,0.3130578100681305,9.972956657409668,-0.06491553783416748,0.06898225098848343,-0.05771423876285553,35.729984283447266,39.39763259887695,-130.55581665039062
5.46516752243042,0,7.2211432456970215,0.9992053508758545,4.800000190734863,4.800000190734863,2.004000186920166,3008.0,-0.0,1.0,20.012001037597656,0.019940992817282677,-0.2472139149904251,0.25260114669799805,10.293197631835938,-0.007390379905700684,0.00719597190618515,-0.0631738007068634,35.906864166259766,39.22016525268555,-87.09402465820312
5.485623598098755,0,7.240079879760742,0.992530345916748,4.800000190734863,4.800000190734863,2.01200008392334,2948.0,-0.0,1.0,20.012001037597656,0.018936511129140854,0.01436594221740961,0.28073444962501526,9.427050590515137,0.004993505775928497,-0.010114837437868118,-0.07835405319929123,37.32191467285156,39.22016525268555,-87.09402465820312
5.505944728851318,0,7.259715557098389,0.9904071092605591,4.800000190734863,4.800000190734863,2.004000186920166,2940.0,-0.0,1.0,20.00800132751465,0.01963552087545395,-0.3244308531284332,0.6704106330871582,9.264835357666016,-0.0051266588270664215,0.023308342322707176,-0.09526538103818893,36.61438751220703,40.28496551513672,-87.7757797241211
5.526082515716553,0,7.2800116539001465,0.995042085647583,4.800000190734863,4.800000190734863,2.004000186920166,2948.0,-0.0,1.0,20.016000747680664,0.020295999944210052,-0.05746376886963844,0.354359894990921,8.498053550720215,0.006191946566104889,0.00013848766684532166,-0.09846122562885284,36.26062774658203,39.22016525268555,-88.11666107177734
5.546328783035278,0,7.300931930541992,1.0041180849075317,4.800000190734863,4.800000190734863,2.01200008392334,2948.0,-0.0,1.0,20.00800132751465,0.020920703187584877,0.23464372754096985,0.21369339525699615,9.057726860046387,0.05093373358249664,-0.032485730946063995,-0.08368045091629028,35.906864166259766,38.51029586791992,-87.7757797241211
5.566436529159546,0,7.322524547576904,1.0162458419799805,4.800000190734863,4.800000190734863,2.004000186920166,2968.0,-0.0,1.0,20.00800132751465,0.021592192351818085,0.6734035611152649,0.63629150390625,9.237899780273438,0.04960212856531143,-0.018237603828310966,-0.06210852041840553,36.26062774658203,39.57509994506836,-86.7531509399414
5.586673259735107,0,7.343695640563965,1.0250263214111328,4.800000190734863,4.800000190734863,2.004000186920166,2952.0,-0.0,1.0,20.00800132751465,0.02117113582789898,0.6961495876312256,0.5656589865684509,9.185224533081055,-0.005659298971295357,0.0036006495356559753,-0.04226766899228096,36.9681510925293,38.865230560302734,-86.7531509399414
5.606956243515015,0,7.364266872406006,1.0255800485610962,4.800000190734863,4.800000190734863,2.004000186920166,2944.0,-0.0,1.0,20.00800132751465,0.02057120017707348,0.12570199370384216,0.5872079133987427,7.730073928833008,-0.011917823925614357,0.05486728250980377,-0.04027026891708374,35.5531005859375,39.22016525268555,-87.7757797241211
5.627211093902588,0,7.384006977081299,1.0185110569000244,4.800000190734863,4.800000190734863,2.004000186920166,2952.0,-0.0,1.0,20.00800132751465,0.019740095362067223,-0.29270607233047485,0.17179273068904877,7.641484260559082,0.048004209995269775,0.028368424624204636,-0.030682744458317757,36.7912712097168,39.04269790649414,-87.60533905029297
5.647520065307617,0,7.403683662414551,1.0121195316314697,4.800000190734863,4.800000190734863,2.01200008392334,2944.0,-0.0,1.0,20.00800132751465,0.019676800817251205,-0.010175875388085842,0.5052022933959961,8.198163986206055,0.03295712172985077,0.021444100886583328,-0.03840602934360504,35.5531005859375,38.865230560302734,-87.43490600585938
5.667621612548828,0,7.424009799957275,1.01153564453125,4.800000190734863,4.800000190734863,2.01200008392334,2972.0,-0.0,1.0,20.00800132751465,0.020326271653175354,0.4591115713119507,-0.1861586719751358,10.588896751403809,0.01564631424844265,0.04301603138446808,-0.046795111149549484,35.5531005859375,37.44549560546875,-87.7757797241211
5.687930345535278,0,7.444545269012451,1.0158594846725464,4.800000190734863,4.800000190734863,2.008000135421753,2948.0,-0.0,1.0,20.00800132751465,0.0205354243516922,0.5393214225769043,0.2771429717540741,10.119010925292969,0.03934880346059799,0.01864773966372013,-0.07182920724153519,35.729984283447266,38.33283233642578,-87.26446533203125
5.708185434341431,0,7.4657769203186035,1.0240589380264282,4.800000190734863,4.800000190734863,2.004000186920166,2952.0,-0.0,1.0,20.00800132751465,0.021231679245829582,0.7296701669692993,0.4261896312236786,8.785371780395508,0.014447873458266258,-0.00012783147394657135,-0.07142972946166992,34.668697357177734,39.04269790649414,-87.26446533203125
5.728283882141113,0,7.487231731414795,1.0325919389724731,4.800000190734863,4.800000190734863,2.004000186920166,2956.0,-0.0,1.0,20.00400161743164,0.021454591304063797,-0.026936141774058342,0.7619935274124146,8.842836380004883,-0.026432272046804428,-0.011579599231481552,-0.06370644271373749,36.9681510925293,37.80043029785156,-86.41226959228516
5.748607397079468,0,7.508606433868408,1.0390411615371704,4.800000190734863,4.800000190734863,2.01200008392334,2952.0,-0.0,1.0,20.016000747680664,0.021374784409999847,-0.42978110909461975,0.1592225283384323,9.555147171020508,0.04347676783800125,-0.038611091673374176,-0.042800310999155045,35.906864166259766,38.865230560302734,-86.41226959228516
5.768851041793823,0,7.530096530914307,1.0440667867660522,4.800000190734863,4.800000190734863,2.004000186920166,2964.0,-0.0,1.0,20.00400161743164,0.021490367129445076,-0.6751992702484131,0.8960756659507751,6.954313278198242,0.054395891726017,-0.04580174386501312,-0.04746091365814209,35.729984283447266,37.97789764404297,-88.28709411621094
5.789132833480835,0,7.551309108734131,1.047922968864441,4.800000190734863,4.800000190734863,2.004000186920166,2956.0,-0.0,1.0,20.00800132751465,0.021212415769696236,0.025738980621099472,0.592595100402832,7.9126410484313965,-0.006458260118961334,0.04248339310288429,-0.044930871576070786,35.1993408203125,39.930030822753906,-88.79840850830078
5.809433937072754,0,7.572083950042725,1.045815110206604,4.800000190734863,4.800000190734863,2.004000186920166,2944.0,-0.0,1.0,20.00400161743164,0.020774848759174347,-0.19334164261817932,0.511786699295044,10.62780475616455,-0.007390379905700684,0.0287679061293602,-0.03294646367430687,34.31493377685547,39.7525634765625,-87.26446533203125
5.829555988311768,0,7.5922369956970215,1.0391926765441895,4.800000190734863,4.800000190734863,2.004000186920166,2944.0,-0.0,1.0,20.012001037597656,0.020152896642684937,0.1251034140586853,0.2561926245689392,10.235733985900879,0.04520785063505173,-0.04260589927434921,-0.029484303668141365,35.729984283447266,37.622962951660156,-86.92359161376953
5.84982967376709,0,7.612838268280029,1.0374970436096191,4.800000190734863,4.800000190734863,2.0160000324249268,2944.0,-0.0,1.0,20.016000747680664,0.02060147188603878,0.5159767866134644,0.34478262066841125,9.508458137512207,0.0344218835234642,-0.007851116359233856,-0.04666195064783096,34.668697357177734,38.33283233642578,-85.90095520019531
5.87009072303772,0,7.634312152862549,1.0425820350646973,4.800000190734863,4.800000190734863,2.004000186920166,2956.0,-0.0,1.0,20.00400161743164,0.021473856642842293,0.7655850052833557,0.2514039874076843,9.820318222045898,-0.006591420620679855,0.010791294276714325,-0.05957847833633423,34.668697357177734,38.33283233642578,-86.92359161376953
5.890433311462402,0,7.655961990356445,1.0514044761657715,4.800000190734863,4.800000190734863,2.004000186920166,2952.0,-0.0,1.0,20.012001037597656,0.021649984642863274,0.5189696550369263,0.30886775255203247,9.826903343200684,0.03948196768760681,-0.05059550702571869,-0.053985755890607834,35.022457122802734,37.622962951660156,-86.92359161376953
5.910512208938599,0,7.67828369140625,1.0624594688415527,4.800000190734863,4.800000190734863,2.004000186920166,2948.0,-0.0,1.0,20.00800132751465,0.022321471944451332,0.25080540776252747,0.8487877249717712,8.414252281188965,0.05452905595302582,-0.016772842034697533,-0.04200134798884392,36.43750762939453,38.33283233642578,-87.60533905029297
5.930784702301025,0,7.700291156768799,1.069422721862793,4.800000190734863,4.800000190734863,2.008000135421753,2952.0,-0.0,1.0,20.012001037597656,0.022007744759321213,0.15982110798358917,0.9373777508735657,8.281965255737305,-0.02137218974530697,-0.003323674201965332,-0.02801954373717308,35.022457122802734,38.33283233642578,-87.60533905029297
5.951117038726807,0,7.72137975692749,1.066450595855713,4.800000190734863,4.800000190734863,2.004000186920166,2948.0,-0.0,1.0,20.012001037597656,0.021088575944304466,0.33580389618873596,0.6177355051040649,8.62375545501709,-0.06984245777130127,0.03209690749645233,-0.027620062232017517,35.022457122802734,37.622962951660156,-88.9688491821289
5.971381425857544,0,7.741796970367432,1.0567861795425415,4.800000190734863,4.800000190734863,2.004000186920166,2956.0,-0.0,1.0,20.00800132751465,0.020417088642716408,-0.010774456895887852,0.4214009642601013,9.261842727661133,-0.011518343351781368,0.01838141866028309,-0.01976361684501171,35.376220703125,39.39763259887695,-88.28709411621094
5.99164342880249,0,7.761980056762695,1.0497194528579712,4.800000190734863,4.800000190734863,2.004000186920166,2948.0,-0.0,1.0,20.00800132751465,0.020183168351650238,0.370521605014801,0.2591855525970459,8.909278869628906,-0.034155555069446564,0.01864773966372013,-0.014304054901003838,34.31493377685547,37.97789764404297,-87.26446533203125
6.011905193328857,0,7.783442974090576,1.0502797365188599,4.800000190734863,4.800000190734863,2.008000135421753,3040.0,-0.0,1.0,20.00400161743164,0.021462848410010338,0.3854861259460449,-0.37291592359542847,9.689229011535645,-0.0437430813908577,0.04834243655204773,-0.021228378638625145,35.022457122802734,38.33283233642578,-87.26446533203125
6.032102584838867,0,7.804840087890625,1.0572125911712646,4.800000190734863,4.800000190734863,2.008000135421753,2948.0,-0.0,1.0,20.00800132751465,0.021396800875663757,0.18795441091060638,-0.08020984381437302,8.292141914367676,-0.031359195709228516,0.024373622611165047,-0.040802907198667526,35.376220703125,37.97789764404297,-87.60533905029297
6.0523481369018555,0,7.826999187469482,1.0663098096847534,4.800000190734863,4.800000190734863,2.01200008392334,2944.0,-0.0,1.0,20.02400016784668,0.02215910330414772,0.34478262066841125,0.05686518922448158,8.375943183898926,-0.0831584632396698,-0.018104443326592445,-0.042533989995718,35.729984283447266,39.04269790649414,-88.62797546386719
6.072617769241333,0,7.849326133728027,1.0735259056091309,4.800000190734863,4.800000190734863,2.004000186920166,2968.0,-0.0,1.0,20.012001037597656,0.02232697606086731,0.6470659971237183,0.23045365512371063,8.50822925567627,-0.0938112735748291,-0.04034217447042465,-0.023358941078186035,35.5531005859375,38.51029586791992,-88.11666107177734
6.092887878417969,0,7.871223449707031,1.0788202285766602,4.800000190734863,4.800000190734863,2.004000186920166,2944.0,-0.0,1.0,20.012001037597656,0.021897664293646812,0.5399199724197388,0.004788647405803204,9.862817764282227,-0.02257063053548336,-0.05166078358888626,0.00473783677443862,34.49181365966797,37.80043029785156,-87.7757797241211
6.1130383014678955,0,7.893913745880127,1.0823380947113037,4.800000190734863,4.800000190734863,2.004000186920166,3104.0,-0.0,1.0,20.012001037597656,0.022690240293741226,0.7823452949523926,0.6021724343299866,8.493265151977539,-0.034155555069446564,-0.04420381784439087,-0.0001890859566628933,35.5531005859375,38.155364990234375,-87.7757797241211
6.133297681808472,0,7.914708137512207,1.0807386636734009,4.800000190734863,4.800000190734863,2.004000186920166,2948.0,-0.0,1.0,20.00800132751465,0.020794112235307693,0.6321014761924744,0.6542489528656006,8.524391174316406,-0.0794299840927124,0.049141399562358856,-0.01457037404179573,34.13805389404297,38.51029586791992,-89.48016357421875
6.153607606887817,0,7.935601234436035,1.0741138458251953,4.800000190734863,4.800000190734863,2.008000135421753,2952.0,-0.0,1.0,20.016000747680664,0.02089318446815014,-0.021548913791775703,0.49263209104537964,9.61320972442627,-0.09913767874240875,-0.009582197293639183,-0.029617464169859886,34.668697357177734,39.39763259887695,-88.9688491821289
6.173713445663452,0,7.9567060470581055,1.0692315101623535,4.800000190734863,4.800000190734863,2.004000186920166,2956.0,-0.0,1.0,20.00400161743164,0.0211050882935524,0.30946633219718933,-0.13827219605445862,9.990914344787598,-0.03069339506328106,-0.032485730946063995,-0.06330696493387222,35.022457122802734,37.622962951660156,-89.30972290039062
6.194135904312134,0,7.978438854217529,1.074113130569458,4.800000190734863,4.800000190734863,2.008000135421753,2948.0,-0.0,1.0,20.016000747680664,0.021732544526457787,0.24362243711948395,0.4160137474536896,9.132549285888672,-0.00805618055164814,-0.005587395280599594,-0.08700945973396301,34.31493377685547,39.04269790649414,-89.30972290039062
6.214256286621094,0,8.001968383789062,1.0872331857681274,4.800000190734863,4.800000190734863,2.004000186920166,3056.0,-0.0,1.0,20.00800132751465,0.023529600352048874,0.12869489192962646,0.46569594740867615,9.288779258728027,-0.041612520813941956,-0.006519516929984093,-0.08780841529369354,34.13805389404297,38.51029586791992,-88.45753479003906
6.234527349472046,0,8.024518013000488,1.0994535684585571,4.800000190734863,4.800000190734863,2.008000135421753,2944.0,-0.0,1.0,20.00800132751465,0.022549888119101524,0.0610552541911602,0.5087937712669373,10.460201263427734,0.021638518199324608,-0.00026099197566509247,-0.0712965652346611,33.4305305480957,37.80043029785156,-88.79840850830078
6.254848003387451,0,8.047327041625977,1.106384515762329,4.800000190734863,4.800000190734863,2.008000135421753,2952.0,-0.0,1.0,20.012001037597656,0.022808576002717018,0.11971618235111237,0.9295961856842041,9.11279582977295,0.002063984051346779,-0.028357768431305885,-0.05385259538888931,33.4305305480957,37.80043029785156,-89.13928985595703
6.2749340534210205,0,8.069466590881348,1.1046355962753296,4.800000190734863,4.800000190734863,2.004000186920166,2964.0,-0.0,1.0,20.00800132751465,0.022139839828014374,0.7913239598274231,0.7961126565933228,9.121175765991211,-0.08968330919742584,0.01132393442094326,-0.04093606770038605,33.7842903137207,37.0905647277832,-89.13928985595703
6.2951836585998535,0,8.090420722961426,1.0959426164627075,4.800000190734863,4.800000190734863,2.0160000324249268,2944.0,-0.0,1.0,20.00800132751465,0.020953727886080742,0.38788044452667236,0.5004136562347412,10.122602462768555,-0.07823154330253601,0.07044701278209686,-0.04719459265470505,34.668697357177734,38.33283233642578,-89.65060424804688
6.315512657165527,0,8.112018585205078,1.0901936292648315,4.800000190734863,4.800000190734863,2.004000186920166,3004.0,-0.0,1.0,20.00800132751465,0.021597696468234062,0.4172109067440033,0.3202407956123352,9.987921714782715,-0.040414080023765564,0.012256055139005184,-0.0481267124414444,35.5531005859375,37.0905647277832,-88.79840850830078
6.335758447647095,0,8.133940696716309,1.094122052192688,4.800000190734863,4.800000190734863,2.004000186920166,2944.0,-0.0,1.0,20.00800132751465,0.021922431886196136,0.6422773599624634,0.11313179135322571,10.55178451538086,-0.03801719844341278,0.04860875755548477,-0.08607733249664307,33.6074104309082,37.268028259277344,-89.30972290039062
6.355881452560425,0,8.157109260559082,1.1045598983764648,4.800000190734863,4.800000190734863,2.004000186920166,2944.0,-0.0,1.0,20.012001037597656,0.02316908724606037,0.4339711666107178,0.36094430088996887,10.022040367126465,-0.010985703207552433,0.0368906706571579,-0.10045862197875977,35.1993408203125,37.80043029785156,-89.48016357421875
6.376171827316284,0,8.18035888671875,1.1159833669662476,4.800000190734863,4.800000190734863,2.004000186920166,2952.0,-0.0,1.0,20.00400161743164,0.02324889600276947,0.14365942776203156,0.7961126565933228,9.175646781921387,-0.022037990391254425,-0.03488261252641678,-0.10139074176549911,34.49181365966797,38.155364990234375,-88.79840850830078
6.396423578262329,0,8.203816413879395,1.1260851621627808,4.800000190734863,4.800000190734863,2.0160000324249268,2944.0,-0.0,1.0,20.00400161743164,0.023458048701286316,0.2430238574743271,0.9762855172157288,9.485113143920898,-0.026831751689314842,-0.038611091673374176,-0.08261517435312271,33.25364685058594,38.33283233642578,-88.62797546386719
6.416686773300171,0,8.22731876373291,1.133315086364746,4.800000190734863,4.800000190734863,2.01200008392334,2964.0,-0.0,1.0,20.00400161743164,0.023502079769968987,0.45073142647743225,0.3860847055912018,11.648983001708984,0.024434877559542656,-0.06937107443809509,-0.05851319804787636,33.4305305480957,37.80043029785156,-88.11666107177734
6.436966419219971,0,8.250151634216309,1.136322021484375,4.800000190734863,4.800000190734863,2.004000186920166,2952.0,-0.0,1.0,20.00800132751465,0.022833343595266342,0.8128728866577148,0.5530887842178345,8.317880630493164,0.015379993245005608,-0.012911198660731316,-0.06543752551078796,32.89988708496094,37.622962951660156,-88.28709411621094
6.457095384597778,0,8.272784233093262,1.134557843208313,4.800000190734863,4.800000190734863,2.01200008392334,2952.0,-0.0,1.0,20.00800132751465,0.022632448002696037,0.39386624097824097,0.6356929540634155,8.158658027648926,-0.05745857208967209,0.0350264273583889,-0.0731608048081398,32.36924362182617,38.51029586791992,-88.79840850830078
6.4773736000061035,0,8.294758796691895,1.1286802291870117,4.800000190734863,4.800000190734863,2.004000186920166,2952.0,-0.0,1.0,20.012001037597656,0.021974720060825348,0.14725090563297272,0.021548913791775703,9.974153518676758,-0.03695191815495491,0.009459692984819412,-0.08594417572021484,35.022457122802734,37.622962951660156,-88.28709411621094
6.497622728347778,0,8.317157745361328,1.1272163391113281,4.800000190734863,4.800000190734863,2.004000186920166,2948.0,-0.0,1.0,20.016000747680664,0.022398527711629868,-0.21967920660972595,0.3154521584510803,8.434603691101074,0.06265182048082352,-0.012911198660731316,-0.10352130979299545,33.6074104309082,37.622962951660156,-87.94622039794922
6.517998456954956,0,8.341055870056152,1.1378265619277954,4.800000190734863,4.800000190734863,2.004000186920166,2956.0,-0.0,1.0,20.00800132751465,0.023898368701338768,-0.2352423071861267,0.8188586831092834,8.016794204711914,0.07610099017620087,-0.0003941524773836136,-0.09699646383523941,32.89988708496094,39.39763259887695,-88.9688491821289
6.538280010223389,0,8.365782737731934,1.157020926475525,4.800000190734863,4.800000190734863,2.004000186920166,2948.0,-0.0,1.0,20.012001037597656,0.02472672052681446,0.028133302927017212,0.5770320296287537,10.33330249786377,0.07330462336540222,0.009859173558652401,-0.065703846514225,34.49181365966797,38.865230560302734,-88.79840850830078
6.5583250522613525,0,8.39054012298584,1.1712830066680908,4.800000190734863,4.800000190734863,2.004000186920166,2944.0,-0.0,1.0,20.00800132751465,0.024756992235779762,0.1771799474954605,0.9200189113616943,9.398319244384766,0.060121774673461914,-0.03528209030628204,-0.04865935444831848,34.49181365966797,37.0905647277832,-88.11666107177734
6.578595876693726,0,8.414033889770508,1.171532392501831,4.800000190734863,4.800000190734863,2.004000186920166,2952.0,-0.0,1.0,20.012001037597656,0.023493824526667595,0.7715708017349243,0.911040186882019,8.363971710205078,0.012583630159497261,-0.012245399877429008,-0.037740226835012436,33.96117401123047,39.7525634765625,-87.94622039794922
6.598884582519531,0,8.436382293701172,1.1613950729370117,4.800000190734863,4.800000190734863,2.004000186920166,2948.0,-0.0,1.0,20.00800132751465,0.02234899252653122,0.5985808968544006,0.8200558423995972,9.307334899902344,-0.011784663423895836,0.036491189152002335,-0.03734074905514717,33.4305305480957,39.930030822753906,-88.79840850830078
6.619211435317993,0,8.45875358581543,1.1525088548660278,4.800000190734863,4.800000190734863,2.008000135421753,2944.0,-0.0,1.0,20.00400161743164,0.02237100712954998,0.4363654851913452,0.06165383383631706,9.437227249145508,0.026432277634739876,-0.02050132490694523,-0.026155302301049232,34.31493377685547,36.558162689208984,-88.28709411621094
6.6392834186553955,0,8.481999397277832,1.1557350158691406,4.800000190734863,4.800000190734863,2.004000186920166,2952.0,-0.0,1.0,20.00400161743164,0.023246144875884056,0.19394022226333618,0.022147493436932564,8.608192443847656,0.05053424835205078,0.01638401672244072,-0.035742826759815216,33.96117401123047,38.33283233642578,-87.94622039794922
6.659608364105225,0,8.50741195678711,1.1707204580307007,4.800000190734863,4.800000190734863,2.004000186920166,2948.0,-0.0,1.0,20.012001037597656,0.02541196718811989,-0.3651343584060669,0.35854998230934143,7.6145477294921875,0.025233840569853783,0.045679233968257904,-0.04413191229104996,32.89988708496094,38.68776321411133,-88.9688491821289
6.679830551147461,0,8.531794548034668,1.1849331855773926,4.800000190734863,4.800000190734863,2.004000186920166,2952.0,-0.0,1.0,20.00400161743164,0.02438271977007389,-0.8302317261695862,0.7434375286102295,8.365168571472168,-0.0051266588270664215,0.013055015355348587,-0.04759407415986061,35.022457122802734,39.7525634765625,-89.30972290039062
6.700115919113159,0,8.556534767150879,1.1940895318984985,4.800000190734863,4.800000190734863,2.008000135421753,2948.0,-0.0,1.0,20.02800178527832,0.02474047988653183,-0.7913239598274231,1.0319535732269287,9.351630210876465,0.017111072316765785,-0.034483134746551514,-0.04359927028417587,35.906864166259766,38.865230560302734,-88.45753479003906
6.720441818237305,0,8.581003189086914,1.1974754333496094,4.800000190734863,4.800000190734863,2.004000186920166,2968.0,-0.0,1.0,20.012001037597656,0.024468032643198967,0.2729529142379761,0.584214985370636,12.657591819763184,0.062385499477386475,-0.04713334143161774,-0.02602214179933071,33.96117401123047,35.848297119140625,-88.9688491821289
6.7405359745025635,0,8.604799270629883,1.1976537704467773,4.800000190734863,4.800000190734863,2.004000186920166,2948.0,-0.0,1.0,20.00800132751465,0.02379654347896576,0.6542489528656006,0.52016681432724,8.896109580993652,0.04201200604438782,-0.019835522398352623,-0.04160187020897865,33.6074104309082,39.39763259887695,-88.62797546386719
6.7608253955841064,0,8.628767013549805,1.1962618827819824,4.800000190734863,4.800000190734863,2.004000186920166,2964.0,-0.0,1.0,20.00800132751465,0.023967167362570763,0.31485357880592346,0.5357299447059631,8.684211730957031,-0.035353995859622955,0.04634503275156021,-0.04959147423505783,35.5531005859375,38.155364990234375,-88.11666107177734
6.78109335899353,0,8.652097702026367,1.192130208015442,4.800000190734863,4.800000190734863,2.004000186920166,2952.0,-0.0,1.0,20.012001037597656,0.023331455886363983,0.03651343658566475,-0.17777854204177856,9.872395515441895,-0.030959714204072952,0.04727715626358986,-0.06716860830783844,34.31493377685547,39.04269790649414,-88.62797546386719
6.801411390304565,0,8.675872802734375,1.1915291547775269,4.800000190734863,4.800000190734863,2.008000135421753,2948.0,-0.0,1.0,20.00400161743164,0.023774528875947,-0.049083635210990906,0.2591855525970459,8.747661590576172,0.08955015242099762,0.03675751015543938,-0.08274833112955093,34.845577239990234,39.57509994506836,-90.16191864013672
6.82152795791626,0,8.701229095458984,1.203568458557129,4.800000190734863,4.800000190734863,2.004000186920166,2956.0,-0.0,1.0,20.016000747680664,0.025356927886605263,0.2430238574743271,0.3914719223976135,8.27478313446045,0.0931454747915268,-0.006652675569057465,-0.07409293204545975,34.845577239990234,40.28496551513672,-88.79840850830078
6.841772556304932,0,8.727155685424805,1.2218979597091675,4.800000190734863,4.800000190734863,2.004000186920166,2944.0,-0.0,1.0,20.00800132751465,0.02592659182846546,0.26876282691955566,0.1622154265642166,11.685497283935547,0.044941529631614685,0.015585057437419891,-0.05598315969109535,35.022457122802734,38.68776321411133,-89.30972290039062
6.862070560455322,0,8.753118515014648,1.2303333282470703,4.800000190734863,4.800000190734863,2.004000186920166,3060.0,-0.0,1.0,20.00400161743164,0.02596236765384674,0.11552611738443375,0.5393214225769043,8.623156547546387,0.03641928732395172,-0.08535028249025345,-0.04160187020897865,36.26062774658203,37.0905647277832,-89.13928985595703
6.88235068321228,0,8.776444435119629,1.2234516143798828,4.800000190734863,4.800000190734863,2.004000186920166,2948.0,-0.0,1.0,20.00800132751465,0.023325951769948006,0.45791441202163696,0.9679053425788879,6.424569129943848,0.026698598638176918,-0.019835522398352623,-0.03494386747479439,34.668697357177734,39.7525634765625,-89.30972290039062
6.9024951457977295,0,8.79947280883789,1.209926724433899,4.800000190734863,4.800000190734863,2.0360000133514404,2956.0,-0.0,1.0,20.016000747680664,0.02302873507142067,-0.2322493940591812,1.0181862115859985,8.227495193481445,-0.02550015226006508,0.037689629942178726,-0.030283264815807343,35.1993408203125,39.22016525268555,-89.821044921875
6.922750473022461,0,8.823211669921875,1.204345941543579,4.800000190734863,4.800000190734863,2.004000186920166,2968.0,-0.0,1.0,20.012001037597656,0.02373875118792057,0.11073747277259827,-0.13168780505657196,9.206772804260254,0.00019974447786808014,-0.0368800163269043,-0.034544385969638824,35.022457122802734,38.68776321411133,-89.9914779663086
6.943028450012207,0,8.848106384277344,1.2135729789733887,4.800000190734863,4.800000190734863,2.004000186920166,2944.0,-0.0,1.0,20.012001037597656,0.0248945914208889,0.2400309443473816,0.07242829352617264,10.358443260192871,0.04214517027139664,-0.005720555782318115,-0.0587795190513134,36.43750762939453,38.33283233642578,-89.30972290039062
6.963304042816162,0,8.87524127960205,1.2322527170181274,4.800000190734863,4.800000190734863,2.004000186920166,3096.0,-0.0,1.0,20.00400161743164,0.027134720236063004,-0.12749773263931274,0.17179273068904877,9.374974250793457,0.0017976649105548859,0.009592853486537933,-0.07196236401796341,37.32191467285156,37.80043029785156,-91.52542877197266
6.983542442321777,0,8.900524139404297,1.2448112964630127,4.800000190734863,4.800000190734863,2.01200008392334,2944.0,-0.0,1.0,20.00400161743164,0.02528262324631214,-0.06943538784980774,0.42978110909461975,8.25263500213623,0.005659306421875954,-0.02569456584751606,-0.06157588213682175,37.67567443847656,38.865230560302734,-90.50279235839844
7.003726243972778,0,8.925721168518066,1.247136116027832,4.800000190734863,4.800000190734863,2.0320000648498535,2944.0,-0.0,1.0,20.012001037597656,0.025197312235832214,-0.013767361640930176,0.7452332377433777,8.0916166305542,0.022970115765929222,-0.05179394781589508,-0.03907182812690735,37.49879455566406,37.622962951660156,-89.9914779663086
7.0239739418029785,0,8.950139999389648,1.2408545017242432,4.800000190734863,4.800000190734863,2.004000186920166,2952.0,-0.0,1.0,20.00800132751465,0.02441849559545517,0.4800618886947632,0.5429129004478455,11.4562406539917,0.050134770572185516,-0.04846494644880295,-0.026288462802767754,37.32191467285156,37.0905647277832,-90.50279235839844
7.044242858886719,0,8.974123001098633,1.2347782850265503,4.800000190734863,4.800000190734863,2.008000135421753,2948.0,-0.0,1.0,20.00400161743164,0.023983679711818695,0.24481959640979767,0.7787537574768066,7.688173294067383,-0.004327699542045593,-0.003190513700246811,-0.042800310999155045,38.560081481933594,37.268028259277344,-90.33235931396484
7.0645506381988525,0,8.999048233032227,1.2316182851791382,4.800000190734863,4.800000190734863,2.004000186920166,3036.0,-0.0,1.0,20.012001037597656,0.024924863129854202,0.2609812915325165,0.16760265827178955,8.401681900024414,-0.08275898545980453,0.03515958786010742,-0.04333294928073883,36.7912712097168,36.558162689208984,-89.65060424804688
7.08463191986084,0,9.023262977600098,1.2331974506378174,4.800000190734863,4.800000190734863,2.004000186920166,2948.0,-0.0,1.0,20.00400161743164,0.02421484887599945,0.4603087306022644,-0.0640481561422348,9.599442481994629,0.028163360431790352,0.0024022087454795837,-0.05531735718250275,37.1450309753418,36.558162689208984,-90.33235931396484
7.104924917221069,0,9.049118041992188,1.2439044713974,4.800000190734863,4.800000190734863,2.004000186920166,2952.0,-0.0,1.0,20.02800178527832,0.025855040177702904,-0.12450483441352844,0.5949894189834595,8.046124458312988,0.11658164858818054,-0.020368164405226707,-0.05545051768422127,36.083744049072266,36.20322799682617,-90.67323303222656
7.125170707702637,0,9.075949668884277,1.2595609426498413,4.800000190734863,4.800000190734863,2.004000186920166,2960.0,-0.0,1.0,20.012001037597656,0.02683199942111969,-0.11492753773927689,0.3693244457244873,11.068958282470703,0.0550616979598999,0.024240462109446526,-0.03294646367430687,37.49879455566406,35.138427734375,-89.30972290039062
7.145456790924072,0,9.101703643798828,1.2657952308654785,4.800000190734863,4.800000190734863,2.01200008392334,2944.0,-0.0,1.0,20.032001495361328,0.025753216817975044,-0.051477961242198944,0.5566802620887756,9.749686241149902,0.007257228717207909,-0.05179394781589508,-0.012706133536994457,38.560081481933594,35.138427734375,-88.28709411621094
7.165748119354248,0,9.126397132873535,1.2576044797897339,4.800000190734863,4.800000190734863,2.004000186920166,2972.0,-0.0,1.0,20.012001037597656,0.024693695828318596,0.6410802006721497,1.0942059755325317,7.220681667327881,0.018442673608660698,-0.05459030717611313,-0.01763305626809597,36.43750762939453,36.20322799682617,-88.28709411621094
7.186044931411743,0,9.149849891662598,1.2443010807037354,4.800000190734863,4.800000190734863,2.004000186920166,2948.0,-0.0,1.0,20.00400161743164,0.02345254458487034,0.5973837375640869,0.5177724957466125,7.585217475891113,-0.02550015226006508,0.05846260488033295,-0.024157900363206863,36.7912712097168,35.49336242675781,-87.26446533203125
7.206222057342529,0,9.174083709716797,1.2384164333343506,4.800000190734863,4.800000190734863,2.004000186920166,2948.0,-0.0,1.0,20.00400161743164,0.024234112352132797,0.07482261210680008,-0.3914719223976135,9.819720268249512,-0.013648904860019684,0.009592853486537933,-0.03214750438928604,37.67567443847656,33.89616012573242,-88.79840850830078
7.226496934890747,0,9.199671745300293,1.246131181716919,4.800000190734863,4.800000190734863,2.004000186920166,2944.0,-0.0,1.0,20.00400161743164,0.02558809518814087,0.27654439210891724,-0.0005985809257254004,8.82188606262207,0.01870899461209774,0.04155127331614494,-0.07049760967493057,35.906864166259766,35.67082977294922,-86.7531509399414
7.246750831604004,0,9.226393699645996,1.2619891166687012,4.800000190734863,4.800000190734863,2.008000135421753,2952.0,-0.0,1.0,20.00400161743164,0.02672192081809044,0.46689313650131226,0.5177724957466125,8.562101364135742,-0.037617720663547516,-0.0023915544152259827,-0.08980581909418106,37.49879455566406,35.138427734375,-86.92359161376953
7.266986608505249,0,9.253252983093262,1.2745267152786255,4.800000190734863,4.800000190734863,2.004000186920166,2972.0,-0.0,1.0,20.016000747680664,0.026859520003199577,-0.06165383383631706,0.6291085481643677,8.236473083496094,-0.04827052354812622,-0.02689300663769245,-0.08301465213298798,37.49879455566406,35.49336242675781,-87.60533905029297
7.287092208862305,0,9.278629302978516,1.275176763534546,4.800000190734863,4.800000190734863,2.004000186920166,2952.0,-0.0,1.0,20.012001037597656,0.02537619136273861,-0.29450181126594543,0.5075966119766235,10.020843505859375,-0.03788403794169426,-0.024362968280911446,-0.08407993614673615,37.1450309753418,35.848297119140625,-86.24183654785156
7.307404041290283,0,9.30309772491455,1.2651351690292358,4.800000190734863,4.800000190734863,2.004000186920166,2948.0,-0.0,1.0,20.00400161743164,0.024468032643198967,1.1516697406768799,-0.02753472328186035,9.537189483642578,0.022437477484345436,-0.05472346395254135,-0.08274833112955093,38.02943801879883,35.315895080566406,-85.73052215576172
7.327672481536865,0,9.327303886413574,1.2558701038360596,4.800000190734863,4.800000190734863,2.004000186920166,2948.0,-0.0,1.0,20.00400161743164,0.02420659177005291,0.5836163759231567,0.46868887543678284,7.418811798095703,-0.039615120738744736,-0.00105995312333107,-0.09180322289466858,37.67567443847656,36.38069534301758,-87.09402465820312
7.347951412200928,0,9.352270126342773,1.254572868347168,4.800000190734863,4.800000190734863,2.008000135421753,2952.0,-0.0,1.0,20.036001205444336,0.02496614307165146,0.1400679349899292,0.13887077569961548,9.230117797851562,-0.10299932211637497,0.028235264122486115,-0.10778243094682693,36.9681510925293,35.67082977294922,-87.09402465820312
7.3682684898376465,0,9.378358840942383,1.2614413499832153,4.800000190734863,4.800000190734863,2.004000186920166,2960.0,-0.0,1.0,20.016000747680664,0.026088960468769073,0.44474563002586365,0.4261896312236786,11.05339527130127,0.03202500194311142,-0.012112239375710487,-0.1276232898235321,35.729984283447266,36.9130973815918,-86.24183654785156
7.388371706008911,0,9.404959678649902,1.2754061222076416,4.800000190734863,4.800000190734863,2.004000186920166,2956.0,-0.0,1.0,20.00800132751465,0.026600832119584084,0.3370010554790497,0.6165383458137512,8.466927528381348,0.0462731271982193,-0.014775441959500313,-0.11390779167413712,36.43750762939453,37.97789764404297,-86.24183654785156
7.408666610717773,0,9.431668281555176,1.2858368158340454,4.800000190734863,4.800000190734863,2.004000186920166,2948.0,-0.0,1.0,20.00800132751465,0.02670815959572792,-0.2591855525970459,0.4615058898925781,9.321102142333984,-0.0606544092297554,0.000804288312792778,-0.09739594161510468,36.9681510925293,36.38069534301758,-87.09402465820312
7.428935527801514,0,9.457063674926758,1.2827603816986084,4.800000190734863,4.800000190734863,2.004000186920166,2948.0,-0.0,1.0,20.016000747680664,0.025395456701517105,0.28851601481437683,0.5662575364112854,9.601836204528809,-0.05546116828918457,-0.07749383896589279,-0.08527837693691254,36.43750762939453,37.268028259277344,-86.58271026611328
7.449222803115845,0,9.481366157531738,1.2702226638793945,4.800000190734863,4.800000190734863,2.008000135421753,2952.0,-0.0,1.0,20.00800132751465,0.02430291287600994,0.6183341145515442,0.6973468065261841,7.077620983123779,-0.026432272046804428,-0.023164527490735054,-0.0800851359963417,35.906864166259766,36.73563003540039,-87.43490600585938
7.469345808029175,0,9.505942344665527,1.2608815431594849,4.800000190734863,4.800000190734863,2.004000186920166,2960.0,-0.0,1.0,20.00400161743164,0.024575360119342804,0.3010862171649933,0.3130578100681305,8.580657958984375,-0.11285316944122314,0.05739732086658478,-0.07595717161893845,37.32191467285156,36.38069534301758,-86.7531509399414
7.489611625671387,0,9.531059265136719,1.2620770931243896,4.800000190734863,4.800000190734863,2.004000186920166,2956.0,-0.0,1.0,20.012001037597656,0.025117503479123116,0.762592077255249,-0.31664931774139404,9.672469139099121,-0.08901751041412354,0.033428508788347244,-0.08154989033937454,36.61438751220703,37.0905647277832,-87.09402465820312
7.509894609451294,0,9.55772876739502,1.272444486618042,4.800000190734863,4.800000190734863,2.004000186920166,2948.0,-0.0,1.0,20.00400161743164,0.026669632643461227,0.20531325042247772,0.42259812355041504,8.990086555480957,-0.016711585223674774,0.0631232038140297,-0.08807473629713058,36.61438751220703,38.155364990234375,-86.07139587402344
7.530245304107666,0,9.5845365524292,1.2870105504989624,4.800000190734863,4.800000190734863,2.004000186920166,2948.0,-0.0,1.0,20.00800132751465,0.026807231828570366,0.053273703902959824,0.22147494554519653,8.730901718139648,-0.009254622273147106,0.05326935648918152,-0.08261517435312271,37.32191467285156,38.155364990234375,-86.7531509399414
7.550496816635132,0,9.611478805541992,1.2976350784301758,4.800000190734863,4.800000190734863,2.004000186920166,2944.0,-0.0,1.0,20.00800132751465,0.02694207988679409,-0.2520025670528412,0.36752867698669434,8.807519912719727,-0.020173748955130577,0.013188175857067108,-0.07182920724153519,36.7912712097168,36.9130973815918,-86.24183654785156
7.570629358291626,0,9.63767147064209,1.2971761226654053,4.800000190734863,4.800000190734863,2.004000186920166,2968.0,-0.0,1.0,20.012001037597656,0.026193536818027496,0.17957428097724915,0.8445976972579956,8.751852035522461,-0.029228633269667625,0.013587655499577522,-0.08860737830400467,37.1450309753418,37.622962951660156,-86.92359161376953
7.590878963470459,0,9.662453651428223,1.2889859676361084,4.800000190734863,4.800000190734863,2.004000186920166,2948.0,-0.0,1.0,20.012001037597656,0.024781759828329086,0.06823822855949402,0.462104469537735,10.602065086364746,0.019374797120690346,0.028235264122486115,-0.09593117982149124,37.49879455566406,36.9130973815918,-87.26446533203125
7.611157655715942,0,9.687810897827148,1.2830015420913696,4.800000190734863,4.800000190734863,2.004000186920166,2984.0,-0.0,1.0,20.016000747680664,0.025356927886605263,0.2783401310443878,0.4303796887397766,7.481663227081299,-0.05173268914222717,0.05047299712896347,-0.11057879030704498,37.85255813598633,37.268028259277344,-87.26446533203125
7.631488561630249,0,9.713464736938477,1.2849231958389282,4.800000190734863,4.800000190734863,2.004000186920166,2944.0,-0.0,1.0,20.00400161743164,0.0256541445851326,0.17538420855998993,-0.06285099685192108,8.654881477355957,-0.10499671846628189,0.10213910788297653,-0.1394745260477066,36.61438751220703,38.155364990234375,-87.43490600585938
7.651528358459473,0,9.740459442138672,1.2961857318878174,4.800000190734863,4.800000190734863,2.01200008392334,2952.0,-0.0,1.0,20.00800132751465,0.0269943680614233,-0.04369640722870827,-0.1741870492696762,11.183287620544434,0.006591426208615303,0.038621753454208374,-0.14839625358581543,36.26062774658203,36.38069534301758,-86.41226959228516
7.671823740005493,0,9.768213272094727,1.3108291625976562,4.800000190734863,4.800000190734863,2.004000186920166,2960.0,-0.0,1.0,20.012001037597656,0.02775391936302185,0.3974577486515045,0.797908365726471,9.18881607055664,0.026698598638176918,0.006796492263674736,-0.14493408799171448,36.7912712097168,37.268028259277344,-88.28709411621094
7.692096471786499,0,9.794989585876465,1.3175443410873413,4.800000190734863,4.800000190734863,2.004000186920166,2948.0,-0.0,1.0,20.016000747680664,0.026776960119605064,-0.238235205411911,0.8841040134429932,9.623984336853027,-0.025766471400856972,0.0036006495356559753,-0.12282951921224594,37.67567443847656,37.0905647277832,-87.7757797241211
7.71239161491394,0,9.821266174316406,1.310433030128479,4.800000190734863,4.800000190734863,2.01200008392334,3072.0,-0.0,1.0,20.00400161743164,0.02627609670162201,0.3573528230190277,0.6255170702934265,9.793981552124023,0.033756084740161896,-0.058052465319633484,-0.1088477075099945,38.20631790161133,36.9130973815918,-86.92359161376953
7.7324957847595215,0,9.845582962036133,1.2994437217712402,4.800000190734863,4.800000190734863,2.004000186920166,2956.0,-0.0,1.0,20.00800132751465,0.02431667223572731,0.44953426718711853,0.5351313352584839,8.068870544433594,0.032424479722976685,-0.019169723615050316,-0.1144404336810112,38.20631790161133,36.9130973815918,-87.26446533203125
7.752781629562378,0,9.871448516845703,1.2982542514801025,4.800000190734863,4.800000190734863,2.004000186920166,2952.0,-0.0,1.0,20.032001495361328,0.02586604841053486,-0.19693312048912048,0.022147493436932564,8.687803268432617,-0.022836949676275253,-0.015174919739365578,-0.10485290735960007,38.913841247558594,38.68776321411133,-86.92359161376953
7.773065805435181,0,9.898905754089355,1.3099509477615356,4.800000190734863,4.800000190734863,2.004000186920166,2964.0,-0.0,1.0,20.012001037597656,0.027456704527139664,0.6847766041755676,0.1759827882051468,10.576326370239258,-0.006591420620679855,0.006530171260237694,-0.11483991146087646,38.736961364746094,37.80043029785156,-87.09402465820312
7.793359994888306,0,9.926827430725098,1.3272353410720825,4.800000190734863,4.800000190734863,2.004000186920166,2948.0,-0.0,1.0,20.012001037597656,0.02792179211974144,0.07781551778316498,0.14365942776203156,9.320503234863281,0.06291814148426056,0.011590254493057728,-0.10605134814977646,37.32191467285156,37.80043029785156,-87.7757797241211
7.813631296157837,0,9.955772399902344,1.340922236442566,4.800000190734863,4.800000190734863,2.004000186920166,3092.0,-0.0,1.0,20.012001037597656,0.02894553542137146,0.048485055565834045,0.7141070365905762,7.343390941619873,0.04733841121196747,0.02264254167675972,-0.08740893751382828,38.20631790161133,35.49336242675781,-86.24183654785156
7.833723306655884,0,9.98178768157959,1.3409096002578735,4.800000190734863,4.800000190734863,2.004000186920166,2956.0,-0.0,1.0,20.012001037597656,0.026014655828475952,0.43576690554618835,0.6015738248825073,9.609618186950684,0.022570637986063957,-0.03208625316619873,-0.07342712581157684,37.49879455566406,37.622962951660156,-86.58271026611328
7.854002475738525,0,10.007617950439453,1.3316287994384766,4.800000190734863,4.800000190734863,2.004000186920166,2956.0,-0.0,1.0,20.032001495361328,0.02583027258515358,-0.26756566762924194,0.4734775125980377,9.60782241821289,0.08156055212020874,5.327165126800537e-06,-0.07103024423122406,38.20631790161133,35.49336242675781,-87.94622039794922
7.874306678771973,0,10.033841133117676,1.3262616395950317,4.800000190734863,4.800000190734863,2.0160000324249268,2960.0,-0.0,1.0,20.016000747680664,0.026223808526992798,0.3549584746360779,1.145085334777832,7.900669574737549,0.05479537695646286,-0.009182717651128769,-0.05864635854959488,37.49879455566406,35.49336242675781,-88.28709411621094
7.894628047943115,0,10.060632705688477,1.330152153968811,4.800000190734863,4.800000190734863,2.004000186920166,2948.0,-0.0,1.0,20.00400161743164,0.026790719479322433,0.25738978385925293,0.356155663728714,10.189642906188965,-0.019641108810901642,0.07710501551628113,-0.059445321559906006,38.560081481933594,37.268028259277344,-86.58271026611328
7.914879560470581,0,10.089096069335938,1.3423163890838623,4.800000190734863,4.800000190734863,2.004000186920166,3024.0,-0.0,1.0,20.012001037597656,0.02846393547952175,0.6105525493621826,0.002394323702901602,9.519830703735352,0.07104090601205826,0.07417549192905426,-0.049058832228183746,38.383201599121094,37.0905647277832,-87.43490600585938
7.934971570968628,0,10.116918563842773,1.3555747270584106,4.800000190734863,4.800000190734863,2.004000186920166,2952.0,-0.0,1.0,20.00400161743164,0.027822719886898994,0.05866093188524246,0.354359894990921,9.567118644714355,0.11897853016853333,0.06711801141500473,-0.04053658992052078,39.621368408203125,37.268028259277344,-86.58271026611328
7.95527458190918,0,10.14479923248291,1.3620615005493164,4.800000190734863,4.800000190734863,2.0160000324249268,2944.0,-0.0,1.0,20.02800178527832,0.027880512177944183,-0.7841410040855408,1.0475165843963623,7.831234455108643,0.04920265078544617,0.016250858083367348,-0.027353743091225624,39.26760482788086,36.558162689208984,-87.60533905029297
7.9755494594573975,0,10.171485900878906,1.355212926864624,4.800000190734863,4.800000190734863,2.004000186920166,2960.0,-0.0,1.0,20.00800132751465,0.02668614313006401,0.1771799474954605,0.7793523669242859,10.91871452331543,0.05399641394615173,-0.06697419285774231,-0.00791237037628889,38.913841247558594,36.20322799682617,-87.94622039794922
7.995798826217651,0,10.197236061096191,1.3439503908157349,4.800000190734863,4.800000190734863,2.0280001163482666,2948.0,-0.0,1.0,20.020000457763672,0.02575046382844448,0.054470863193273544,0.1520395576953888,7.338003635406494,0.07463622838258743,-0.03794529289007187,-0.008844491094350815,39.44448471069336,36.73563003540039,-87.43490600585938
8.016084909439087,0,10.224016189575195,1.3417158126831055,4.800000190734863,4.800000190734863,2.004000186920166,2960.0,-0.0,1.0,20.016000747680664,0.02677971124649048,0.5315398573875427,0.29450181126594543,7.55169677734375,-0.00499350018799305,0.0024022087454795837,-0.01137453317642212,39.798248291015625,35.315895080566406,-86.41226959228516
8.036365032196045,0,10.251725196838379,1.351331114768982,4.800000190734863,4.800000190734863,2.004000186920166,2944.0,-0.0,1.0,20.00400161743164,0.02770988829433918,0.16640549898147583,-0.6087567806243896,11.320362091064453,-0.02350275032222271,-0.02063448540866375,-0.03507702797651291,39.975128173828125,36.9130973815918,-85.90095520019531
8.05650019645691,0,10.280550003051758,1.3672646284103394,4.800000190734863,4.800000190734863,2.004000186920166,2956.0,-0.0,1.0,20.00800132751465,0.028824448585510254,-0.06225241720676422,0.8493863344192505,8.3089017868042,0.046805769205093384,-0.02995569072663784,-0.058246880769729614,39.09072494506836,36.38069534301758,-86.07139587402344
8.076735734939575,0,10.309170722961426,1.3783915042877197,4.800000190734863,4.800000190734863,2.004000186920166,2948.0,-0.0,1.0,20.012001037597656,0.028620800003409386,-0.2980932891368866,0.7416417598724365,9.957992553710938,0.02190483547747135,-0.012112239375710487,-0.057314757257699966,40.859535217285156,37.44549560546875,-87.43490600585938
8.09702730178833,0,10.33640193939209,1.3749849796295166,4.800000190734863,4.800000190734863,2.004000186920166,2952.0,-0.0,1.0,20.012001037597656,0.027231039479374886,0.23584088683128357,0.42858394980430603,8.547735214233398,0.002330305054783821,-0.08588292449712753,-0.04466455057263374,40.15201187133789,34.960960388183594,-87.7757797241211
8.117316961288452,0,10.362677574157715,1.3617219924926758,4.800000190734863,4.800000190734863,2.004000186920166,2960.0,-0.0,1.0,20.00800132751465,0.02627609670162201,0.5572788715362549,0.32862094044685364,10.244712829589844,0.051200054585933685,-0.015041762962937355,-0.05465155839920044,38.02943801879883,36.025760650634766,-88.11666107177734
8.137605667114258,0,10.388948440551758,1.3550488948822021,4.800000190734863,4.800000190734863,2.0160000324249268,2952.0,-0.0,1.0,20.00400161743164,0.026270592585206032,0.1682012379169464,0.5225611329078674,6.939947128295898,0.021638518199324608,-0.028624089434742928,-0.05545051768422127,39.975128173828125,36.20322799682617,-87.94622039794922
8.157691717147827,0,10.417137145996094,1.3611235618591309,4.800000190734863,4.800000190734863,2.004000186920166,2952.0,-0.0,1.0,20.016000747680664,0.028188735246658325,0.6536503434181213,-0.27474865317344666,9.329482078552246,-0.06105389446020126,0.07763765752315521,-0.0812835767865181,38.736961364746094,36.025760650634766,-86.58271026611328
8.177979946136475,0,10.445152282714844,1.3723641633987427,4.800000190734863,4.800000190734863,2.008000135421753,2948.0,-0.0,1.0,20.012001037597656,0.028015360236167908,0.10535024106502533,0.3184450566768646,10.289606094360352,0.04294412583112717,0.07204493135213852,-0.0919363796710968,38.736961364746094,35.315895080566406,-89.13928985595703
8.19824743270874,0,10.473715782165527,1.3817195892333984,4.800000190734863,4.800000190734863,2.0160000324249268,2956.0,-0.0,1.0,20.012001037597656,0.028563007712364197,-0.32862094044685364,0.9415677785873413,10.254888534545898,0.04214517027139664,0.005864371545612812,-0.07888669520616531,40.32889175415039,35.49336242675781,-87.94622039794922
8.218557596206665,0,10.501532554626465,1.3814233541488647,4.800000190734863,4.800000190734863,2.004000186920166,2968.0,-0.0,1.0,20.012001037597656,0.027817215770483017,0.017358846962451935,0.6728049516677856,8.817096710205078,0.013915231451392174,-0.042872220277786255,-0.05704843997955322,40.32889175415039,35.848297119140625,-88.28709411621094
8.238808155059814,0,10.527787208557129,1.3705207109451294,4.800000190734863,4.800000190734863,2.004000186920166,2948.0,-0.0,1.0,20.00400161743164,0.0262540802359581,0.10594882071018219,0.20052461326122284,8.488475799560547,0.0021971445530653,-0.08921192586421967,-0.05158887431025505,39.975128173828125,36.20322799682617,-87.60533905029297
8.258942127227783,0,10.554121017456055,1.3610265254974365,4.800000190734863,4.800000190734863,2.004000186920166,2948.0,-0.0,1.0,20.00400161743164,0.02633388713002205,0.509990930557251,0.6285099983215332,8.141898155212402,0.00019974447786808014,-0.04020901769399643,-0.0625080019235611,40.682655334472656,34.07362747192383,-86.58271026611328
8.279240369796753,0,10.581511497497559,1.3624868392944336,4.800000190734863,4.800000190734863,2.004000186920166,2948.0,-0.0,1.0,20.012001037597656,0.027390655130147934,0.004190066363662481,0.2783401310443878,8.286155700683594,-0.09074859321117401,0.05393516272306442,-0.07715561240911484,40.682655334472656,35.138427734375,-88.28709411621094
8.299515962600708,0,10.610038757324219,1.3740137815475464,4.800000190734863,4.800000190734863,2.004000186920166,2948.0,-0.0,1.0,20.012001037597656,0.028527231886982918,0.4884420335292816,0.3172478973865509,12.470834732055664,-0.06638029962778091,0.012256055139005184,-0.10751610994338989,41.21329879760742,36.38069534301758,-87.09402465820312
8.319772243499756,0,10.639270782470703,1.3872873783111572,4.800000190734863,4.800000190734863,2.004000186920166,2972.0,-0.0,1.0,20.00800132751465,0.02923174388706684,-0.18256717920303345,0.38967618346214294,6.891462326049805,-0.0005992166697978973,-0.010780638083815575,-0.09872754663228989,40.859535217285156,34.960960388183594,-88.11666107177734
8.340025186538696,0,10.667351722717285,1.392343282699585,4.800000190734863,4.800000190734863,2.004000186920166,2948.0,-0.0,1.0,20.012001037597656,0.028081407770514488,-0.2603827118873596,1.1373037099838257,10.014857292175293,-0.040680401027202606,-0.06937107443809509,-0.0794193297624588,40.682655334472656,35.49336242675781,-88.28709411621094
8.36016058921814,0,10.694189071655273,1.382744312286377,4.800000190734863,4.800000190734863,2.004000186920166,2952.0,-0.0,1.0,20.00800132751465,0.026837503537535667,-0.22985507547855377,0.4674917161464691,7.539725303649902,-0.03801719844341278,-0.09120932966470718,-0.08407993614673615,42.62834548950195,35.67082977294922,-88.45753479003906
8.380425214767456,0,10.720239639282227,1.368396520614624,4.800000190734863,4.800000190734863,2.004000186920166,2948.0,-0.0,1.0,20.012001037597656,0.02605043165385723,0.49801933765411377,0.5213639736175537,12.35351276397705,0.03388924151659012,-0.006120035424828529,-0.06810072809457779,42.27458572387695,36.025760650634766,-87.43490600585938
8.400720357894897,0,10.747244834899902,1.3648513555526733,4.800000190734863,4.800000190734863,2.0320000648498535,2952.0,-0.0,1.0,20.00800132751465,0.027005376294255257,0.17538420855998993,0.20591184496879578,6.157003402709961,-0.03695191815495491,-0.0331515297293663,-0.07462556660175323,43.866512298583984,35.138427734375,-88.62797546386719
8.421011447906494,0,10.775901794433594,1.3756706714630127,4.800000190734863,4.800000190734863,2.004000186920166,2964.0,-0.0,1.0,20.012001037597656,0.028656575828790665,1.0529038906097412,0.23165081441402435,8.401082992553711,-0.034155555069446564,0.07990137487649918,-0.07595717161893845,43.33586883544922,36.73563003540039,-88.45753479003906
8.44111704826355,0,10.804814338684082,1.3898515701293945,4.800000190734863,4.800000190734863,2.004000186920166,2952.0,-0.0,1.0,20.00800132751465,0.028912512585520744,-0.03232337161898613,0.007182971108704805,10.771463394165039,0.05279797315597534,0.08895625919103622,-0.07422608882188797,42.80522918701172,35.49336242675781,-87.26446533203125
8.461576461791992,0,10.834335327148438,1.3960627317428589,4.800000190734863,4.800000190734863,2.004000186920166,3004.0,-0.0,1.0,20.084001541137695,0.029520703479647636,-0.09397720545530319,1.1815987825393677,8.623156547546387,0.03735140711069107,-0.019968682900071144,-0.0675680860877037,43.15898895263672,36.20322799682617,-86.92359161376953
8.481685161590576,0,10.860580444335938,1.3890427350997925,4.800000190734863,4.800000190734863,2.004000186920166,2948.0,-0.0,1.0,20.00400161743164,0.02624582313001156,-0.35795140266418457,0.8308303356170654,9.082268714904785,-0.017643706873059273,-0.01650652103126049,-0.055051036179065704,43.866512298583984,36.558162689208984,-86.92359161376953
8.501964092254639,0,10.886969566345215,1.3762311935424805,4.800000190734863,4.800000190734863,2.004000186920166,2948.0,-0.0,1.0,20.00400161743164,0.026388928294181824,0.20471467077732086,0.2549954652786255,10.016653060913086,0.0035287458449602127,-0.062446750700473785,-0.04945831373333931,43.689632415771484,36.025760650634766,-87.7757797241211
8.522269487380981,0,10.914291381835938,1.3725032806396484,4.800000190734863,4.800000190734863,2.004000186920166,2952.0,-0.0,1.0,20.012001037597656,0.02732185646891594,0.5770320296287537,-0.08918856084346771,7.345785140991211,0.027630718424916267,-0.04646754264831543,-0.039737626910209656,44.39715576171875,36.025760650634766,-88.11666107177734
8.542527914047241,0,10.94257640838623,1.3818718194961548,4.800000190734863,4.800000190734863,2.004000186920166,2948.0,-0.0,1.0,20.012001037597656,0.028285056352615356,0.03172478824853897,0.4100279211997986,8.9110746383667,-0.040414080023765564,0.06432164460420609,-0.054252076894044876,43.33586883544922,36.025760650634766,-87.09402465820312
8.56263256072998,0,10.972713470458984,1.3963871002197266,4.800000190734863,4.800000190734863,2.004000186920166,3088.0,-0.0,1.0,20.00800132751465,0.03013715147972107,0.03232337161898613,0.4010492265224457,10.715197563171387,0.0008655432611703873,0.034360628575086594,-0.07609032839536667,43.689632415771484,34.60602951049805,-87.7757797241211
8.582929372787476,0,11.000855445861816,1.4059913158416748,4.800000190734863,4.800000190734863,2.008000135421753,2948.0,-0.0,1.0,20.00800132751465,0.02814195118844509,-0.32562801241874695,0.6644248366355896,6.3868584632873535,0.03109288401901722,0.010391813702881336,-0.07222868502140045,44.22027587890625,33.36376190185547,-88.28709411621094
8.60320496559143,0,11.028879165649414,1.4047949314117432,4.800000190734863,4.800000190734863,2.0160000324249268,2952.0,-0.0,1.0,20.00400161743164,0.0280236154794693,0.09697011113166809,0.5279483795166016,9.69162368774414,-0.02443487010896206,-0.08175496011972427,-0.06157588213682175,45.28156280517578,36.558162689208984,-88.28709411621094
8.623533487319946,0,11.055747032165527,1.3918880224227905,4.800000190734863,4.800000190734863,2.008000135421753,2960.0,-0.0,1.0,20.016000747680664,0.02686777524650097,0.2771429717540741,0.22327068448066711,8.783576965332031,-0.029361793771386147,-0.05592190474271774,-0.0819493755698204,45.10468292236328,35.315895080566406,-87.43490600585938
8.643775224685669,0,11.082306861877441,1.3821942806243896,4.800000190734863,4.800000190734863,2.004000186920166,2948.0,-0.0,1.0,20.012001037597656,0.026559552177786827,0.14784948527812958,0.14066651463508606,10.407526969909668,0.01684475503861904,-0.014908602461218834,-0.08993897587060928,44.574039459228516,36.20322799682617,-86.58271026611328
8.663916110992432,0,11.11121654510498,1.3864206075668335,4.800000190734863,4.800000190734863,2.004000186920166,3076.0,-0.0,1.0,20.00400161743164,0.02890975959599018,0.8631536960601807,0.2831287682056427,6.456294059753418,-0.04640628397464752,-0.018104443326592445,-0.11124458909034729,44.39715576171875,36.025760650634766,-88.45753479003906
8.684192180633545,0,11.139657974243164,1.4003902673721313,4.800000190734863,4.800000190734863,2.004000186920166,2956.0,-0.0,1.0,20.00400161743164,0.02844192087650299,0.8350203633308411,-0.3034805357456207,10.580516815185547,-0.028030192479491234,0.12810532748699188,-0.12123160064220428,43.866512298583984,35.49336242675781,-88.28709411621094
8.704524755477905,0,11.169011116027832,1.4119197130203247,4.800000190734863,4.800000190734863,2.008000135421753,2952.0,-0.0,1.0,20.012001037597656,0.029352832585573196,-0.22087636590003967,0.8463934063911438,9.364798545837402,0.03002760000526905,0.038488589227199554,-0.12735696136951447,44.39715576171875,37.44549560546875,-86.41226959228516
8.724586486816406,0,11.197307586669922,1.409953236579895,4.800000190734863,4.800000190734863,2.004000186920166,2960.0,-0.0,1.0,20.00800132751465,0.02829606458544731,-0.07841410487890244,1.0469180345535278,9.29416561126709,0.019374797120690346,-0.04260589927434921,-0.11763627827167511,44.22027587890625,36.20322799682617,-88.28709411621094
8.744858741760254,0,11.223921775817871,1.3975402116775513,4.800000190734863,4.800000190734863,2.004000186920166,2952.0,-0.0,1.0,20.00800132751465,0.026614591479301453,-0.03352053090929985,0.45671725273132324,8.716535568237305,-0.02137218974530697,-0.010514318943023682,-0.10485290735960007,44.39715576171875,36.38069534301758,-87.09402465820312
8.76516604423523,0,11.251252174377441,1.388474702835083,4.800000190734863,4.800000190734863,2.0160000324249268,3000.0,-0.0,1.0,20.012001037597656,0.02733011171221733,0.5722433924674988,0.055668026208877563,10.256085395812988,-6.65765255689621e-05,-0.08042336255311966,-0.09553170204162598,44.927799224853516,37.268028259277344,-86.58271026611328
8.785431861877441,0,11.279232025146484,1.3940362930297852,4.800000190734863,4.800000190734863,2.004000186920166,2952.0,-0.0,1.0,20.00400161743164,0.02797958441078663,0.0790126845240593,0.8092814087867737,6.407210350036621,-0.06451605260372162,-0.026626689359545708,-0.09526538103818893,44.574039459228516,38.33283233642578,-87.26446533203125
8.805745840072632,0,11.309357643127441,1.408860445022583,4.800000190734863,4.800000190734863,2.004000186920166,2952.0,-0.0,1.0,20.016000747680664,0.030126143246889114,0.6201298236846924,0.26756566762924194,11.65018081665039,-0.1056625247001648,0.059128403663635254,-0.10711663216352463,45.45844268798828,36.38069534301758,-87.7757797241211
8.825835943222046,0,11.338071823120117,1.4189797639846802,4.800000190734863,4.800000190734863,2.004000186920166,2956.0,-0.0,1.0,20.00400161743164,0.028714368119835854,0.17897570133209229,-0.055668026208877563,7.81028413772583,-0.013648904860019684,0.03808911144733429,-0.11377463489770889,44.750919342041016,37.80043029785156,-85.73052215576172
8.84610915184021,0,11.3666353225708,1.4201949834823608,4.800000190734863,4.800000190734863,2.004000186920166,2948.0,-0.0,1.0,20.016000747680664,0.028563007712364197,-0.13946935534477234,1.2737802267074585,9.096633911132812,-0.014048384502530098,0.012522375211119652,-0.11830207705497742,46.34284973144531,37.97789764404297,-88.62797546386719
8.866397142410278,0,11.394265174865723,1.4113494157791138,4.800000190734863,4.800000190734863,2.004000186920166,2960.0,-0.0,1.0,20.00400161743164,0.02763007953763008,-0.553687334060669,0.4381612241268158,7.563069820404053,-0.046672604978084564,-0.05672086775302887,-0.11523939669132233,44.927799224853516,36.558162689208984,-87.60533905029297
8.886662721633911,0,11.421405792236328,1.403052806854248,4.800000190734863,4.800000190734863,2.01200008392334,2952.0,-0.0,1.0,20.00400161743164,0.02714022435247898,1.1708242893218994,0.3872818648815155,11.434691429138184,-0.018043186515569687,-0.008516917005181313,-0.12402796000242233,45.63532638549805,38.33283233642578,-86.92359161376953
8.906830310821533,0,11.449539184570312,1.4039124250411987,4.800000190734863,4.800000190734863,2.004000186920166,2948.0,-0.0,1.0,20.012001037597656,0.0281336959451437,0.30467769503593445,-0.20591184496879578,7.727081298828125,0.05346377193927765,-0.013044359162449837,-0.10724978893995285,45.45844268798828,37.80043029785156,-87.09402465820312
8.927074432373047,0,11.47898006439209,1.4162189960479736,4.800000190734863,4.800000190734863,2.004000186920166,2960.0,-0.0,1.0,20.012001037597656,0.029440896585583687,0.8505834937095642,0.18137001991271973,7.247617721557617,0.011917831376194954,0.09468214213848114,-0.12243004143238068,46.34284973144531,37.97789764404297,-85.90095520019531
8.9473397731781,0,11.508800506591797,1.429039478302002,4.800000190734863,4.800000190734863,2.0320000648498535,2960.0,-0.0,1.0,20.016000747680664,0.029820671305060387,0.020351750776171684,0.5937922596931458,9.735320091247559,-0.0051266588270664215,0.15353889763355255,-0.11976683884859085,45.81220626831055,38.51029586791992,-87.09402465820312
8.967649221420288,0,11.537796020507812,1.4308409690856934,4.800000190734863,4.800000190734863,2.004000186920166,2964.0,-0.0,1.0,20.012001037597656,0.028995072469115257,-0.15862394869327545,0.5213639736175537,11.18388557434082,0.04534100741147995,0.0050654103979468346,-0.1200331598520279,46.34284973144531,36.558162689208984,-87.60533905029297
8.987762212753296,0,11.56523609161377,1.4220296144485474,4.800000190734863,4.800000190734863,2.004000186920166,2956.0,-0.0,1.0,20.00400161743164,0.02744019217789173,0.06464674323797226,0.8727309703826904,8.092215538024902,0.06105390191078186,-0.01637336052954197,-0.11350831389427185,45.63532638549805,38.68776321411133,-86.92359161376953
9.008029222488403,0,11.592750549316406,1.4129819869995117,4.800000190734863,4.800000190734863,2.004000186920166,2948.0,-0.0,1.0,20.00400161743164,0.027514496818184853,-0.4100279211997986,0.11732186377048492,9.654511451721191,0.04134620726108551,-0.06284622848033905,-0.10858138650655746,46.16596984863281,39.930030822753906,-88.45753479003906
9.028337955474854,0,11.621190071105957,1.4150807857513428,4.800000190734863,4.800000190734863,2.004000186920166,2960.0,-0.0,1.0,20.00400161743164,0.028439167886972427,0.002992904745042324,0.7811481356620789,8.551925659179688,0.035753488540649414,-0.07469747960567474,-0.10165706276893616,45.10468292236328,38.865230560302734,-88.11666107177734
9.04862356185913,0,11.651018142700195,1.4293265342712402,4.800000190734863,4.800000190734863,2.008000135421753,2952.0,-0.0,1.0,20.00800132751465,0.029828928411006927,0.952940821647644,-0.1592225283384323,8.694986343383789,0.023236436769366264,0.020245660096406937,-0.1107119470834732,45.63532638549805,40.10749816894531,-88.28709411621094
9.06873631477356,0,11.6815767288208,1.4440675973892212,4.800000190734863,4.800000190734863,2.0160000324249268,2984.0,-0.0,1.0,20.016000747680664,0.030558208003640175,0.5004136562347412,0.6656219959259033,10.900158882141113,0.06558134406805038,0.07404233515262604,-0.13987401127815247,45.98908615112305,39.39763259887695,-130.89669799804688
9.089017152786255,0,11.710747718811035,1.4486156702041626,4.800000190734863,4.800000190734863,2.004000186920166,2952.0,-0.0,1.0,20.012001037597656,0.029171200469136238,-0.13946935534477234,0.7386488914489746,6.701712131500244,0.06824453920125961,0.011723414994776249,-0.12602536380290985,46.34284973144531,40.81736755371094,-89.30972290039062
9.109304428100586,0,11.738790512084961,1.4400144815444946,4.800000190734863,4.800000190734863,2.004000186920166,2948.0,-0.0,1.0,20.00400161743164,0.028042880818247795,0.472280353307724,0.41481658816337585,11.592717170715332,0.013116272166371346,0.00613069161772728,-0.11950051784515381,46.69661331176758,39.7525634765625,-88.28709411621094
9.12956190109253,0,11.766173362731934,1.4271544218063354,4.800000190734863,4.800000190734863,2.004000186920166,2960.0,-0.0,1.0,20.012001037597656,0.027382399886846542,-0.6033695936203003,0.7793523669242859,8.757837295532227,-0.007124060764908791,-0.007451636716723442,-0.11989999562501907,45.28156280517578,40.10749816894531,-89.65060424804688
9.149839401245117,0,11.794496536254883,1.4253411293029785,4.800000190734863,4.800000190734863,2.004000186920166,2952.0,-0.0,1.0,20.012001037597656,0.02832358330488205,0.646467387676239,-0.32981809973716736,8.491469383239746,0.04960212856531143,-0.022099247202277184,-0.08807473629713058,45.63532638549805,40.81736755371094,-87.26446533203125
9.169994831085205,0,11.824389457702637,1.435436487197876,4.800000190734863,4.800000190734863,2.004000186920166,2968.0,-0.0,1.0,20.00800132751465,0.029892224818468094,1.0463194847106934,0.3082691729068756,8.477701187133789,-0.02057322859764099,0.09228526055812836,-0.09872754663228989,45.45844268798828,40.63990020751953,-89.13928985595703
9.190263509750366,0,11.854193687438965,1.4473626613616943,4.800000190734863,4.800000190734863,2.004000186920166,2952.0,-0.0,1.0,20.012001037597656,0.029804160818457603,0.07182971388101578,0.24661533534526825,10.09566593170166,-0.02057322859764099,0.14102184772491455,-0.09433326125144958,46.69661331176758,40.10749816894531,-87.60533905029297
9.210577011108398,0,11.8833646774292,1.4491512775421143,4.800000190734863,4.800000190734863,2.004000186920166,2952.0,-0.0,1.0,20.012001037597656,0.029171200469136238,0.07482261210680008,1.1815987825393677,11.21980094909668,0.010186748579144478,0.014519776217639446,-0.09486590325832367,46.87349319458008,41.7047004699707,-88.79840850830078
9.230801820755005,0,11.911382675170898,1.4401588439941406,4.800000190734863,4.800000190734863,2.004000186920166,2948.0,-0.0,1.0,20.00400161743164,0.028018111363053322,-0.602770984172821,0.5967851877212524,7.530148029327393,-0.0015313364565372467,-0.015973882749676704,-0.09140373766422272,45.81220626831055,40.63990020751953,-88.11666107177734
9.25093936920166,0,11.939273834228516,1.431889295578003,4.800000190734863,4.800000190734863,2.0360000133514404,2956.0,-0.0,1.0,20.00800132751465,0.02789152041077614,0.17837712168693542,0.2370380461215973,10.878609657287598,0.010186748579144478,-0.03887741267681122,-0.07076392322778702,45.81220626831055,40.994834899902344,-88.45753479003906
9.271203994750977,0,11.968133926391602,1.4323257207870483,4.800000190734863,4.800000190734863,2.004000186920166,2964.0,-0.0,1.0,20.016000747680664,0.028860224410891533,-0.48485055565834045,0.40763360261917114,8.332844734191895,0.00432770699262619,-0.09573677182197571,-0.06730176508426666,45.45844268798828,43.12443542480469,-88.45753479003906
9.2915518283844,0,11.997773170471191,1.4430854320526123,4.800000190734863,4.800000190734863,2.004000186920166,2956.0,-0.0,1.0,20.016000747680664,0.02963903918862343,0.3651343584060669,0.28073444962501526,7.6851806640625,-0.013915224932134151,-0.02076764591038227,-0.0738266110420227,45.63532638549805,42.23710250854492,-88.9688491821289
9.311802864074707,0,12.028617858886719,1.455188274383545,4.800000190734863,4.800000190734863,2.004000186920166,3040.0,-0.0,1.0,20.00400161743164,0.030844416469335556,0.4914349317550659,0.18496151268482208,9.187618255615234,0.022836958989501,0.09468214213848114,-0.07023128867149353,45.63532638549805,40.10749816894531,-87.26446533203125
9.331892728805542,0,12.05750846862793,1.4581564664840698,4.800000190734863,4.800000190734863,2.004000186920166,2956.0,-0.0,1.0,20.012001037597656,0.028890496119856834,-0.4453442096710205,0.6847766041755676,9.632963180541992,0.025500157848000526,-0.0005273129791021347,-0.05984479933977127,47.05037307739258,41.88216781616211,-88.28709411621094
9.352166414260864,0,12.085803985595703,1.4501065015792847,4.800000190734863,4.800000190734863,2.004000186920166,2956.0,-0.0,1.0,20.02400016784668,0.02829606458544731,0.10116017609834671,0.9852641820907593,8.879349708557129,-0.049735285341739655,-0.014908602461218834,-0.0400039479136467,44.39715576171875,42.41456604003906,-88.79840850830078
9.372487783432007,0,12.113624572753906,1.4373804330825806,4.800000190734863,4.800000190734863,2.004000186920166,2960.0,-0.0,1.0,20.016000747680664,0.02781996876001358,0.14545516669750214,0.23883378505706787,9.644335746765137,-0.04227831959724426,-0.027292488142848015,-0.029750624671578407,44.39715576171875,41.34976577758789,-89.13928985595703
9.392770767211914,0,12.141820907592773,1.434397578239441,4.800000190734863,4.800000190734863,2.004000186920166,2944.0,-0.0,1.0,20.00800132751465,0.028196992352604866,-0.19453880190849304,0.6195312738418579,9.434233665466309,0.00739038921892643,-0.02476244606077671,-0.028285862877964973,44.750919342041016,41.7047004699707,-88.11666107177734
9.413041114807129,0,12.172709465026855,1.4453778266906738,4.800000190734863,4.800000190734863,2.004000186920166,3104.0,-0.0,1.0,20.04800033569336,0.030888447538018227,0.5333356261253357,0.12151192873716354,7.546908378601074,-0.009387781843543053,0.023175181820988655,-0.032546985894441605,44.39715576171875,41.7047004699707,-88.11666107177734
9.4333176612854,0,12.202103614807129,1.457937240600586,4.800000190734863,4.800000190734863,2.004000186920166,2944.0,-0.0,1.0,20.00800132751465,0.029394112527370453,0.5363284945487976,0.06464674323797226,10.763083457946777,0.01245046965777874,0.12118099629878998,-0.03414490446448326,45.28156280517578,42.59203338623047,-87.26446533203125
9.453603029251099,0,12.231569290161133,1.4604533910751343,4.800000190734863,4.800000190734863,2.0160000324249268,2948.0,-0.0,1.0,20.02800178527832,0.02946566417813301,0.09218145906925201,0.744036078453064,9.26004695892334,0.023369597271084785,0.015052417293190956,-0.03201434388756752,45.98908615112305,43.301902770996094,-87.26446533203125
9.473733901977539,0,12.259893417358398,1.4495956897735596,4.800000190734863,4.800000190734863,2.004000186920166,2972.0,-0.0,1.0,20.00400161743164,0.02832358330488205,-0.6069610714912415,0.5273497700691223,7.566062927246094,0.024301717057824135,-0.05245974659919739,-0.02788638323545456,44.22027587890625,43.65683364868164,-87.26446533203125
9.494006872177124,0,12.28759479522705,1.440395712852478,4.800000190734863,4.800000190734863,2.0160000324249268,2944.0,-0.0,1.0,20.012001037597656,0.02770163118839264,-0.40404212474823,0.7715708017349243,10.949840545654297,0.0025966260582208633,-0.057519830763339996,-0.010575572028756142,44.22027587890625,43.301902770996094,-88.62797546386719
9.514307498931885,0,12.317420959472656,1.4432328939437866,4.800000190734863,4.800000190734863,2.004000186920166,3064.0,-0.0,1.0,20.012001037597656,0.029826175421476364,0.2292564958333969,0.3160507380962372,9.033782958984375,0.0084556695073843,-0.07536327838897705,0.014059042558073997,43.33586883544922,43.4793701171875,-86.7531509399414
9.534408807754517,0,12.34689998626709,1.4553396701812744,4.800000190734863,4.800000190734863,2.004000186920166,2948.0,-0.0,1.0,20.012001037597656,0.02947942353785038,0.7518176436424255,-0.296297550201416,7.812079429626465,0.021105876192450523,-0.072566919028759,-0.003518088022246957,44.574039459228516,42.59203338623047,-87.26446533203125
9.55467414855957,0,12.377406120300293,1.4671417474746704,4.800000190734863,4.800000190734863,2.004000186920166,2948.0,-0.0,1.0,20.02400016784668,0.030505919829010963,0.0820055902004242,0.4202038049697876,10.478158950805664,0.030293921008706093,0.11212611198425293,-0.040802907198667526,44.22027587890625,43.301902770996094,-88.62797546386719
9.574979066848755,0,12.407144546508789,1.4686387777328491,4.800000190734863,4.800000190734863,2.0160000324249268,2956.0,-0.0,1.0,20.00400161743164,0.029738111421465874,-0.40464070439338684,0.8817096948623657,8.842836380004883,0.016578434035182,-0.0043889544904232025,-0.0650380477309227,43.33586883544922,41.7047004699707,-86.07139587402344
9.595247507095337,0,12.435429573059082,1.4604759216308594,4.800000190734863,4.800000190734863,2.01200008392334,2948.0,-0.0,1.0,20.016000747680664,0.028285056352615356,-0.06165383383631706,0.5752362608909607,8.565692901611328,-0.04294412210583687,-0.058318786323070526,-0.05651579797267914,43.689632415771484,44.54417037963867,-87.09402465820312
9.61555814743042,0,12.463590621948242,1.447896957397461,4.800000190734863,4.800000190734863,2.004000186920166,2972.0,-0.0,1.0,20.012001037597656,0.028161216527223587,-0.16580691933631897,0.5848135352134705,9.176844596862793,-0.055860649794340134,-0.03328469395637512,-0.06397276371717453,42.09770202636719,42.94696807861328,-86.92359161376953
9.635623931884766,0,12.491911888122559,1.4451720714569092,4.800000190734863,4.800000190734863,2.008000135421753,2952.0,-0.0,1.0,20.016000747680664,0.028320832177996635,0.5488986968994141,0.021548913791775703,8.662064552307129,0.017244232818484306,0.011989735066890717,-0.07395976781845093,42.62834548950195,42.769500732421875,-88.45753479003906
9.655940055847168,0,12.522103309631348,1.4559954404830933,4.800000190734863,4.800000190734863,2.004000186920166,2948.0,-0.0,1.0,20.00400161743164,0.030192192643880844,0.42559105157852173,-0.21548913419246674,8.581854820251465,0.044009409844875336,0.04647819697856903,-0.060510601848363876,42.98210906982422,44.54417037963867,-86.7531509399414
9.676229476928711,0,12.552494049072266,1.4681134223937988,4.800000190734863,4.800000190734863,2.004000186920166,2948.0,-0.0,1.0,20.00400161743164,0.030390335246920586,0.23883378505706787,0.24481959640979767,7.731271266937256,0.03109288401901722,0.080034539103508,-0.07622349262237549,42.62834548950195,43.12443542480469,-86.7531509399414
9.696500539779663,0,12.582053184509277,1.4686633348464966,4.800000190734863,4.800000190734863,2.0320000648498535,2952.0,-0.0,1.0,20.02400016784668,0.02955923229455948,-0.0909842997789383,1.1169520616531372,11.849508285522461,-0.03388923779129982,0.02983318641781807,-0.08035144954919815,43.33586883544922,45.608970642089844,-87.09402465820312
9.716784715652466,0,12.610214233398438,1.4561699628829956,4.800000190734863,4.800000190734863,2.004000186920166,2960.0,-0.0,1.0,20.012001037597656,0.028161216527223587,-0.4363654851913452,0.6356929540634155,7.76898193359375,-0.016977906227111816,-0.07509695738554001,-0.08115041255950928,42.98210906982422,44.18923568725586,-88.11666107177734
9.736892223358154,0,12.638070106506348,1.4462437629699707,4.800000190734863,4.800000190734863,2.004000186920166,2956.0,-0.0,1.0,20.00400161743164,0.02785574458539486,-0.03771059960126877,0.3771059811115265,9.77662181854248,-0.009121461771428585,-0.10412585735321045,-0.0750250518321991,43.512752532958984,44.366703033447266,-88.28709411621094
9.757208347320557,0,12.667346000671387,1.4497570991516113,4.800000190734863,4.800000190734863,2.004000186920166,2948.0,-0.0,1.0,20.016000747680664,0.02927577681839466,-0.2310522347688675,0.3310152590274811,11.120436668395996,-0.018176347017288208,-0.08708136528730392,-0.06157588213682175,41.56705856323242,44.54417037963867,-89.13928985595703
9.777462482452393,0,12.697887420654297,1.4635164737701416,4.800000190734863,4.800000190734863,2.008000135421753,2952.0,-0.0,1.0,20.012001037597656,0.030541695654392242,0.4674917161464691,0.0580623485147953,5.869085788726807,-0.020173748955130577,-0.10665589570999146,-0.065703846514225,40.682655334472656,44.72163772583008,-89.30972290039062
9.797723054885864,0,12.728428840637207,1.4746813774108887,4.800000190734863,4.800000190734863,2.0240001678466797,2952.0,-0.0,1.0,20.00800132751465,0.030541695654392242,1.1827958822250366,0.36154288053512573,9.336066246032715,-0.03601979836821556,0.07364284992218018,-0.06730176508426666,41.39017868041992,45.78643798828125,-88.28709411621094
9.818018913269043,0,12.757933616638184,1.472327470779419,4.800000190734863,4.800000190734863,2.004000186920166,2968.0,-0.0,1.0,20.012001037597656,0.029504191130399704,-0.7111141681671143,0.7374516725540161,7.631308078765869,-0.055061690509319305,0.02996634691953659,-0.07196236401796341,42.09770202636719,45.78643798828125,-88.28709411621094
9.838133811950684,0,12.785874366760254,1.4605510234832764,4.800000190734863,4.800000190734863,2.004000186920166,2948.0,-0.0,1.0,20.016000747680664,0.027941055595874786,0.48963919281959534,0.48664629459381104,10.500306129455566,-0.09341179579496384,-0.03634737432003021,-0.05704843997955322,41.56705856323242,43.83430099487305,-88.11666107177734
9.858474016189575,0,12.813959121704102,1.449731707572937,4.800000190734863,4.800000190734863,2.004000186920166,2952.0,-0.0,1.0,20.012001037597656,0.02808416076004505,-0.14485658705234528,0.20052461326122284,9.111000061035156,-0.13402561843395233,-0.00305735319852829,-0.060244280844926834,41.56705856323242,45.25403594970703,-88.79840850830078
9.878684759140015,0,12.84296989440918,1.45038902759552,4.800000190734863,4.800000190734863,2.004000186920166,2952.0,-0.0,1.0,20.012001037597656,0.02901158481836319,-0.12749773263931274,0.07482261210680008,6.963890552520752,-0.03788403794169426,0.008394412696361542,-0.04972463473677635,39.44448471069336,46.673770904541016,-89.13928985595703
9.89897084236145,0,12.873184204101562,1.4613332748413086,4.800000190734863,4.800000190734863,2.008000135421753,2944.0,-0.0,1.0,20.02800178527832,0.030214207246899605,0.9918485879898071,-0.0580623485147953,11.732784271240234,-0.023103270679712296,0.03582538664340973,-0.025223180651664734,39.975128173828125,45.43150329589844,-88.62797546386719
9.919249057769775,0,12.903877258300781,1.4716325998306274,4.800000190734863,4.800000190734863,2.004000186920166,2956.0,-0.0,1.0,20.012001037597656,0.0306930560618639,0.09637153148651123,0.44594278931617737,7.080015182495117,-0.07889734208583832,0.019979339092969894,-0.034544385969638824,39.44448471069336,45.25403594970703,-90.50279235839844
9.939354181289673,0,12.933029174804688,1.471381664276123,4.800000190734863,4.800000190734863,2.004000186920166,2948.0,-0.0,1.0,20.00400161743164,0.029151935130357742,-0.03531627357006073,0.880512535572052,9.267230033874512,-0.08928383141756058,0.0412849523127079,-0.03987078741192818,40.682655334472656,44.366703033447266,-86.92359161376953
9.959643125534058,0,12.961991310119629,1.461482048034668,4.800000190734863,4.800000190734863,2.004000186920166,2944.0,-0.0,1.0,20.012001037597656,0.028962047770619392,-0.39985206723213196,0.28851601481437683,9.492895126342773,0.00019974447786808014,-0.12409986555576324,-0.041735030710697174,40.15201187133789,90.68553924560547,-87.94622039794922
9.979910612106323,0,12.990070343017578,1.4561946392059326,4.800000190734863,4.800000190734863,2.008000135421753,2952.0,-0.0,1.0,20.012001037597656,0.028078656643629074,-0.017358846962451935,0.6991425156593323,11.338918685913086,-0.03202499449253082,-0.0925409272313118,-0.027087422087788582,40.859535217285156,45.25403594970703,-89.48016357421875
10.000182867050171,0,13.020055770874023,1.4637150764465332,4.800000190734863,4.800000190734863,2.0160000324249268,2952.0,-0.0,1.0,20.020000457763672,0.029985792934894562,-0.29150891304016113,-0.33161383867263794,6.792097568511963,-0.049868445843458176,-0.1507318913936615,-0.020429417490959167,38.383201599121094,44.89910125732422,-89.48016357421875
10.02046799659729,0,13.051180839538574,1.4786202907562256,4.800000190734863,4.800000190734863,2.004000186920166,2960.0,-0.0,1.0,20.00800132751465,0.03112512081861496,0.6554461121559143,0.015563104301691055,7.600182056427002,-0.04281096160411835,-0.09666889160871506,-0.04146870970726013,39.09072494506836,44.89910125732422,-88.45753479003906
10.040719032287598,0,13.081767082214355,1.4892785549163818,4.800000190734863,4.800000190734863,2.004000186920166,2948.0,-0.0,1.0,20.012001037597656,0.030585728585720062,0.204116091132164,1.2414568662643433,11.131211280822754,-0.024967512115836143,0.08802413940429688,-0.062374841421842575,38.913841247558594,45.78643798828125,-88.62797546386719
10.060854196548462,0,13.11168384552002,1.4883602857589722,4.800000190734863,4.800000190734863,2.004000186920166,2980.0,-0.0,1.0,20.00400161743164,0.029916992411017418,-0.37890172004699707,0.4441470503807068,7.142866134643555,-0.024035390466451645,-0.027691969648003578,-0.05984479933977127,38.383201599121094,43.83430099487305,-88.45753479003906
10.081115245819092,0,13.140205383300781,1.4787418842315674,4.800000190734863,4.800000190734863,2.004000186920166,2956.0,-0.0,1.0,20.00400161743164,0.02852172777056694,0.36154288053512573,0.509990930557251,10.081299781799316,-0.06864401698112488,-0.062446750700473785,-0.04306663200259209,40.32889175415039,44.72163772583008,-88.62797546386719
10.101375341415405,0,13.16911792755127,1.4726601839065552,4.800000190734863,4.800000190734863,2.0160000324249268,2956.0,-0.0,1.0,20.00800132751465,0.028912512585520744,0.9631167054176331,0.15084239840507507,10.693049430847168,-0.013648904860019684,-0.02689300663769245,-0.02602214179933071,38.20631790161133,45.78643798828125,-87.94622039794922
10.121660470962524,0,13.199536323547363,1.4798702001571655,4.800000190734863,4.800000190734863,2.004000186920166,2956.0,-0.0,1.0,20.00800132751465,0.030417855829000473,-0.22327068448066711,0.07242829352617264,6.76576042175293,0.03721824288368225,0.03196374699473381,-0.016035135835409164,37.85255813598633,45.43150329589844,-88.62797546386719
10.141935348510742,0,13.23054313659668,1.4942874908447266,4.800000190734863,4.800000190734863,2.004000186920166,2948.0,-0.0,1.0,20.00400161743164,0.03100678324699402,0.5237582921981812,-0.3639371991157532,8.511221885681152,0.056126974523067474,-0.035548411309719086,-0.018964657559990883,39.09072494506836,46.673770904541016,-89.48016357421875
10.162021398544312,0,13.26220703125,1.5041649341583252,4.800000190734863,4.800000190734863,2.008000135421753,3056.0,-0.0,1.0,20.012001037597656,0.03166451305150986,0.7284730076789856,0.7446346879005432,9.217547416687012,0.09500972181558609,0.036358028650283813,-0.04106922820210457,37.49879455566406,45.076568603515625,-88.28709411621094
10.182306289672852,0,13.291601181030273,1.5036323070526123,4.800000190734863,4.800000190734863,2.004000186920166,2940.0,-0.0,1.0,20.00800132751465,0.029394112527370453,-0.3723173439502716,0.2190806120634079,9.145119667053223,0.06717926263809204,0.026371024549007416,-0.04839303344488144,37.67567443847656,44.89910125732422,-89.48016357421875
10.202566385269165,0,13.320935249328613,1.4967342615127563,4.800000190734863,4.800000190734863,2.008000135421753,2952.0,-0.0,1.0,20.036001205444336,0.0293335672467947,-0.5075966119766235,0.3220365345478058,7.767784595489502,0.04920265078544617,-0.11624342203140259,-0.04200134798884392,38.02943801879883,44.54417037963867,-87.7757797241211
10.222853660583496,0,13.351011276245117,1.49587082862854,4.800000190734863,4.800000190734863,2.004000186920166,2968.0,-0.0,1.0,20.00400161743164,0.030076608061790466,0.30168479681015015,0.4872448742389679,11.869260787963867,0.006191946566104889,-0.06710735708475113,-0.03334594517946243,38.02943801879883,44.54417037963867,-90.16191864013672
10.2431161403656,0,13.38180923461914,1.5057320594787598,4.800000190734863,4.800000190734863,2.004000186920166,2948.0,-0.0,1.0,20.012001037597656,0.030797632411122322,1.0241719484329224,-0.2753472328186035,9.357016563415527,0.008988307788968086,-0.10652273893356323,-0.02988378331065178,37.49879455566406,44.72163772583008,-89.30972290039062
10.26341700553894,0,13.414444923400879,1.5194345712661743,4.800000190734863,4.800000190734863,2.008000135421753,3100.0,-0.0,1.0,20.00400161743164,0.032635968178510666,0.5081952214241028,0.023344656452536583,7.148253440856934,0.029361801221966743,0.011856574565172195,-0.07182920724153519,37.32191467285156,43.12443542480469,-89.821044921875
10.283654689788818,0,13.444681167602539,1.5265742540359497,4.800000190734863,4.800000190734863,2.004000186920166,2948.0,-0.0,1.0,20.00800132751465,0.030236223712563515,0.4333725869655609,0.29150891304016113,10.37759780883789,0.0838242694735527,0.10520178824663162,-0.10245602577924728,37.32191467285156,44.89910125732422,-89.13928985595703
10.303755283355713,0,13.474928855895996,1.5235108137130737,4.800000190734863,4.800000190734863,2.01200008392334,2948.0,-0.0,1.0,20.00800132751465,0.03024723194539547,-0.021548913791775703,1.0271648168563843,8.662663459777832,0.0032624248415231705,0.0021358896046876907,-0.11617151647806168,37.67567443847656,44.54417037963867,-89.13928985595703
10.32404375076294,0,13.504518508911133,1.5133159160614014,4.800000190734863,4.800000190734863,2.004000186920166,2964.0,-0.0,1.0,20.016000747680664,0.02958950400352478,-0.4692874550819397,0.3902747631072998,9.957992553710938,-0.06984245777130127,-0.04833178222179413,-0.11390779167413712,36.43750762939453,44.72163772583008,-89.9914779663086
10.344501256942749,0,13.53410530090332,1.5095593929290771,4.800000190734863,4.800000190734863,2.008000135421753,2952.0,-0.0,1.0,20.016000747680664,0.029586752876639366,0.354359894990921,0.10355450212955475,9.44680404663086,0.009121468290686607,-0.021300284191966057,-0.10205654799938202,35.5531005859375,43.4793701171875,-89.48016357421875
10.364612817764282,0,13.565995216369629,1.5188772678375244,4.800000190734863,4.800000190734863,2.0160000324249268,3036.0,-0.0,1.0,20.00400161743164,0.031890176236629486,0.19394022226333618,0.5069980621337891,9.298954963684082,0.018975315615534782,0.04181759059429169,-0.09446641802787781,36.083744049072266,44.366703033447266,-88.62797546386719
10.384957075119019,0,13.597031593322754,1.5307098627090454,4.800000190734863,4.800000190734863,2.004000186920166,2948.0,-0.0,1.0,20.00800132751465,0.03103705681860447,0.4812590777873993,0.3172478973865509,7.531345367431641,0.009920431300997734,-0.005454234778881073,-0.11044563353061676,36.26062774658203,44.89910125732422,-88.11666107177734
10.404970645904541,0,13.628013610839844,1.5331330299377441,4.800000190734863,4.800000190734863,2.0360000133514404,2952.0,-0.0,1.0,20.012001037597656,0.030982015654444695,0.5135824084281921,0.4034435451030731,7.90366268157959,0.02376907877624035,0.05047299712896347,-0.13108544051647186,36.26062774658203,44.89910125732422,-88.79840850830078
10.425352096557617,0,13.658002853393555,1.5250277519226074,4.800000190734863,4.800000190734863,2.004000186920166,2964.0,-0.0,1.0,20.012001037597656,0.029988544061779976,0.5046037435531616,0.1592225283384323,11.155753135681152,0.024568038061261177,0.026237864047288895,-0.14053981006145477,34.49181365966797,45.25403594970703,-88.45753479003906
10.44566297531128,0,13.687570571899414,1.5186039209365845,4.800000190734863,4.800000190734863,2.0160000324249268,2956.0,-0.0,1.0,20.00800132751465,0.02956748753786087,0.27654439210891724,0.5626660585403442,9.752080917358398,0.018176356330513954,-0.025561409071087837,-0.14746412634849548,35.5531005859375,45.25403594970703,-89.13928985595703
10.465866565704346,0,13.718841552734375,1.5246500968933105,4.800000190734863,4.800000190734863,2.004000186920166,2968.0,-0.0,1.0,20.00400161743164,0.03127097710967064,-0.28672027587890625,0.2669670879840851,7.543316841125488,0.04134620726108551,-0.0350157767534256,-0.14666517078876495,36.26062774658203,43.83430099487305,-90.50279235839844
10.486085891723633,0,13.750370979309082,1.5362228155136108,4.800000190734863,4.800000190734863,2.004000186920166,2956.0,-0.0,1.0,20.012001037597656,0.03152966499328613,0.41481658816337585,0.3292195200920105,7.373319625854492,0.022171156480908394,-0.08135548233985901,-0.13867557048797607,34.845577239990234,44.54417037963867,-87.09402465820312
10.506203174591064,0,13.78198528289795,1.5438672304153442,4.800000190734863,4.800000190734863,2.004000186920166,2948.0,-0.0,1.0,20.00400161743164,0.03161497414112091,1.3378283977508545,0.6859737634658813,9.680251121520996,0.01151834987103939,0.09082049876451492,-0.14852941036224365,35.022457122802734,44.366703033447266,-90.67323303222656
10.526497840881348,0,13.81271743774414,1.5422965288162231,4.800000190734863,4.800000190734863,2.004000186920166,2948.0,-0.0,1.0,20.00800132751465,0.03073158487677574,0.17957428097724915,0.23464372754096985,8.936214447021484,0.013116272166371346,0.05686467885971069,-0.13654500246047974,35.1993408203125,43.4793701171875,-89.821044921875
10.546748876571655,0,13.842645645141602,1.5336071252822876,4.800000190734863,4.800000190734863,2.0320000648498535,2952.0,-0.0,1.0,20.00400161743164,0.029928000643849373,-0.4555200934410095,0.7314658761024475,7.9557390213012695,-0.044675201177597046,-0.044736459851264954,-0.12682431936264038,34.845577239990234,43.4793701171875,-87.43490600585938
10.56702470779419,0,13.872727394104004,1.526752233505249,4.800000190734863,4.800000190734863,2.004000186920166,2964.0,-0.0,1.0,20.016000747680664,0.030082112178206444,0.5949894189834595,0.0879913941025734,9.92926025390625,-0.015912625938653946,-0.003323674201965332,-0.12016631662845612,33.96117401123047,44.72163772583008,-88.62797546386719
10.587168455123901,0,13.903505325317383,1.5307263135910034,4.800000190734863,4.800000190734863,2.008000135421753,2948.0,-0.0,1.0,20.00400161743164,0.030778367072343826,0.8350203633308411,0.36094430088996887,9.421664237976074,-0.006857739761471748,0.040752314031124115,-0.10578502714633942,33.96117401123047,45.076568603515625,-88.9688491821289
10.607441663742065,0,13.935145378112793,1.5399723052978516,4.800000190734863,4.800000190734863,2.004000186920166,2944.0,-0.0,1.0,20.00400161743164,0.031639743596315384,0.2933046519756317,0.03950634226202965,11.750144004821777,-0.0008655376732349396,0.043814994394779205,-0.09792858362197876,34.845577239990234,45.608970642089844,-88.45753479003906
10.627710819244385,0,13.966419219970703,1.5441924333572388,4.800000190734863,4.800000190734863,2.004000186920166,2948.0,-0.0,1.0,20.012001037597656,0.031273726373910904,0.22446784377098083,0.6542489528656006,8.524391174316406,0.02496751956641674,-0.013843322172760963,-0.11284251511096954,35.376220703125,44.366703033447266,-87.94622039794922
10.647963285446167,0,13.996916770935059,1.5398411750793457,4.800000190734863,4.800000190734863,2.0199999809265137,2948.0,-0.0,1.0,20.020000457763672,0.030497664585709572,0.22985507547855377,1.0720584392547607,9.000861167907715,-0.0033955778926610947,0.057130999863147736,-0.10751610994338989,33.6074104309082,43.65683364868164,-89.65060424804688
10.66825246810913,0,14.027012825012207,1.5315920114517212,4.800000190734863,4.800000190734863,2.004000186920166,2952.0,-0.0,1.0,20.00800132751465,0.030095871537923813,-0.006584390066564083,0.6165383458137512,11.18029499053955,-0.021904829889535904,-0.009182717651128769,-0.07715561240911484,34.668697357177734,43.65683364868164,-88.9688491821289
10.688587188720703,0,14.057488441467285,1.5322085618972778,4.800000190734863,4.800000190734863,2.004000186920166,2948.0,-0.0,1.0,20.016000747680664,0.030475648120045662,0.3364024758338928,0.13587787747383118,9.215153694152832,0.02603279985487461,-0.052193425595760345,-0.053186796605587006,33.7842903137207,45.25403594970703,-89.13928985595703
10.708644390106201,0,14.089287757873535,1.5419114828109741,4.800000190734863,4.800000190734863,2.004000186920166,2956.0,-0.0,1.0,20.012001037597656,0.03179936110973358,-0.09158287942409515,-0.16341258585453033,7.600780487060547,0.05785805732011795,-0.09400568902492523,-0.025356341153383255,34.31493377685547,44.366703033447266,-88.28709411621094
10.728916645050049,0,14.12112808227539,1.551269769668579,4.800000190734863,4.800000190734863,2.004000186920166,2948.0,-0.0,1.0,20.00800132751465,0.03184064105153084,0.6614319086074829,0.4333725869655609,9.594654083251953,0.018975315615534782,-0.028357768431305885,-0.04426507279276848,34.13805389404297,44.89910125732422,-89.13928985595703
10.749165296554565,0,14.152327537536621,1.5523160696029663,4.800000190734863,4.800000190734863,2.0160000324249268,2956.0,-0.0,1.0,20.00400161743164,0.031199423596262932,0.37950029969215393,0.7607963681221008,7.774369239807129,0.01684475503861904,0.09095366299152374,-0.06770125031471252,32.89988708496094,45.43150329589844,-87.60533905029297
10.769471406936646,0,14.182827949523926,1.545236587524414,4.800000190734863,4.800000190734863,2.004000186920166,2968.0,-0.0,1.0,20.00400161743164,0.030500415712594986,-0.3771059811115265,0.7512190341949463,8.23886775970459,-0.023769071325659752,-0.010780638083815575,-0.0631738007068634,33.07676696777344,43.12443542480469,-88.11666107177734
10.789727449417114,0,14.21265983581543,1.5376430749893188,4.800000190734863,4.800000190734863,2.004000186920166,2948.0,-0.0,1.0,20.00800132751465,0.02983167953789234,0.3010862171649933,0.15682820975780487,9.644335746765137,-0.04227831959724426,-0.07989072054624557,-0.05598315969109535,32.72300338745117,45.608970642089844,-88.79840850830078
10.809993028640747,0,14.243738174438477,1.5376918315887451,4.800000190734863,4.800000190734863,2.004000186920166,2960.0,-0.0,1.0,20.012001037597656,0.031078336760401726,0.7260786890983582,-0.09337862581014633,11.256913185119629,0.016045792028307915,0.07430864870548248,-0.0443982295691967,33.25364685058594,42.59203338623047,-88.9688491821289
10.830260038375854,0,14.275014877319336,1.5452594757080078,4.800000190734863,4.800000190734863,2.0160000324249268,2948.0,-0.0,1.0,20.012001037597656,0.03127647936344147,0.7009382843971252,0.32862094044685364,9.185224533081055,0.010319909080862999,0.05739732086658478,-0.04506403207778931,33.4305305480957,45.25403594970703,-88.79840850830078
10.850349426269531,0,14.306739807128906,1.5522055625915527,4.800000190734863,4.800000190734863,2.0160000324249268,2956.0,-0.0,1.0,20.00400161743164,0.03172505646944046,0.4561186730861664,-0.4100279211997986,7.742644309997559,0.09807240217924118,0.011590254493057728,-0.048792514950037,32.72300338745117,44.89910125732422,-88.45753479003906
10.870644092559814,0,14.33800220489502,1.5515793561935425,4.800000190734863,4.800000190734863,2.004000186920166,2972.0,-0.0,1.0,20.00800132751465,0.03126271814107895,0.10774456709623337,0.6327000260353088,7.475078582763672,-0.015113665722310543,0.02770262397825718,-0.09167005866765976,33.07676696777344,44.18923568725586,-88.11666107177734
10.890882730484009,0,14.368013381958008,1.5448614358901978,4.800000190734863,4.800000190734863,2.004000186920166,2940.0,-0.0,1.0,20.00800132751465,0.030010560527443886,-0.5854121446609497,0.3950634002685547,8.90568733215332,-0.020173748955130577,-0.032485730946063995,-0.0850120559334755,32.89988708496094,45.43150329589844,-88.28709411621094
10.911227464675903,0,14.398722648620605,1.5406962633132935,4.800000190734863,4.800000190734863,2.004000186920166,2992.0,-0.0,1.0,20.00800132751465,0.03070956841111183,0.02992904558777809,0.2011231929063797,8.760830879211426,0.010186748579144478,-0.07855912297964096,-0.10338814556598663,34.31493377685547,46.1413688659668,-86.92359161376953
10.931445598602295,0,14.429885864257812,1.546122431755066,4.800000190734863,4.800000190734863,2.004000186920166,2956.0,-0.0,1.0,20.00800132751465,0.031163647770881653,0.6590375900268555,-0.07063254714012146,9.977147102355957,0.014314712956547737,-0.08548344671726227,-0.10551870614290237,32.54612350463867,44.366703033447266,-89.30972290039062
10.951714277267456,0,14.461814880371094,1.5549497604370117,4.800000190734863,4.800000190734863,2.008000135421753,2952.0,-0.0,1.0,20.00800132751465,0.03192870318889618,0.9026600122451782,0.26576992869377136,10.708014488220215,0.02403539977967739,-0.01757180131971836,-0.1325502097606659,32.54612350463867,45.076568603515625,-87.94622039794922
10.971832275390625,0,14.493608474731445,1.5586893558502197,4.800000190734863,4.800000190734863,2.004000186920166,2964.0,-0.0,1.0,20.012001037597656,0.031793855130672455,0.5207654237747192,0.35854998230934143,6.926179885864258,0.04653944820165634,0.09175261855125427,-0.15425530076026917,33.7842903137207,44.18923568725586,-86.41226959228516
10.99210000038147,0,14.523965835571289,1.55337393283844,4.800000190734863,4.800000190734863,2.008000135421753,2948.0,-0.0,1.0,20.00400161743164,0.03035731241106987,-0.2621784508228302,0.8595622181892395,8.514813423156738,-0.03468819707632065,0.014519776217639446,-0.14919520914554596,33.7842903137207,44.89910125732422,-88.45753479003906
11.012405157089233,0,14.554791450500488,1.5437229871749878,4.800000190734863,4.800000190734863,2.004000186920166,3072.0,-0.0,1.0,20.012001037597656,0.03082515113055706,1.107973337173462,-0.09756869077682495,10.956425666809082,-0.049868445843458176,-0.02675984986126423,-0.1569184958934784,32.015480041503906,44.18923568725586,-89.48016357421875
11.032622337341309,0,14.58458137512207,1.541151762008667,4.800000190734863,4.800000190734863,2.0160000324249268,2948.0,-0.0,1.0,20.00400161743164,0.029790399596095085,0.6638262271881104,0.27355149388313293,10.456609725952148,0.0031292662024497986,0.09707902371883392,-0.15412214398384094,33.25364685058594,44.01176834106445,-89.30972290039062
11.053017377853394,0,14.616047859191895,1.547002911567688,4.800000190734863,4.800000190734863,2.008000135421753,2948.0,-0.0,1.0,20.00800132751465,0.031466368585824966,0.8009012937545776,0.12270908802747726,9.531204223632812,-0.017776867374777794,0.05433464050292969,-0.14120560884475708,33.96117401123047,43.65683364868164,-88.62797546386719
11.073051452636719,0,14.647795677185059,1.551844596862793,4.800000190734863,4.800000190734863,2.004000186920166,2960.0,-0.0,1.0,20.012001037597656,0.03174707293510437,0.4321754276752472,0.04309782758355141,10.157917976379395,0.04507468640804291,0.035692229866981506,-0.12602536380290985,32.36924362182617,45.608970642089844,-88.11666107177734
11.093469858169556,0,14.678504943847656,1.5510337352752686,4.800000190734863,4.800000190734863,2.004000186920166,2952.0,-0.0,1.0,20.012001037597656,0.03070956841111183,0.20890474319458008,0.9559337496757507,7.107550144195557,-0.005925619974732399,0.017182977870106697,-0.1400071680545807,31.838598251342773,44.366703033447266,-87.60533905029297
11.113612413406372,0,14.709938049316406,1.545782446861267,4.800000190734863,4.800000190734863,2.004000186920166,3116.0,-0.0,1.0,20.00800132751465,0.0314333438873291,-0.482456237077713,0.8793153762817383,8.437596321105957,-0.10686096549034119,0.07284389436244965,-0.1306859701871872,32.36924362182617,44.18923568725586,-88.45753479003906
11.133854627609253,0,14.73949146270752,1.542130947113037,4.800000190734863,4.800000190734863,2.004000186920166,2956.0,-0.0,1.0,20.00800132751465,0.0295537281781435,0.32682517170906067,-0.45372435450553894,10.46259593963623,-0.04427572339773178,0.0012037679553031921,-0.13934136927127838,33.07676696777344,44.54417037963867,-88.79840850830078
11.154098987579346,0,14.770630836486816,1.544840693473816,4.800000190734863,4.800000190734863,2.008000135421753,2952.0,-0.0,1.0,20.012001037597656,0.03113888017833233,0.6123482584953308,0.09158287942409515,9.853240966796875,0.025233840569853783,-0.003323674201965332,-0.15731798112392426,32.015480041503906,44.54417037963867,-88.45753479003906
11.17438817024231,0,14.802600860595703,1.5522996187210083,4.800000190734863,4.800000190734863,2.008000135421753,2956.0,-0.0,1.0,20.012001037597656,0.031969983130693436,0.8272388577461243,0.014964522793889046,11.29821491241455,0.012317312881350517,0.01278869528323412,-0.16464178264141083,31.661718368530273,44.89910125732422,-89.13928985595703
11.194644451141357,0,14.833924293518066,1.556220531463623,4.800000190734863,4.800000190734863,2.0320000648498535,2956.0,-0.0,1.0,20.00800132751465,0.03132326528429985,0.34657835960388184,0.12869489192962646,7.270962715148926,0.05452905595302582,0.05686467885971069,-0.17223191261291504,30.777311325073242,44.72163772583008,-88.9688491821289
11.214736461639404,0,14.865447998046875,1.5546787977218628,4.800000190734863,4.800000190734863,2.004000186920166,3032.0,-0.0,1.0,20.00800132751465,0.031524159014225006,-0.46090731024742126,1.3013149499893188,7.4954304695129395,-0.0337560772895813,0.03609170764684677,-0.16730497777462006,32.54612350463867,44.366703033447266,-88.62797546386719
11.235013246536255,0,14.895153045654297,1.546720027923584,4.800000190734863,4.800000190734863,2.004000186920166,2952.0,-0.0,1.0,20.012001037597656,0.029705088585615158,0.7907254099845886,0.5596731901168823,10.420096397399902,-0.11924485117197037,-0.052193425595760345,-0.14147192239761353,31.838598251342773,43.65683364868164,-89.30972290039062
11.255323648452759,0,14.925314903259277,1.5403257608413696,4.800000190734863,4.800000190734863,2.004000186920166,2956.0,-0.0,1.0,20.00400161743164,0.030161920934915543,1.3246595859527588,-0.12630057334899902,9.942429542541504,-0.06864401698112488,0.07137913256883621,-0.12802276015281677,32.54612350463867,44.72163772583008,-90.33235931396484
11.275641679763794,0,14.956624984741211,1.542981743812561,4.800000190734863,4.800000190734863,2.004000186920166,2960.0,-0.0,1.0,20.00800132751465,0.03130950406193733,0.021548913791775703,0.03711201623082161,8.966143608093262,-0.011917823925614357,0.10493546724319458,-0.10991299152374268,31.131074905395508,45.43150329589844,-89.9914779663086
11.295860528945923,0,14.988157272338867,1.550062656402588,4.800000190734863,4.800000190734863,2.004000186920166,2948.0,-0.0,1.0,20.012001037597656,0.0315324142575264,0.16580691933631897,0.11672328412532806,8.514215469360352,-0.008189341053366661,0.048875078558921814,-0.11404095590114594,31.131074905395508,44.366703033447266,-87.94622039794922
11.315948009490967,0,15.019601821899414,1.5522011518478394,4.800000190734863,4.800000190734863,2.004000186920166,2960.0,-0.0,1.0,20.00400161743164,0.031444352120161057,0.46270304918289185,0.2071090042591095,8.84223747253418,0.03455504775047302,-0.034483134746551514,-0.11151091009378433,31.661718368530273,44.89910125732422,-88.11666107177734
11.336221933364868,0,15.050206184387207,1.5497472286224365,4.800000190734863,4.800000190734863,2.004000186920166,2952.0,-0.0,1.0,20.00400161743164,0.03060499206185341,0.19394022226333618,0.8733295798301697,7.1326904296875,-0.032291315495967865,0.019313538447022438,-0.11923419684171677,31.48483657836914,45.076568603515625,-89.30972290039062
11.356501340866089,0,15.080885887145996,1.5468175411224365,4.800000190734863,4.800000190734863,2.004000186920166,2952.0,-0.0,1.0,20.00400161743164,0.03067929670214653,0.4411541521549225,-0.17658136785030365,10.28361988067627,-0.06744557619094849,0.04621187597513199,-0.09673014283180237,32.54612350463867,45.43150329589844,-89.30972290039062
11.376808166503906,0,15.111923217773438,1.54851496219635,4.800000190734863,4.800000190734863,2.004000186920166,2960.0,-0.0,1.0,20.00800132751465,0.03103705681860447,-0.1622154265642166,0.054470863193273544,9.274413108825684,-0.016578426584601402,-0.016906002536416054,-0.10764926671981812,30.954193115234375,43.4793701171875,-88.45753479003906
11.397067785263062,0,15.143658638000488,1.554423213005066,4.800000190734863,4.800000190734863,2.008000135421753,2952.0,-0.0,1.0,20.02400016784668,0.031736064702272415,-0.30467769503593445,0.9122373461723328,9.768840789794922,-0.006458260118961334,-0.0041226353496313095,-0.09153690189123154,31.661718368530273,43.4793701171875,-88.11666107177734
11.41716718673706,0,15.175573348999023,1.5597659349441528,4.800000190734863,4.800000190734863,2.004000186920166,2964.0,-0.0,1.0,20.016000747680664,0.03191494569182396,0.766183614730835,-0.09876585006713867,9.629969596862793,0.038683004677295685,0.02677050419151783,-0.0831478163599968,30.954193115234375,43.12443542480469,-88.45753479003906
11.437450170516968,0,15.206731796264648,1.5615571737289429,4.800000190734863,4.800000190734863,2.008000135421753,2952.0,-0.0,1.0,20.00400161743164,0.031158143654465675,-0.3244308531284332,0.9828698635101318,6.635269641876221,0.021239036694169044,0.02384098246693611,-0.08421309292316437,32.89988708496094,43.301902770996094,-88.28709411621094
11.4577476978302,0,15.238184928894043,1.5581152439117432,4.800000190734863,4.800000190734863,2.004000186920166,2956.0,-0.0,1.0,20.00400161743164,0.03145260736346245,-0.07362545281648636,0.3034805357456207,9.336066246032715,-0.03695191815495491,-0.032485730946063995,-0.05891267955303192,30.777311325073242,42.59203338623047,-87.94622039794922
11.478023290634155,0,15.26815414428711,1.5525531768798828,4.800000190734863,4.800000190734863,2.004000186920166,2944.0,-0.0,1.0,20.00400161743164,0.02996928058564663,0.43456974625587463,0.12929348647594452,11.385008811950684,-0.018176347017288208,-0.01024799793958664,-0.06264116615056992,30.777311325073242,42.94696807861328,-87.26446533203125
11.49827527999878,0,15.299416542053223,1.5538220405578613,4.800000190734863,4.800000190734863,2.008000135421753,2952.0,-0.0,1.0,20.020000457763672,0.03126271814107895,0.09218145906925201,0.538722813129425,11.245539665222168,0.0425446480512619,0.07723817229270935,-0.05571683868765831,30.954193115234375,43.12443542480469,-88.45753479003906
11.518413782119751,0,15.331419944763184,1.560503602027893,4.800000190734863,4.800000190734863,2.004000186920166,2968.0,-0.0,1.0,20.016000747680664,0.0320030078291893,0.22746075689792633,0.2801358699798584,7.7833476066589355,0.05466221272945404,-0.025561409071087837,-0.038139708340168,31.838598251342773,44.01176834106445,-88.28709411621094
11.538695335388184,0,15.362959861755371,1.5654757022857666,4.800000190734863,4.800000190734863,2.004000186920166,2948.0,-0.0,1.0,20.00400161743164,0.03154067322611809,-0.6560447216033936,0.4351683259010315,9.457578659057617,0.0926128402352333,-0.036613695323467255,-0.035476505756378174,32.192359924316406,43.301902770996094,-86.92359161376953
11.558994770050049,0,15.39445972442627,1.5658477544784546,4.800000190734863,4.800000190734863,2.004000186920166,2952.0,-0.0,1.0,20.00400161743164,0.03149939328432083,-0.1711941510438919,0.9260047078132629,6.877694606781006,0.03335660696029663,-0.07469747960567474,-0.044797711074352264,29.716026306152344,44.72163772583008,-88.62797546386719
11.579283952713013,0,15.425466537475586,1.5638130903244019,4.800000190734863,4.800000190734863,2.01200008392334,2952.0,-0.0,1.0,20.016000747680664,0.03100678324699402,0.42858394980430603,0.584214985370636,10.004082679748535,-0.04587364196777344,0.011590254493057728,-0.018432017415761948,31.131074905395508,44.01176834106445,-87.94622039794922
11.599370956420898,0,15.456864356994629,1.5644744634628296,4.800000190734863,4.800000190734863,2.01200008392334,2952.0,-0.0,1.0,20.012001037597656,0.03139756619930267,0.3250294327735901,0.24481959640979767,12.782096862792969,-0.018043186515569687,-0.005321076139807701,-0.015369335189461708,30.42354965209961,43.65683364868164,-86.58271026611328
11.619654893875122,0,15.48903751373291,1.5704118013381958,4.800000190734863,4.800000190734863,2.004000186920166,2964.0,-0.0,1.0,20.00400161743164,0.03217363357543945,0.5093923807144165,-0.10235733538866043,9.425853729248047,0.07104090601205826,-0.02276504598557949,-0.015768814831972122,30.24666976928711,43.12443542480469,-88.45753479003906
11.639895915985107,0,15.520880699157715,1.5765149593353271,4.800000190734863,4.800000190734863,2.004000186920166,2944.0,-0.0,1.0,20.00800132751465,0.0318433903157711,-0.5794263482093811,0.5471029877662659,9.029593467712402,0.07889734953641891,-0.03102097101509571,-0.02602214179933071,28.831619262695312,42.769500732421875,-86.41226959228516
11.660161256790161,0,15.552597999572754,1.5779718160629272,4.800000190734863,4.800000190734863,2.004000186920166,2944.0,-0.0,1.0,20.00800132751465,0.03171680122613907,-0.03651343658566475,0.27355149388313293,5.482402801513672,0.06864402443170547,-0.027292488142848015,-0.04120238870382309,31.131074905395508,43.65683364868164,-86.58271026611328
11.680471897125244,0,15.58370590209961,1.5736191272735596,4.800000190734863,4.800000190734863,2.004000186920166,2948.0,-0.0,1.0,20.012001037597656,0.031108608469367027,-0.6728049516677856,1.3228638172149658,8.89431381225586,-0.04241148382425308,-0.017039163038134575,-0.051189396530389786,31.131074905395508,42.94696807861328,-87.26446533203125
11.700734615325928,0,15.614572525024414,1.5682227611541748,4.800000190734863,4.800000190734863,2.01200008392334,2948.0,-0.0,1.0,20.016000747680664,0.030866432934999466,0.8697381019592285,0.20890474319458008,12.54206657409668,-0.11791324615478516,-0.015840722247958183,-0.03734074905514717,30.42354965209961,42.94696807861328,-86.58271026611328
11.720871686935425,0,15.645983695983887,1.5658804178237915,4.800000190734863,4.800000190734863,2.004000186920166,2972.0,-0.0,1.0,20.00400161743164,0.03141132742166519,0.33879679441452026,0.34777551889419556,10.604459762573242,-0.02656543254852295,0.04634503275156021,-0.032680146396160126,30.777311325073242,42.94696807861328,-87.26446533203125
11.741121530532837,0,15.67745304107666,1.5697084665298462,4.800000190734863,4.800000190734863,2.004000186920166,2948.0,-0.0,1.0,20.00400161743164,0.03146912157535553,-0.016760265454649925,0.3352053165435791,7.694159030914307,-0.01111886277794838,-0.03008885122835636,-0.020296258851885796,29.53914451599121,45.25403594970703,-88.45753479003906
11.761664628982544,0,15.71051025390625,1.5732805728912354,4.800000190734863,4.800000190734863,2.004000186920166,3008.0,-0.0,1.0,20.168001174926758,0.03305702283978462,0.2729529142379761,-0.10175875574350357,12.447490692138672,0.0400146022439003,-0.048065461218357086,-0.059312161058187485,30.069787979125977,42.59203338623047,-86.92359161376953
11.78170371055603,0,15.741007804870605,1.5735372304916382,4.800000190734863,4.800000190734863,2.008000135421753,2956.0,-0.0,1.0,20.00400161743164,0.030497664585709572,-0.09816727042198181,0.8613579273223877,6.921989917755127,-0.016711585223674774,-0.06204727292060852,-0.09659697860479355,29.362262725830078,45.43150329589844,-87.26446533203125
11.801959037780762,0,15.772416114807129,1.5728895664215088,4.800000190734863,4.800000190734863,2.0160000324249268,2952.0,-0.0,1.0,20.016000747680664,0.03140857443213463,-0.7775565981864929,0.4531257748603821,6.893258094787598,-0.09887135773897171,-0.010114837437868118,-0.09726278483867645,28.831619262695312,44.89910125732422,-86.41226959228516
11.822252750396729,0,15.803940773010254,1.5714114904403687,4.800000190734863,4.800000190734863,2.004000186920166,2952.0,-0.0,1.0,20.00400161743164,0.031524159014225006,0.18735583126544952,0.018556008115410805,9.619195938110352,-0.07583466172218323,-0.04207325726747513,-0.10658399015665054,29.362262725830078,42.23710250854492,-87.94622039794922
11.84253478050232,0,15.835439682006836,1.5737974643707275,4.800000190734863,4.800000190734863,2.004000186920166,2952.0,-0.0,1.0,20.016000747680664,0.03149939328432083,0.1831657588481903,0.38488754630088806,8.814104080200195,-0.005526140332221985,-0.07549644261598587,-0.10392078757286072,29.185382843017578,43.83430099487305,-87.09402465820312
11.862869501113892,0,15.868436813354492,1.5784740447998047,4.800000190734863,4.800000190734863,2.004000186920166,3104.0,-0.0,1.0,20.00800132751465,0.03299647942185402,0.9858627915382385,0.050879377871751785,12.306224822998047,0.011784670874476433,0.00879389327019453,-0.10844822973012924,29.008501052856445,44.01176834106445,-87.60533905029297
11.882937908172607,0,15.89923095703125,1.5799071788787842,4.800000190734863,4.800000190734863,2.004000186920166,2948.0,-0.0,1.0,20.00800132751465,0.03079487942159176,0.43456974625587463,0.5010122060775757,7.992252349853516,-0.0048603396862745285,-0.03008885122835636,-0.11417411267757416,30.069787979125977,43.65683364868164,-88.28709411621094
11.903194189071655,0,15.930538177490234,1.5767662525177002,4.800000190734863,4.800000190734863,2.0160000324249268,2956.0,-0.0,1.0,20.00800132751465,0.03130675107240677,-0.6722064018249512,0.8625550866127014,7.689969062805176,-0.07929682731628418,-0.027026167139410973,-0.09699646383523941,29.53914451599121,43.83430099487305,-87.7757797241211
11.923498392105103,0,15.961625099182129,1.5709728002548218,4.800000190734863,4.800000190734863,2.008000135421753,2964.0,-0.0,1.0,20.00800132751465,0.031086592003703117,0.03950634226202965,0.30767059326171875,9.876585006713867,-0.09793923795223236,-0.01237856037914753,-0.09433326125144958,29.53914451599121,43.4793701171875,-88.79840850830078
11.943760395050049,0,15.992700576782227,1.5699201822280884,4.800000190734863,4.800000190734863,2.004000186920166,2948.0,-0.0,1.0,20.020000457763672,0.031075583770871162,0.19094730913639069,0.18855299055576324,9.119379997253418,0.02376907877624035,-0.009049557149410248,-0.08328097313642502,30.24666976928711,44.18923568725586,-87.7757797241211
11.963908672332764,0,16.025583267211914,1.575065016746521,4.800000190734863,4.800000190734863,2.0160000324249268,3064.0,-0.0,1.0,20.012001037597656,0.032883647829294205,0.8972728252410889,-0.020351750776171684,8.97272777557373,0.04653944820165634,-0.013177519664168358,-0.07182920724153519,29.716026306152344,42.94696807861328,-87.94622039794922
11.984153032302856,0,16.05677604675293,1.5797638893127441,4.800000190734863,4.800000190734863,2.008000135421753,2948.0,-0.0,1.0,20.00400161743164,0.03119116835296154,-0.0790126845240593,0.8272388577461243,10.621219635009766,0.022970115765929222,-0.008783238008618355,-0.09553170204162598,29.008501052856445,42.94696807861328,-88.28709411621094
12.004438638687134,0,16.088489532470703,1.5808978080749512,4.800000190734863,4.800000190734863,2.004000186920166,2948.0,-0.0,1.0,20.016000747680664,0.031714048236608505,0.28073444962501526,0.8296331763267517,8.202953338623047,-0.007390379905700684,-0.07243375480175018,-0.09366746246814728,28.47785758972168,43.4793701171875,-88.11666107177734
12.02473759651184,0,16.120285034179688,1.5804095268249512,4.800000190734863,4.800000190734863,2.004000186920166,2956.0,-0.0,1.0,20.00800132751465,0.03179660812020302,0.658439040184021,0.36154288053512573,6.607136249542236,-0.08449006825685501,-0.0041226353496313095,-0.0675680860877037,28.300975799560547,44.72163772583008,-86.92359161376953
12.04502272605896,0,16.151639938354492,1.579695463180542,4.800000190734863,4.800000190734863,2.008000135421753,2956.0,-0.0,1.0,20.012001037597656,0.03135353699326515,0.41481658816337585,-0.17837712168693542,10.104644775390625,-0.08595483005046844,0.017981939017772675,-0.06383960694074631,30.069787979125977,44.01176834106445,-87.60533905029297
12.065161228179932,0,16.183807373046875,1.5805894136428833,4.800000190734863,4.800000190734863,2.004000186920166,3016.0,-0.0,1.0,20.00400161743164,0.032168127596378326,-0.10235733538866043,0.35555708408355713,10.72058391571045,0.025500157848000526,-0.06297939270734787,-0.07728876918554306,29.008501052856445,44.366703033447266,-87.26446533203125
12.085394620895386,0,16.21552085876465,1.585607886314392,4.800000190734863,4.800000190734863,2.0160000324249268,2952.0,-0.0,1.0,20.00400161743164,0.031714048236608505,0.14844806492328644,0.18675725162029266,9.063712120056152,0.10552936792373657,-0.044070661067962646,-0.07023128867149353,29.185382843017578,43.12443542480469,-87.43490600585938
12.105693817138672,0,16.24849510192871,1.5915517807006836,4.800000190734863,4.800000190734863,2.004000186920166,2948.0,-0.0,1.0,20.012001037597656,0.03297446295619011,0.07542119920253754,0.7919225692749023,8.832659721374512,0.03601980209350586,-0.03914373368024826,-0.07036444544792175,29.362262725830078,43.65683364868164,-87.94622039794922
12.125990390777588,0,16.279706954956055,1.5911542177200317,4.800000190734863,4.800000190734863,2.004000186920166,2952.0,-0.0,1.0,20.00400161743164,0.031210431829094887,0.34777551889419556,0.3890776038169861,5.506345748901367,-0.057192251086235046,-0.03581473231315613,-0.0643722414970398,28.124095916748047,43.12443542480469,-87.09402465820312
12.146067380905151,0,16.310911178588867,1.5854332447052002,4.800000190734863,4.800000190734863,2.01200008392334,2948.0,-0.0,1.0,20.00400161743164,0.03120492771267891,0.5896022319793701,0.281931608915329,11.424515724182129,-0.10552936047315598,-0.005587395280599594,-0.050124116241931915,27.947214126586914,44.72163772583008,-87.60533905029297
12.16634225845337,0,16.342491149902344,1.5817980766296387,4.800000190734863,4.800000190734863,2.01200008392334,2964.0,-0.0,1.0,20.00400161743164,0.03157920017838478,0.794915497303009,-0.204116091132164,11.562189102172852,0.010586230084300041,0.036624349653720856,-0.05798055976629257,27.770334243774414,44.89910125732422,-87.09402465820312
12.186645746231079,0,16.37424087524414,1.5852268934249878,4.800000190734863,4.800000190734863,2.0160000324249268,2948.0,-0.0,1.0,20.012001037597656,0.031749822199344635,1.0361435413360596,-0.1580253690481186,9.817325592041016,0.023103276267647743,0.01744929887354374,-0.06210852041840553,29.185382843017578,42.769500732421875,-87.09402465820312
12.20691180229187,0,16.406539916992188,1.590161919593811,4.800000190734863,4.800000190734863,2.004000186920166,2952.0,-0.0,1.0,20.00800132751465,0.03230022266507149,0.5046037435531616,0.5620675086975098,11.483176231384277,-0.030027594417333603,-0.007717957720160484,-0.10072494298219681,27.062808990478516,43.4793701171875,-87.09402465820312
12.227243900299072,0,16.43845558166504,1.5913690328598022,4.800000190734863,4.800000190734863,2.004000186920166,2948.0,-0.0,1.0,20.012001037597656,0.03191494569182396,0.5704476237297058,-0.06045667454600334,8.362773895263672,0.045873649418354034,-0.03714633733034134,-0.10392078757286072,28.654739379882812,43.65683364868164,-87.94622039794922
12.247308015823364,0,16.470365524291992,1.5917203426361084,4.800000190734863,4.800000190734863,2.008000135421753,2952.0,-0.0,1.0,20.00800132751465,0.03190943971276283,-0.27953729033470154,0.8332246541976929,4.962235927581787,-0.0009986963123083115,-0.02689300663769245,-0.11204355210065842,26.53216552734375,43.65683364868164,-86.92359161376953
12.267585039138794,0,16.50250244140625,1.5920822620391846,4.800000190734863,4.800000190734863,2.004000186920166,2964.0,-0.0,1.0,20.00400161743164,0.032137855887413025,-0.01436594221740961,0.06823822855949402,8.238268852233887,-0.01830950751900673,0.0143866166472435,-0.11230987310409546,28.300975799560547,44.01176834106445,-87.60533905029297
12.287845849990845,0,16.534374237060547,1.5945885181427002,4.800000190734863,4.800000190734863,2.004000186920166,2944.0,-0.0,1.0,20.00400161743164,0.03187091276049614,-0.2190806120634079,0.27175575494766235,8.627346992492676,0.04733841121196747,-0.07749383896589279,-0.12362847477197647,28.654739379882812,42.94696807861328,-86.92359161376953
12.308130741119385,0,16.566808700561523,1.5990421772003174,4.800000190734863,4.800000190734863,2.0160000324249268,2956.0,-0.0,1.0,20.00400161743164,0.03243507072329521,0.08080842345952988,0.49562501907348633,9.740707397460938,0.04840368777513504,-0.03221940994262695,-0.13108544051647186,27.062808990478516,43.83430099487305,-85.38964080810547
12.328394412994385,0,16.59905433654785,1.6021500825881958,4.800000190734863,4.800000190734863,2.004000186920166,2948.0,-0.0,1.0,20.012001037597656,0.03224518522620201,0.6494603157043457,0.4202038049697876,10.843892097473145,0.009654110297560692,-0.041806936264038086,-0.12962068617343903,27.947214126586914,44.01176834106445,-86.58271026611328
12.348530530929565,0,16.631046295166016,1.6007752418518066,4.800000190734863,4.800000190734863,2.0160000324249268,2952.0,-0.0,1.0,20.00800132751465,0.031991999596357346,0.8559707403182983,0.9086458683013916,7.906056880950928,-0.07583466172218323,-0.029289888218045235,-0.12229687720537186,28.300975799560547,42.59203338623047,-86.58271026611328
12.36880373954773,0,16.662649154663086,1.5945011377334595,4.800000190734863,4.800000190734863,2.004000186920166,2968.0,-0.0,1.0,20.00400161743164,0.031603969633579254,1.255822777748108,-0.23344656825065613,9.655709266662598,-0.10952416062355042,0.0368906706571579,-0.10764926671981812,28.47785758972168,42.41456604003906,-87.43490600585938
12.389076948165894,0,16.693819046020508,1.590624213218689,4.800000190734863,4.800000190734863,2.004000186920166,2952.0,-0.0,1.0,20.00400161743164,0.03116915188729763,-0.146053746342659,0.5818206667900085,10.235135078430176,-0.002197137102484703,0.04954087734222412,-0.11523939669132233,29.362262725830078,44.72163772583008,-87.94622039794922
12.409367322921753,0,16.726045608520508,1.594176173210144,4.800000190734863,4.800000190734863,2.0160000324249268,2944.0,-0.0,1.0,20.00400161743164,0.032225921750068665,0.6105525493621826,0.08320274949073792,8.551326751708984,0.02709808014333248,0.027036823332309723,-0.09153690189123154,26.709047317504883,44.89910125732422,-85.73052215576172
12.429462909698486,0,16.75865364074707,1.6001195907592773,4.800000190734863,4.800000190734863,2.0160000324249268,2952.0,-0.0,1.0,20.00400161743164,0.03260844945907593,0.37471166253089905,0.5093923807144165,8.452561378479004,-0.026964912191033363,-0.0017257537692785263,-0.09686329960823059,27.947214126586914,44.01176834106445,-86.58271026611328
12.449737548828125,0,16.79084587097168,1.6020193099975586,4.800000190734863,4.800000190734863,2.01200008392334,2948.0,-0.0,1.0,20.012001037597656,0.0321928970515728,-0.02873188443481922,0.3980563282966614,10.208797454833984,-0.007124060764908791,0.015851376578211784,-0.09420010447502136,27.41657066345215,45.25403594970703,-87.43490600585938
12.47005820274353,0,16.819107055664062,1.5642534494400024,-0.0,-15.642534255981445,2.0160000324249268,2964.0,-0.0,2.0,20.00400161743164,0.028260288760066032,0.21848203241825104,1.0271648168563843,6.777133464813232,-0.03881616145372391,-0.04393749684095383,-0.0875420942902565,26.709047317504883,44.54417037963867,-85.04876708984375
12.490285873413086,0,16.832958221435547,1.4077774286270142,-0.0,-14.077774047851562,2.0160000324249268,2948.0,-0.0,2.0,20.00400161743164,0.01385081559419632,-0.3681272566318512,0.06344957649707794,9.761058807373047,-0.0838242694735527,0.029300544410943985,-0.07862037420272827,26.53216552734375,42.59203338623047,-87.60533905029297
12.510410070419312,0,16.842275619506836,1.2392648458480835,-0.0,-12.392648696899414,2.004000186920166,2948.0,-0.0,2.0,20.00800132751465,0.009318271651864052,-0.5728419423103333,-1.3749403953552246,9.678455352783203,-0.05466220900416374,-0.07203427702188492,-0.09140373766422272,25.29399871826172,44.89910125732422,-87.09402465820312
12.530689239501953,0,16.853330612182617,1.115626573562622,-0.0,-11.156265258789062,2.008000135421753,2944.0,-0.0,2.0,20.012001037597656,0.011054784059524536,0.2430238574743271,-0.6889666318893433,10.188446044921875,-0.23229776322841644,-0.12050454318523407,-0.07542452961206436,27.770334243774414,44.54417037963867,-87.43490600585938
12.550939798355103,0,16.85658073425293,0.9432117938995361,-0.0,-9.432117462158203,2.01200008392334,2952.0,-0.0,2.0,20.00800132751465,0.003250112058594823,0.8858997821807861,-2.2225310802459717,9.805354118347168,0.04560732841491699,-0.018237603828310966,-0.08248201012611389,25.824642181396484,44.01176834106445,-87.26446533203125
12.571231603622437,0,16.857158660888672,0.7782039046287537,-0.0,-7.782039165496826,2.01200008392334,2968.0,-0.0,2.0,20.012001037597656,0.0005779200000688434,0.019154589623212814,-1.9190504550933838,6.820230960845947,0.07610099017620087,-0.01544124074280262,-0.07595717161893845,26.709047317504883,45.608970642089844,-86.41226959228516
12.591520071029663,0,16.858308792114258,0.6492692232131958,-0.0,-6.492691993713379,2.0160000324249268,2952.0,-0.0,2.0,20.00400161743164,0.001150336000137031,0.7853381633758545,-3.7902145385742188,10.785231590270996,-0.08275898545980453,-0.03741265833377838,-0.0650380477309227,26.709047317504883,43.83430099487305,-87.43490600585938
12.61178731918335,0,16.856586456298828,0.5152765512466431,-0.0,-5.152765274047852,2.0160000324249268,3040.0,-0.0,2.0,20.00800132751465,-0.0017227520002052188,0.7889296412467957,-3.7052159309387207,7.064452171325684,0.060254938900470734,0.023175181820988655,-0.08647681772708893,27.23969078063965,44.72163772583008,-87.94622039794922
12.6318998336792,0,16.857637405395508,0.4347226619720459,-0.0,-4.347226619720459,2.01200008392334,2952.0,-0.0,2.0,20.00400161743164,0.0010512640001252294,-0.03711201623082161,-3.1988165378570557,10.303373336791992,0.07303830236196518,0.11665355414152145,-0.09539854526519775,26.709047317504883,45.25403594970703,-86.07139587402344
12.652151346206665,0,16.86407470703125,0.4150146543979645,-0.0,-4.150146484375,2.0280001163482666,2952.0,-0.0,2.0,20.016000747680664,0.006436928175389767,0.1759827882051468,-2.8737869262695312,10.464391708374023,-0.024168550968170166,-0.009582197293639183,-0.1081819087266922,26.355283737182617,45.963905334472656,-87.7757797241211
12.672449111938477,0,16.872615814208984,0.41699132323265076,-0.0,-4.169913291931152,2.01200008392334,2972.0,-0.0,2.0,20.00400161743164,0.00854220800101757,0.7374516725540161,-2.505061149597168,8.108377456665039,0.13602302968502045,0.05673152208328247,-0.1169704720377922,26.355283737182617,45.608970642089844,-86.41226959228516
12.692697525024414,0,16.885223388671875,0.4563942551612854,-0.0,-4.5639424324035645,2.01200008392334,2956.0,-0.0,2.0,20.00400161743164,0.012606912292540073,0.1819685995578766,-2.4493930339813232,10.678085327148438,0.00432770699262619,0.03955387324094772,-0.1388087272644043,27.41657066345215,44.89910125732422,-87.09402465820312
12.71297001838684,0,16.89960479736328,0.5001600980758667,-0.0,-5.001601219177246,2.008000135421753,3096.0,-0.0,2.0,20.144001007080078,0.01438195165246725,-0.002992904745042324,-2.7007970809936523,8.684211730957031,0.051999010145664215,-0.08148864656686783,-0.15745113790035248,26.355283737182617,43.83430099487305,-87.43490600585938
12.733253479003906,0,16.90932846069336,0.4996196925640106,-0.0,-4.996196746826172,2.0199999809265137,2952.0,-0.0,2.0,20.00800132751465,0.009722815826535225,-0.09876585006713867,-1.5838451385498047,7.5756402015686035,0.0750357061624527,0.012921854853630066,-0.14240404963493347,24.232711791992188,45.25403594970703,-87.43490600585938
12.75355076789856,0,16.91803741455078,0.4878753125667572,-0.0,-4.878753185272217,2.0160000324249268,2956.0,-0.0,2.0,20.00400161743164,0.008710079826414585,0.3531627357006073,-2.4883008003234863,10.527841567993164,-0.05759172886610031,0.05686467885971069,-0.11044563353061676,26.178403854370117,45.43150329589844,-87.26446533203125
12.773826599121094,0,16.926990509033203,0.4808709919452667,0.0,-4.840764045715332,2.01200008392334,2960.0,-0.0,0.0,20.012001037597656,0.008952256292104721,-0.022746074944734573,-2.5146384239196777,9.048149108886719,-0.011651502922177315,-0.006652675569057465,-0.10924719274044037,27.23969078063965,44.72163772583008,-88.28709411621094
12.794080972671509,0,16.94089698791504,0.5204541087150574,0.0,-4.840764045715332,2.01200008392334,2940.0,-0.0,0.0,20.012001037597656,0.01390585582703352,0.5435115098953247,-1.7478562593460083,10.04358959197998,0.03841668367385864,-0.03288520872592926,-0.09686329960823059,26.355283737182617,45.25403594970703,-86.41226959228516
12.814194202423096,0,16.958877563476562,0.586204469203949,0.0,-4.840764045715332,2.008000135421753,3044.0,-0.0,0.0,20.00400161743164,0.017981568351387978,0.36573293805122375,-1.1678314208984375,8.839244842529297,0.02603279985487461,0.004399610683321953,-0.08221569657325745,27.23969078063965,45.78643798828125,-87.26446533203125
12.834487915039062,0,16.976383209228516,0.6405234932899475,0.0,-4.840764045715332,2.008000135421753,2948.0,-0.0,0.0,20.012001037597656,0.017505472525954247,0.6578404307365417,-0.4812590777873993,8.549530982971191,0.023369597271084785,-0.00105995312333107,-0.053053636103868484,27.41657066345215,45.963905334472656,-87.7757797241211
12.854744911193848,0,16.99281883239746,0.6726704239845276,0.0,-4.840764045715332,2.004000186920166,2948.0,-0.0,0.0,20.032001495361328,0.016434943303465843,0.25679120421409607,0.11492753773927689,8.43699836730957,0.04920265078544617,0.009060213342308998,-0.033745426684617996,25.824642181396484,45.43150329589844,-87.94622039794922
12.875060796737671,0,17.00481414794922,0.6569218635559082,-0.0,-6.569218635559082,2.004000186920166,2964.0,-0.0,2.0,20.00400161743164,0.011995968408882618,0.0005985809257254004,0.35076841711997986,9.940633773803711,0.022970115765929222,0.07177861034870148,-0.046928271651268005,25.824642181396484,44.366703033447266,-88.28709411621094
12.89530348777771,0,17.005069732666016,0.5408856868743896,-0.0,-5.4088568687438965,2.004000186920166,2960.0,-0.0,2.0,20.012001037597656,0.0002559360000304878,-0.14186367392539978,-0.934384822845459,8.885933876037598,0.0318918451666832,0.01238921470940113,-0.055184196680784225,25.117116928100586,45.076568603515625,-86.92359161376953
12.9154212474823,0,17.006086349487305,0.4528319239616394,-0.0,-4.528319358825684,2.01200008392334,2972.0,-0.0,2.0,20.00400161743164,0.0010154880583286285,-0.24242527782917023,-2.172848701477051,9.147513389587402,-0.12097593396902084,-0.05046234279870987,-0.02695426158607006,26.355283737182617,44.54417037963867,-88.11666107177734
12.935695886611938,0,17.010536193847656,0.4123776853084564,-0.0,-4.123776912689209,2.01200008392334,2948.0,-0.0,2.0,20.00800132751465,0.004449984058737755,0.07063254714012146,-2.9156877994537354,9.561731338500977,0.006724586710333824,-0.012112239375710487,-0.01044241152703762,27.947214126586914,45.076568603515625,-87.26446533203125
12.955981016159058,0,17.015209197998047,0.3802522122859955,-0.0,-3.8025221824645996,2.01200008392334,2940.0,-0.0,2.0,20.00800132751465,0.00467289611697197,0.6141440272331238,-1.8986986875534058,7.931796073913574,0.10273300111293793,-0.016240203753113747,-0.013105614110827446,25.64776039123535,45.963905334472656,-88.11666107177734
12.976252317428589,0,17.02410316467285,0.39299696683883667,-0.0,-3.9299697875976562,2.01200008392334,2956.0,-0.0,2.0,20.016000747680664,0.008894464001059532,0.19154590368270874,-2.2285168170928955,8.75304889678955,-0.044808365404605865,-0.026626689359545708,-0.030815904960036278,26.885927200317383,45.78643798828125,-89.65060424804688
12.99656343460083,0,17.036357879638672,0.43238362669944763,-0.0,-4.323836326599121,2.004000186920166,2956.0,-0.0,2.0,20.016000747680664,0.012254656292498112,0.06823822855949402,-1.545535922050476,9.912500381469727,-0.07383725792169571,-0.02889041043817997,-0.030416425317525864,25.64776039123535,46.3188362121582,-87.09402465820312
13.016656398773193,0,17.04706382751465,0.44992396235466003,0.0,-4.37483549118042,2.01200008392334,2964.0,-0.0,0.0,20.016000747680664,0.010705280117690563,0.20950332283973694,-0.21848203241825104,8.58544635772705,0.079429991543293,-0.0007936321198940277,-0.023358941078186035,25.64776039123535,44.54417037963867,-87.09402465820312
13.036916017532349,0,17.056921005249023,0.4581773579120636,0.0,-4.37483549118042,2.008000135421753,2944.0,-0.0,0.0,20.00800132751465,0.00985766388475895,0.01436594221740961,0.43756264448165894,8.998467445373535,0.048004209995269775,0.011590254493057728,-0.036541786044836044,26.709047317504883,44.54417037963867,-88.11666107177734
13.057395935058594,0,17.065502166748047,0.45264458656311035,0.0,-4.37483549118042,2.01200008392334,2944.0,-0.0,0.0,20.00400161743164,0.008580735884606838,0.3890776038169861,-0.3693244457244873,9.759263038635254,0.01045306958258152,5.327165126800537e-06,-0.03481070697307587,26.178403854370117,45.78643798828125,-88.9688491821289
13.07767939567566,0,17.072731018066406,0.4359978139400482,0.0,-4.37483549118042,2.01200008392334,2956.0,-0.0,0.0,20.00800132751465,0.0072295041754841805,0.39087334275245667,-0.3244308531284332,8.833857536315918,0.01151834987103939,-0.03195308893918991,-0.01670093648135662,24.940235137939453,45.608970642089844,-88.79840850830078
13.097671031951904,0,17.078760147094727,0.4117364287376404,0.0,-4.37483549118042,2.004000186920166,2956.0,-0.0,0.0,20.00800132751465,0.006029631942510605,0.13228638470172882,0.11253321170806885,8.562700271606445,-0.012983104214072227,0.010125493630766869,-0.020029937848448753,26.178403854370117,46.1413688659668,-86.92359161376953
13.117898225784302,0,17.084360122680664,0.38756459951400757,0.0,-4.37483549118042,2.008000135421753,2964.0,-0.0,0.0,20.00400161743164,0.005600320175290108,0.10535024106502533,-0.3381982147693634,9.331277847290039,-0.021904829889535904,0.006663331761956215,-0.029484303668141365,25.29399871826172,45.608970642089844,-87.43490600585938
13.138195514678955,0,17.09062957763672,0.3749464750289917,0.0,-4.37483549118042,2.01200008392334,2952.0,-0.0,0.0,20.00800132751465,0.006269055884331465,0.339993953704834,-0.7332616448402405,9.014030456542969,0.007789866998791695,-0.013177519664168358,-0.012306652963161469,27.062808990478516,47.02870559692383,-86.07139587402344
13.158465385437012,0,17.09796142578125,0.3734852969646454,0.0,-4.37483549118042,2.01200008392334,2944.0,-0.0,0.0,20.012001037597656,0.007331328000873327,0.11492753773927689,-0.4261896312236786,9.453987121582031,0.007257228717207909,0.013587655499577522,-0.011241372674703598,25.64776039123535,45.608970642089844,-86.7531509399414
13.178630113601685,0,17.105314254760742,0.3722932040691376,0.0,-4.37483549118042,2.01200008392334,2948.0,-0.0,0.0,20.012001037597656,0.00735334400087595,0.13887077569961548,-0.32263511419296265,9.052937507629395,-0.005659298971295357,-0.001326272264122963,-0.01976361684501171,26.355283737182617,45.608970642089844,-87.09402465820312
13.198881149291992,0,17.11177635192871,0.363217294216156,0.0,-4.37483549118042,2.0199999809265137,2948.0,-0.0,0.0,20.02400016784668,0.006461695767939091,0.17777854204177856,-0.11432895809412003,9.22832202911377,0.004460865631699562,-0.007851116359233856,-0.00524916872382164,26.709047317504883,45.25403594970703,-88.79840850830078
13.219154834747314,0,17.117109298706055,0.34533318877220154,0.0,-4.37483549118042,2.01200008392334,2948.0,-0.0,0.0,20.00400161743164,0.005333376117050648,0.2280593365430832,-0.3082691729068756,8.617769241333008,-0.010586222633719444,-0.0021252334117889404,-0.007379730232059956,25.64776039123535,46.3188362121582,-88.11666107177734
13.239439964294434,0,17.121633529663086,0.32418331503868103,0.0,-4.37483549118042,2.01200008392334,2956.0,-0.0,0.0,20.00800132751465,0.0045242877677083015,0.24781250953674316,-0.35256415605545044,9.650919914245605,-0.009387781843543053,0.014919256791472435,-0.0067139300517737865,26.001522064208984,45.608970642089844,-86.7531509399414
13.25958800315857,0,17.126235961914062,0.3061239719390869,0.0,-4.37483549118042,2.01200008392334,2952.0,-0.0,0.0,20.00400161743164,0.004601344000548124,0.3441840410232544,-0.5680533051490784,9.055931091308594,-0.019774269312620163,0.015052417293190956,-0.019497297704219818,26.001522064208984,46.3188362121582,-88.11666107177734
13.279878854751587,0,17.130985260009766,0.2950548827648163,0.0,-4.37483549118042,2.008000135421753,2948.0,-0.0,0.0,20.00400161743164,0.004749951884150505,0.10415308177471161,-0.5261526107788086,9.413283348083496,-0.0051266588270664215,0.008527573198080063,-0.01763305626809597,26.001522064208984,47.02870559692383,-87.09402465820312
13.3001229763031,0,17.1359806060791,0.28687354922294617,0.0,-4.37483549118042,2.01200008392334,2944.0,-0.0,0.0,20.00800132751465,0.0049948799423873425,0.14186367392539978,-0.5177724957466125,8.62495231628418,0.0031292662024497986,0.004266450181603432,-0.00524916872382164,26.709047317504883,44.89910125732422,-86.07139587402344
13.320378541946411,0,17.14069366455078,0.27721652388572693,0.0,-4.37483549118042,2.01200008392334,2952.0,-0.0,0.0,20.00800132751465,0.004714176058769226,0.1370750367641449,-0.28672027587890625,9.625181198120117,0.004460865631699562,0.01864773966372013,-0.009110811166465282,26.178403854370117,46.1413688659668,-87.60533905029297
13.340677976608276,0,17.14454460144043,0.26227474212646484,0.0,-4.37483549118042,2.01200008392334,2948.0,-0.0,0.0,20.00800132751465,0.003850047942250967,0.1759827882051468,-0.20651042461395264,8.550129890441895,0.000332903116941452,-0.017971282824873924,-0.01763305626809597,26.885927200317383,45.78643798828125,-87.26446533203125
13.360811710357666,0,17.147733688354492,0.24350334703922272,0.0,-4.37483549118042,2.01200008392334,2972.0,-0.0,0.0,20.00400161743164,0.003189567942172289,0.27654439210891724,-0.4261896312236786,9.398918151855469,-0.01950794830918312,0.021444100886583328,-0.020429417490959167,24.940235137939453,45.963905334472656,-88.45753479003906
13.381110429763794,0,17.150508880615234,0.22481709718704224,0.0,-4.37483549118042,2.01200008392334,2948.0,-0.0,0.0,20.00800132751465,0.002774016000330448,0.18256717920303345,-0.40883076190948486,9.219942092895508,0.016045792028307915,-0.0035899952054023743,-0.006980250123888254,25.47087860107422,44.72163772583008,-87.94622039794922
13.401368856430054,0,17.153644561767578,0.21255765855312347,0.0,-4.37483549118042,2.0160000324249268,2952.0,-0.0,0.0,20.00800132751465,0.003137280000373721,0.08320274949073792,-0.4531257748603821,8.772802352905273,0.006724586710333824,0.010125493630766869,-0.0067139300517737865,25.29399871826172,46.3188362121582,-87.43490600585938
13.421698570251465,0,17.156719207763672,0.20182058215141296,0.0,-4.37483549118042,2.008000135421753,2964.0,-0.0,0.0,20.00800132751465,0.003073984058573842,0.1921444833278656,-0.6554461121559143,9.433036804199219,-0.017643706873059273,-0.0005273129791021347,-0.006980250123888254,25.64776039123535,45.963905334472656,-88.45753479003906
13.441744089126587,0,17.159255981445312,0.18861432373523712,0.0,-4.37483549118042,2.01200008392334,2952.0,-0.0,0.0,20.00400161743164,0.002537344116717577,0.281931608915329,-0.3992534875869751,8.969735145568848,0.016578434035182,0.007994932122528553,-0.005914969369769096,26.001522064208984,44.89910125732422,-87.7757797241211
13.462007761001587,0,17.16149139404297,0.1739041805267334,0.0,-4.37483549118042,2.01200008392334,3052.0,-0.0,0.0,20.00800132751465,0.0022346240002661943,0.21249623596668243,-0.14365942776203156,8.962552070617676,0.0011318642646074295,-0.004655275493860245,-0.011507692746818066,26.709047317504883,46.3188362121582,-88.45753479003906
13.482335090637207,0,17.16343879699707,0.16084854304790497,0.0,-4.37483549118042,2.01200008392334,2944.0,-0.0,0.0,20.00400161743164,0.0019484160002321005,0.10355450212955475,-0.3573528230190277,9.590463638305664,-0.007656700909137726,0.01278869528323412,-0.009909771382808685,26.53216552734375,46.49630355834961,-87.94622039794922
13.502606391906738,0,17.164718627929688,0.14325979351997375,0.0,-4.37483549118042,2.01200008392334,2952.0,-0.0,0.0,20.00800132751465,0.0012796800583600998,0.14066651463508606,-0.30886775255203247,8.829667091369629,-0.009520942345261574,-0.009981678798794746,-0.007646050304174423,27.770334243774414,45.608970642089844,-86.7531509399414
13.522716999053955,0,17.16475486755371,0.11768757551908493,0.0,-4.37483549118042,2.008000135421753,2960.0,-0.0,0.0,20.016000747680664,3.577600000426173e-05,0.21189764142036438,-0.4513300061225891,8.841638565063477,-0.007257221266627312,0.0050654103979468346,-0.004849689081311226,26.355283737182617,45.608970642089844,-87.7757797241211
13.543185710906982,0,17.16475486755371,0.0967143252491951,0.0,-4.37483549118042,2.01200008392334,2948.0,-0.0,0.0,20.00400161743164,0.0,0.25260114669799805,-0.8272388577461243,9.44560718536377,-0.012849943712353706,0.002668529748916626,0.00021039415150880814,27.59345245361328,46.49630355834961,-87.26446533203125
13.563274145126343,0,17.164833068847656,0.07959112524986267,0.0,-4.37483549118042,2.008000135421753,3104.0,-0.0,0.0,20.016000747680664,7.705600000917912e-05,0.204116091132164,-0.9289975762367249,9.14332389831543,-0.0031292587518692017,0.008394412696361542,-0.0019201668910682201,25.824642181396484,45.78643798828125,-87.60533905029297
13.583561182022095,0,17.16514015197754,0.06855016946792603,0.0,-4.37483549118042,2.01200008392334,2944.0,-0.0,0.0,20.00400161743164,0.00030822400003671646,0.055668026208877563,-0.80808424949646,9.167266845703125,-0.002330297604203224,-0.001193113625049591,-0.0004554060287773609,26.53216552734375,46.1413688659668,-88.28709411621094
13.603674411773682,0,17.166824340820312,0.07158910483121872,0.0,-4.37483549118042,2.0160000324249268,2944.0,-0.0,0.0,20.00800132751465,0.0016842240002006292,0.12330766767263412,-0.24661533534526825,9.252264976501465,0.008189348503947258,-0.009049557149410248,0.0024741156958043575,27.41657066345215,45.608970642089844,-88.79840850830078
13.623951435089111,0,17.16823959350586,0.07109232991933823,0.0,-4.37483549118042,2.01200008392334,2968.0,-0.0,0.0,20.012001037597656,0.0014145280001685023,0.234045147895813,0.15742678940296173,8.733894348144531,0.027630718424916267,-0.008516917005181313,0.0030067558400332928,27.41657066345215,45.963905334472656,-87.7757797241211
13.644254207611084,0,17.168127059936523,0.05732857063412666,0.0,-4.37483549118042,2.008000135421753,2948.0,-0.0,0.0,20.02400016784668,-0.00011283200001344085,0.27474865317344666,0.13647645711898804,9.398319244384766,-0.00193081796169281,-0.00305735319852829,0.0024741156958043575,26.001522064208984,46.673770904541016,-88.79840850830078
13.66454005241394,0,17.168054580688477,0.04624435678124428,0.0,-4.37483549118042,2.01200008392334,3036.0,-0.0,0.0,20.00800132751465,-7.155200000852346e-05,0.2514039874076843,0.2292564958333969,9.043360710144043,0.0015313439071178436,-0.001326272264122963,0.0019414755515754223,25.824642181396484,45.076568603515625,-87.60533905029297
13.684695959091187,0,17.168054580688477,0.03809858113527298,0.0,-4.37483549118042,2.008000135421753,2940.0,-0.0,0.0,20.00400161743164,0.0,0.17179273068904877,0.33281099796295166,8.899701118469238,0.0052598267793655396,0.001070607453584671,0.0024741156958043575,26.53216552734375,45.78643798828125,-87.26446533203125
13.704927682876587,0,17.168054580688477,0.031259506940841675,0.0,-4.37483549118042,2.0360000133514404,2944.0,-0.0,0.0,20.00400161743164,0.0,0.18436291813850403,0.33580389618873596,9.267230033874512,0.004727186635136604,-0.0023915544152259827,0.006069438066333532,25.824642181396484,46.49630355834961,-87.60533905029297
13.725214719772339,0,17.168054580688477,0.025624603033065796,0.0,-4.37483549118042,2.008000135421753,2960.0,-0.0,0.0,20.00800132751465,0.0,0.21369339525699615,0.3812960386276245,9.02121353149414,0.006990907713770866,0.0012037679553031921,0.0055367969907820225,26.53216552734375,46.1413688659668,-87.94622039794922
13.745501279830933,0,17.168054580688477,0.021054795011878014,0.0,-4.37483549118042,2.0199999809265137,2940.0,-0.0,0.0,20.00400161743164,0.0,0.1610182672739029,0.3429868817329407,9.139732360839844,-0.0004660561680793762,0.0006711278110742569,0.0028735962696373463,25.64776039123535,46.3188362121582,-86.07139587402344
13.765607357025146,0,17.168054580688477,0.017246121540665627,0.0,-4.37483549118042,2.008000135421753,2972.0,-0.0,0.0,20.00800132751465,0.0,0.17777854204177856,0.3429868817329407,9.121175765991211,0.0008655432611703873,-0.0025247130542993546,-0.0019201668910682201,26.355283737182617,45.608970642089844,-86.7531509399414
13.785921096801758,0,17.168054580688477,0.014177042059600353,0.0,-4.37483549118042,2.01200008392334,2940.0,-0.0,0.0,20.012001037597656,0.0,0.1771799474954605,0.4243938624858856,9.087057113647461,0.004061385989189148,-0.003989474847912788,-0.002319647464901209,25.117116928100586,45.076568603515625,-88.28709411621094
13.806204795837402,0,17.168054580688477,0.01163303479552269,0.0,-4.37483549118042,2.008000135421753,2936.0,-0.0,0.0,20.016000747680664,0.0,0.19633454084396362,0.40883076190948486,9.07328987121582,-0.0008655376732349396,-0.0015925932675600052,0.00034355418756604195,25.117116928100586,46.85123825073242,-88.62797546386719
13.82645320892334,0,17.168054580688477,0.009547806344926357,0.0,-4.37483549118042,2.008000135421753,2944.0,-0.0,0.0,20.016000747680664,0.0,0.18735583126544952,0.42080238461494446,9.127161979675293,-0.0015313364565372467,0.0009374488145112991,0.0015419949777424335,24.940235137939453,46.673770904541016,-87.09402465820312
13.846738338470459,0,17.168054580688477,0.007831795141100883,0.0,-4.37483549118042,2.0160000324249268,2948.0,-0.0,0.0,20.00800132751465,0.0,0.2250664234161377,0.41481658816337585,9.013431549072266,-0.0011318568140268326,-0.0006604734808206558,0.0008761943317949772,25.824642181396484,44.72163772583008,-87.60533905029297
13.866886138916016,0,17.168054580688477,0.006418795790523291,0.0,-4.37483549118042,2.008000135421753,2956.0,-0.0,0.0,20.012001037597656,0.0,0.20830616354942322,0.4351683259010315,9.179238319396973,-0.0003328956663608551,0.0005379673093557358,-0.0011212066747248173,27.062808990478516,45.608970642089844,-88.11666107177734
13.887152433395386,0,17.16803550720215,0.0050933463498950005,0.0,-4.37483549118042,2.0160000324249268,2952.0,-0.0,0.0,20.012001037597656,-1.926400000229478e-05,0.2130948156118393,0.5177724957466125,9.034980773925781,0.0015313439071178436,-0.005054755136370659,-0.0025859675370156765,25.824642181396484,45.43150329589844,-88.9688491821289
13.907437324523926,0,17.16795539855957,0.0034581415820866823,0.0,-4.37483549118042,2.01200008392334,2944.0,-0.0,0.0,20.00800132751465,-7.980800000950694e-05,0.21548913419246674,0.528546929359436,9.102620124816895,-0.0003328956663608551,0.0004048086702823639,-0.0021864869631826878,26.53216552734375,46.49630355834961,-87.26446533203125
13.927723169326782,0,17.167892456054688,0.002280301647260785,0.0,-4.37483549118042,2.01200008392334,2948.0,-0.0,0.0,20.00800132751465,-6.329600000753999e-05,0.21728487312793732,0.5183711051940918,9.116387367248535,0.00019974447786808014,-0.001326272264122963,0.00047671422362327576,26.53216552734375,46.1413688659668,-87.26446533203125
13.947986125946045,0,17.16788673400879,0.0018258782802149653,0.0,-4.37483549118042,2.0280001163482666,2948.0,-0.0,0.0,20.00400161743164,-5.504000000655651e-06,0.17179273068904877,0.5524901747703552,9.047551155090332,-0.00019973702728748322,0.0013369284570217133,-0.0005885660648345947,25.29399871826172,45.608970642089844,-88.11666107177734
13.968076467514038,0,17.16788673400879,0.0014963988214731216,0.0,-4.37483549118042,2.008000135421753,2972.0,-0.0,0.0,20.00800132751465,0.0,0.19394022226333618,0.5028079748153687,9.084662437438965,6.658397614955902e-05,-0.0006604734808206558,-0.001387526746839285,27.59345245361328,46.49630355834961,-88.28709411621094
13.988407373428345,0,17.16788673400879,0.0012299667578190565,0.0,-4.37483549118042,2.008000135421753,2944.0,-0.0,0.0,20.00400161743164,0.0,0.19753170013427734,0.4585129916667938,9.06071949005127,0.0009987037628889084,0.000804288312792778,0.0006098742596805096,26.53216552734375,46.85123825073242,-87.26446533203125
14.008708953857422,0,17.16788673400879,0.001008744933642447,0.0,-4.37483549118042,2.008000135421753,2940.0,-0.0,0.0,20.00400161743164,0.0,0.21967920660972595,0.40583786368370056,9.088852882385254,-0.002330297604203224,0.0004048086702823639,-0.0007217261008918285,26.178403854370117,45.43150329589844,-88.62797546386719
14.028922080993652,0,17.16788673400879,0.000827985757496208,0.0,-4.37483549118042,2.008000135421753,2948.0,-0.0,0.0,20.012001037597656,0.0,0.18436291813850403,0.3202407956123352,9.100824356079102,-0.0011318568140268326,0.0016032494604587555,0.00021039415150880814,26.709047317504883,44.54417037963867,-88.11666107177734
14.049063444137573,0,17.16788673400879,0.0006795130320824683,0.0,-4.37483549118042,2.008000135421753,2940.0,-0.0,0.0,20.016000747680664,0.0,0.19334164261817932,0.27654439210891724,9.062515258789062,-0.0013981778174638748,5.327165126800537e-06,-0.0003222459927201271,25.64776039123535,45.963905334472656,-88.45753479003906
14.069340229034424,0,17.16788673400879,0.0005566346808336675,0.0,-4.37483549118042,2.01200008392334,2964.0,-0.0,0.0,20.00400161743164,0.0,0.19034872949123383,0.21548913419246674,9.09244441986084,-0.0009986963123083115,0.0009374488145112991,-5.5925920605659485e-05,26.001522064208984,47.02870559692383,-88.11666107177734
14.08963680267334,0,17.16788673400879,0.000457560847280547,0.0,-4.37483549118042,2.008000135421753,2948.0,-0.0,0.0,20.00800132751465,0.0,0.18795441091060638,0.20591184496879578,9.081669807434082,-0.0011318568140268326,0.0006711278110742569,0.00021039415150880814,26.885927200317383,44.01176834106445,-89.30972290039062
14.109890222549438,0,17.16788673400879,0.0003743386478163302,0.0,-4.37483549118042,2.01200008392334,2948.0,-0.0,0.0,20.00800132751465,0.0,0.19693312048912048,0.16580691933631897,9.091845512390137,-0.0013981778174638748,0.0012037679553031921,7.723411545157433e-05,25.824642181396484,44.72163772583008,-88.28709411621094
14.130030870437622,0,17.16788673400879,0.0003080788301303983,0.0,-4.37483549118042,2.008000135421753,2944.0,-0.0,0.0,20.012001037597656,0.0,0.20232035219669342,0.16760265827178955,9.108007431030273,0.000332903116941452,0.0005379673093557358,0.00047671422362327576,26.355283737182617,45.608970642089844,-88.79840850830078
14.150270223617554,0,17.16788673400879,0.00025278652901761234,0.0,-4.37483549118042,2.008000135421753,2952.0,-0.0,0.0,20.012001037597656,0.0,0.18496151268482208,0.1951373815536499,9.098429679870605,0.000332903116941452,0.0002716481685638428,-0.0005885660648345947,25.824642181396484,44.366703033447266,-87.60533905029297
14.170571088790894,0,17.16788673400879,0.00020720278553199023,0.0,-4.37483549118042,2.008000135421753,2948.0,-0.0,0.0,20.00400161743164,0.0,0.20830616354942322,0.19094730913639069,9.096633911132812,-0.0012650173157453537,0.000804288312792778,-0.0016538468189537525,27.062808990478516,45.25403594970703,-88.11666107177734
14.190845727920532,0,17.16788673400879,0.00017021789972204715,0.0,-4.37483549118042,2.008000135421753,2940.0,-0.0,0.0,20.00400161743164,0.0,0.20531325042247772,0.204116091132164,9.084064483642578,0.0008655432611703873,5.327165126800537e-06,-5.5925920605659485e-05,25.117116928100586,47.56110382080078,-87.94622039794922
14.211103677749634,0,17.16788673400879,0.000139512078021653,0.0,-4.37483549118042,2.008000135421753,2980.0,-0.0,0.0,20.00800132751465,0.0,0.21129906177520752,0.2220735251903534,9.061318397521973,-0.00019973702728748322,-0.0005273129791021347,7.723411545157433e-05,24.940235137939453,44.54417037963867,-88.79840850830078
14.231243133544922,0,17.16788673400879,0.0001146140493801795,0.0,-4.37483549118042,2.004000186920166,2944.0,-0.0,0.0,20.00800132751465,0.0,0.21967920660972595,0.2514039874076843,9.085860252380371,0.000332903116941452,0.0002716481685638428,-5.5925920605659485e-05,25.29399871826172,45.25403594970703,-87.43490600585938
14.251557111740112,0,17.16788673400879,9.404701268067583e-05,0.0,-4.37483549118042,2.0240001678466797,2944.0,-0.0,0.0,20.00400161743164,0.0,0.18675725162029266,0.2909103333950043,9.076282501220703,-0.0005992166697978973,-0.001459432765841484,0.00021039415150880814,27.23969078063965,45.43150329589844,-87.60533905029297
14.271803617477417,0,17.16788673400879,7.70939004723914e-05,0.0,-4.37483549118042,2.008000135421753,2960.0,-0.0,0.0,20.012001037597656,0.0,0.19992603361606598,0.29270607233047485,9.079874038696289,0.0011318642646074295,-0.00105995312333107,0.001408835407346487,25.824642181396484,46.1413688659668,-87.26446533203125
14.292089939117432,0,17.16788673400879,6.332551856758073e-05,0.0,-4.37483549118042,2.008000135421753,2940.0,-0.0,0.0,20.00400161743164,0.0,0.20172177255153656,0.3244308531284332,9.096035957336426,0.00019974447786808014,-0.00026099197566509247,-0.0005885660648345947,26.355283737182617,45.608970642089844,-88.45753479003906
14.312195777893066,0,17.16788673400879,5.1747334509855136e-05,0.0,-4.37483549118042,2.01200008392334,3064.0,-0.0,0.0,20.00400161743164,0.0,0.20232035219669342,0.354359894990921,9.108606338500977,-0.0004660561680793762,-0.0006604734808206558,-0.0005885660648345947,27.23969078063965,46.1413688659668,-88.9688491821289
14.332508325576782,0,17.16788673400879,4.264532253728248e-05,0.0,-4.37483549118042,2.01200008392334,2944.0,-0.0,0.0,20.00400161743164,0.0,0.19932745397090912,0.3429868817329407,9.099627494812012,0.0009987037628889084,0.0012037679553031921,-0.0008548866026103497,26.709047317504883,45.25403594970703,-87.7757797241211
14.352768659591675,0,17.16788673400879,3.500090315355919e-05,0.0,-4.37483549118042,2.0160000324249268,2936.0,-0.0,0.0,20.00400161743164,0.0,0.19693312048912048,0.3483740985393524,9.099028587341309,0.0013981852680444717,0.0005379673093557358,-0.0015206867828965187,25.64776039123535,46.3188362121582,-87.43490600585938
14.372875690460205,0,17.16788673400879,2.867937109840568e-05,0.0,-4.37483549118042,2.008000135421753,2960.0,-0.0,0.0,20.00800132751465,0.0,0.19034872949123383,0.3364024758338928,9.112197875976562,-0.0004660561680793762,-0.0006604734808206558,-0.001254366710782051,26.885927200317383,46.49630355834961,-88.28709411621094
14.39335584640503,0,17.16788673400879,2.3568389224237762e-05,0.0,-4.37483549118042,2.01200008392334,2948.0,-0.0,0.0,20.00400161743164,0.0,0.20531325042247772,0.33161383867263794,9.083465576171875,-0.0008655376732349396,0.0009374488145112991,-0.0009880466386675835,26.53216552734375,46.1413688659668,-87.94622039794922
14.413475275039673,0,17.16788673400879,1.921704097185284e-05,0.0,-4.37483549118042,2.01200008392334,3112.0,-0.0,0.0,20.00800132751465,0.0,0.19274306297302246,0.3034805357456207,9.097831726074219,-0.0005992166697978973,-0.00012783147394657135,-5.5925920605659485e-05,26.178403854370117,46.85123825073242,-88.28709411621094
14.43372893333435,0,17.16788673400879,1.587501355970744e-05,0.0,-4.37483549118042,2.008000135421753,2944.0,-0.0,0.0,20.00800132751465,0.0,0.19094730913639069,0.3202407956123352,9.064311027526855,-0.0013981778174638748,-0.00012783147394657135,0.00021039415150880814,26.001522064208984,47.02870559692383,-87.09402465820312
14.453850746154785,0,17.16788673400879,1.3025369298702572e-05,0.0,-4.37483549118042,2.01200008392334,2948.0,-0.0,0.0,20.00800132751465,0.0,0.21848203241825104,0.28253018856048584,9.076881408691406,-0.00019973702728748322,-0.0006604734808206558,-0.0007217261008918285,25.64776039123535,45.608970642089844,-87.43490600585938
14.474130630493164,0,17.16788673400879,1.0671201380318962e-05,0.0,-4.37483549118042,2.008000135421753,2956.0,-0.0,0.0,20.012001037597656,0.0,0.17658136785030365,0.25858697295188904,9.05652904510498,-0.0009986963123083115,5.327165126800537e-06,0.0019414755515754223,25.64776039123535,43.83430099487305,-89.821044921875
14.494610786437988,0,17.16788673400879,8.77119236974977e-06,0.0,-4.37483549118042,2.01200008392334,2944.0,-0.0,0.0,20.020000457763672,0.0,0.19094730913639069,0.24242527782917023,9.111000061035156,6.658397614955902e-05,5.327165126800537e-06,-0.0004554060287773609,24.940235137939453,45.608970642089844,-88.45753479003906
14.514701128005981,0,17.16788673400879,7.166620434873039e-06,0.0,-4.37483549118042,2.008000135421753,3040.0,-0.0,0.0,20.012001037597656,0.0,0.20232035219669342,0.2723543345928192,9.065507888793945,0.0009987037628889084,0.000804288312792778,0.0008761943317949772,25.117116928100586,47.206172943115234,-88.28709411621094
14.534973621368408,0,17.16788673400879,5.904701993131312e-06,0.0,-4.37483549118042,2.008000135421753,2940.0,-0.0,0.0,20.012001037597656,0.0,0.20890474319458008,0.25260114669799805,9.070895195007324,-0.00019973702728748322,0.001070607453584671,-0.0001890859566628933,27.23969078063965,46.1413688659668,-87.60533905029297
14.555097341537476,0,17.16788673400879,4.844570412387839e-06,0.0,-4.37483549118042,2.0160000324249268,2948.0,-0.0,0.0,20.012001037597656,0.0,0.2130948156118393,0.2741500735282898,9.069099426269531,-0.0008655376732349396,0.00013848766684532166,-0.0003222459927201271,26.355283737182617,47.383636474609375,-88.79840850830078
14.575391054153442,0,17.16788673400879,3.969431418227032e-06,0.0,-4.37483549118042,2.008000135421753,2956.0,-0.0,0.0,20.012001037597656,0.0,0.19992603361606598,0.2651713490486145,9.070297241210938,-0.0013981778174638748,0.0009374488145112991,0.00220779562368989,24.763355255126953,45.43150329589844,-87.94622039794922
14.595726013183594,0,17.16788673400879,3.2613945677439915e-06,0.0,-4.37483549118042,2.0360000133514404,2944.0,-0.0,0.0,20.016000747680664,0.0,0.1831657588481903,0.2699599862098694,9.091845512390137,-0.0007323771715164185,0.0006711278110742569,0.00021039415150880814,26.178403854370117,45.43150329589844,-88.28709411621094
14.615978956222534,0,17.16788673400879,2.6734887796919793e-06,0.0,-4.37483549118042,2.008000135421753,2960.0,-0.0,0.0,20.00400161743164,0.0,0.1741870492696762,0.2729529142379761,9.082268714904785,-0.0009986963123083115,0.00013848766684532166,0.0006098742596805096,26.001522064208984,46.3188362121582,-88.79840850830078
14.6360764503479,0,17.16788673400879,2.1965395262668608e-06,0.0,-4.37483549118042,2.008000135421753,2952.0,-0.0,0.0,20.00400161743164,0.0,0.22865791618824005,0.31485357880592346,9.07448673248291,-0.0005992166697978973,0.0002716481685638428,0.00034355418756604195,27.062808990478516,45.608970642089844,-88.79840850830078
14.656355619430542,0,17.16788673400879,1.8026631778411684e-06,0.0,-4.37483549118042,2.01200008392334,2944.0,-0.0,0.0,20.00400161743164,0.0,0.2202777862548828,0.30767059326171875,9.082866668701172,-0.0005992166697978973,-0.0005273129791021347,0.0016751554794609547,26.355283737182617,46.3188362121582,-87.09402465820312
14.676653385162354,0,17.16788673400879,1.4790135764997103e-06,0.0,-4.37483549118042,2.008000135421753,2948.0,-0.0,0.0,20.016000747680664,0.0,0.17957428097724915,0.31964221596717834,9.07568359375,6.658397614955902e-05,-0.0003941524773836136,0.0007430347613990307,26.885927200317383,46.1413688659668,-89.30972290039062
14.696930408477783,0,17.16788673400879,1.2138016245444305e-06,0.0,-4.37483549118042,2.0160000324249268,2944.0,-0.0,0.0,20.00400161743164,0.0,0.19992603361606598,0.3142549991607666,9.082268714904785,-0.0003328956663608551,-0.00026099197566509247,0.00021039415150880814,26.355283737182617,45.963905334472656,-88.45753479003906
14.71703553199768,0,17.16788673400879,9.943844361259835e-07,0.0,-4.37483549118042,2.008000135421753,2968.0,-0.0,0.0,20.012001037597656,0.0,0.1891515702009201,0.31964221596717834,9.080472946166992,-0.00019973702728748322,-0.0003941524773836136,-0.001387526746839285,24.763355255126953,45.076568603515625,-87.26446533203125
14.737371921539307,0,17.16788673400879,8.172059438038559e-07,0.0,-4.37483549118042,2.01200008392334,2948.0,-0.0,0.0,20.00800132751465,0.0,0.18795441091060638,0.28791743516921997,9.099627494812012,-0.0005992166697978973,0.0002716481685638428,0.00047671422362327576,25.47087860107422,46.49630355834961,-88.28709411621094
14.75762152671814,0,17.16788673400879,6.674206360912649e-07,0.0,-4.37483549118042,2.01200008392334,2948.0,-0.0,0.0,20.00800132751465,0.0,0.18975014984607697,0.3004876375198364,9.10621166229248,-0.0015313364565372467,5.327165126800537e-06,0.0008761943317949772,25.64776039123535,45.963905334472656,-89.13928985595703
14.777923107147217,0,17.16788673400879,5.50217976069689e-07,0.0,-4.37483549118042,2.01200008392334,2956.0,-0.0,0.0,20.012001037597656,0.0,0.1861586719751358,0.2801358699798584,9.106810569763184,-0.00019973702728748322,-0.00026099197566509247,0.0007430347613990307,25.117116928100586,46.85123825073242,-87.94622039794922
14.798194885253906,0,17.16788673400879,4.5155437078392424e-07,0.0,-4.37483549118042,2.004000186920166,2944.0,-0.0,0.0,20.020000457763672,0.0,0.2071090042591095,0.2801358699798584,9.105612754821777,6.658397614955902e-05,-0.0005273129791021347,0.0007430347613990307,26.355283737182617,45.963905334472656,-87.7757797241211
14.818302631378174,0,17.16788673400879,3.6987125895393547e-07,0.0,-4.37483549118042,2.008000135421753,2972.0,-0.0,0.0,20.012001037597656,0.0,0.21189764142036438,0.27474865317344666,9.071494102478027,-0.001797657459974289,0.0002716481685638428,-0.002319647464901209,25.47087860107422,47.206172943115234,-88.62797546386719
14.838610410690308,0,17.16788673400879,3.040148044419766e-07,0.0,-4.37483549118042,2.008000135421753,2940.0,-0.0,0.0,20.012001037597656,0.0,0.20591184496879578,0.2789387106895447,9.114591598510742,-0.0016644969582557678,-0.0006604734808206558,0.0007430347613990307,26.709047317504883,45.25403594970703,-87.7757797241211
14.858959197998047,0,17.16788673400879,2.493927979685395e-07,0.0,-4.37483549118042,2.008000135421753,2948.0,-0.0,0.0,20.012001037597656,0.0,0.19394022226333618,0.2723543345928192,9.091845512390137,6.658397614955902e-05,-0.0005273129791021347,-0.0001890859566628933,26.178403854370117,46.49630355834961,-87.94622039794922
14.879210710525513,0,17.16788673400879,2.0466416117415065e-07,0.0,-4.37483549118042,2.01200008392334,2952.0,-0.0,0.0,20.012001037597656,0.0,0.21489055454730988,0.28073444962501526,9.097831726074219,0.0005992241203784943,0.0002716481685638428,-0.0005885660648345947,25.117116928100586,47.56110382080078,-88.28709411621094
14.899301052093506,0,17.16788673400879,1.6796457202872261e-07,0.0,-4.37483549118042,2.008000135421753,2952.0,-0.0,0.0,20.00800132751465,0.0,0.20232035219669342,0.28672027587890625,9.11040210723877,0.0007323846220970154,0.0012037679553031921,0.0006098742596805096,26.178403854370117,45.78643798828125,-88.28709411621094
14.919573068618774,0,17.16788673400879,1.3758059935753408e-07,0.0,-4.37483549118042,2.01200008392334,2968.0,-0.0,0.0,20.00800132751465,0.0,0.19932745397090912,0.2789387106895447,9.099627494812012,-0.0004660561680793762,5.327165126800537e-06,-0.0001890859566628933,26.53216552734375,47.206172943115234,-89.30972290039062
14.939880132675171,0,17.16788673400879,1.1308842573498623e-07,0.0,-4.37483549118042,2.01200008392334,2956.0,-0.0,0.0,20.00800132751465,0.0,0.20351751148700714,0.2861216962337494,9.082866668701172,-0.0003328956663608551,-0.0005273129791021347,0.001408835407346487,26.709047317504883,45.25403594970703,-87.43490600585938
14.960124969482422,0,17.16788673400879,9.273689727251622e-08,0.0,-4.37483549118042,2.008000135421753,2944.0,-0.0,0.0,20.00800132751465,0.0,0.2130948156118393,0.28791743516921997,9.071494102478027,-0.001797657459974289,-0.00105995312333107,-5.5925920605659485e-05,24.055830001831055,46.49630355834961,-89.65060424804688
14.980241775512695,0,17.16788673400879,7.616049657599433e-08,0.0,-4.37483549118042,2.004000186920166,2948.0,-0.0,0.0,20.00800132751465,0.0,0.18436291813850403,0.30467769503593445,9.089451789855957,-0.0008655376732349396,0.00013848766684532166,0.0008761943317949772,24.055830001831055,45.78643798828125,-88.28709411621094
15.000528812408447,0,17.16788673400879,6.249888429010753e-08,0.0,-4.37483549118042,2.008000135421753,2948.0,-0.0,0.0,20.00800132751465,0.0,0.22746075689792633,0.3010862171649933,9.083465576171875,-0.0004660561680793762,-0.0015925932675600052,0.0018083150498569012,25.64776039123535,45.608970642089844,-87.7757797241211
15.020789623260498,0,17.16788673400879,5.121486168491174e-08,0.0,-4.37483549118042,2.008000135421753,2956.0,-0.0,0.0,20.00400161743164,0.0,0.19693312048912048,0.2873188555240631,9.05652904510498,-0.00019973702728748322,0.0012037679553031921,-0.0001890859566628933,26.178403854370117,46.49630355834961,-88.28709411621094
15.04106879234314,0,17.16788673400879,4.2076440109894975e-08,0.0,-4.37483549118042,2.01200008392334,2952.0,-0.0,0.0,20.012001037597656,0.0,0.1921444833278656,0.27474865317344666,9.09364128112793,-0.00019973702728748322,5.327165126800537e-06,-0.0001890859566628933,25.47087860107422,45.43150329589844,-87.94622039794922
15.061178207397461,0,17.16788673400879,3.446101715098848e-08,0.0,-4.37483549118042,2.008000135421753,2992.0,-0.0,0.0,20.00400161743164,0.0,0.180172860622406,0.2843259274959564,9.071494102478027,-0.0003328956663608551,-0.0005273129791021347,0.0011425144039094448,26.178403854370117,45.43150329589844,-88.62797546386719
15.08159852027893,0,17.16788673400879,2.833608014896072e-08,0.0,-4.37483549118042,2.008000135421753,2940.0,-0.0,0.0,20.00400161743164,0.0,0.2071090042591095,0.2699599862098694,9.072092056274414,-0.0012650173157453537,-0.00105995312333107,-0.0003222459927201271,26.178403854370117,46.1413688659668,-88.62797546386719
15.101744651794434,0,17.16788673400879,2.3252194836231865e-08,0.0,-4.37483549118042,2.01200008392334,2944.0,-0.0,0.0,20.00400161743164,0.0,0.17837712168693542,0.292107492685318,9.084064483642578,-0.0007323771715164185,0.00013848766684532166,0.0006098742596805096,26.53216552734375,45.78643798828125,-88.9688491821289
15.12200379371643,0,17.16788673400879,1.905040747374187e-08,0.0,-4.37483549118042,2.008000135421753,2976.0,-0.0,0.0,20.012001037597656,0.0,0.2011231929063797,0.2903117537498474,9.10740852355957,0.00019974447786808014,0.0009374488145112991,0.0010093548335134983,25.117116928100586,45.43150329589844,-88.9688491821289
15.14229702949524,0,17.16788673400879,1.5657231955401585e-08,0.0,-4.37483549118042,2.008000135421753,2948.0,-0.0,0.0,20.00400161743164,0.0,0.19633454084396362,0.29150891304016113,9.087057113647461,-0.0009986963123083115,-0.00026099197566509247,7.723411545157433e-05,26.001522064208984,45.25403594970703,-87.7757797241211
15.16239070892334,0,17.16788673400879,1.2781208091894314e-08,0.0,-4.37483549118042,2.01200008392334,3076.0,-0.0,0.0,20.012001037597656,0.0,0.20830616354942322,0.2693614065647125,9.071494102478027,-0.0013981778174638748,0.0012037679553031921,-0.0003222459927201271,25.29399871826172,46.3188362121582,-88.45753479003906
15.182673931121826,0,17.16788673400879,1.0543697470666302e-08,0.0,-4.37483549118042,2.008000135421753,2944.0,-0.0,0.0,20.016000747680664,0.0,0.20351751148700714,0.2849245071411133,9.086458206176758,-0.0013981778174638748,0.0005379673093557358,-0.0001890859566628933,26.001522064208984,44.89910125732422,-89.13928985595703
15.202944993972778,0,17.16788673400879,8.652370375727969e-09,0.0,-4.37483549118042,2.01200008392334,2940.0,-0.0,0.0,20.00400161743164,0.0,0.2011231929063797,0.28073444962501526,9.077479362487793,-0.0004660561680793762,0.0009374488145112991,0.00034355418756604195,27.23969078063965,46.85123825073242,-88.62797546386719
15.223246097564697,0,17.16788673400879,7.090750653304667e-09,0.0,-4.37483549118042,2.008000135421753,2952.0,-0.0,0.0,20.00800132751465,0.0,0.2160877138376236,0.2873188555240631,9.069698333740234,-6.65765255689621e-05,-0.00012783147394657135,-5.5925920605659485e-05,26.709047317504883,44.89910125732422,-88.79840850830078
15.24352741241455,0,17.16788673400879,5.825073756682286e-09,0.0,-4.37483549118042,2.0160000324249268,2948.0,-0.0,0.0,20.00400161743164,0.0,0.2101019024848938,0.2759458124637604,9.061318397521973,0.0009987037628889084,0.0009374488145112991,-5.5925920605659485e-05,24.940235137939453,46.3188362121582,-88.11666107177734
15.263632535934448,0,17.16788673400879,4.751623539078764e-09,0.0,-4.37483549118042,2.008000135421753,3088.0,-0.0,0.0,20.016000747680664,0.0,0.19932745397090912,0.29569897055625916,9.082866668701172,-0.0005992166697978973,-0.00012783147394657135,-0.001387526746839285,24.763355255126953,47.206172943115234,-87.60533905029297
15.283917903900146,0,17.16788673400879,3.922675961831601e-09,0.0,-4.37483549118042,2.008000135421753,2948.0,-0.0,0.0,20.020000457763672,0.0,0.204116091132164,0.2909103333950043,9.100225448608398,-0.0004660561680793762,0.0009374488145112991,-5.5925920605659485e-05,26.709047317504883,45.25403594970703,-88.79840850830078
15.304178714752197,0,17.16788673400879,3.2182716491746532e-09,0.0,-4.37483549118042,2.0199999809265137,2944.0,-0.0,0.0,20.00400161743164,0.0,0.20890474319458008,0.30168479681015015,9.094240188598633,0.0005992241203784943,0.00013848766684532166,0.001408835407346487,27.41657066345215,45.25403594970703,-88.79840850830078
15.324455738067627,0,17.16788673400879,2.6377275919031717e-09,0.0,-4.37483549118042,2.008000135421753,2964.0,-0.0,0.0,20.00400161743164,0.0,0.19453880190849304,0.2891145944595337,9.064311027526855,-0.0005992166697978973,-0.0009267926216125488,0.0011425144039094448,26.53216552734375,45.78643798828125,-87.94622039794922
15.344764232635498,0,17.16788673400879,2.1673192129867402e-09,0.0,-4.37483549118042,2.0160000324249268,2940.0,-0.0,0.0,20.02400016784668,0.0,0.2190806120634079,0.2753472328186035,9.082268714904785,-0.0011318568140268326,-0.0003941524773836136,-0.0007217261008918285,26.178403854370117,44.72163772583008,-89.30972290039062
15.364872694015503,0,17.16788673400879,1.7715874323087633e-09,0.0,-4.37483549118042,2.008000135421753,3024.0,-0.0,0.0,20.016000747680664,0.0,0.21369339525699615,0.27774155139923096,9.113993644714355,6.658397614955902e-05,0.0016032494604587555,-5.5925920605659485e-05,26.885927200317383,45.78643798828125,-87.94622039794922
15.38514494895935,0,17.16788673400879,1.4591345909309439e-09,0.0,-4.37483549118042,2.008000135421753,2956.0,-0.0,0.0,20.00400161743164,0.0,0.21369339525699615,0.27175575494766235,9.09483814239502,-0.0009986963123083115,-0.001193113625049591,-0.0003222459927201271,27.062808990478516,45.963905334472656,-89.13928985595703
15.405393362045288,0,17.16788673400879,1.1972984825803223e-09,0.0,-4.37483549118042,2.008000135421753,2944.0,-0.0,0.0,20.012001037597656,0.0,0.19334164261817932,0.2849245071411133,9.068501472473145,-0.0003328956663608551,-0.0006604734808206558,0.00021039415150880814,24.940235137939453,46.3188362121582,-89.13928985595703
15.425766468048096,0,17.16788673400879,9.825651403616575e-10,0.0,-4.37483549118042,2.008000135421753,2948.0,-0.0,0.0,20.00400161743164,0.0,0.20052461326122284,0.2843259274959564,9.10501480102539,0.000332903116941452,0.0017364080995321274,-0.0001890859566628933,27.062808990478516,44.89910125732422,-87.43490600585938
15.445971727371216,0,17.16788673400879,8.063741896435772e-10,0.0,-4.37483549118042,2.008000135421753,2940.0,-0.0,0.0,20.00800132751465,0.0,0.20651042461395264,0.27175575494766235,9.071494102478027,0.0017976649105548859,0.000804288312792778,-0.0001890859566628933,26.001522064208984,45.608970642089844,-88.79840850830078
15.466048240661621,0,17.16788673400879,6.605573865670067e-10,0.0,-4.37483549118042,2.01200008392334,2968.0,-0.0,0.0,20.016000747680664,0.0,0.19872887432575226,0.27654439210891724,9.087656021118164,-0.00019973702728748322,-0.00012783147394657135,-5.5925920605659485e-05,25.47087860107422,45.076568603515625,-88.9688491821289
15.486356258392334,0,17.16788673400879,5.428595906131761e-10,0.0,-4.37483549118042,2.008000135421753,2952.0,-0.0,0.0,20.012001037597656,0.0,0.1891515702009201,0.2699599862098694,9.079275131225586,-0.0015313364565372467,0.0002716481685638428,7.723411545157433e-05,27.062808990478516,46.3188362121582,-87.43490600585938
15.506627082824707,0,17.16788673400879,4.4549824940176563e-10,0.0,-4.37483549118042,2.01200008392334,2944.0,-0.0,0.0,20.00400161743164,0.0,0.1759827882051468,0.27055856585502625,9.094240188598633,-0.0005992166697978973,0.0004048086702823639,0.0007430347613990307,25.117116928100586,45.076568603515625,-87.94622039794922
15.526890754699707,0,17.16788673400879,3.6555611315769454e-10,0.0,-4.37483549118042,2.01200008392334,2948.0,-0.0,0.0,20.00400161743164,0.0,0.20531325042247772,0.27654439210891724,9.100225448608398,-0.0011318568140268326,-0.00105995312333107,0.0018083150498569012,26.001522064208984,45.25403594970703,-89.48016357421875
15.547163724899292,0,17.16788673400879,3.00028640820571e-10,0.0,-4.37483549118042,2.004000186920166,2940.0,-0.0,0.0,20.00400161743164,0.0,0.204116091132164,0.2873188555240631,9.095437049865723,-6.65765255689621e-05,-0.00026099197566509247,7.723411545157433e-05,26.001522064208984,46.3188362121582,-88.11666107177734
15.567254781723022,0,17.16788673400879,2.4575452783892615e-10,0.0,-4.37483549118042,2.01200008392334,2960.0,-0.0,0.0,20.00400161743164,0.0,0.21489055454730988,0.2729529142379761,9.100225448608398,-0.0009986963123083115,-0.0006604734808206558,-0.0003222459927201271,26.001522064208984,45.963905334472656,-88.45753479003906
15.587562799453735,0,17.16788673400879,2.0202073347519445e-10,0.0,-4.37483549118042,2.008000135421753,2944.0,-0.0,0.0,20.016000747680664,0.0,0.21189764142036438,0.2753472328186035,9.118782043457031,-0.0015313364565372467,5.327165126800537e-06,-0.0003222459927201271,26.178403854370117,46.85123825073242,-88.62797546386719
15.607806921005249,0,17.16788673400879,1.6529649871088736e-10,0.0,-4.37483549118042,2.004000186920166,2948.0,-0.0,0.0,20.012001037597656,0.0,0.20052461326122284,0.2861216962337494,9.06071949005127,-0.0007323771715164185,-0.0006604734808206558,-0.0004554060287773609,27.062808990478516,46.3188362121582,-87.7757797241211
15.628069162368774,0,17.16788673400879,1.3600666426416552e-10,0.0,-4.37483549118042,2.008000135421753,2944.0,-0.0,0.0,20.00400161743164,0.0,0.22267210483551025,0.29749470949172974,9.097232818603516,-0.00019973702728748322,-0.0005273129791021347,0.00034355418756604195,24.232711791992188,45.963905334472656,-88.11666107177734
15.648366928100586,0,17.16788673400879,1.1161849222673936e-10,0.0,-4.37483549118042,2.004000186920166,2948.0,-0.0,0.0,20.02800178527832,0.0,0.2011231929063797,0.2849245071411133,9.086458206176758,0.00046606361865997314,-0.00012783147394657135,7.723411545157433e-05,26.53216552734375,46.49630355834961,-88.62797546386719
15.668617010116577,0,17.16788673400879,9.146274709825875e-11,0.0,-4.37483549118042,2.008000135421753,2956.0,-0.0,0.0,20.00400161743164,0.0,0.204116091132164,0.2753472328186035,9.12416934967041,-0.0005992166697978973,-0.0006604734808206558,-0.0016538468189537525,25.47087860107422,46.1413688659668,-87.60533905029297
15.688757419586182,0,17.16788673400879,7.513979022322204e-11,0.0,-4.37483549118042,2.01200008392334,2944.0,-0.0,0.0,20.00800132751465,0.0,0.20770758390426636,0.2849245071411133,9.106810569763184,-0.00019973702728748322,0.0002716481685638428,0.00021039415150880814,27.062808990478516,45.963905334472656,-87.7757797241211
15.709030389785767,0,17.16788673400879,6.165870591878786e-11,0.0,-4.37483549118042,2.008000135421753,2948.0,-0.0,0.0,20.00800132751465,0.0,0.18855299055576324,0.2843259274959564,9.080472946166992,-0.00193081796169281,0.00013848766684532166,-0.0003222459927201271,25.64776039123535,46.3188362121582,-88.11666107177734
15.72929859161377,0,17.16788673400879,5.0602227269491706e-11,0.0,-4.37483549118042,2.008000135421753,2944.0,-0.0,0.0,20.012001037597656,0.0,0.20232035219669342,0.292107492685318,9.098429679870605,0.00046606361865997314,0.0012037679553031921,-0.0004554060287773609,26.53216552734375,45.78643798828125,-87.26446533203125
15.74959659576416,0,17.16788673400879,4.1515471616015986e-11,0.0,-4.37483549118042,2.0360000133514404,2944.0,-0.0,0.0,20.016000747680664,0.0,0.2220735251903534,0.281931608915329,9.096633911132812,-0.0004660561680793762,0.0012037679553031921,-5.5925920605659485e-05,26.885927200317383,45.78643798828125,-88.28709411621094
15.769898176193237,0,17.16788673400879,3.401456200036179e-11,0.0,-4.37483549118042,2.008000135421753,2964.0,-0.0,0.0,20.00800132751465,0.0,0.19453880190849304,0.2741500735282898,9.090049743652344,-0.0007323771715164185,0.0005379673093557358,0.00034355418756604195,25.117116928100586,46.1413688659668,-88.62797546386719
15.789994955062866,0,17.16788673400879,2.7953882264508678e-11,0.0,-4.37483549118042,2.008000135421753,2952.0,-0.0,0.0,20.012001037597656,0.0,0.20052461326122284,0.302283376455307,9.109803199768066,0.0005992241203784943,0.0006711278110742569,0.0006098742596805096,26.709047317504883,46.673770904541016,-87.43490600585938
15.810261964797974,0,17.16788673400879,2.2941282554200804e-11,0.0,-4.37483549118042,2.008000135421753,2944.0,-0.0,0.0,20.00800132751465,0.0,0.20830616354942322,0.29270607233047485,9.064311027526855,-0.0015313364565372467,0.0002716481685638428,-0.0011212066747248173,26.001522064208984,45.963905334472656,-88.79840850830078
15.83059048652649,0,17.16788673400879,1.882313749312914e-11,0.0,-4.37483549118042,2.01200008392334,2944.0,-0.0,0.0,20.00400161743164,0.0,0.20531325042247772,0.2951003909111023,9.117584228515625,-0.0007323771715164185,0.000804288312792778,-0.0004554060287773609,27.062808990478516,47.02870559692383,-88.45753479003906
