time,layout.data_offset,data[0],data[1],data[2],data[3],data[4],data[5],data[6],data[7],data[8],data[9],data[10],data[11],data[12],data[13],data[14],data[15],data[16],data[17],data[18]
0.0,0,7.776956558227539,-7.199411435389103e-36,0.0,-1.1043877601623535,2.01200008392334,2936.0,-0.0,0.0,20.00800132751465,0.0,0.028133302927017212,0.4243938624858856,9.158886909484863,-0.0005486160516738892,0.0008415710180997849,-0.00023702159523963928,32.192359924316406,38.33283233642578,-84.19657135009766
0.02016162872314453,0,7.776956558227539,-5.9018393703127027e-36,0.0,-1.1043877601623535,2.01200008392334,2960.0,-0.0,0.0,20.016000747680664,0.0,0.02873188443481922,0.44594278931617737,9.134943962097168,-0.0004154574126005173,-0.0004900302737951279,-0.0014354623854160309,32.015480041503906,37.44549560546875,-82.3217544555664
0.04024219512939453,0,7.776956558227539,-4.8476460780836606e-36,0.0,-1.1043877601623535,2.004000186920166,2940.0,-0.0,0.0,20.00400161743164,0.0,0.03651343658566475,0.43456974625587463,9.16247844696045,0.0005166642367839813,0.0007084105163812637,0.0009614191949367523,32.015480041503906,35.67082977294922,-83.68525695800781
0.0606381893157959,0,7.776956558227539,-3.978231543843007e-36,0.0,-1.1043877601623535,2.004000186920166,2936.0,-0.0,0.0,20.00400161743164,0.0,0.022746074944734573,0.44294989109039307,9.125965118408203,-0.0010812561959028244,0.0008415710180997849,-0.00010386202484369278,33.25364685058594,37.268028259277344,-84.19657135009766
0.08078980445861816,0,7.776956558227539,-3.2604933760146676e-36,0.0,-1.1043877601623535,2.01200008392334,2968.0,-0.0,0.0,20.020000457763672,0.0,-0.0005985809257254004,0.43576690554618835,9.143921852111816,0.0006498247385025024,0.0003089308738708496,0.00042877811938524246,32.72300338745117,37.80043029785156,-84.7078857421875
0.10113811492919922,0,7.776956558227539,-2.677989433462294e-36,0.0,-1.1043877601623535,2.01200008392334,2940.0,-0.0,0.0,20.00800132751465,0.0,0.020351750776171684,0.4483371078968048,9.12656307220459,-0.0013475771993398666,-0.0007563512772321701,-0.0003701820969581604,31.307954788208008,36.38069534301758,-82.66262817382812
0.12128114700317383,0,7.776956558227539,-2.185580238063589e-36,0.0,-1.1043877601623535,2.01200008392334,3076.0,-0.0,0.0,20.012001037597656,0.0,0.011971618980169296,0.4411541521549225,9.143921852111816,-0.0005486160516738892,0.001640530303120613,-0.00010386202484369278,33.6074104309082,36.558162689208984,-84.87832641601562
0.14156126976013184,0,7.776956558227539,-1.802961454518983e-36,0.0,-1.1043877601623535,2.01200008392334,2940.0,-0.0,0.0,20.00800132751465,0.0,0.024541817605495453,0.43756264448165894,9.155295372009277,-0.0009480975568294525,0.001640530303120613,0.0008282586932182312,33.96117401123047,37.97789764404297,-82.83306884765625
0.16183924674987793,0,7.776956558227539,-1.4798872282606284e-36,0.0,-1.1043877601623535,2.01200008392334,2936.0,-0.0,0.0,20.016000747680664,0.0,0.025140399113297462,0.4243938624858856,9.113394737243652,-0.0013475771993398666,0.001241050660610199,0.00122773926705122,33.07676696777344,37.44549560546875,-83.3443832397461
0.18207573890686035,0,7.776956558227539,-1.2142841756599345e-36,0.0,-1.1043877601623535,2.004000186920166,2944.0,-0.0,0.0,20.012001037597656,0.0,0.014964522793889046,0.43097826838493347,9.150506973266602,-0.0010812561959028244,4.260987043380737e-05,0.00042877811938524246,32.36924362182617,37.80043029785156,-82.66262817382812
0.2023916244506836,0,7.776956558227539,-9.962322694698041e-37,0.0,-1.1043877601623535,2.0160000324249268,2940.0,-0.0,0.0,20.012001037597656,0.0,0.008978714235126972,0.4585129916667938,9.140929222106934,-0.0005486160516738892,-0.00035686977207660675,0.00042877811938524246,32.015480041503906,36.38069534301758,-82.66262817382812
0.22252964973449707,0,7.776956558227539,-8.143908124288442e-37,0.0,-1.1043877601623535,2.01200008392334,3024.0,-0.0,0.0,20.00400161743164,0.0,0.021548913791775703,0.4483371078968048,9.119379997253418,-0.0008149370551109314,-0.0007563512772321701,-0.001568622887134552,32.54612350463867,37.268028259277344,-84.5374526977539
0.24270009994506836,0,7.776956558227539,-6.7091255771066446e-37,0.0,-1.1043877601623535,2.0160000324249268,2940.0,-0.0,0.0,20.016000747680664,0.0,0.022746074944734573,0.42259812355041504,9.13793659210205,0.0003835037350654602,-0.00035686977207660675,0.0018935389816761017,33.96117401123047,36.9130973815918,-83.85569763183594
0.2628805637359619,0,7.776956558227539,-5.4856409017246865e-37,0.0,-1.1043877601623535,2.01200008392334,2940.0,-0.0,0.0,20.012001037597656,0.0,0.022147493436932564,0.4411541521549225,9.161879539489746,-0.00014913640916347504,0.0007084105163812637,0.0008282586932182312,30.600431442260742,36.73563003540039,-83.3443832397461
0.28322362899780273,0,7.776956558227539,-4.51638988308948e-37,0.0,-1.1043877601623535,2.0160000324249268,2940.0,-0.0,0.0,20.012001037597656,0.0,0.03950634226202965,0.43875980377197266,9.154098510742188,0.0010493043810129166,0.0008415710180997849,-0.0005033416673541069,32.36924362182617,37.0905647277832,-82.3217544555664
0.30341172218322754,0,7.776956558227539,-3.7063772651617967e-37,0.0,-1.1043877601623535,2.004000186920166,2936.0,-0.0,0.0,20.00800132751465,0.0,0.017957428470253944,0.4291825294494629,9.14452075958252,-0.0013475771993398666,0.0003089308738708496,0.00042877811938524246,32.72300338745117,36.025760650634766,-84.02613830566406
0.3237488269805908,0,7.776956558227539,-3.0364971841596468e-37,0.0,-1.1043877601623535,2.0160000324249268,2948.0,-0.0,0.0,20.00400161743164,0.0,0.013767361640930176,0.43995699286460876,9.118782043457031,-0.0009480975568294525,-0.0004900302737951279,0.00122773926705122,32.015480041503906,37.44549560546875,-84.02613830566406
0.3439450263977051,0,7.776956558227539,-2.4957421603860657e-37,0.0,-1.1043877601623535,2.0160000324249268,2940.0,-0.0,0.0,20.00400161743164,0.0,0.025140399113297462,0.42259812355041504,9.161879539489746,0.0003835037350654602,0.0007084105163812637,0.0008282586932182312,32.192359924316406,36.9130973815918,-82.83306884765625
0.36416077613830566,0,7.776956558227539,-2.0479712490957137e-37,0.0,-1.1043877601623535,2.0160000324249268,2940.0,-0.0,0.0,20.00800132751465,0.0,0.022746074944734573,0.4363654851913452,9.138534545898438,-0.00028229691088199615,-9.055063128471375e-05,-0.0011691423133015633,32.015480041503906,37.44549560546875,-84.36701202392578
0.3844623565673828,0,7.776956558227539,-1.6806026958448653e-37,0.0,-1.1043877601623535,2.01200008392334,2940.0,-0.0,0.0,20.00400161743164,0.0,-0.005985809490084648,0.43157684803009033,9.148711204528809,0.0005166642367839813,-0.0011558309197425842,-0.0005033416673541069,33.25364685058594,36.9130973815918,-82.83306884765625
0.40467000007629395,0,7.776956558227539,-1.378919167330164e-37,0.0,-1.1043877601623535,2.0320000648498535,2944.0,-0.0,0.0,20.00800132751465,0.0,0.04190066456794739,0.4202038049697876,9.127760887145996,-0.00028229691088199615,0.0004420895129442215,0.00029561854898929596,33.07676696777344,36.73563003540039,-84.36701202392578
0.424999475479126,0,7.776956558227539,-1.1298267064932046e-37,0.0,-1.1043877601623535,2.01200008392334,2964.0,-0.0,0.0,20.012001037597656,0.0,0.012570199556648731,0.4333725869655609,9.148112297058105,0.0005166642367839813,0.0003089308738708496,0.00016245804727077484,31.838598251342773,37.97789764404297,-82.4921875
0.44596242904663086,0,7.776956558227539,-9.28513983082697e-38,0.0,-1.1043877601623535,2.01200008392334,2948.0,-0.0,0.0,20.00400161743164,0.0,0.03232337161898613,0.44773852825164795,9.14452075958252,-0.0008149370551109314,-0.0007563512772321701,-0.0021012630313634872,32.36924362182617,35.67082977294922,-82.66262817382812
0.46538758277893066,0,7.776956558227539,-7.616249411754686e-38,0.0,-1.1043877601623535,2.01200008392334,2936.0,-0.0,0.0,20.00400161743164,0.0,0.01436594221740961,0.42978110909461975,9.106810569763184,0.0003835037350654602,0.0011078901588916779,0.0009614191949367523,32.36924362182617,36.73563003540039,-83.68525695800781
0.48578619956970215,0,7.776956558227539,-6.253403137810328e-38,0.0,-1.1043877601623535,2.01200008392334,2936.0,-0.0,0.0,20.00400161743164,0.0,-0.008380132727324963,0.4351683259010315,9.12416934967041,0.0002503432333469391,0.0008415710180997849,2.929847687482834e-05,31.661718368530273,36.73563003540039,-83.00350189208984
0.5064446926116943,0,7.776956558227539,-5.130856569202861e-38,0.0,-1.1043877601623535,2.0320000648498535,2944.0,-0.0,0.0,20.00800132751465,0.0,0.020351750776171684,0.4321754276752472,9.116387367248535,-0.002013377845287323,-0.000889509916305542,-0.0013023028150200844,30.42354965209961,38.33283233642578,-83.85569763183594
0.527076244354248,0,7.776956558227539,-4.204331477056549e-38,0.0,-1.1043877601623535,2.01200008392334,2968.0,-0.0,0.0,20.012001037597656,0.0,0.020950332283973694,0.4351683259010315,9.142724990844727,-0.0004154574126005173,0.0005752500146627426,-0.0017017824575304985,31.838598251342773,37.622962951660156,-82.15131378173828
0.5472338199615479,0,7.776956558227539,-3.455610140556092e-38,0.0,-1.1043877601623535,2.01200008392334,2940.0,-0.0,0.0,20.00800132751465,0.0,0.028133302927017212,0.41960522532463074,9.116387367248535,0.0003835037350654602,-0.000889509916305542,-0.00023702159523963928,32.015480041503906,36.73563003540039,-83.3443832397461
0.5674691200256348,0,7.776956558227539,-2.8347427154212454e-38,0.0,-1.1043877601623535,2.01200008392334,2940.0,-0.0,0.0,20.00800132751465,0.0,0.013767361640930176,0.44953426718711853,9.14571762084961,-0.0009480975568294525,-0.000623190775513649,-0.0009028222411870956,31.838598251342773,36.9130973815918,-83.51482391357422
0.5876526832580566,0,7.776956558227539,-2.326782671971828e-38,0.0,-1.1043877601623535,2.01200008392334,2948.0,-0.0,0.0,20.016000747680664,0.0,0.024541817605495453,0.4381612241268158,9.152302742004395,-0.0005486160516738892,0.0003089308738708496,-0.00010386202484369278,33.25364685058594,36.20322799682617,-83.85569763183594
0.6080014705657959,0,7.776956558227539,-1.909482295138987e-38,0.0,-1.1043877601623535,2.008000135421753,2944.0,-0.0,0.0,20.032001495361328,0.0,0.025140399113297462,0.4273867905139923,9.14033031463623,-0.0013475771993398666,-0.0010226704180240631,-0.0013023028150200844,31.48483657836914,36.558162689208984,-82.4921875
0.6275286674499512,0,7.776956558227539,-1.5637069945222133e-38,0.0,-1.1043877601623535,2.01200008392334,2964.0,-0.0,0.0,20.00400161743164,0.0,0.022746074944734573,0.43995699286460876,9.148112297058105,0.0001171845942735672,0.0008415710180997849,-0.00023702159523963928,31.661718368530273,37.0905647277832,-83.00350189208984
0.6482222080230713,0,7.776956558227539,-1.285487031701921e-38,0.0,-1.1043877601623535,2.008000135421753,2944.0,-0.0,0.0,20.016000747680664,0.0,0.011971618980169296,0.4369640648365021,9.140929222106934,-0.0012144166976213455,0.0004420895129442215,0.0006950991228222847,31.838598251342773,38.33283233642578,-82.15131378173828
0.6678619384765625,0,7.776956558227539,-1.054156056926248e-38,0.0,-1.1043877601623535,2.01200008392334,2948.0,-0.0,0.0,20.00400161743164,0.0,0.017358846962451935,0.43277400732040405,9.127161979675293,-0.0005486160516738892,0.0001757703721523285,0.00042877811938524246,32.192359924316406,37.622962951660156,-82.83306884765625
0.6881844997406006,0,7.776956558227539,-8.654947605191121e-39,0.0,-1.1043877601623535,2.01200008392334,2940.0,-0.0,0.0,20.012001037597656,0.0,0.023943237960338593,0.4190066456794739,9.134345054626465,-0.00014913640916347504,0.0004420895129442215,-0.0003701820969581604,32.72300338745117,37.80043029785156,-84.02613830566406
0.7083468437194824,0,7.776956558227539,-7.100488620014065e-39,0.0,-1.1043877601623535,2.004000186920166,2948.0,-0.0,0.0,20.00400161743164,0.0,0.016161685809493065,0.4124222695827484,9.111000061035156,-0.0012144166976213455,-0.000889509916305542,0.0009614191949367523,32.72300338745117,37.0905647277832,-84.02613830566406
0.7287623882293701,0,7.776956558227539,-5.8176040798200884e-39,0.0,-1.1043877601623535,2.01200008392334,2952.0,-0.0,0.0,20.012001037597656,0.0,0.020351750776171684,0.43277400732040405,9.134943962097168,-0.0005486160516738892,0.0003089308738708496,0.0008282586932182312,31.48483657836914,36.20322799682617,-83.17394256591797
0.7489628791809082,0,7.776956558227539,-4.7825139496695974e-39,0.0,-1.1043877601623535,2.01200008392334,2936.0,-0.0,0.0,20.012001037597656,0.0,0.017358846962451935,0.4435484707355499,9.16247844696045,-0.0008149370551109314,-0.00022371113300323486,2.929847687482834e-05,32.015480041503906,37.44549560546875,-83.68525695800781
0.7691338062286377,0,7.776956558227539,-3.907246113270745e-39,0.0,-1.1043877601623535,2.01200008392334,3024.0,-0.0,0.0,20.00400161743164,0.0,0.020950332283973694,0.42379528284072876,9.138534545898438,-0.0005486160516738892,0.0001757703721523285,-0.0009028222411870956,32.54612350463867,37.268028259277344,-84.19657135009766
0.7894322872161865,0,7.776956558227539,-3.2203730463111135e-39,0.0,-1.1043877601623535,2.008000135421753,2940.0,-0.0,0.0,20.012001037597656,0.0,0.015563104301691055,0.4243938624858856,9.132549285888672,-0.0014807377010583878,-9.055063128471375e-05,0.002026699483394623,32.72300338745117,38.865230560302734,-84.36701202392578
0.809563398361206,0,7.776956558227539,-2.641779712988325e-39,0.0,-1.1043877601623535,2.0280001163482666,2944.0,-0.0,0.0,20.00400161743164,0.0,0.02933046594262123,0.4202038049697876,9.155295372009277,0.0002503432333469391,0.0005752500146627426,-0.0011691423133015633,31.661718368530273,36.73563003540039,-83.3443832397461
0.8299551010131836,0,7.776956558227539,-2.1649865092033418e-39,0.0,-1.1043877601623535,2.01200008392334,2968.0,-0.0,0.0,20.00400161743164,0.0,-0.009577294811606407,0.43456974625587463,9.133148193359375,0.0009161438792943954,0.0004420895129442215,0.00042877811938524246,32.192359924316406,35.848297119140625,-83.85569763183594
0.8500716686248779,0,7.776956558227539,-1.7793715925965814e-39,0.0,-1.1043877601623535,2.01200008392334,2936.0,-0.0,0.0,20.00800132751465,0.0,0.019154589623212814,0.41182368993759155,9.16247844696045,-0.0010812561959028244,-0.0019547920674085617,-0.0021012630313634872,32.192359924316406,37.97789764404297,-83.51482391357422
0.8702743053436279,0,7.776956558227539,-1.4511426507008508e-39,0.0,-1.1043877601623535,2.01200008392334,3088.0,-0.0,0.0,20.00800132751465,0.0,0.01436594221740961,0.43756264448165894,9.136140823364258,-0.0004154574126005173,0.0007084105163812637,0.0009614191949367523,32.192359924316406,36.558162689208984,-82.83306884765625
0.8905882835388184,0,7.776956558227539,-1.1982615272318657e-39,0.0,-1.1043877601623535,2.01200008392334,2940.0,-0.0,0.0,20.00800132751465,0.0,0.022147493436932564,0.4423513114452362,9.119978904724121,-0.00028229691088199615,0.0004420895129442215,-0.0013023028150200844,32.54612350463867,36.20322799682617,-83.51482391357422
0.9107799530029297,0,7.776956558227539,-9.830907467363257e-40,0.0,-1.1043877601623535,2.0160000324249268,2944.0,-0.0,0.0,20.02400016784668,0.0,0.03830917924642563,0.4441470503807068,9.122373580932617,-0.0010812561959028244,0.0008415710180997849,-0.000636502169072628,31.307954788208008,37.0905647277832,-84.36701202392578
0.9311525821685791,0,7.776956558227539,-8.05285589792007e-40,0.0,-1.1043877601623535,2.01200008392334,2968.0,-0.0,0.0,20.016000747680664,0.0,0.04369640722870827,0.42499247193336487,9.154696464538574,0.0001171845942735672,-0.000623190775513649,-0.0010359827429056168,32.015480041503906,37.80043029785156,-84.02613830566406
0.9514162540435791,0,7.776956558227539,-6.619523750700787e-40,0.0,-1.1043877601623535,2.01200008392334,2936.0,-0.0,0.0,20.00400161743164,0.0,0.012570199556648731,0.42798537015914917,9.133746147155762,-0.0004154574126005173,0.0009747296571731567,-0.0010359827429056168,32.54612350463867,36.558162689208984,-83.51482391357422
0.9714269638061523,0,7.776956558227539,-5.405676981948701e-40,0.0,-1.1043877601623535,2.01200008392334,3048.0,-0.0,0.0,20.00400161743164,0.0,0.016760265454649925,0.4291825294494629,9.115190505981445,-0.00014913640916347504,0.0001757703721523285,-0.0007696617394685745,31.48483657836914,37.268028259277344,-84.19657135009766
0.991776704788208,0,7.776956558227539,-4.457110025477946e-40,0.0,-1.1043877601623535,2.01200008392334,2940.0,-0.0,0.0,20.00800132751465,0.0,0.002992904745042324,0.4573158323764801,9.145119667053223,-0.0006817765533924103,-0.00022371113300323486,-0.000636502169072628,33.07676696777344,36.73563003540039,-83.3443832397461
1.0119600296020508,0,7.776956558227539,-3.6574590568109888e-40,0.0,-1.1043877601623535,2.01200008392334,2940.0,-0.0,0.0,20.00800132751465,0.0,0.022147493436932564,0.43995699286460876,9.14033031463623,-0.0005486160516738892,0.0011078901588916779,0.0005619386211037636,33.25364685058594,36.558162689208984,-84.87832641601562
1.0321240425109863,0,7.776956558227539,-3.0016093365530447e-40,0.0,-1.1043877601623535,2.01200008392334,2948.0,-0.0,0.0,20.00800132751465,0.0,0.03292195126414299,0.4202038049697876,9.133746147155762,0.0002503432333469391,0.0001757703721523285,0.00042877811938524246,33.7842903137207,36.38069534301758,-84.36701202392578
1.0524709224700928,0,7.776956558227539,-2.4629081679126552e-40,0.0,-1.1043877601623535,2.01200008392334,2936.0,-0.0,0.0,20.016000747680664,0.0,0.019753171131014824,0.4501328468322754,9.136140823364258,0.0003835037350654602,0.0003089308738708496,0.0014940593391656876,31.661718368530273,34.960960388183594,-84.7078857421875
1.0726397037506104,0,7.776956558227539,-2.0149691008065842e-40,0.0,-1.1043877601623535,2.01200008392334,2992.0,-0.0,0.0,20.00400161743164,0.0,0.014964522793889046,0.4160137474536896,9.131950378417969,-0.0013475771993398666,0.0001757703721523285,-0.000636502169072628,32.192359924316406,36.9130973815918,-82.4921875
1.0942034721374512,0,7.776956558227539,-1.6582966026819885e-40,0.0,-1.1043877601623535,2.01200008392334,2940.0,-0.0,0.0,20.00800132751465,0.0,0.04309782758355141,0.4339711666107178,9.146915435791016,0.0005166642367839813,-0.00022371113300323486,0.0010945787653326988,32.192359924316406,36.558162689208984,-83.85569763183594
1.1132800579071045,0,7.776956558227539,-1.3607168607979704e-40,0.0,-1.1043877601623535,2.01200008392334,2940.0,-0.0,0.0,20.012001037597656,0.0,0.023344656452536583,0.4441470503807068,9.128358840942383,-0.0010812561959028244,0.0004420895129442215,-0.000636502169072628,32.36924362182617,36.73563003540039,-84.02613830566406
1.1335644721984863,0,7.776956558227539,-1.116764811143663e-40,0.0,-1.1043877601623535,2.01200008392334,2940.0,-0.0,0.0,20.00800132751465,0.0,0.018556008115410805,0.44654136896133423,9.154098510742188,-0.0005486160516738892,0.0020400118082761765,-0.00023702159523963928,32.72300338745117,35.67082977294922,-83.68525695800781
1.1537220478057861,0,7.776956558227539,-9.162249879141384e-41,0.0,-1.1043877601623535,2.0320000648498535,2940.0,-0.0,0.0,20.00400161743164,0.0,0.013168780133128166,0.4231967031955719,9.140929222106934,0.0011824648827314377,0.00137421116232872,0.0006950991228222847,32.36924362182617,35.67082977294922,-84.02613830566406
1.1738555431365967,0,7.776956558227539,-7.504513795845125e-41,0.0,-1.1043877601623535,2.01200008392334,2972.0,-0.0,0.0,20.016000747680664,0.0,0.02992904558777809,0.44594278931617737,9.146316528320312,-0.0010812561959028244,0.00137421116232872,0.0006950991228222847,32.54612350463867,36.9130973815918,-83.17394256591797
1.1943981647491455,0,7.776956558227539,-6.169636878729305e-41,0.0,-1.1043877601623535,2.01200008392334,2940.0,-0.0,0.0,20.00400161743164,0.0,0.019753171131014824,0.43097826838493347,9.127760887145996,-0.0009480975568294525,0.0001757703721523285,-0.000636502169072628,32.192359924316406,37.268028259277344,-83.85569763183594
1.2146847248077393,0,7.776956558227539,-5.062330832219834e-41,0.0,-1.1043877601623535,2.01200008392334,2944.0,-0.0,0.0,20.00400161743164,0.0,0.03771059960126877,0.4483371078968048,9.17624568939209,0.0001171845942735672,0.0005752500146627426,-0.00023702159523963928,32.192359924316406,36.9130973815918,-83.51482391357422
1.2348639965057373,0,7.776956558227539,-4.1545696870302177e-41,0.0,-1.1043877601623535,2.01200008392334,2944.0,-0.0,0.0,20.00800132751465,0.0,0.022746074944734573,0.44175273180007935,9.167266845703125,-0.0016138982027769089,0.0001757703721523285,-0.0021012630313634872,32.36924362182617,35.67082977294922,-83.68525695800781
1.2549564838409424,0,7.776956558227539,-3.409078904009415e-41,0.0,-1.1043877601623535,2.0320000648498535,2936.0,-0.0,0.0,20.012001037597656,0.0,0.001197161851450801,0.43157684803009033,9.179837226867676,-0.00014913640916347504,0.0011078901588916779,-0.00023702159523963928,33.07676696777344,37.44549560546875,-82.66262817382812
1.2751624584197998,0,7.776956558227539,-2.7925075797064955e-41,0.0,-1.1043877601623535,2.01200008392334,2968.0,-0.0,0.0,20.012001037597656,0.0,0.025738980621099472,0.42379528284072876,9.179837226867676,-0.0012144166976213455,-0.0007563512772321701,-0.0005033416673541069,32.54612350463867,36.558162689208984,-83.85569763183594
1.2954866886138916,0,7.776956558227539,-2.2957472741033478e-41,0.0,-1.1043877601623535,2.008000135421753,2940.0,-0.0,0.0,20.00800132751465,0.0,0.020351750776171684,0.44654136896133423,9.14452075958252,-0.00028229691088199615,-0.0004900302737951279,-0.0005033416673541069,32.192359924316406,36.9130973815918,-83.51482391357422
1.3156919479370117,0,7.776956558227539,-1.883905655438284e-41,0.0,-1.1043877601623535,2.01200008392334,2944.0,-0.0,0.0,20.012001037597656,0.0,0.023344656452536583,0.41481658816337585,9.102021217346191,0.0003835037350654602,-9.055063128471375e-05,0.00016245804727077484,33.4305305480957,37.0905647277832,-83.3443832397461
1.3358254432678223,0,7.776956558227539,-1.5456322061502732e-41,0.0,-1.1043877601623535,2.01200008392334,2948.0,-0.0,0.0,20.012001037597656,0.0,0.017358846962451935,0.4441470503807068,9.116387367248535,-0.0008149370551109314,0.0003089308738708496,2.929847687482834e-05,32.54612350463867,39.39763259887695,-83.17394256591797
1.3564472198486328,0,7.776956558227539,-1.268034980367527e-41,0.0,-1.1043877601623535,2.0240001678466797,2944.0,-0.0,0.0,20.012001037597656,0.0,0.010175875388085842,0.43576690554618835,9.11040210723877,-0.0006817765533924103,0.0020400118082761765,-0.00010386202484369278,33.4305305480957,37.80043029785156,-83.00350189208984
1.3763878345489502,0,7.776956558227539,-1.0390628112968519e-41,0.0,-1.1043877601623535,2.01200008392334,2952.0,-0.0,0.0,20.00800132751465,0.0,-0.005985809490084648,0.43157684803009033,9.169661521911621,0.0003835037350654602,-0.00035686977207660675,-0.0022344226017594337,32.192359924316406,35.49336242675781,-82.15131378173828
1.3975021839141846,0,7.776956558227539,-8.539512841595435e-42,0.0,-1.1043877601623535,2.01200008392334,2936.0,-0.0,0.0,20.00800132751465,0.0,0.012570199556648731,0.44654136896133423,9.142724990844727,-0.0004154574126005173,0.001241050660610199,0.0006950991228222847,32.89988708496094,36.558162689208984,-83.17394256591797
1.4168663024902344,0,7.776956558227539,-6.977065053873264e-42,0.0,-1.1043877601623535,2.01200008392334,2944.0,-0.0,0.0,20.00400161743164,0.0,0.017358846962451935,0.4303796887397766,9.142126083374023,-0.0013475771993398666,-0.00022371113300323486,-0.001968102529644966,32.36924362182617,36.025760650634766,-82.3217544555664
1.43703293800354,0,7.776956558227539,-5.750928897589049e-42,0.0,-1.1043877601623535,2.01200008392334,2936.0,-0.0,0.0,20.00400161743164,0.0,0.024541817605495453,0.4393584132194519,9.135541915893555,-0.0013475771993398666,0.001640530303120613,2.929847687482834e-05,32.36924362182617,37.0905647277832,-84.36701202392578
1.4574460983276367,0,7.776956558227539,-4.718171929381659e-42,0.0,-1.1043877601623535,2.01200008392334,2944.0,-0.0,0.0,20.00400161743164,0.0,0.024541817605495453,0.42978110909461975,9.117584228515625,-0.0006817765533924103,-0.00022371113300323486,-0.0007696617394685745,32.72300338745117,37.44549560546875,-83.00350189208984
1.4775824546813965,0,7.776956558227539,-3.86898506000082e-42,0.0,-1.1043877601623535,2.01200008392334,2944.0,-0.0,0.0,20.012001037597656,0.0,0.017358846962451935,0.4555200934410095,9.153499603271484,0.0002503432333469391,0.001640530303120613,0.0010945787653326988,32.36924362182617,37.0905647277832,-83.3443832397461
1.4977946281433105,0,7.776956558227539,-3.17674361862436e-42,0.0,-1.1043877601623535,2.01200008392334,2936.0,-0.0,0.0,20.012001037597656,0.0,0.026337560266256332,0.44654136896133423,9.119978904724121,-0.0012144166976213455,0.0005752500146627426,0.0008282586932182312,33.6074104309082,36.558162689208984,-83.17394256591797
1.518113374710083,0,7.776956558227539,-2.60361254671551e-42,0.0,-1.1043877601623535,2.01200008392334,2948.0,-0.0,0.0,20.012001037597656,0.0,0.03232337161898613,0.44474563002586365,9.133148193359375,0.0007829833775758743,-0.000623190775513649,-0.0007696617394685745,31.661718368530273,35.67082977294922,-83.3443832397461
1.5382590293884277,0,7.776956558227539,-2.138381456559671e-42,0.0,-1.1043877601623535,2.004000186920166,2944.0,-0.0,0.0,20.00800132751465,0.0,0.022147493436932564,0.43576690554618835,9.127161979675293,-1.597590744495392e-05,-0.000623190775513649,-0.0005033416673541069,32.36924362182617,36.025760650634766,-83.00350189208984
1.55867600440979,0,7.776956558227539,-1.754425677334671e-42,0.0,-1.1043877601623535,2.01200008392334,2940.0,-0.0,0.0,20.012001037597656,0.0,0.011373037472367287,0.42259812355041504,9.127760887145996,-0.0012144166976213455,0.0001757703721523285,0.00122773926705122,33.96117401123047,36.20322799682617,-83.51482391357422
1.5788030624389648,0,7.776956558227539,-1.4377322243972623e-42,-0.0,-0.9875929951667786,2.01200008392334,2948.0,-0.0,2.0,20.00400161743164,0.0,0.03232337161898613,0.43277400732040405,9.134345054626465,0.0009161438792943954,0.00137421116232872,-0.0013023028150200844,33.4305305480957,36.73563003540039,-83.68525695800781
1.5989439487457275,0,7.776956558227539,-1.1812946054258208e-42,-0.0,-0.8602905869483948,2.008000135421753,2948.0,-0.0,2.0,20.00400161743164,0.0,0.03711201623082161,0.4633016288280487,9.134345054626465,-0.0004154574126005173,0.0007084105163812637,-0.0005033416673541069,32.36924362182617,36.025760650634766,-83.68525695800781
1.619288444519043,0,7.776956558227539,-9.65494641919799e-43,-0.0,-0.74666827917099,2.01200008392334,3044.0,-0.0,2.0,20.00400161743164,0.0,0.01436594221740961,0.43576690554618835,9.130753517150879,-0.0014807377010583878,0.0008415710180997849,0.0005619386211037636,32.192359924316406,36.20322799682617,-84.5374526977539
1.639657735824585,0,7.776956558227539,-7.959375277364961e-43,-0.0,-0.6516114473342896,2.008000135421753,2940.0,-0.0,2.0,20.00800132751465,0.0,0.04070350155234337,0.41960522532463074,9.136738777160645,0.0001171845942735672,-9.055063128471375e-05,-0.0005033416673541069,32.192359924316406,36.20322799682617,-83.85569763183594
1.6598448753356934,0,7.776956558227539,-6.5300508437536476e-43,-0.0,-0.5670439600944519,2.0280001163482666,2944.0,-0.0,2.0,20.012001037597656,0.0,0.04130208492279053,0.44175273180007935,9.117584228515625,0.0001171845942735672,0.0008415710180997849,0.0008282586932182312,32.54612350463867,36.9130973815918,-83.17394256591797
1.6800563335418701,0,7.776956558227539,-5.352960133720801e-43,-0.0,-0.4929823875427246,2.01200008392334,2972.0,-0.0,2.0,20.012001037597656,0.0,0.018556008115410805,0.42798537015914917,9.16247844696045,-0.00028229691088199615,0.0009747296571731567,2.929847687482834e-05,32.72300338745117,37.44549560546875,-82.66262817382812
1.7003703117370605,0,7.776956558227539,-4.400077177979926e-43,-0.0,-0.42954128980636597,2.01200008392334,2944.0,-0.0,2.0,20.00800132751465,0.0,0.010175875388085842,0.43576690554618835,9.111000061035156,-0.0009480975568294525,0.0009747296571731567,-0.0007696617394685745,31.661718368530273,36.025760650634766,-83.00350189208984
1.7207159996032715,0,7.776956558227539,-3.587324068671532e-43,-0.0,-0.3721931576728821,2.0160000324249268,3100.0,-0.0,2.0,20.20800018310547,0.0,0.024541817605495453,0.4303796887397766,9.154098510742188,0.0009161438792943954,4.260987043380737e-05,0.0014940593391656876,32.72300338745117,37.0905647277832,-84.02613830566406
1.740886926651001,0,7.776956558227539,-2.956739759725364e-43,-0.0,-0.32492581009864807,2.0160000324249268,2948.0,-0.0,2.0,20.016000747680664,0.0,0.025738980621099472,0.43756264448165894,9.138534545898438,-0.0006817765533924103,0.0003089308738708496,0.00016245804727077484,33.4305305480957,37.44549560546875,-83.00350189208984
1.761216640472412,0,7.776956558227539,-2.4102333586386854e-43,-0.0,-0.28274089097976685,2.01200008392334,2944.0,-0.0,2.0,20.00400161743164,0.0,0.022147493436932564,0.4202038049697876,9.123570442199707,0.0006498247385025024,0.0004420895129442215,0.0013608988374471664,33.4305305480957,36.38069534301758,-83.3443832397461
1.7813899517059326,0,7.776956558227539,-1.975830834697992e-43,-0.0,-0.24581168591976166,2.0160000324249268,2956.0,-0.0,2.0,20.012001037597656,0.0,0.0305276270955801,0.4303796887397766,9.187618255615234,0.0001171845942735672,-9.055063128471375e-05,-0.0005033416673541069,33.07676696777344,36.73563003540039,-82.66262817382812
1.8017048835754395,0,7.776956558227539,-1.639519203260036e-43,-0.0,-0.21420812606811523,2.008000135421753,2944.0,-0.0,2.0,20.032001495361328,0.0,0.018556008115410805,0.4381612241268158,9.116387367248535,0.0009161438792943954,0.0008415710180997849,0.00016245804727077484,33.4305305480957,37.0905647277832,-83.68525695800781
1.8219637870788574,0,7.776956558227539,-1.3452465257518244e-43,-0.0,-0.18582001328468323,2.0160000324249268,3040.0,-0.0,2.0,20.012001037597656,0.0,0.03112620860338211,0.4172109067440033,9.119978904724121,-0.0009480975568294525,-9.055063128471375e-05,-0.0010359827429056168,31.838598251342773,35.49336242675781,-82.15131378173828
1.8422551155090332,0,7.776956558227539,-1.0789998175301091e-43,-0.0,-0.162190243601799,2.0160000324249268,2944.0,-0.0,2.0,20.016000747680664,0.0,0.020351750776171684,0.4441470503807068,9.138534545898438,-0.0012144166976213455,-0.0012889914214611053,-0.0009028222411870956,32.72300338745117,36.73563003540039,-82.66262817382812
1.8624615669250488,0,7.776956558227539,-9.248569864543793e-44,-0.0,-0.14112921059131622,2.004000186920166,2944.0,-0.0,2.0,20.012001037597656,0.0,0.011971618980169296,0.42499247193336487,9.089451789855957,-0.0008149370551109314,-0.0004900302737951279,-0.00010386202484369278,31.48483657836914,37.268028259277344,-84.19657135009766
1.882636308670044,0,7.776956558227539,-7.847271400218976e-44,-0.0,-0.12284692376852036,2.008000135421753,2948.0,-0.0,2.0,20.012001037597656,0.0,0.03112620860338211,0.4261896312236786,9.148112297058105,0.0009161438792943954,0.0003089308738708496,0.0008282586932182312,32.36924362182617,35.67082977294922,-81.98087310791016
1.9029970169067383,0,7.776956558227539,-6.445972935894159e-44,-0.0,-0.10690952092409134,2.0199999809265137,2944.0,-0.0,2.0,20.012001037597656,0.0,0.005387228447943926,0.43756264448165894,9.158886909484863,-0.0010812561959028244,0.0009747296571731567,-0.0017017824575304985,32.36924362182617,37.80043029785156,-84.36701202392578
1.9232230186462402,0,7.776956558227539,-5.044674471569341e-44,-0.0,-0.0929563045501709,2.004000186920166,2968.0,-0.0,2.0,20.016000747680664,0.0,0.022746074944734573,0.4303796887397766,9.130753517150879,0.0002503432333469391,0.0003089308738708496,0.0010945787653326988,32.54612350463867,36.9130973815918,-83.17394256591797
1.9435126781463623,0,7.776956558227539,-3.783505853677006e-44,-0.0,-0.08098962903022766,2.01200008392334,2940.0,-0.0,2.0,20.012001037597656,0.0,0.03890775889158249,0.41960522532463074,9.167865753173828,-0.002013377845287323,4.260987043380737e-05,-0.0005033416673541069,33.07676696777344,37.44549560546875,-84.02613830566406
1.9636614322662354,0,7.776956558227539,-3.5032461608120427e-44,-0.0,-0.07046718895435333,2.01200008392334,2948.0,-0.0,2.0,20.012001037597656,0.0,0.005985809490084648,0.43995699286460876,9.146915435791016,-0.0016138982027769089,0.0017736908048391342,-0.000636502169072628,31.48483657836914,36.9130973815918,-82.83306884765625
1.9838755130767822,0,7.776956558227539,-3.363116314379561e-44,-0.0,-0.06133703514933586,2.01200008392334,2940.0,-0.0,2.0,20.016000747680664,0.0,0.019154589623212814,0.4273867905139923,9.139732360839844,-0.0008149370551109314,4.260987043380737e-05,-0.00023702159523963928,32.36924362182617,36.73563003540039,-81.98087310791016
2.0041985511779785,0,7.776956558227539,-3.2229864679470793e-44,-0.0,-0.05337965488433838,2.008000135421753,2944.0,-0.0,2.0,20.00400161743164,0.0,0.022746074944734573,0.4441470503807068,9.101423263549805,0.0007829833775758743,0.001241050660610199,0.00122773926705122,30.777311325073242,37.622962951660156,-83.17394256591797
2.024381399154663,0,7.776956558227539,-3.0828566215145976e-44,-0.0,-0.046419236809015274,2.01200008392334,2956.0,-0.0,2.0,20.00400161743164,0.0,0.02753472328186035,0.4333725869655609,9.148711204528809,0.0010493043810129166,0.001640530303120613,0.001627218909561634,33.07676696777344,37.44549560546875,-83.00350189208984
2.044577121734619,0,7.776956558227539,-2.942726775082116e-44,-0.0,-0.0404268354177475,2.01200008392334,2940.0,-0.0,2.0,20.016000747680664,0.0,0.020950332283973694,0.43995699286460876,9.124767303466797,-0.0005486160516738892,0.0005752500146627426,0.0009614191949367523,32.36924362182617,37.44549560546875,-82.66262817382812
2.064915180206299,0,7.776956558227539,-2.802596928649634e-44,-0.0,-0.0350630059838295,2.01200008392334,2940.0,-0.0,2.0,20.00400161743164,0.0,0.026936141774058342,0.4261896312236786,9.142724990844727,-0.0006817765533924103,0.001640530303120613,0.0008282586932182312,31.661718368530273,36.025760650634766,-81.98087310791016
2.085106134414673,0,7.776956558227539,-2.6624670822171524e-44,-0.0,-0.03062267042696476,2.01200008392334,2948.0,-0.0,2.0,20.012001037597656,0.0,0.02933046594262123,0.43576690554618835,9.151703834533691,0.0005166642367839813,0.0003089308738708496,0.00042877811938524246,33.07676696777344,35.67082977294922,-84.36701202392578
2.1054346561431885,0,7.776956558227539,-2.5223372357846707e-44,-0.0,-0.02664989046752453,2.0240001678466797,2940.0,-0.0,2.0,20.00800132751465,0.0,0.025738980621099472,0.41960522532463074,9.129556655883789,0.0013156235218048096,-0.00022371113300323486,-0.0017017824575304985,31.838598251342773,37.622962951660156,-83.17394256591797
2.1256372928619385,0,7.776956558227539,-2.382207389352189e-44,-0.0,-0.023171676322817802,2.01200008392334,2956.0,-0.0,2.0,20.012001037597656,0.0,0.02753472328186035,0.44474563002586365,9.128358840942383,-0.0009480975568294525,-0.00035686977207660675,-0.0005033416673541069,31.307954788208008,36.73563003540039,-83.3443832397461
2.1458845138549805,0,7.776956558227539,-2.2420775429197073e-44,-0.0,-0.020184777677059174,2.01200008392334,2944.0,-0.0,2.0,20.00400161743164,0.0,0.010175875388085842,0.41661232709884644,9.120577812194824,-0.0012144166976213455,0.0011078901588916779,0.0010945787653326988,31.48483657836914,36.9130973815918,-83.17394256591797
2.1662824153900146,0,7.776956558227539,-2.1019476964872256e-44,-0.0,-0.01756901852786541,2.008000135421753,2940.0,-0.0,2.0,20.00800132751465,0.0,0.03531627357006073,0.43456974625587463,9.119379997253418,-0.0010812561959028244,0.0001757703721523285,0.00016245804727077484,33.7842903137207,36.73563003540039,-83.3443832397461
2.1863439083099365,0,7.776956558227539,-1.961817850054744e-44,-0.0,-0.015289310365915298,2.008000135421753,2940.0,-0.0,2.0,20.00400161743164,0.0,0.014964522793889046,0.4411541521549225,9.173253059387207,-0.00014913640916347504,0.0003089308738708496,0.00029561854898929596,32.015480041503906,35.67082977294922,-82.66262817382812
2.206550359725952,0,7.776956558227539,-1.8216880036222622e-44,-0.0,-0.013306492939591408,2.01200008392334,2944.0,-0.0,2.0,20.012001037597656,0.0,0.03651343658566475,0.4363654851913452,9.133148193359375,0.0003835037350654602,-0.0007563512772321701,0.0009614191949367523,32.36924362182617,36.38069534301758,-83.00350189208984
2.2268898487091064,0,7.776956558227539,-1.6815581571897805e-44,-0.0,-0.011568551883101463,2.008000135421753,2964.0,-0.0,2.0,20.012001037597656,0.0,0.022746074944734573,0.42499247193336487,9.113993644714355,-0.00028229691088199615,-9.055063128471375e-05,2.929847687482834e-05,33.6074104309082,37.0905647277832,-83.3443832397461
2.247070074081421,0,7.776956558227539,-1.6815581571897805e-44,-0.0,-0.01007926743477583,2.008000135421753,2948.0,-0.0,2.0,20.00800132751465,0.0,0.013767361640930176,0.4094293415546417,9.146915435791016,-0.0013475771993398666,-0.0004900302737951279,0.0006950991228222847,32.89988708496094,36.9130973815918,-82.83306884765625
2.267272710800171,0,7.776956558227539,-1.6815581571897805e-44,-0.0,-0.00876753218472004,2.008000135421753,2940.0,-0.0,2.0,20.00800132751465,0.0,0.021548913791775703,0.4231967031955719,9.120577812194824,-0.00028229691088199615,0.0003089308738708496,-0.0005033416673541069,33.07676696777344,37.80043029785156,-83.68525695800781
2.287583112716675,0,7.776956558227539,-1.6815581571897805e-44,-0.0,-0.007633619476109743,2.01200008392334,2944.0,-0.0,2.0,20.016000747680664,0.0,0.022746074944734573,0.4273867905139923,9.131950378417969,0.0005166642367839813,-0.0011558309197425842,-0.00023702159523963928,32.89988708496094,36.558162689208984,-83.51482391357422
2.3077592849731445,0,7.776956558227539,-1.6815581571897805e-44,-0.0,-0.006644930224865675,2.004000186920166,2948.0,-0.0,2.0,20.00800132751465,0.0,0.025738980621099472,0.4321754276752472,9.142724990844727,-0.00014913640916347504,0.0001757703721523285,0.00016245804727077484,33.96117401123047,35.138427734375,-83.51482391357422
2.328195810317993,0,7.776956558227539,-1.6815581571897805e-44,-0.0,-0.005776093807071447,2.01200008392334,2952.0,-0.0,2.0,20.00800132751465,0.0,0.025140399113297462,0.43875980377197266,9.130154609680176,0.0001171845942735672,4.260987043380737e-05,-0.0003701820969581604,31.48483657836914,36.9130973815918,-81.1286849975586
2.348302125930786,0,7.776956558227539,-1.6815581571897805e-44,-0.0,-0.005032507237046957,2.008000135421753,2956.0,-0.0,2.0,20.012001037597656,0.0,0.013767361640930176,0.42858394980430603,9.135541915893555,-0.0006817765533924103,0.0011078901588916779,-0.00023702159523963928,33.6074104309082,35.138427734375,-83.51482391357422
2.3685038089752197,0,7.776956558227539,-1.6815581571897805e-44,-0.0,-0.004374505952000618,2.01200008392334,2988.0,-0.0,2.0,20.012001037597656,0.0,0.020351750776171684,0.41780948638916016,9.122373580932617,-0.0012144166976213455,0.0008415710180997849,-0.0011691423133015633,32.54612350463867,36.558162689208984,-83.51482391357422
2.3888397216796875,0,7.776956558227539,-1.6815581571897805e-44,-0.0,-0.003811345435678959,2.01200008392334,2940.0,-0.0,2.0,20.012001037597656,0.0,0.010774456895887852,0.43277400732040405,9.131950378417969,-0.0006817765533924103,0.0003089308738708496,0.0006950991228222847,32.54612350463867,36.9130973815918,-82.83306884765625
2.4090027809143066,0,7.776956558227539,-1.6815581571897805e-44,-0.0,-0.003317065304145217,2.01200008392334,2940.0,-0.0,2.0,20.012001037597656,0.0,0.0035914855543524027,0.4381612241268158,9.125965118408203,-0.00028229691088199615,4.260987043380737e-05,2.929847687482834e-05,31.661718368530273,38.51029586791992,-83.3443832397461
2.429232358932495,0,7.776956558227539,-1.6815581571897805e-44,-0.0,-0.002883668290451169,2.008000135421753,2968.0,-0.0,2.0,20.012001037597656,0.0,0.024541817605495453,0.4261896312236786,9.130154609680176,-0.0014807377010583878,0.0004420895129442215,-0.00023702159523963928,32.192359924316406,37.622962951660156,-84.87832641601562
2.44954776763916,0,7.776956558227539,-1.6815581571897805e-44,-0.0,-0.0025122982915490866,2.008000135421753,2948.0,-0.0,2.0,20.012001037597656,0.0,0.020351750776171684,0.4154151678085327,9.129556655883789,-1.597590744495392e-05,0.0011078901588916779,0.0006950991228222847,31.131074905395508,38.33283233642578,-82.83306884765625
2.469755172729492,0,7.776956558227539,-1.5414283107572988e-44,-0.0,-0.0021781781688332558,2.01200008392334,3080.0,-0.0,2.0,20.056001663208008,0.0,0.03711201623082161,0.44953426718711853,9.120577812194824,-0.0009480975568294525,-0.0015553105622529984,-0.0007696617394685745,33.4305305480957,38.155364990234375,-85.38964080810547
2.4900949001312256,0,7.776956558227539,-1.5414283107572988e-44,-0.0,-0.0019023340428248048,2.01200008392334,2940.0,-0.0,2.0,20.00400161743164,0.0,0.017358846962451935,0.4333725869655609,9.118183135986328,-0.0010812561959028244,0.00137421116232872,-0.0011691423133015633,33.6074104309082,37.97789764404297,-83.17394256591797
2.510270357131958,0,7.776956558227539,-1.5414283107572988e-44,-0.0,-0.0016557641793042421,2.01200008392334,2940.0,-0.0,2.0,20.00400161743164,0.0,0.011373037472367287,0.42678821086883545,9.161879539489746,-0.00014913640916347504,0.0003089308738708496,-0.0013023028150200844,33.4305305480957,36.025760650634766,-82.66262817382812
2.5306248664855957,0,7.776956558227539,-1.5414283107572988e-44,-0.0,-0.0014395056059584022,2.01200008392334,2960.0,-0.0,2.0,20.00800132751465,0.0,0.015563104301691055,0.4501328468322754,9.180436134338379,-0.00028229691088199615,0.0008415710180997849,0.00042877811938524246,32.72300338745117,38.155364990234375,-82.3217544555664
2.5507848262786865,0,7.776956558227539,-1.5414283107572988e-44,-0.0,-0.0012540514580905437,2.01200008392334,2944.0,-0.0,2.0,20.012001037597656,0.0,0.021548913791775703,0.4231967031955719,9.129556655883789,0.0003835037350654602,-0.0010226704180240631,0.0014940593391656876,33.25364685058594,37.268028259277344,-82.83306884765625
2.5711634159088135,0,7.776956558227539,-1.5414283107572988e-44,-0.0,-0.0010870943078771234,2.008000135421753,3072.0,-0.0,2.0,20.084001541137695,0.0,0.026936141774058342,0.4369640648365021,9.15948486328125,-0.0006817765533924103,0.0007084105163812637,0.00042877811938524246,30.954193115234375,36.38069534301758,-83.00350189208984
2.5913076400756836,0,7.776956558227539,-1.5414283107572988e-44,-0.0,-0.0009495823178440332,2.008000135421753,2940.0,-0.0,2.0,20.012001037597656,0.0,0.03711201623082161,0.4291825294494629,9.166069984436035,0.0005166642367839813,0.0011078901588916779,0.0005619386211037636,33.4305305480957,35.315895080566406,-84.02613830566406
2.6114933490753174,0,7.776956558227539,-1.5414283107572988e-44,-0.0,-0.0008262998308055103,2.004000186920166,2944.0,-0.0,2.0,20.00400161743164,0.0,0.02753472328186035,0.4172109067440033,9.128957748413086,-0.00014913640916347504,-0.00022371113300323486,0.00016245804727077484,33.6074104309082,36.558162689208984,-84.19657135009766
2.631852626800537,0,7.776956558227539,-1.5414283107572988e-44,-0.0,-0.0007191007607616484,2.008000135421753,2948.0,-0.0,2.0,20.00400161743164,0.0,0.026337560266256332,0.4339711666107178,9.132549285888672,-0.0016138982027769089,0.0007084105163812637,2.929847687482834e-05,32.89988708496094,35.848297119140625,-81.1286849975586
2.652229070663452,0,7.776956558227539,-1.5414283107572988e-44,-0.0,-0.0006259463261812925,2.0160000324249268,2944.0,-0.0,2.0,20.00400161743164,0.0,0.028133302927017212,0.4202038049697876,9.118782043457031,0.0007829833775758743,0.0008415710180997849,0.0009614191949367523,32.54612350463867,37.97789764404297,-82.15131378173828
2.672276735305786,0,7.776956558227539,-1.5414283107572988e-44,-0.0,-0.0005435255588963628,2.01200008392334,3012.0,-0.0,2.0,20.00400161743164,0.0,0.03172478824853897,0.4291825294494629,9.156492233276367,0.0003835037350654602,-0.000889509916305542,0.0022930195555090904,31.48483657836914,36.9130973815918,-83.85569763183594
2.69256329536438,0,7.776956558227539,-1.5414283107572988e-44,-0.0,-0.0004741232260130346,2.01200008392334,2940.0,-0.0,2.0,20.00400161743164,0.0,0.014964522793889046,0.42559105157852173,9.14452075958252,-0.0005486160516738892,0.0007084105163812637,0.00122773926705122,33.07676696777344,36.38069534301758,-84.02613830566406
2.712726593017578,0,7.776956558227539,-1.5414283107572988e-44,-0.0,-0.00041112618055194616,2.01200008392334,2940.0,-0.0,2.0,20.02800178527832,0.0,0.03172478824853897,0.4261896312236786,9.13913345336914,-0.0006817765533924103,0.0003089308738708496,-0.00023702159523963928,33.4305305480957,37.0905647277832,-83.3443832397461
2.7331113815307617,0,7.776956558227539,-1.5414283107572988e-44,-0.0,-0.00035909112193621695,2.01200008392334,2940.0,-0.0,2.0,20.00800132751465,0.0,0.03112620860338211,0.4369640648365021,9.129556655883789,0.0002503432333469391,0.0008415710180997849,-0.000636502169072628,33.4305305480957,36.73563003540039,-81.63999938964844
2.7532637119293213,0,7.776956558227539,-1.5414283107572988e-44,-0.0,-0.0003124619834125042,2.01200008392334,2948.0,-0.0,2.0,20.016000747680664,0.0,0.015563104301691055,0.4291825294494629,9.129556655883789,-0.00014913640916347504,0.0015073716640472412,-0.0011691423133015633,31.838598251342773,36.9130973815918,-83.85569763183594
2.77363657951355,0,7.776956558227539,-1.5414283107572988e-44,-0.0,-0.0002716662420425564,2.0160000324249268,2960.0,-0.0,2.0,20.012001037597656,0.0,0.007182971108704805,0.42798537015914917,9.131950378417969,-0.0004154574126005173,-0.0010226704180240631,0.0006950991228222847,32.89988708496094,37.268028259277344,-83.85569763183594
2.793762445449829,0,7.776956558227539,-1.5414283107572988e-44,-0.0,-0.00023670619702897966,2.01200008392334,2948.0,-0.0,2.0,20.00800132751465,0.0,0.023344656452536583,0.43277400732040405,9.140929222106934,0.0006498247385025024,0.0005752500146627426,-0.0003701820969581604,31.48483657836914,35.138427734375,-82.15131378173828
2.813930034637451,0,7.776956558227539,-1.5414283107572988e-44,-0.0,-0.0002059804683085531,2.01200008392334,2940.0,-0.0,2.0,20.012001037597656,0.0,0.011971618980169296,0.4483371078968048,9.142724990844727,0.0001171845942735672,0.0005752500146627426,0.0006950991228222847,33.25364685058594,37.622962951660156,-83.85569763183594
2.8343148231506348,0,7.776956558227539,-1.5414283107572988e-44,-0.0,-0.00017926770669873804,2.01200008392334,2948.0,-0.0,2.0,20.00800132751465,0.0,0.021548913791775703,0.4453442096710205,9.139732360839844,-0.00014913640916347504,0.0003089308738708496,-0.0010359827429056168,32.015480041503906,38.155364990234375,-81.63999938964844
2.8544716835021973,0,7.776956558227539,-1.5414283107572988e-44,-0.0,-0.0001560063537908718,2.004000186920166,2952.0,-0.0,2.0,20.00400161743164,0.0,0.03172478824853897,0.43875980377197266,9.139732360839844,-0.0016138982027769089,0.0009747296571731567,-0.0003701820969581604,31.661718368530273,36.025760650634766,-82.66262817382812
2.874844551086426,0,7.776956558227539,-1.5414283107572988e-44,-0.0,-0.0001356451539322734,2.0160000324249268,2960.0,-0.0,2.0,20.00400161743164,0.0,0.020351750776171684,0.41960522532463074,9.151104927062988,-0.0009480975568294525,0.0015073716640472412,0.00016245804727077484,33.6074104309082,36.9130973815918,-82.83306884765625
2.8949830532073975,0,7.776956558227539,-1.5414283107572988e-44,-0.0,-0.00011819902283605188,2.01200008392334,2940.0,-0.0,2.0,20.016000747680664,0.0,0.023943237960338593,0.43157684803009033,9.146915435791016,-0.00028229691088199615,-0.0010226704180240631,-0.0003701820969581604,32.54612350463867,36.9130973815918,-82.4921875
2.9151580333709717,0,7.776956558227539,-1.5414283107572988e-44,-0.0,-0.00010279098933096975,2.01200008392334,2940.0,-0.0,2.0,20.012001037597656,0.0,0.02933046594262123,0.44953426718711853,9.130154609680176,-0.0006817765533924103,0.0004420895129442215,-0.000636502169072628,32.89988708496094,35.848297119140625,-83.85569763183594
2.9355387687683105,0,7.776956558227539,-1.5414283107572988e-44,-0.0,-8.951168274506927e-05,2.01200008392334,2944.0,-0.0,2.0,20.00400161743164,0.0,0.020950332283973694,0.4573158323764801,9.138534545898438,-0.0006817765533924103,0.0003089308738708496,-0.002367583103477955,33.25364685058594,36.20322799682617,-83.51482391357422
2.955714225769043,0,7.776956558227539,-1.5414283107572988e-44,-0.0,-7.790538074914366e-05,2.0280001163482666,2944.0,-0.0,2.0,20.00800132751465,0.0,0.025140399113297462,0.4291825294494629,9.145119667053223,-0.0016138982027769089,0.0003089308738708496,-0.0009028222411870956,32.54612350463867,36.9130973815918,-83.17394256591797
2.976079225540161,0,7.776956558227539,-1.5414283107572988e-44,-0.0,-6.774144276278093e-05,2.01200008392334,2952.0,-0.0,2.0,20.016000747680664,0.0,0.015563104301691055,0.4333725869655609,9.134345054626465,-0.00028229691088199615,-0.00022371113300323486,0.0010945787653326988,31.48483657836914,36.558162689208984,-83.17394256591797
2.996260404586792,0,7.776956558227539,-1.5414283107572988e-44,-0.0,-5.900942414882593e-05,2.008000135421753,2940.0,-0.0,2.0,20.00800132751465,0.0,0.024541817605495453,0.4393584132194519,9.124767303466797,-0.002412857487797737,0.0021731704473495483,0.00029561854898929596,34.13805389404297,36.025760650634766,-83.3443832397461
3.0164382457733154,0,7.776956558227539,-1.5414283107572988e-44,-0.0,-5.1349685236345977e-05,2.008000135421753,2944.0,-0.0,2.0,20.00400161743164,0.0,0.013168780133128166,0.44175273180007935,9.153499603271484,0.0001171845942735672,-0.00022371113300323486,-0.0005033416673541069,32.89988708496094,36.558162689208984,-83.17394256591797
3.036761522293091,0,7.776956558227539,-1.5414283107572988e-44,-0.0,-4.470261774258688e-05,2.01200008392334,2944.0,-0.0,2.0,20.00400161743164,0.0,0.022746074944734573,0.43756264448165894,9.136738777160645,-0.0006817765533924103,0.0001757703721523285,0.00029561854898929596,32.72300338745117,37.0905647277832,-82.66262817382812
3.0569803714752197,0,7.776956558227539,-1.5414283107572988e-44,-0.0,-3.889682193403132e-05,2.0160000324249268,2948.0,-0.0,2.0,20.016000747680664,0.0,0.013767361640930176,0.4405555725097656,9.166069984436035,-0.0006817765533924103,-0.0015553105622529984,2.929847687482834e-05,33.4305305480957,36.025760650634766,-83.3443832397461
3.0771422386169434,0,7.776956558227539,-1.5414283107572988e-44,-0.0,-3.3817446819739416e-05,2.008000135421753,2960.0,-0.0,2.0,20.00800132751465,0.0,0.012570199556648731,0.4321754276752472,9.130154609680176,-0.00028229691088199615,0.0008415710180997849,-0.0003701820969581604,32.72300338745117,37.44549560546875,-81.29911804199219
3.0974948406219482,0,7.776956558227539,-1.5414283107572988e-44,-0.0,-2.9463115424732678e-05,2.01200008392334,2944.0,-0.0,2.0,20.00400161743164,0.0,0.021548913791775703,0.4381612241268158,9.15709114074707,0.0001171845942735672,-0.00022371113300323486,0.00042877811938524246,33.07676696777344,37.44549560546875,-82.3217544555664
3.1176788806915283,0,7.776956558227539,-1.5414283107572988e-44,-0.0,-2.5640039893914945e-05,2.01200008392334,2948.0,-0.0,2.0,20.00400161743164,0.0,0.047287892550230026,0.43875980377197266,9.133148193359375,-0.00028229691088199615,0.0003089308738708496,0.00029561854898929596,32.72300338745117,38.155364990234375,-82.3217544555664
3.1378438472747803,0,7.776956558227539,-1.5414283107572988e-44,-0.0,-2.2319778508972377e-05,2.004000186920166,2944.0,-0.0,2.0,20.00400161743164,0.0,0.028133302927017212,0.4333725869655609,9.142724990844727,-0.00028229691088199615,-0.00022371113300323486,-0.0003701820969581604,32.54612350463867,36.558162689208984,-83.17394256591797
3.158262014389038,0,7.776956558227539,-1.5414283107572988e-44,-0.0,-1.942631024576258e-05,2.01200008392334,2948.0,-0.0,2.0,20.00400161743164,0.0,0.020351750776171684,0.4483371078968048,9.14452075958252,-0.0005486160516738892,0.001640530303120613,0.0014940593391656876,32.89988708496094,36.9130973815918,-83.85569763183594
3.1783969402313232,0,7.776956558227539,-1.5414283107572988e-44,-0.0,-1.689367309154477e-05,2.008000135421753,2944.0,-0.0,2.0,20.012001037597656,0.0,0.025738980621099472,0.42259812355041504,9.139732360839844,-0.0013475771993398666,0.0003089308738708496,-0.00023702159523963928,33.07676696777344,36.025760650634766,-83.3443832397461
3.198552370071411,0,7.776956558227539,-1.5414283107572988e-44,-0.0,-1.4712824849993922e-05,2.01200008392334,2944.0,-0.0,2.0,20.00400161743164,0.0,0.016161685809493065,0.43756264448165894,9.151104927062988,-0.0017470568418502808,0.0005752500146627426,2.929847687482834e-05,33.07676696777344,36.38069534301758,-84.36701202392578
3.2189342975616455,0,7.776956558227539,-1.5414283107572988e-44,-0.0,-1.2757860531564802e-05,2.01200008392334,3016.0,-0.0,2.0,20.036001205444336,0.0,0.002394323702901602,0.41960522532463074,9.139732360839844,-0.0009480975568294525,-9.055063128471375e-05,0.0013608988374471664,33.4305305480957,36.38069534301758,-81.98087310791016
3.239100694656372,0,7.776956558227539,-1.5414283107572988e-44,-0.0,-1.1142216862936039e-05,2.01200008392334,2948.0,-0.0,2.0,20.00400161743164,0.0,0.024541817605495453,0.4351683259010315,9.14571762084961,0.0005166642367839813,0.0017736908048391342,0.0005619386211037636,32.72300338745117,38.155364990234375,-83.68525695800781
3.25945782661438,0,7.776956558227539,-1.5414283107572988e-44,-0.0,-9.697219866211526e-06,2.008000135421753,2940.0,-0.0,2.0,20.012001037597656,0.0,0.025140399113297462,0.4405555725097656,9.134345054626465,-0.0010812561959028244,4.260987043380737e-05,-0.0007696617394685745,32.54612350463867,39.04269790649414,-83.17394256591797
3.279658317565918,0,7.776956558227539,-1.5414283107572988e-44,-0.0,-8.43181896925671e-06,2.01200008392334,2960.0,-0.0,2.0,20.016000747680664,0.0,0.018556008115410805,0.42978110909461975,9.160083770751953,-0.0004154574126005173,0.0003089308738708496,-0.0010359827429056168,31.307954788208008,36.025760650634766,-85.04876708984375
3.299983024597168,0,7.776956558227539,-1.5414283107572988e-44,-0.0,-7.344329333136557e-06,2.01200008392334,2940.0,-0.0,2.0,20.00800132751465,0.0,0.018556008115410805,0.44594278931617737,9.118782043457031,-0.0006817765533924103,0.0004420895129442215,0.0006950991228222847,31.307954788208008,36.025760650634766,-83.68525695800781
3.3202011585235596,0,7.776956558227539,-1.5414283107572988e-44,-0.0,-6.364130967995152e-06,2.0160000324249268,3092.0,-0.0,2.0,20.136001586914062,0.0,0.019154589623212814,0.4453442096710205,9.14452075958252,-0.0008149370551109314,-0.000889509916305542,-0.0009028222411870956,32.36924362182617,37.0905647277832,-84.02613830566406
3.3405613899230957,0,7.776956558227539,-1.5414283107572988e-44,-0.0,-5.558640623348765e-06,2.01200008392334,2948.0,-0.0,2.0,20.012001037597656,0.0,0.023943237960338593,0.42259812355041504,9.10501480102539,-0.00014913640916347504,-0.00035686977207660675,-0.0013023028150200844,32.89988708496094,36.20322799682617,-83.17394256591797
3.360698938369751,0,7.776956558227539,-1.5414283107572988e-44,-0.0,-4.837232154386584e-06,2.0280001163482666,2940.0,-0.0,2.0,20.012001037597656,0.0,0.02933046594262123,0.4411541521549225,9.112197875976562,-0.0014807377010583878,-0.000623190775513649,-0.0005033416673541069,32.72300338745117,38.51029586791992,-84.02613830566406
3.38105845451355,0,7.776956558227539,-1.5414283107572988e-44,-0.0,-4.205560799164232e-06,2.01200008392334,2956.0,-0.0,2.0,20.00800132751465,0.0,0.025738980621099472,0.42499247193336487,9.133746147155762,-0.00014913640916347504,-0.0010226704180240631,-0.00010386202484369278,32.54612350463867,36.9130973815918,-82.83306884765625
3.401418685913086,0,7.776956558227539,-1.5414283107572988e-44,-0.0,-3.663851430246723e-06,2.01200008392334,2944.0,-0.0,2.0,20.02800178527832,0.0,0.026936141774058342,0.44594278931617737,9.141528129577637,0.0007829833775758743,4.260987043380737e-05,2.929847687482834e-05,33.4305305480957,35.315895080566406,-82.66262817382812
3.4215657711029053,0,7.776956558227539,-1.5414283107572988e-44,-0.0,-3.1774432045494905e-06,2.01200008392334,3068.0,-0.0,2.0,20.016000747680664,0.0,0.03771059960126877,0.4381612241268158,9.135541915893555,-0.00028229691088199615,0.0004420895129442215,-0.0003701820969581604,32.36924362182617,36.73563003540039,-83.3443832397461
3.4417355060577393,0,7.776956558227539,-1.5414283107572988e-44,-0.0,-2.774979520836496e-06,2.01200008392334,2944.0,-0.0,2.0,20.00800132751465,0.0,0.020950332283973694,0.44594278931617737,9.128358840942383,0.0001171845942735672,-0.00035686977207660675,0.00029561854898929596,31.48483657836914,37.268028259277344,-83.51482391357422
3.461942195892334,0,7.776956558227539,-1.5414283107572988e-44,-0.0,-2.4143062091752654e-06,2.01200008392334,2952.0,-0.0,2.0,20.016000747680664,0.0,0.025738980621099472,0.4543229341506958,9.121175765991211,-0.0005486160516738892,-0.00022371113300323486,0.0010945787653326988,33.6074104309082,36.558162689208984,-83.17394256591797
3.482304573059082,0,7.776956558227539,-1.5414283107572988e-44,-0.0,-2.1017783637944376e-06,2.01200008392334,2940.0,-0.0,2.0,20.00800132751465,0.0,0.02933046594262123,0.43456974625587463,9.148711204528809,-0.002146538347005844,0.0005752500146627426,-0.0003701820969581604,33.07676696777344,36.38069534301758,-83.68525695800781
3.5024847984313965,0,7.776956558227539,-1.5414283107572988e-44,-0.0,-1.8289559875483974e-06,2.0320000648498535,2944.0,-0.0,2.0,20.00400161743164,0.0,0.03232337161898613,0.41481658816337585,9.134345054626465,-0.00028229691088199615,0.0001757703721523285,0.0008282586932182312,32.54612350463867,37.268028259277344,-85.5600814819336
3.5226664543151855,0,7.776956558227539,-1.5414283107572988e-44,-0.0,-1.5896881677690544e-06,2.0160000324249268,2980.0,-0.0,2.0,20.00400161743164,0.0,0.022147493436932564,0.44893568754196167,9.138534545898438,-1.597590744495392e-05,0.0007084105163812637,-0.00023702159523963928,33.25364685058594,36.9130973815918,-84.19657135009766
3.54303240776062,0,7.776956558227539,-1.5414283107572988e-44,-0.0,-1.3854153166903416e-06,2.004000186920166,2948.0,-0.0,2.0,20.00400161743164,0.0,0.04309782758355141,0.43157684803009033,9.168463706970215,-0.00028229691088199615,0.0005752500146627426,0.0009614191949367523,33.07676696777344,37.0905647277832,-83.3443832397461
3.5642154216766357,0,7.776956558227539,-1.5414283107572988e-44,-0.0,-1.2046807569277007e-06,2.01200008392334,2940.0,-0.0,2.0,20.012001037597656,0.0,0.016760265454649925,0.4393584132194519,9.15589427947998,-0.00028229691088199615,-9.055063128471375e-05,0.0009614191949367523,32.36924362182617,36.73563003540039,-84.02613830566406
3.5834131240844727,0,7.776956558227539,-1.5414283107572988e-44,-0.0,-1.0494804882910103e-06,2.01200008392334,2944.0,-0.0,2.0,20.00800132751465,0.0,0.0035914855543524027,0.4381612241268158,9.151104927062988,-0.0004154574126005173,0.0007084105163812637,-0.0003701820969581604,32.54612350463867,36.9130973815918,-82.83306884765625
3.603706121444702,0,7.776956558227539,-1.5414283107572988e-44,-0.0,-9.132271543421666e-07,2.0280001163482666,2948.0,-0.0,2.0,20.016000747680664,0.0,0.03232337161898613,0.4154151678085327,9.141528129577637,-0.0008149370551109314,-0.0011558309197425842,-0.00010386202484369278,32.192359924316406,36.9130973815918,-83.85569763183594
3.6241888999938965,0,7.776956558227539,-1.5414283107572988e-44,-0.0,-7.941677040435025e-07,2.01200008392334,2960.0,-0.0,2.0,20.012001037597656,0.0,-0.0017957427771762013,0.4405555725097656,9.14452075958252,-0.00028229691088199615,0.0003089308738708496,0.00029561854898929596,31.838598251342773,36.558162689208984,-82.83306884765625
3.6443045139312744,0,7.776956558227539,-1.5414283107572988e-44,-0.0,-6.917408086337673e-07,2.0160000324249268,2944.0,-0.0,2.0,20.00800132751465,0.0,0.008978714235126972,0.41661232709884644,9.160083770751953,-0.0004154574126005173,0.0003089308738708496,2.929847687482834e-05,32.89988708496094,36.20322799682617,-84.19657135009766
3.664532423019409,0,7.776956558227539,-1.5414283107572988e-44,-0.0,-6.019819238645141e-07,2.01200008392334,2948.0,-0.0,2.0,20.00800132751465,0.0,0.03352053090929985,0.4190066456794739,9.145119667053223,-0.00014913640916347504,-0.00022371113300323486,-0.00010386202484369278,32.89988708496094,36.9130973815918,-81.81044006347656
3.684662342071533,0,7.776956558227539,-1.5414283107572988e-44,-0.0,-5.239707547843864e-07,2.01200008392334,2952.0,-0.0,2.0,20.00800132751465,0.0,0.020351750776171684,0.4321754276752472,9.116387367248535,-0.0008149370551109314,0.001241050660610199,0.0008282586932182312,33.25364685058594,37.268028259277344,-82.4921875
3.7050068378448486,0,7.776956558227539,-1.5414283107572988e-44,-0.0,-4.5609442622662755e-07,2.004000186920166,2936.0,-0.0,2.0,20.02800178527832,0.0,0.02753472328186035,0.4393584132194519,9.115190505981445,-1.597590744495392e-05,0.0004420895129442215,0.0009614191949367523,33.07676696777344,37.44549560546875,-84.7078857421875
3.7252120971679688,0,7.776956558227539,-1.5414283107572988e-44,-0.0,-3.964920836097008e-07,2.008000135421753,2956.0,-0.0,2.0,20.00400161743164,0.0,0.022147493436932564,0.44474563002586365,9.137337684631348,-0.00028229691088199615,0.0001757703721523285,0.00029561854898929596,32.89988708496094,35.848297119140625,-82.15131378173828
3.745394229888916,0,7.776956558227539,-1.5414283107572988e-44,-0.0,-3.453548060861067e-07,2.01200008392334,2940.0,-0.0,2.0,20.016000747680664,0.0,0.020950332283973694,0.42259812355041504,9.14332389831543,-0.0004154574126005173,0.001241050660610199,0.0005619386211037636,32.72300338745117,36.38069534301758,-82.66262817382812
3.765686273574829,0,7.776956558227539,-1.5414283107572988e-44,-0.0,-3.0055048227950465e-07,2.01200008392334,2940.0,-0.0,2.0,20.016000747680664,0.0,0.017358846962451935,0.4100279211997986,9.14571762084961,0.0003835037350654602,0.0011078901588916779,0.0005619386211037636,33.07676696777344,35.67082977294922,-80.95824432373047
3.785875082015991,0,7.776956558227539,-1.5414283107572988e-44,-0.0,-2.6157326260545233e-07,2.01200008392334,2940.0,-0.0,2.0,20.00400161743164,0.0,0.03232337161898613,0.43875980377197266,9.151703834533691,0.0006498247385025024,0.001241050660610199,-0.00023702159523963928,33.25364685058594,35.848297119140625,-82.4921875
3.806194543838501,0,7.776956558227539,-1.5414283107572988e-44,-0.0,-2.2767599716644327e-07,2.004000186920166,2940.0,-0.0,2.0,20.016000747680664,0.0,0.017358846962451935,0.4369640648365021,9.118782043457031,-0.0010812561959028244,4.260987043380737e-05,-0.0010359827429056168,31.838598251342773,37.622962951660156,-83.51482391357422
3.826403856277466,0,7.776956558227539,-1.5414283107572988e-44,-0.0,-1.9794482852830697e-07,2.008000135421753,2956.0,-0.0,2.0,20.016000747680664,0.0,0.013767361640930176,0.4219995439052582,9.124767303466797,-0.0008149370551109314,0.0005752500146627426,0.00016245804727077484,32.36924362182617,37.44549560546875,-83.68525695800781
3.8467326164245605,0,7.776956558227539,-1.5414283107572988e-44,-0.0,-1.7242456351596047e-07,2.008000135421753,2944.0,-0.0,2.0,20.012001037597656,0.0,0.012570199556648731,0.43875980377197266,9.129556655883789,-0.00028229691088199615,-9.055063128471375e-05,-0.0003701820969581604,31.661718368530273,38.155364990234375,-82.66262817382812
3.866938591003418,0,7.776956558227539,-1.5414283107572988e-44,-0.0,-1.4957220173528185e-07,2.01200008392334,2944.0,-0.0,2.0,20.012001037597656,0.0,0.022746074944734573,0.42559105157852173,9.135541915893555,-0.0006817765533924103,-0.0007563512772321701,2.929847687482834e-05,32.72300338745117,38.155364990234375,-83.3443832397461
3.887101411819458,0,7.776956558227539,-1.5414283107572988e-44,-0.0,-1.306020465108304e-07,2.008000135421753,2944.0,-0.0,2.0,20.00400161743164,0.0,0.012570199556648731,0.43277400732040405,9.14033031463623,-0.0004154574126005173,-9.055063128471375e-05,-0.0005033416673541069,32.192359924316406,36.9130973815918,-84.5374526977539
3.907449722290039,0,7.776956558227539,-1.5414283107572988e-44,-0.0,-1.1366810070967404e-07,2.008000135421753,2952.0,-0.0,2.0,20.00400161743164,0.0,0.026337560266256332,0.4351683259010315,9.146316528320312,0.0009161438792943954,0.0015073716640472412,-0.00010386202484369278,32.72300338745117,36.38069534301758,-84.02613830566406
3.9276411533355713,0,7.776956558227539,-1.5414283107572988e-44,-0.0,-9.88328139328587e-08,2.01200008392334,2960.0,-0.0,2.0,20.00800132751465,0.0,0.021548913791775703,0.43097826838493347,9.12656307220459,-1.597590744495392e-05,-0.000623190775513649,0.0006950991228222847,32.015480041503906,38.51029586791992,-84.02613830566406
3.947824716567993,0,7.776956558227539,-1.5414283107572988e-44,-0.0,-8.608597568127152e-08,2.0160000324249268,2952.0,-0.0,2.0,20.00800132751465,0.0,0.020950332283973694,0.4405555725097656,9.113993644714355,-0.0004154574126005173,0.0003089308738708496,-0.0007696617394685745,32.54612350463867,35.848297119140625,-82.15131378173828
3.968169927597046,0,7.776956558227539,-1.5414283107572988e-44,-0.0,-7.489957454254181e-08,2.01200008392334,2956.0,-0.0,2.0,20.012001037597656,0.0,0.017358846962451935,0.43875980377197266,9.14033031463623,-0.00014913640916347504,-0.0010226704180240631,-0.0010359827429056168,33.4305305480957,36.025760650634766,-83.68525695800781
3.9883456230163574,0,7.776956558227539,-1.5414283107572988e-44,-0.0,-6.520927797737386e-08,2.01200008392334,2940.0,-0.0,2.0,20.012001037597656,0.0,0.026936141774058342,0.4190066456794739,9.169661521911621,-0.0014807377010583878,-0.000889509916305542,-0.0014354623854160309,32.36924362182617,37.0905647277832,-83.00350189208984
4.008762359619141,0,7.776956558227539,-1.5414283107572988e-44,-0.0,-5.67510483051592e-08,2.01200008392334,2944.0,-0.0,2.0,20.02400016784668,0.0,0.02873188443481922,0.41182368993759155,9.151104927062988,-0.0013475771993398666,4.260987043380737e-05,-0.0010359827429056168,31.307954788208008,37.0905647277832,-83.3443832397461
4.028890132904053,0,7.776956558227539,-1.5414283107572988e-44,-0.0,-4.934837249948032e-08,2.01200008392334,2964.0,-0.0,2.0,20.012001037597656,0.0,0.03890775889158249,0.4321754276752472,9.148112297058105,0.0007829833775758743,0.0003089308738708496,2.929847687482834e-05,33.4305305480957,36.73563003540039,-82.66262817382812
4.049072265625,0,7.776956558227539,-1.5414283107572988e-44,-0.0,-4.2981397996300075e-08,2.01200008392334,2944.0,-0.0,2.0,20.00800132751465,0.0,0.008978714235126972,0.42080238461494446,9.137337684631348,-0.00028229691088199615,-9.055063128471375e-05,0.0005619386211037636,32.54612350463867,37.622962951660156,-83.17394256591797
4.069471120834351,0,7.776956558227539,-1.5414283107572988e-44,-0.0,-3.729756059556166e-08,2.01200008392334,3044.0,-0.0,2.0,20.020000457763672,0.0,0.03411911427974701,0.43995699286460876,9.13793659210205,-0.00028229691088199615,0.0004420895129442215,0.00029561854898929596,33.4305305480957,36.38069534301758,-83.00350189208984
4.08960223197937,0,7.776956558227539,-1.5414283107572988e-44,-0.0,-3.255375702337915e-08,2.01200008392334,2944.0,-0.0,2.0,20.00800132751465,0.0,-0.001197161851450801,0.44175273180007935,9.121175765991211,-0.0005486160516738892,-0.0004900302737951279,0.00029561854898929596,32.72300338745117,36.38069534301758,-83.00350189208984
4.1099348068237305,0,7.776956558227539,-1.5414283107572988e-44,-0.0,-2.8332799217878346e-08,2.004000186920166,2940.0,-0.0,2.0,20.00400161743164,0.0,0.026337560266256332,0.43756264448165894,9.151703834533691,-0.00014913640916347504,0.0001757703721523285,2.929847687482834e-05,32.192359924316406,37.268028259277344,-82.83306884765625
4.130120277404785,0,7.776956558227539,-1.5414283107572988e-44,-0.0,-2.4628921124758563e-08,2.008000135421753,2968.0,-0.0,2.0,20.00800132751465,0.0,0.04010492190718651,0.4321754276752472,9.146316528320312,-0.0008149370551109314,0.0004420895129442215,0.0018935389816761017,33.25364685058594,35.848297119140625,-83.17394256591797
4.1504998207092285,0,7.776956558227539,-1.5414283107572988e-44,-0.0,-2.1460641264070546e-08,2.01200008392334,2940.0,-0.0,2.0,20.012001037597656,0.0,0.017358846962451935,0.43277400732040405,9.11159896850586,-0.0006817765533924103,0.0007084105163812637,0.0005619386211037636,32.89988708496094,35.49336242675781,-83.51482391357422
4.170697212219238,0,7.776956558227539,-1.5414283107572988e-44,-0.0,-1.8589823014281137e-08,2.01200008392334,3116.0,-0.0,2.0,20.168001174926758,0.0,-0.005387228447943926,0.44294989109039307,9.152900695800781,-1.597590744495392e-05,0.0008415710180997849,0.0010945787653326988,32.54612350463867,36.558162689208984,-83.85569763183594
4.191003322601318,0,7.776956558227539,-1.5414283107572988e-44,-0.0,-1.6235169653100456e-08,2.008000135421753,2948.0,-0.0,2.0,20.00400161743164,0.0,0.0305276270955801,0.42080238461494446,9.160083770751953,-1.597590744495392e-05,0.0011078901588916779,2.929847687482834e-05,33.25364685058594,36.558162689208984,-84.87832641601562
4.211197376251221,0,7.776956558227539,-1.5414283107572988e-44,-0.0,-1.4130854708582774e-08,2.0160000324249268,2944.0,-0.0,2.0,20.00800132751465,0.0,0.02992904558777809,0.42559105157852173,9.14033031463623,-0.0013475771993398666,0.0009747296571731567,-0.00023702159523963928,32.192359924316406,37.97789764404297,-84.19657135009766
4.23136568069458,0,7.776956558227539,-1.5414283107572988e-44,-0.0,-1.2284885997360107e-08,2.01200008392334,2960.0,-0.0,2.0,20.00400161743164,0.0,0.028133302927017212,0.4369640648365021,9.15828800201416,-0.0018802173435688019,0.0001757703721523285,-0.0005033416673541069,32.89988708496094,36.9130973815918,-84.87832641601562
4.251716613769531,0,7.776956558227539,-1.5414283107572988e-44,-0.0,-1.070278177195405e-08,2.0280001163482666,2944.0,-0.0,2.0,20.00800132751465,0.0,0.048485055565834045,0.4303796887397766,9.1253662109375,-0.0012144166976213455,0.0009747296571731567,-0.0003701820969581604,32.36924362182617,37.44549560546875,-82.66262817382812
4.271898984909058,0,7.776956558227539,-1.5414283107572988e-44,-0.0,-9.290221925084552e-09,2.0160000324249268,3024.0,-0.0,2.0,20.00400161743164,0.0,0.018556008115410805,0.4333725869655609,9.146915435791016,-0.0010812561959028244,-0.000889509916305542,0.0009614191949367523,31.131074905395508,36.9130973815918,-82.83306884765625
4.292107105255127,0,7.776956558227539,-1.5414283107572988e-44,-0.0,-8.107948090696482e-09,2.01200008392334,2944.0,-0.0,2.0,20.00800132751465,0.0,0.015563104301691055,0.43456974625587463,9.122971534729004,-0.0005486160516738892,0.0008415710180997849,-0.0003701820969581604,32.015480041503906,36.025760650634766,-83.00350189208984
4.312456369400024,0,7.776956558227539,-1.5414283107572988e-44,-0.0,-7.056850215292343e-09,2.0160000324249268,2944.0,-0.0,2.0,20.012001037597656,0.0,0.021548913791775703,0.43576690554618835,9.14033031463623,-0.0010812561959028244,4.260987043380737e-05,0.0005619386211037636,33.07676696777344,37.0905647277832,-83.00350189208984
4.332686185836792,0,7.776956558227539,-1.5414283107572988e-44,-0.0,-6.141172015361462e-09,2.01200008392334,2944.0,-0.0,2.0,20.00400161743164,0.0,0.03112620860338211,0.4219995439052582,9.13793659210205,-0.0005486160516738892,0.0007084105163812637,0.0013608988374471664,32.192359924316406,36.9130973815918,-82.4921875
4.3529932498931885,0,7.776956558227539,-1.5414283107572988e-44,-0.0,-5.345191844696728e-09,2.004000186920166,2948.0,-0.0,2.0,20.012001037597656,0.0,0.02753472328186035,0.4243938624858856,9.136738777160645,0.0002503432333469391,0.0003089308738708496,-0.0011691423133015633,32.192359924316406,36.9130973815918,-83.17394256591797
4.3731913566589355,0,7.776956558227539,-1.5414283107572988e-44,-0.0,-4.646547591136141e-09,2.01200008392334,2952.0,-0.0,2.0,20.016000747680664,0.0,0.008380132727324963,0.43456974625587463,9.130753517150879,-0.0013475771993398666,0.0001757703721523285,2.929847687482834e-05,33.6074104309082,36.9130973815918,-83.85569763183594
4.393389940261841,0,7.776956558227539,-1.5414283107572988e-44,-0.0,-4.048037904880175e-09,2.01200008392334,2948.0,-0.0,2.0,20.00800132751465,0.0,-0.001197161851450801,0.42379528284072876,9.119379997253418,0.0007829833775758743,-0.00035686977207660675,-0.0003701820969581604,31.838598251342773,36.20322799682617,-81.46955871582031
4.4137022495269775,0,7.776956558227539,-1.5414283107572988e-44,-0.0,-3.523550784478857e-09,2.01200008392334,2940.0,-0.0,2.0,20.00400161743164,0.0,0.025140399113297462,0.42978110909461975,9.147513389587402,0.0002503432333469391,-9.055063128471375e-05,-0.0009028222411870956,33.7842903137207,37.44549560546875,-83.68525695800781
4.433891773223877,0,7.776956558227539,-1.5414283107572988e-44,-0.0,-3.066345177771268e-09,2.01200008392334,2944.0,-0.0,2.0,20.00800132751465,0.0,0.0305276270955801,0.45971015095710754,9.119379997253418,-0.0006817765533924103,0.0005752500146627426,0.0005619386211037636,32.89988708496094,36.9130973815918,-82.4921875
4.454056262969971,0,7.776956558227539,-1.5414283107572988e-44,-0.0,-2.6686113319129845e-09,2.004000186920166,2948.0,-0.0,2.0,20.00800132751465,0.0,0.03232337161898613,0.4363654851913452,9.160083770751953,-0.00014913640916347504,-0.000889509916305542,0.0010945787653326988,31.661718368530273,36.73563003540039,-84.36701202392578
4.474427938461304,0,7.776956558227539,-1.5414283107572988e-44,-0.0,-2.3200636967146693e-09,2.004000186920166,2956.0,-0.0,2.0,20.00800132751465,0.0,0.004190066363662481,0.43995699286460876,9.152900695800781,0.0009161438792943954,0.0017736908048391342,-0.00010386202484369278,33.4305305480957,36.025760650634766,-83.00350189208984
4.49460244178772,0,7.776956558227539,-1.5414283107572988e-44,-0.0,-2.0213326568097045e-09,2.004000186920166,2948.0,-0.0,2.0,20.00800132751465,0.0,0.020950332283973694,0.41780948638916016,9.132549285888672,-0.0008149370551109314,0.0011078901588916779,-0.000636502169072628,32.54612350463867,35.848297119140625,-83.51482391357422
4.51478910446167,0,7.776956558227539,-1.5414283107572988e-44,-0.0,-1.7530940032983722e-09,2.01200008392334,2944.0,-0.0,2.0,20.00800132751465,0.0,0.0305276270955801,0.4453442096710205,9.14033031463623,0.0002503432333469391,0.0005752500146627426,0.00042877811938524246,33.25364685058594,36.558162689208984,-83.51482391357422
4.535163402557373,0,7.776956558227539,-1.5414283107572988e-44,-0.0,-1.531083260175592e-09,2.004000186920166,2944.0,-0.0,2.0,20.016000747680664,0.0,0.04010492190718651,0.44175273180007935,9.163675308227539,0.0007829833775758743,0.0005752500146627426,0.0009614191949367523,32.192359924316406,36.558162689208984,-83.51482391357422
4.555458068847656,0,7.776956558227539,-1.5414283107572988e-44,-0.0,-1.3323037117984882e-09,2.0160000324249268,2940.0,-0.0,2.0,20.00800132751465,0.0,0.0035914855543524027,0.4333725869655609,9.115190505981445,-0.0008149370551109314,-9.055063128471375e-05,-0.0005033416673541069,32.192359924316406,36.20322799682617,-82.15131378173828
4.575498342514038,0,7.776956558227539,-1.5414283107572988e-44,-0.0,-1.1582925729669569e-09,2.01200008392334,2976.0,-0.0,2.0,20.012001037597656,0.0,0.020351750776171684,0.44654136896133423,9.167865753173828,-0.0005486160516738892,-0.00022371113300323486,0.0018935389816761017,33.4305305480957,38.155364990234375,-82.3217544555664
4.595853567123413,0,7.776956558227539,-1.5414283107572988e-44,-0.0,-1.009122563289111e-09,2.01200008392334,2944.0,-0.0,2.0,20.00800132751465,0.0,-0.008380132727324963,0.4321754276752472,9.131352424621582,0.0001171845942735672,-0.0010226704180240631,0.0005619386211037636,32.89988708496094,37.622962951660156,-83.51482391357422
4.6160218715667725,0,7.776956558227539,-1.5414283107572988e-44,-0.0,-8.783500038411773e-10,2.01200008392334,2948.0,-0.0,2.0,20.012001037597656,0.0,0.024541817605495453,0.4453442096710205,9.166069984436035,-0.0004154574126005173,-9.055063128471375e-05,-0.000636502169072628,32.89988708496094,36.20322799682617,-83.17394256591797
4.636404752731323,0,7.776956558227539,-1.5414283107572988e-44,-0.0,-7.64377672268779e-10,2.01200008392334,2944.0,-0.0,2.0,20.00800132751465,0.0,0.03950634226202965,0.43456974625587463,9.142126083374023,-0.00028229691088199615,0.00137421116232872,2.929847687482834e-05,33.7842903137207,37.80043029785156,-84.36701202392578
4.656564474105835,0,7.776956558227539,-1.5414283107572988e-44,-0.0,-6.653584905258469e-10,2.008000135421753,2944.0,-0.0,2.0,20.032001495361328,0.0,0.028133302927017212,0.43157684803009033,9.13913345336914,-0.0009480975568294525,-0.00022371113300323486,-0.0009028222411870956,31.661718368530273,37.80043029785156,-83.68525695800781
4.676774740219116,0,7.776956558227539,-1.5414283107572988e-44,-0.0,-5.782839207491008e-10,2.0160000324249268,2972.0,-0.0,2.0,20.00800132751465,0.0,0.023344656452536583,0.4405555725097656,9.143921852111816,0.0003835037350654602,-9.055063128471375e-05,-0.00010386202484369278,31.48483657836914,35.848297119140625,-83.17394256591797
4.697093725204468,0,7.776956558227539,-1.5414283107572988e-44,-0.0,-5.038243156008093e-10,2.004000186920166,2944.0,-0.0,2.0,20.00400161743164,0.0,0.02753472328186035,0.43576690554618835,9.128358840942383,0.0001171845942735672,-0.00022371113300323486,-0.0009028222411870956,32.015480041503906,36.38069534301758,-83.00350189208984
4.717267274856567,0,7.776956558227539,-1.5414283107572988e-44,-0.0,-4.383159113441337e-10,2.01200008392334,2944.0,-0.0,2.0,20.00800132751465,0.0,0.03112620860338211,0.4243938624858856,9.113993644714355,0.0003835037350654602,0.00137421116232872,0.0005619386211037636,33.7842903137207,36.73563003540039,-83.3443832397461
4.737497568130493,0,7.776956558227539,-1.5414283107572988e-44,-0.0,-3.816495730557534e-10,2.01200008392334,2940.0,-0.0,2.0,20.00400161743164,0.0,0.049083635210990906,0.4231967031955719,9.14033031463623,-0.002146538347005844,0.0004420895129442215,-0.00010386202484369278,32.89988708496094,37.268028259277344,-82.4921875
4.757840394973755,0,7.776956558227539,-1.5414283107572988e-44,-0.0,-3.3212776973101654e-10,2.01200008392334,2940.0,-0.0,2.0,20.012001037597656,0.0,0.013767361640930176,0.43277400732040405,9.154098510742188,-0.0004154574126005173,-0.00035686977207660675,2.929847687482834e-05,32.015480041503906,37.0905647277832,-84.36701202392578
4.778014659881592,0,7.776956558227539,-1.5414283107572988e-44,-0.0,-2.888277672585815e-10,2.01200008392334,2960.0,-0.0,2.0,20.016000747680664,0.0,0.017957428470253944,0.4214009642601013,9.152302742004395,-0.0010812561959028244,0.0003089308738708496,2.929847687482834e-05,33.4305305480957,35.315895080566406,-83.3443832397461
4.798346281051636,0,7.776956558227539,-1.5414283107572988e-44,-0.0,-2.515489205823229e-10,2.01200008392334,2944.0,-0.0,2.0,20.012001037597656,0.0,0.017957428470253944,0.41960522532463074,9.148112297058105,0.0006498247385025024,-0.0007563512772321701,0.00029561854898929596,33.07676696777344,36.025760650634766,-84.02613830566406
4.8185107707977295,0,7.776956558227539,-1.5414283107572988e-44,-0.0,-2.186223979627755e-10,2.0160000324249268,2984.0,-0.0,2.0,20.00400161743164,0.0,0.024541817605495453,0.4190066456794739,9.137337684631348,-0.00028229691088199615,-0.00022371113300323486,2.929847687482834e-05,32.89988708496094,36.9130973815918,-82.83306884765625
4.838727951049805,0,7.776956558227539,-1.5414283107572988e-44,-0.0,-1.9052444344414e-10,2.01200008392334,2952.0,-0.0,2.0,20.00800132751465,0.0,0.03292195126414299,0.44594278931617737,9.149908065795898,0.0002503432333469391,-0.00035686977207660675,0.0009614191949367523,32.015480041503906,36.38069534301758,-84.02613830566406
4.859132766723633,0,7.776956558227539,-1.5414283107572988e-44,-0.0,-1.6583419359950113e-10,2.01200008392334,2944.0,-0.0,2.0,20.00800132751465,0.0,0.015563104301691055,0.42080238461494446,9.141528129577637,-1.597590744495392e-05,-0.00022371113300323486,0.00029561854898929596,32.89988708496094,36.9130973815918,-82.15131378173828
4.879270792007446,0,7.776956558227539,-1.5414283107572988e-44,-0.0,-1.4419827831790855e-10,2.008000135421753,2960.0,-0.0,2.0,20.016000747680664,0.0,0.022147493436932564,0.43277400732040405,9.148112297058105,0.0001171845942735672,-9.055063128471375e-05,0.00029561854898929596,34.13805389404297,37.0905647277832,-82.66262817382812
4.899604797363281,0,7.776956558227539,-1.5414283107572988e-44,-0.0,-1.2560391615679123e-10,2.01200008392334,2944.0,-0.0,2.0,20.00800132751465,0.0,0.020950332283973694,0.4513300061225891,9.152302742004395,0.0011824648827314377,0.0004420895129442215,-0.0005033416673541069,32.89988708496094,36.9130973815918,-82.15131378173828
4.919772148132324,0,7.776956558227539,-1.5414283107572988e-44,-0.0,-1.0891740981344711e-10,2.01200008392334,3076.0,-0.0,2.0,20.02800178527832,0.0,0.015563104301691055,0.4453442096710205,9.12416934967041,-0.00014913640916347504,0.0003089308738708496,0.00029561854898929596,33.25364685058594,36.9130973815918,-82.4921875
4.9399707317352295,0,7.776956558227539,-1.5414283107572988e-44,-0.0,-9.512152177038047e-11,2.0160000324249268,2940.0,-0.0,2.0,20.012001037597656,0.0,0.02753472328186035,0.4411541521549225,9.139732360839844,-0.0009480975568294525,0.0004420895129442215,0.0014940593391656876,31.838598251342773,36.9130973815918,-82.4921875
4.960382461547852,0,7.776956558227539,-1.5414283107572988e-44,-0.0,-8.278103896808275e-11,2.01200008392334,2948.0,-0.0,2.0,20.012001037597656,0.0,0.010175875388085842,0.42798537015914917,9.146915435791016,-0.0008149370551109314,0.0007084105163812637,0.0008282586932182312,31.661718368530273,36.38069534301758,-82.3217544555664
4.980512857437134,0,7.776956558227539,-1.5414283107572988e-44,-0.0,-7.197299006778124e-11,2.0160000324249268,2972.0,-0.0,2.0,20.00800132751465,0.0,0.02873188443481922,0.4363654851913452,9.14033031463623,-0.00014913640916347504,-0.00035686977207660675,0.0005619386211037636,31.838598251342773,36.20322799682617,-84.5374526977539
5.0008134841918945,0,7.776956558227539,-1.5414283107572988e-44,-0.0,-6.270751279346953e-11,2.01200008392334,2944.0,-0.0,2.0,20.012001037597656,0.0,0.018556008115410805,0.44175273180007935,9.141528129577637,-0.0012144166976213455,0.0007084105163812637,-0.0021012630313634872,33.4305305480957,36.38069534301758,-82.3217544555664
5.020992040634155,0,7.776956558227539,-1.5414283107572988e-44,-0.0,-5.435317126933903e-11,2.01200008392334,3096.0,-0.0,2.0,20.088001251220703,0.0,0.025140399113297462,0.43157684803009033,9.142724990844727,0.0003835037350654602,0.0003089308738708496,-0.00023702159523963928,33.07676696777344,36.38069534301758,-83.00350189208984
5.041369199752808,0,7.776956558227539,-1.5414283107572988e-44,-0.0,-4.747123180659507e-11,2.004000186920166,2944.0,-0.0,2.0,20.016000747680664,0.0,0.024541817605495453,0.4435484707355499,9.171457290649414,-0.0004154574126005173,0.0015073716640472412,-0.0007696617394685745,32.72300338745117,36.025760650634766,-83.3443832397461
5.061533451080322,0,7.776956558227539,-1.5414283107572988e-44,-0.0,-4.130125408341456e-11,2.01200008392334,2948.0,-0.0,2.0,20.016000747680664,0.0,0.020351750776171684,0.43157684803009033,9.121774673461914,0.0014487840235233307,0.0005752500146627426,0.0006950991228222847,32.54612350463867,37.97789764404297,-83.85569763183594
5.081892728805542,0,7.776956558227539,-1.5414283107572988e-44,-0.0,-3.5953899579777016e-11,2.01200008392334,2940.0,-0.0,2.0,20.012001037597656,0.0,0.03352053090929985,0.4303796887397766,9.134943962097168,-0.00028229691088199615,-0.000889509916305542,0.0006950991228222847,33.7842903137207,36.73563003540039,-83.00350189208984
5.102230548858643,0,7.776956558227539,-1.5414283107572988e-44,-0.0,-3.1286893215076717e-11,2.008000135421753,2936.0,-0.0,2.0,20.036001205444336,0.0,0.008380132727324963,0.4483371078968048,9.135541915893555,-0.0014807377010583878,0.0004420895129442215,0.00016245804727077484,32.72300338745117,36.73563003540039,-83.68525695800781
5.122399568557739,0,7.776956558227539,-1.5414283107572988e-44,-0.0,-2.7167258026539187e-11,2.0160000324249268,3008.0,-0.0,2.0,20.00400161743164,0.0,0.03950634226202965,0.4441470503807068,9.140929222106934,0.0003835037350654602,0.0001757703721523285,0.00016245804727077484,33.6074104309082,36.20322799682617,-83.85569763183594
5.142583847045898,0,7.776956558227539,-1.5414283107572988e-44,-0.0,-2.369832975690489e-11,2.008000135421753,2940.0,-0.0,2.0,20.00400161743164,0.0,0.024541817605495453,0.4369640648365021,9.134943962097168,0.0002503432333469391,-0.0007563512772321701,0.0005619386211037636,33.4305305480957,37.0905647277832,-83.68525695800781
5.162915468215942,0,7.776956558227539,-1.5414283107572988e-44,-0.0,-2.0544456760807073e-11,2.01200008392334,2948.0,-0.0,2.0,20.052000045776367,0.0,0.02992904558777809,0.4441470503807068,9.148711204528809,0.0009161438792943954,0.0005752500146627426,2.929847687482834e-05,33.6074104309082,36.20322799682617,-82.4921875
5.183187246322632,0,7.776956558227539,-1.5414283107572988e-44,-0.0,-1.7941235302965097e-11,2.01200008392334,2944.0,-0.0,2.0,20.00400161743164,0.0,0.03651343658566475,0.43157684803009033,9.139732360839844,-0.0016138982027769089,0.0017736908048391342,-0.000636502169072628,32.54612350463867,37.268028259277344,-82.4921875
5.203445196151733,0,7.776956558227539,-1.5414283107572988e-44,-0.0,-1.561750208323165e-11,2.004000186920166,2940.0,-0.0,2.0,20.012001037597656,0.0,0.03531627357006073,0.42678821086883545,9.14033031463623,-0.0012144166976213455,-0.00035686977207660675,0.00042877811938524246,32.89988708496094,38.33283233642578,-83.51482391357422
5.224012613296509,0,7.776956558227539,-1.5414283107572988e-44,-0.0,-1.3575474078209027e-11,2.0160000324249268,2956.0,-0.0,2.0,20.00400161743164,0.0,0.016161685809493065,0.42678821086883545,9.141528129577637,-0.0010812561959028244,0.0005752500146627426,0.0009614191949367523,33.6074104309082,36.558162689208984,-82.83306884765625
5.243777513504028,0,7.776956558227539,-1.5414283107572988e-44,-0.0,-1.1829122750772747e-11,2.01200008392334,2952.0,-0.0,2.0,20.012001037597656,0.0,0.02753472328186035,0.4261896312236786,9.10621166229248,-0.0013475771993398666,-0.0011558309197425842,0.0014940593391656876,33.4305305480957,35.67082977294922,-84.02613830566406
5.264134168624878,0,7.776956558227539,-1.5414283107572988e-44,-0.0,-1.0293642674352732e-11,2.0160000324249268,2940.0,-0.0,2.0,20.012001037597656,0.0,0.014964522793889046,0.4172109067440033,9.15709114074707,0.0001171845942735672,0.001241050660610199,0.00042877811938524246,32.89988708496094,35.848297119140625,-83.17394256591797
5.284309387207031,0,7.776956558227539,-1.5414283107572988e-44,-0.0,-8.958707040096492e-12,2.0160000324249268,2948.0,-0.0,2.0,20.00800132751465,0.0,0.019753171131014824,0.4273867905139923,9.146915435791016,-0.0006817765533924103,4.260987043380737e-05,0.0005619386211037636,33.6074104309082,36.558162689208984,-82.83306884765625
5.304642677307129,0,7.776956558227539,-1.5414283107572988e-44,-0.0,-7.797320948632613e-12,2.004000186920166,2944.0,-0.0,2.0,20.00400161743164,0.0,0.019753171131014824,0.4333725869655609,9.119978904724121,-0.0016138982027769089,0.0019068513065576553,-0.0007696617394685745,32.89988708496094,37.622962951660156,-84.87832641601562
5.324840784072876,0,7.776956558227539,-1.5414283107572988e-44,-0.0,-6.779285900010423e-12,2.004000186920166,2952.0,-0.0,2.0,20.012001037597656,0.0,0.02873188443481922,0.4100279211997986,9.12416934967041,-0.0005486160516738892,0.001241050660610199,-0.0013023028150200844,32.89988708496094,35.49336242675781,-82.83306884765625
5.345011949539185,0,7.776956558227539,-1.5414283107572988e-44,-0.0,-5.906066000843646e-12,2.0160000324249268,2940.0,-0.0,2.0,20.016000747680664,0.0,0.011971618980169296,0.414218008518219,9.133148193359375,0.0009161438792943954,-0.00022371113300323486,-0.0011691423133015633,32.89988708496094,36.558162689208984,-83.51482391357422
5.365405321121216,0,7.776956558227539,-1.5414283107572988e-44,-0.0,-5.133898080961208e-12,2.0160000324249268,2940.0,-0.0,2.0,20.012001037597656,0.0,0.03352053090929985,0.4261896312236786,9.139732360839844,-0.0014807377010583878,-0.000623190775513649,-0.00023702159523963928,33.07676696777344,37.44549560546875,-83.3443832397461
5.385564088821411,0,7.776956558227539,-1.5414283107572988e-44,-0.0,-4.472858715354189e-12,2.0160000324249268,2948.0,-0.0,2.0,20.00800132751465,0.0,0.026936141774058342,0.41481658816337585,9.145119667053223,-0.00028229691088199615,0.0011078901588916779,0.00016245804727077484,32.36924362182617,37.0905647277832,-83.00350189208984
5.4057934284210205,0,7.776956558227539,-1.5414283107572988e-44,-0.0,-3.893005709465491e-12,2.0199999809265137,2940.0,-0.0,2.0,20.00800132751465,0.0,0.03531627357006073,0.4333725869655609,9.14452075958252,0.0005166642367839813,0.0003089308738708496,-0.0009028222411870956,33.4305305480957,37.44549560546875,-82.66262817382812
5.4261815547943115,0,7.776956558227539,-1.5414283107572988e-44,-0.0,-3.384635887532239e-12,2.01200008392334,2952.0,-0.0,2.0,20.00400161743164,0.0,0.006584390066564083,0.4291825294494629,9.116387367248535,-0.0006817765533924103,-0.0004900302737951279,0.00042877811938524246,32.72300338745117,37.44549560546875,-82.3217544555664
5.446429967880249,0,7.776956558227539,-1.5414283107572988e-44,-0.0,-2.9488306328012692e-12,2.01200008392334,2940.0,-0.0,2.0,20.016000747680664,0.0,0.002992904745042324,0.45372435450553894,9.138534545898438,-0.0005486160516738892,4.260987043380737e-05,-0.00010386202484369278,33.6074104309082,37.622962951660156,-83.17394256591797
5.466646909713745,0,7.776956558227539,-1.5414283107572988e-44,-0.0,-2.565562345901995e-12,2.01200008392334,2948.0,-0.0,2.0,20.012001037597656,0.0,0.013168780133128166,0.4435484707355499,9.136738777160645,0.0005166642367839813,0.0001757703721523285,-0.0011691423133015633,32.36924362182617,36.025760650634766,-83.68525695800781
5.4868323802948,0,7.776956558227539,-1.5414283107572988e-44,-0.0,-2.2329009301269576e-12,2.01200008392334,2944.0,-0.0,2.0,20.00800132751465,0.0,0.03471769392490387,0.4423513114452362,9.113993644714355,-0.0008149370551109314,-0.0014221500605344772,0.00122773926705122,31.661718368530273,36.73563003540039,-84.36701202392578
5.507062911987305,0,7.776956558227539,-1.5414283107572988e-44,-0.0,-1.943963870085219e-12,2.01200008392334,2944.0,-0.0,2.0,20.032001495361328,0.0,0.016760265454649925,0.4369640648365021,9.154098510742188,-0.00014913640916347504,-9.055063128471375e-05,0.00016245804727077484,31.661718368530273,36.025760650634766,-83.3443832397461
5.527376174926758,0,7.776956558227539,-1.5414283107572988e-44,-0.0,-1.6895576734551887e-12,2.008000135421753,2960.0,-0.0,2.0,20.00800132751465,0.0,0.020950332283973694,0.4202038049697876,9.142724990844727,-0.0004154574126005173,-9.055063128471375e-05,-0.0011691423133015633,34.13805389404297,36.38069534301758,-82.66262817382812
5.547533273696899,0,7.776956558227539,-1.5414283107572988e-44,-0.0,-1.4719288071382564e-12,2.008000135421753,2940.0,-0.0,2.0,20.00800132751465,0.0,0.022746074944734573,0.4333725869655609,9.15709114074707,0.0003835037350654602,0.0008415710180997849,-0.00023702159523963928,32.72300338745117,36.025760650634766,-83.68525695800781
5.567712306976318,0,7.776956558227539,-1.5414283107572988e-44,-0.0,-1.2810394021608995e-12,2.008000135421753,2940.0,-0.0,2.0,20.012001037597656,0.0,0.012570199556648731,0.4483371078968048,9.11159896850586,0.0006498247385025024,-0.00035686977207660675,0.00029561854898929596,34.13805389404297,37.44549560546875,-83.00350189208984
5.588080883026123,0,7.776956558227539,-1.5414283107572988e-44,-0.0,-1.1148751193068573e-12,2.004000186920166,2940.0,-0.0,2.0,20.00800132751465,0.0,0.006584390066564083,0.44594278931617737,9.129556655883789,-0.0017470568418502808,-9.055063128471375e-05,-0.0010359827429056168,31.307954788208008,38.155364990234375,-83.3443832397461
5.608237028121948,0,7.776956558227539,-1.5414283107572988e-44,-0.0,-9.703444645015047e-13,2.008000135421753,2944.0,-0.0,2.0,20.00800132751465,0.0,0.03651343658566475,0.4214009642601013,9.118782043457031,-0.0009480975568294525,0.0008415710180997849,0.0010945787653326988,32.36924362182617,36.73563003540039,-82.66262817382812
5.628596067428589,0,7.776956558227539,-1.5414283107572988e-44,-0.0,-8.434695541841009e-13,2.008000135421753,2952.0,-0.0,2.0,20.012001037597656,0.0,0.017957428470253944,0.43157684803009033,9.097232818603516,-0.0005486160516738892,-0.00035686977207660675,0.0005619386211037636,33.25364685058594,37.268028259277344,-84.19657135009766
5.64877462387085,0,7.776956558227539,-1.5414283107572988e-44,-0.0,-7.349241115846283e-13,2.01200008392334,2948.0,-0.0,2.0,20.00800132751465,0.0,0.02753472328186035,0.4435484707355499,9.14452075958252,-0.0005486160516738892,-0.0004900302737951279,2.929847687482834e-05,33.4305305480957,35.67082977294922,-81.63999938964844
5.668942451477051,0,7.776956558227539,-1.5414283107572988e-44,-0.0,-6.374307006708213e-13,2.01200008392334,3020.0,-0.0,2.0,20.012001037597656,0.0,0.03531627357006073,0.4303796887397766,9.131950378417969,-0.0029454976320266724,0.0008415710180997849,0.00029561854898929596,33.6074104309082,35.848297119140625,-82.4921875
5.689398765563965,0,7.776956558227539,-1.5414283107572988e-44,-0.0,-5.566763413081266e-13,2.008000135421753,2936.0,-0.0,2.0,20.016000747680664,0.0,0.04010492190718651,0.4363654851913452,9.116387367248535,-0.0012144166976213455,0.001640530303120613,-0.0010359827429056168,32.015480041503906,37.0905647277832,-82.66262817382812
5.70962119102478,0,7.776956558227539,-1.5414283107572988e-44,-0.0,-4.844832759802464e-13,2.004000186920166,2940.0,-0.0,2.0,20.02800178527832,0.0,0.023943237960338593,0.4393584132194519,9.136140823364258,-0.0005486160516738892,0.0009747296571731567,-0.0007696617394685745,33.25364685058594,36.9130973815918,-82.4921875
5.7298033237457275,0,7.776956558227539,-1.5414283107572988e-44,-0.0,-4.210788889878053e-13,2.008000135421753,2972.0,-0.0,2.0,20.00800132751465,0.0,0.03112620860338211,0.4303796887397766,9.114591598510742,-0.0010812561959028244,-9.055063128471375e-05,-0.0011691423133015633,33.07676696777344,37.80043029785156,-83.00350189208984
5.750136852264404,0,7.776956558227539,-1.5414283107572988e-44,-0.0,-3.668907083524686e-13,2.01200008392334,2944.0,-0.0,2.0,20.00400161743164,0.0,0.026337560266256332,0.4160137474536896,9.089451789855957,-0.0017470568418502808,0.0011078901588916779,-0.0010359827429056168,32.36924362182617,36.73563003540039,-83.68525695800781
5.7704668045043945,0,7.776956558227539,-1.5414283107572988e-44,-0.0,-3.1786338426827154e-13,2.008000135421753,3100.0,-0.0,2.0,20.16400146484375,0.0,0.025738980621099472,0.44594278931617737,9.113993644714355,-0.0018802173435688019,-0.00022371113300323486,0.002026699483394623,33.7842903137207,36.38069534301758,-84.02613830566406
5.791182518005371,0,7.776956558227539,-1.5414283107572988e-44,-0.0,-2.776093157436099e-13,2.008000135421753,2944.0,-0.0,2.0,20.012001037597656,0.0,0.023943237960338593,0.4351683259010315,9.127161979675293,0.0011824648827314377,4.260987043380737e-05,-0.0010359827429056168,32.36924362182617,38.865230560302734,-82.66262817382812
5.810968637466431,0,7.776956558227539,-1.5414283107572988e-44,-0.0,-2.4156712871356567e-13,2.0360000133514404,2944.0,-0.0,2.0,20.032001495361328,0.0,0.03172478824853897,0.4154151678085327,9.154098510742188,-0.0004154574126005173,4.260987043380737e-05,0.00016245804727077484,33.6074104309082,36.20322799682617,-82.83306884765625
5.8311567306518555,0,7.776987075805664,0.0002956738753709942,1.5,4.764734745025635,2.0160000324249268,2960.0,-0.0,2.0,20.00400161743164,3.027200000360608e-05,0.03112620860338211,0.45252716541290283,9.132549285888672,-1.597590744495392e-05,0.0003089308738708496,0.00016245804727077484,33.6074104309082,37.268028259277344,-83.17394256591797
5.851492404937744,0,7.781500339508057,0.04223116859793663,1.5,9.883498191833496,2.008000135421753,2952.0,-0.0,2.0,20.00400161743164,0.004513280000537634,0.03890775889158249,0.7613949179649353,9.488704681396484,-0.004676578566431999,-0.002354271709918976,0.0005619386211037636,32.015480041503906,36.38069534301758,-83.00350189208984
5.87167763710022,0,7.792211055755615,0.1302889883518219,1.5,14.167713165283203,2.004000186920166,3048.0,-0.0,2.0,20.00800132751465,0.01071078423410654,0.20890474319458008,1.6574705839157104,8.727310180664062,0.05071801692247391,0.002972131595015526,-0.0014354623854160309,32.015480041503906,35.67082977294922,-82.66262817382812
5.891853332519531,0,7.798653602600098,0.16438980400562286,1.5,17.503690719604492,2.004000186920166,2948.0,-0.0,2.0,20.00400161743164,0.006442431826144457,0.04249924421310425,2.964172840118408,8.367562294006348,0.18307912349700928,0.04238751530647278,-0.009957707487046719,32.36924362182617,37.0905647277832,-81.63999938964844
5.912054061889648,0,7.800078868865967,0.14708976447582245,1.5,20.470945358276367,2.008000135421753,2952.0,-0.0,2.0,20.00800132751465,0.0014255360001698136,-0.020351750776171684,2.4541819095611572,8.402878761291504,0.052715420722961426,0.013358618132770061,0.0030919797718524933,32.72300338745117,37.44549560546875,-83.00350189208984
5.9324116706848145,0,7.80034875869751,0.12327035516500473,1.5,23.157615661621094,2.01200008392334,2952.0,-0.0,2.0,20.012001037597656,0.0002696960000321269,-0.45671725273132324,1.9232405424118042,10.12739086151123,-0.0775151401758194,0.03333263099193573,-0.007960306480526924,31.131074905395508,37.622962951660156,-84.5374526977539
5.952735185623169,0,7.803372859954834,0.12913404405117035,1.5,25.5373592376709,2.004000186920166,2948.0,-0.0,2.0,20.036001205444336,0.0030244479421526194,-0.0790126845240593,1.0044188499450684,9.258251190185547,-0.07778146117925644,-0.005550112575292587,-0.00010386202484369278,31.838598251342773,36.9130973815918,-82.4921875
5.972875595092773,0,7.811384201049805,0.1779564768075943,1.5,27.505935668945312,2.004000186920166,2976.0,-0.0,2.0,20.00400161743164,0.00801107194274664,0.09936443716287613,1.7227158546447754,9.167266845703125,-0.033039674162864685,-0.006482234224677086,0.009217344224452972,31.48483657836914,37.97789764404297,-82.4921875
5.993056297302246,0,7.819618225097656,0.21992924809455872,1.5,28.998125076293945,2.0160000324249268,2944.0,-0.0,2.0,20.016000747680664,0.008233984000980854,0.27175575494766235,2.851040840148926,8.781781196594238,0.04712269455194473,0.019084502011537552,-0.009158747270703316,31.48483657836914,36.9130973815918,-81.46955871582031
6.0134453773498535,0,7.825634002685547,0.23414337635040283,1.5,30.214847564697266,2.008000135421753,2948.0,-0.0,2.0,20.016000747680664,0.0060158721171319485,-0.03711201623082161,3.152127265930176,9.06071949005127,0.0027803853154182434,-0.017534520477056503,-0.01275406964123249,31.838598251342773,36.20322799682617,-81.46955871582031
6.033554792404175,0,7.831300258636475,0.24314351379871368,1.5,31.241056442260742,2.008000135421753,2944.0,-0.0,2.0,20.00800132751465,0.0056663681752979755,0.16161684691905975,1.777785301208496,10.022639274597168,-0.047420963644981384,0.05796724557876587,-0.0060960655100643635,30.777311325073242,36.558162689208984,-81.81044006347656
6.053905248641968,0,7.839231491088867,0.2711314260959625,1.5,32.063236236572266,2.004000186920166,2944.0,-0.0,2.0,20.012001037597656,0.007931264117360115,0.04010492190718651,1.4282140731811523,9.304940223693848,-0.04568988457322121,0.010162776336073875,-0.0014354623854160309,32.192359924316406,37.268028259277344,-82.15131378173828
6.074079990386963,0,7.849427700042725,0.3137607276439667,1.5,32.639801025390625,2.008000135421753,2952.0,-0.0,2.0,20.00800132751465,0.010196159593760967,-0.29569897055625916,2.203376293182373,8.995473861694336,-0.011734063737094402,-0.025124646723270416,-0.01781415194272995,31.48483657836914,36.558162689208984,-81.46955871582031
6.094243049621582,0,7.859956741333008,0.3522182106971741,1.5,32.97735595703125,2.01200008392334,2944.0,-0.0,2.0,20.00400161743164,0.010529152117669582,0.3735145032405853,2.038766622543335,8.099398612976074,0.03154296427965164,0.0028389710932970047,-0.009025586768984795,31.48483657836914,35.49336242675781,-80.78780364990234
6.114617109298706,0,7.870059490203857,0.3793724775314331,1.5,33.15129470825195,2.004000186920166,2952.0,-0.0,2.0,20.00400161743164,0.010102592408657074,0.20471467077732086,2.3578102588653564,8.903292655944824,-0.007339781150221825,0.030669428408145905,-0.0010359827429056168,31.838598251342773,36.558162689208984,-82.15131378173828
6.135526180267334,0,7.879881381988525,0.39951807260513306,1.5,33.219085693359375,2.01200008392334,2948.0,-0.0,2.0,20.016000747680664,0.00982188805937767,-0.23284797370433807,2.4039011001586914,9.890951156616211,-0.08150994777679443,0.033732108771800995,-0.011022988706827164,32.36924362182617,35.315895080566406,-81.63999938964844
6.155855178833008,0,7.890930652618408,0.42718884348869324,1.5,33.190086364746094,2.0240001678466797,2952.0,-0.0,2.0,20.00400161743164,0.011049279943108559,-0.11133605241775513,1.8190873861312866,9.117584228515625,-0.07991202175617218,0.03120206855237484,-0.009158747270703316,31.307954788208008,36.025760650634766,-81.98087310791016
6.175262928009033,0,7.903848648071289,0.4660632610321045,1.5,33.032222747802734,2.004000186920166,2960.0,-0.0,2.0,20.016000747680664,0.012917888350784779,-0.21728487312793732,2.0920403003692627,9.468951225280762,-0.04702148586511612,-0.005949594080448151,-0.0007696617394685745,30.777311325073242,36.9130973815918,-82.83306884765625
6.195603847503662,0,7.917600154876709,0.5063794255256653,1.5,32.74266052246094,2.01200008392334,2948.0,-0.0,2.0,20.00800132751465,0.013751744292676449,-0.3621414601802826,2.343444347381592,10.037005424499512,-0.0369013175368309,-0.0035527125000953674,-0.006895025726407766,31.661718368530273,37.44549560546875,-80.95824432373047
6.215766906738281,0,7.931943893432617,0.5441986322402954,1.5,32.34053039550781,2.01200008392334,2948.0,-0.0,2.0,20.012001037597656,0.014343423768877983,0.2813330292701721,1.9118674993515015,9.874789237976074,-0.03170807659626007,-0.05934678390622139,0.00695362314581871,29.892906188964844,37.44549560546875,-81.29911804199219
6.2359654903411865,0,7.946989059448242,0.581649661064148,1.5,31.84837532043457,2.01200008392334,2952.0,-0.0,2.0,20.00400161743164,0.015045183710753918,0.32682517170906067,1.9597539901733398,9.202583312988281,-0.005342379212379456,0.003238452598452568,0.020535949617624283,31.48483657836914,35.848297119140625,-83.17394256591797
6.256328344345093,0,7.963107585906982,0.6220171451568604,1.5,31.270986557006836,2.0199999809265137,2948.0,-0.0,2.0,20.00400161743164,0.01611846312880516,-0.462104469537735,2.549954652786255,8.259818077087402,-0.06366649270057678,-0.017667680978775024,0.0038909409195184708,32.015480041503906,37.80043029785156,-81.98087310791016
6.27646017074585,0,7.98066520690918,0.6674633622169495,1.5,30.598966598510742,2.008000135421753,2956.0,-0.0,2.0,20.012001037597656,0.017557760700583458,0.18376433849334717,2.047146797180176,10.151932716369629,-0.03423811495304108,-0.005017472431063652,0.0052225422114133835,31.661718368530273,38.865230560302734,-82.66262817382812
6.296849250793457,0,7.999177932739258,0.714603066444397,1.5,29.841106414794922,2.008000135421753,2944.0,-0.0,2.0,20.00400161743164,0.018512703478336334,-0.0909842997789383,1.821481704711914,8.379534721374512,0.017294833436608315,-0.03391321003437042,0.011747384443879128,29.892906188964844,38.865230560302734,-82.3217544555664
6.316981554031372,0,8.0184965133667,0.75700443983078,1.5,28.988428115844727,2.004000186920166,2944.0,-0.0,2.0,20.00400161743164,0.019319040700793266,-0.24781250953674316,2.968362808227539,11.037233352661133,-0.03144175559282303,-0.06427371501922607,0.005888340994715691,32.192359924316406,37.268028259277344,-82.4921875
6.337212800979614,0,8.036921501159668,0.7891775369644165,1.5,28.13815689086914,2.008000135421753,2944.0,-0.0,2.0,20.00800132751465,0.018424639478325844,0.25080540776252747,1.8514107465744019,6.92498254776001,-0.029311195015907288,-0.04802818223834038,-0.0060960655100643635,32.192359924316406,37.622962951660156,-81.81044006347656
6.357547283172607,0,8.056158065795898,0.8201217651367188,1.5,27.264060974121094,2.01200008392334,2948.0,-0.0,2.0,20.016000747680664,0.019236480817198753,0.4231967031955719,1.7867640256881714,8.011406898498535,-0.05620952695608139,-0.010210715234279633,-0.031795959919691086,32.192359924316406,37.622962951660156,-81.81044006347656
6.377683401107788,0,8.076255798339844,0.8522458076477051,1.5,26.376249313354492,2.008000135421753,2952.0,-0.0,2.0,20.012001037597656,0.020097855478525162,-0.10714598745107651,2.2823891639709473,8.32266902923584,-0.07684934139251709,-0.032182130962610245,-0.0600258968770504,30.600431442260742,38.51029586791992,-81.98087310791016
6.398046255111694,0,8.096983909606934,0.8862932324409485,1.5,25.487422943115234,2.008000135421753,2952.0,-0.0,2.0,20.012001037597656,0.020728064700961113,-0.21668629348278046,1.6796181201934814,9.567118644714355,-0.03783343732357025,-0.0356442928314209,-0.06681706011295319,30.42354965209961,38.33283233642578,-82.4921875
6.41822624206543,0,8.119409561157227,0.9278074502944946,1.5,24.558979034423828,2.008000135421753,2976.0,-0.0,2.0,20.012001037597656,0.022426048293709755,0.1490466445684433,1.7789825201034546,7.547506809234619,0.006109386682510376,-0.008213315159082413,-0.0681486576795578,32.54612350463867,37.622962951660156,-82.83306884765625
6.439183235168457,0,8.14359188079834,0.9795411825180054,1.5,23.57837677001953,2.008000135421753,2940.0,-0.0,2.0,20.012001037597656,0.024181824177503586,0.3453812003135681,1.8897199630737305,8.610586166381836,0.01383267156779766,0.022679824382066727,-0.05390053242444992,32.015480041503906,39.22016525268555,-82.3217544555664
6.458734035491943,0,8.169245719909668,1.0333842039108276,1.5,22.50661849975586,2.0360000133514404,2948.0,-0.0,2.0,20.02800178527832,0.0256541445851326,0.27953729033470154,2.5613276958465576,10.028624534606934,-0.011068263091146946,0.05304032191634178,-0.03858712315559387,30.954193115234375,37.44549560546875,-82.3217544555664
6.478915214538574,0,8.194459915161133,1.0729401111602783,1.5,21.392011642456055,2.008000135421753,2960.0,-0.0,2.0,20.00800132751465,0.025213824585080147,0.19094730913639069,2.3889365196228027,10.391963005065918,-0.08736898750066757,0.055570363998413086,-0.018479952588677406,33.96117401123047,38.33283233642578,-81.81044006347656
6.499394416809082,0,8.218925476074219,1.1011520624160767,1.5,20.31038475036621,2.01200008392334,2952.0,-0.0,2.0,20.012001037597656,0.024465279653668404,0.25679120421409607,2.030985116958618,7.640885353088379,-0.0837736651301384,0.010828576050698757,-0.023540034890174866,30.777311325073242,38.68776321411133,-82.15131378173828
6.519464015960693,0,8.244942665100098,1.1320860385894775,1.5,19.225568771362305,2.01200008392334,3060.0,-0.0,2.0,20.036001205444336,0.026017408818006516,0.14126509428024292,1.8819384574890137,6.595164775848389,0.004910945892333984,-0.01207495853304863,-0.011289308778941631,31.307954788208008,38.155364990234375,-83.00350189208984
6.540192127227783,0,8.270943641662598,1.1668201684951782,1.5,18.199539184570312,2.008000135421753,2948.0,-0.0,2.0,20.016000747680664,0.026000896468758583,0.36752867698669434,2.162672996520996,8.57407283782959,-0.04182824119925499,0.08832773566246033,-0.024738475680351257,31.838598251342773,37.97789764404297,-82.4921875
6.560030460357666,0,8.29908275604248,1.2101162672042847,1.5,17.13285255432129,2.004000186920166,2944.0,-0.0,2.0,20.02800178527832,0.028139200061559677,-0.09038572013378143,1.9166561365127563,9.667081832885742,-0.06020433455705643,0.006034813821315765,-0.024338996037840843,31.838598251342773,37.97789764404297,-83.17394256591797
6.580320358276367,0,8.328986167907715,1.2593162059783936,1.5,16.012434005737305,2.004000186920166,2972.0,-0.0,2.0,20.012001037597656,0.0299032311886549,0.019753171131014824,1.6897939443588257,9.288180351257324,-0.07525142282247543,-0.06493951380252838,-0.047109369188547134,32.192359924316406,38.68776321411133,-82.4921875
6.60048508644104,0,8.359604835510254,1.3096387386322021,1.5,14.859561920166016,2.01200008392334,2948.0,-0.0,2.0,20.00400161743164,0.030618751421570778,0.25260114669799805,1.8986986875534058,7.77855920791626,0.0050441063940525055,-0.006215913221240044,-0.05509897321462631,31.307954788208008,38.865230560302734,-83.3443832397461
6.620829105377197,0,8.39195728302002,1.3573722839355469,1.5,13.62177848815918,2.008000135421753,3104.0,-0.0,2.0,20.192001342773438,0.0323525108397007,-0.03352053090929985,2.1806302070617676,12.216438293457031,0.027814479544758797,0.03240051120519638,-0.06801550090312958,29.892906188964844,38.865230560302734,-82.66262817382812
6.641246557235718,0,8.42241096496582,1.392469048500061,1.5,12.44718074798584,2.008000135421753,2944.0,-0.0,2.0,20.012001037597656,0.030453631654381752,-0.049682218581438065,1.543740153312683,7.235047817230225,0.052582256495952606,-0.06454002857208252,-0.08239679038524628,31.131074905395508,39.04269790649414,-83.17394256591797
6.661382436752319,0,8.453882217407227,1.4249187707901,1.5,11.272871971130371,2.004000186920166,2948.0,-0.0,2.0,20.012001037597656,0.031471870839595795,0.4034435451030731,2.1860175132751465,5.456663608551025,-0.002146538347005844,-0.04429969564080238,-0.10743088275194168,31.48483657836914,37.268028259277344,-83.17394256591797
6.681737422943115,0,8.487220764160156,1.4658619165420532,1.5,10.099513053894043,2.008000135421753,2964.0,-0.0,2.0,20.00800132751465,0.033337727189064026,0.12630057334899902,2.166264295578003,11.133605003356934,-0.013331984169781208,0.05383928120136261,-0.10862932354211807,31.838598251342773,37.97789764404297,-84.19657135009766
6.701894998550415,0,8.522231101989746,1.51991605758667,1.5,8.909975051879883,2.01200008392334,2940.0,-0.0,2.0,20.00400161743164,0.03501094505190849,1.1839931011199951,1.594020962715149,12.478017807006836,-0.015196225605905056,0.033732108771800995,-0.11062672734260559,32.36924362182617,38.51029586791992,-84.7078857421875
6.722054719924927,0,8.558697700500488,1.5690579414367676,1.5,7.634121417999268,2.0199999809265137,3016.0,-0.0,2.0,20.00400161743164,0.036466751247644424,0.4172109067440033,2.1303493976593018,8.992481231689453,-0.04382564127445221,0.027873067185282707,-0.09717755764722824,31.48483657836914,38.68776321411133,-83.51482391357422
6.742472410202026,0,8.592850685119629,1.598695158958435,1.5,6.417712211608887,2.008000135421753,2944.0,-0.0,2.0,20.012001037597656,0.0341523215174675,0.8918855786323547,2.1764402389526367,9.4390230178833,0.022754399105906487,-0.04057121276855469,-0.0894542783498764,32.015480041503906,37.80043029785156,-84.36701202392578
6.762619733810425,0,8.627517700195312,1.622107982635498,1.5,5.238979339599609,2.01200008392334,2956.0,-0.0,2.0,20.016000747680664,0.03466694429516792,1.1313179731369019,2.0118305683135986,9.414481163024902,0.0957261249423027,0.0064342934638261795,-0.07334190607070923,30.954193115234375,39.57509994506836,-83.68525695800781
6.782939195632935,0,8.659627914428711,1.6189231872558594,1.5,4.170933723449707,2.008000135421753,2952.0,-0.0,2.0,20.00800132751465,0.03211033716797829,0.20052461326122284,1.4707133769989014,8.47411060333252,-0.02851223386824131,0.09392046928405762,-0.05829481780529022,32.192359924316406,37.622962951660156,-83.17394256591797
6.803168296813965,0,8.689286231994629,1.5943878889083862,1.5,3.314209222793579,2.008000135421753,2952.0,-0.0,2.0,20.016000747680664,0.029658304527401924,-0.047287892550230026,-0.6650233864784241,12.419357299804688,-0.11346836388111115,0.024277744814753532,-0.05283525213599205,32.89988708496094,38.33283233642578,-83.51482391357422
6.823305606842041,0,8.718817710876465,1.5704476833343506,1.5,2.656646728515625,2.01200008392334,2960.0,-0.0,2.0,20.012001037597656,0.02953171171247959,-0.6171369552612305,-0.1520395576953888,10.626008987426758,0.023553358390927315,-0.03164948895573616,-0.0725429505109787,33.4305305480957,38.865230560302734,-85.04876708984375
6.843644142150879,0,8.747572898864746,1.5486844778060913,1.5,2.1834967136383057,2.008000135421753,2948.0,-0.0,2.0,20.00400161743164,0.02875564806163311,-0.281931608915329,-0.05746376886963844,6.715479373931885,0.1057131215929985,-0.07199698686599731,-0.03858712315559387,33.07676696777344,38.51029586791992,-84.02613830566406
6.8645853996276855,0,8.778268814086914,1.5465672016143799,1.5,1.8169846534729004,2.01200008392334,2952.0,-0.0,2.0,20.00800132751465,0.030695807188749313,0.018556008115410805,-0.9182231426239014,5.613492012023926,0.013033712282776833,-0.0010226704180240631,-0.049106769263744354,33.07676696777344,38.155364990234375,-85.04876708984375
6.88469934463501,0,8.81173324584961,1.5694363117218018,1.5,1.4477198123931885,2.008000135421753,2948.0,-0.0,2.0,20.012001037597656,0.03346432000398636,-0.09397720545530319,-1.2300838232040405,11.383811950683594,-0.05141576752066612,0.14958138763904572,-0.1156868115067482,31.661718368530273,38.155364990234375,-85.04876708984375
6.904318332672119,0,8.846857070922852,1.6027963161468506,1.5,1.0070738792419434,2.01200008392334,2952.0,-0.0,2.0,20.00800132751465,0.03512377664446831,0.23883378505706787,-0.8936813473701477,8.97572135925293,0.0047777872532606125,-0.024059362709522247,-0.12061373144388199,33.07676696777344,37.44549560546875,-83.68525695800781
6.9245216846466064,0,8.881757736206055,1.6258249282836914,1.5,0.5071552395820618,2.008000135421753,2972.0,-0.0,2.0,20.016000747680664,0.034900862723588943,-0.08140700310468674,0.2729529142379761,8.686007499694824,-0.030909113585948944,-0.019665081053972244,-0.10982776433229446,32.36924362182617,38.155364990234375,-84.7078857421875
6.94482684135437,0,8.914600372314453,1.6306333541870117,1.5,0.029363911598920822,2.008000135421753,2944.0,-0.0,2.0,20.00400161743164,0.03284236788749695,0.7344588041305542,-0.594390869140625,11.07015609741211,-0.027846433222293854,-0.01620291918516159,-0.09331591427326202,33.4305305480957,38.155364990234375,-83.00350189208984
6.965010404586792,0,8.9463472366333,1.61812424659729,1.5,-0.3745422065258026,2.008000135421753,2944.0,-0.0,2.0,20.00400161743164,0.03174707293510437,-0.016760265454649925,0.08140700310468674,11.154555320739746,0.016362713649868965,0.03559635207056999,-0.11209148913621902,31.838598251342773,38.33283233642578,-83.17394256591797
6.985401153564453,0,8.975849151611328,1.5967143774032593,1.5,-0.645235538482666,2.01200008392334,2948.0,-0.0,2.0,20.016000747680664,0.02950144000351429,0.2621784508228302,0.20232035219669342,7.646272659301758,-0.024650590494275093,0.014423898421227932,-0.09731072187423706,30.42354965209961,38.68776321411133,-82.83306884765625
7.005509614944458,0,9.006085395812988,1.5816491842269897,1.5,-0.8097459673881531,2.0160000324249268,2952.0,-0.0,2.0,20.012001037597656,0.030236223712563515,0.27774155139923096,-0.8769210577011108,9.837677955627441,-0.1132020428776741,0.01668762043118477,-0.06987974047660828,33.4305305480957,38.51029586791992,-82.66262817382812
7.025847911834717,0,9.037854194641113,1.580256700515747,1.5,-0.9256064891815186,2.01200008392334,2968.0,-0.0,2.0,20.00400161743164,0.03176908940076828,0.02992904558777809,-1.5682820081710815,11.726799011230469,-0.050483644008636475,-0.047362376004457474,-0.07600510865449905,33.07676696777344,39.22016525268555,-81.98087310791016
7.045987844467163,0,9.069920539855957,1.586753487586975,1.5,-1.0413655042648315,2.008000135421753,2944.0,-0.0,2.0,20.00800132751465,0.03206630423665047,0.12869489192962646,-0.6392844319343567,8.742274284362793,0.08267643302679062,-0.04097069427371025,-0.0674828588962555,32.54612350463867,39.7525634765625,-83.17394256591797
7.06633996963501,0,9.101824760437012,1.5878615379333496,1.5,-1.161984920501709,2.01200008392334,2944.0,-0.0,2.0,20.00800132751465,0.031903937458992004,-0.10714598745107651,-0.22865791618824005,8.398689270019531,0.06403402239084244,-0.030184727162122726,-0.0674828588962555,32.54612350463867,38.33283233642578,-82.15131378173828
7.086492300033569,0,9.132039070129395,1.5736511945724487,1.5,-1.2382277250289917,2.01200008392334,2956.0,-0.0,2.0,20.00400161743164,0.030214207246899605,0.19573596119880676,-0.024541817605495453,5.887043476104736,0.022754399105906487,-0.042435456067323685,-0.08306258916854858,32.192359924316406,40.10749816894531,-83.85569763183594
7.106849431991577,0,9.16104793548584,1.5510344505310059,1.5,-1.2261782884597778,2.0280001163482666,2952.0,-0.0,2.0,20.02800178527832,0.029008831828832626,-0.06225241720676422,0.024541817605495453,8.57407283782959,0.015430593863129616,0.026807785034179688,-0.09344907850027084,32.015480041503906,38.51029586791992,-81.98087310791016
7.12701153755188,0,9.190133094787598,1.5320378541946411,1.5,-1.1302804946899414,2.008000135421753,2956.0,-0.0,2.0,20.00800132751465,0.029085887596011162,0.43756264448165894,-0.7518176436424255,12.574389457702637,-0.027846433222293854,0.039857473224401474,-0.08292943239212036,31.661718368530273,40.63990020751953,-81.29911804199219
7.148852109909058,0,9.219788551330566,1.525010347366333,1.5,-1.0018917322158813,2.01200008392334,2948.0,-0.0,2.0,20.00800132751465,0.02965555153787136,-0.07661835849285126,-0.9032586216926575,8.826674461364746,-0.04276036471128464,0.005901653319597244,-0.06854814291000366,32.72300338745117,39.930030822753906,-82.66262817382812
7.1675450801849365,0,9.249835014343262,1.5203315019607544,1.5,-0.8721575140953064,2.0160000324249268,2952.0,-0.0,2.0,20.00800132751465,0.030046336352825165,-0.8344218134880066,-0.20232035219669342,6.250980377197266,-0.007606101222336292,-0.06600478291511536,-0.06801550090312958,32.72300338745117,40.28496551513672,-81.98087310791016
7.187723159790039,0,9.278940200805664,1.5083305835723877,1.5,-0.726764976978302,2.0160000324249268,2948.0,-0.0,2.0,20.012001037597656,0.029105152934789658,0.8116757273674011,-0.6979453563690186,10.415307998657227,0.0437936931848526,0.01895134150981903,-0.0644201785326004,29.716026306152344,41.88216781616211,-79.42430114746094
7.208064794540405,0,9.306939125061035,1.4885830879211426,1.5,-0.5342118144035339,2.0240001678466797,2952.0,-0.0,2.0,20.012001037597656,0.027998847886919975,0.36992302536964417,-0.6207284331321716,8.8613920211792,0.0800132304430008,-0.020863521844148636,-0.052435774356126785,31.48483657836914,42.23710250854492,-80.78780364990234
7.228251218795776,0,9.334710121154785,1.4688963890075684,1.5,-0.2852270305156708,2.01200008392334,2964.0,-0.0,2.0,20.00400161743164,0.027770431712269783,-0.08380132913589478,0.046689312905073166,6.15401029586792,-0.03783343732357025,-0.0076806750148534775,-0.040051884949207306,32.015480041503906,39.930030822753906,-81.29911804199219
7.2484471797943115,0,9.362395286560059,1.4553568363189697,1.5,-0.008802272379398346,2.01200008392334,2948.0,-0.0,2.0,20.012001037597656,0.027685120701789856,0.28073444962501526,-1.0511081218719482,12.386435508728027,-0.09722283482551575,-0.0011558309197425842,-0.03352703899145126,30.069787979125977,41.172298431396484,-80.78780364990234
7.268918752670288,0,9.391566276550293,1.4467413425445557,1.5,0.2841920256614685,2.008000135421753,3000.0,-0.0,2.0,20.272001266479492,0.029171200469136238,-0.17658136785030365,-0.8817096948623657,8.087427139282227,0.052449099719524384,-0.01407235860824585,-0.03712236136198044,31.48483657836914,40.10749816894531,-81.46955871582031
7.289255142211914,0,9.419137954711914,1.439967155456543,1.5,0.5527576208114624,2.0160000324249268,2956.0,-0.0,2.0,20.012001037597656,0.027572287246584892,0.15982110798358917,-0.40763360261917114,9.634160041809082,0.059772901237010956,-0.018466640263795853,-0.045111969113349915,30.42354965209961,41.88216781616211,-80.78780364990234
7.309451580047607,0,9.44671630859375,1.4288274049758911,1.5,0.8252428770065308,2.01200008392334,2948.0,-0.0,2.0,20.02400016784668,0.02757779136300087,-0.4351683259010315,-0.3154521584510803,8.354992866516113,-0.004277098923921585,-0.02951892837882042,-0.059493258595466614,32.36924362182617,40.994834899902344,-80.2764892578125
7.3298070430755615,0,9.473594665527344,1.4112319946289062,1.5,1.123085379600525,2.008000135421753,2964.0,-0.0,2.0,20.012001037597656,0.026878783479332924,0.37650740146636963,-0.03292195126414299,10.637980461120605,0.023686518892645836,-0.03591061010956764,-0.07906778901815414,30.600431442260742,41.7047004699707,-81.29911804199219
7.350168943405151,0,9.499507904052734,1.3920670747756958,1.5,1.453307867050171,2.01200008392334,2952.0,-0.0,2.0,20.00800132751465,0.025912832468748093,0.2549954652786255,-0.560870349407196,5.5811686515808105,0.019425394013524055,0.01775290071964264,-0.08519314974546432,31.838598251342773,42.59203338623047,-82.15131378173828
7.370521783828735,0,9.526518821716309,1.3763080835342407,1.5,1.823143720626831,2.008000135421753,3100.0,-0.0,2.0,20.240001678466797,0.027010880410671234,0.37471166253089905,-0.7967112064361572,10.381787300109863,0.03766832500696182,0.04984448105096817,-0.0681486576795578,31.131074905395508,42.23710250854492,-83.17394256591797
7.390990257263184,0,9.552613258361816,1.3686864376068115,1.5,2.169790029525757,2.008000135421753,2952.0,-0.0,2.0,20.00800132751465,0.02609446458518505,0.14964522421360016,-0.22147494554519653,9.968168258666992,-0.023052670061588287,0.006301133893430233,-0.07946726679801941,31.307954788208008,43.12443542480469,-81.63999938964844
7.410988807678223,0,9.579557418823242,1.3648265600204468,1.5,2.4983294010162354,2.004000186920166,2952.0,-0.0,2.0,20.00800132751465,0.026944832876324654,-0.8655480146408081,0.13946935534477234,7.907254219055176,-0.0744524598121643,-0.012474436312913895,-0.08359523117542267,31.838598251342773,45.076568603515625,-83.17394256591797
7.43113374710083,0,9.606213569641113,1.3574492931365967,1.5,2.8071486949920654,2.008000135421753,2956.0,-0.0,2.0,20.00400161743164,0.02665587142109871,0.32263511419296265,-0.03232337161898613,11.505324363708496,-0.04595620185136795,-0.01207495853304863,-0.07201030850410461,30.954193115234375,44.54417037963867,-82.3217544555664
7.45153021812439,0,9.631988525390625,1.346542477607727,1.5,3.1101999282836914,2.008000135421753,2944.0,-0.0,2.0,20.02800178527832,0.025775231420993805,0.20651042461395264,-0.712311327457428,8.816498756408691,0.020357517525553703,0.017353421077132225,-0.08306258916854858,29.716026306152344,41.88216781616211,-82.83306884765625
7.471768140792847,0,9.65816593170166,1.3342150449752808,1.5,3.4293928146362305,2.004000186920166,3048.0,-0.0,2.0,20.00400161743164,0.026177024468779564,-0.06823822855949402,-0.015563104301691055,8.034751892089844,0.06616458296775818,-0.04097069427371025,-0.08652475476264954,31.48483657836914,43.301902770996094,-81.81044006347656
7.491847991943359,0,9.683170318603516,1.3241124153137207,1.5,3.738870143890381,2.008000135421753,2956.0,-0.0,2.0,20.00800132751465,0.0250046718865633,0.44654136896133423,0.38249319791793823,8.136510848999023,-0.03663499653339386,-0.030184727162122726,-0.08466051518917084,31.838598251342773,43.301902770996094,-83.51482391357422
7.512191295623779,0,9.708965301513672,1.3177553415298462,1.5,4.046657562255859,2.008000135421753,2948.0,-0.0,2.0,20.012001037597656,0.0257944967597723,0.03232337161898613,-0.7404446005821228,10.135171890258789,0.003978826105594635,-0.014738157391548157,-0.0769372284412384,29.53914451599121,44.18923568725586,-83.68525695800781
7.532355070114136,0,9.7352933883667,1.3175864219665527,1.5,4.32584285736084,2.01200008392334,2952.0,-0.0,2.0,20.012001037597656,0.02632838487625122,-0.20950332283973694,0.35376131534576416,9.232512474060059,0.09585928171873093,-0.005017472431063652,-0.07773619145154953,30.069787979125977,42.94696807861328,-82.4921875
7.5527355670928955,0,9.762555122375488,1.3254928588867188,1.5,4.553100109100342,2.0199999809265137,2952.0,-0.0,2.0,20.016000747680664,0.027261311188340187,0.5836163759231567,0.3172478973865509,9.743102073669434,0.03740200400352478,-0.01420551910996437,-0.07014606893062592,30.42354965209961,41.88216781616211,-81.81044006347656
7.5728678703308105,0,9.791253089904785,1.3427841663360596,1.5,4.699845790863037,2.008000135421753,2976.0,-0.0,2.0,20.00400161743164,0.02869785577058792,0.1430608481168747,-0.2723543345928192,10.272846221923828,0.0026472248136997223,-0.008479634299874306,-0.08226363360881805,29.892906188964844,43.4793701171875,-83.3443832397461
7.593208074569702,0,9.819520950317383,1.357743501663208,1.5,4.757745742797852,2.01200008392334,2944.0,-0.0,2.0,20.00800132751465,0.028268544003367424,-0.28971317410469055,0.45971015095710754,7.083008289337158,0.06456666439771652,-0.037242211401462555,-0.08186414837837219,28.831619262695312,43.4793701171875,-82.66262817382812
7.613376140594482,0,9.846031188964844,1.3515453338623047,1.5,4.795287609100342,2.004000186920166,2952.0,-0.0,2.0,20.00800132751465,0.02651001513004303,0.21429197490215302,1.3480042219161987,7.318849086761475,0.06936042755842209,-0.010610196739435196,-0.08372839540243149,29.008501052856445,44.01176834106445,-82.83306884765625
7.633554220199585,0,9.87094497680664,1.33241868019104,1.5,4.887850761413574,2.008000135421753,2948.0,-0.0,2.0,20.00400161743164,0.024913856759667397,0.04070350155234337,1.103184700012207,10.195629119873047,-0.008671381510794163,0.06782108545303345,-0.06615126132965088,30.24666976928711,42.769500732421875,-83.3443832397461
7.653942823410034,0,9.8961181640625,1.3189976215362549,1.5,5.035514831542969,2.01200008392334,2956.0,-0.0,2.0,20.012001037597656,0.02517254464328289,0.4333725869655609,-0.18795441091060638,11.837536811828613,-0.0781809464097023,0.037860073149204254,-0.056297414004802704,28.47785758972168,43.4793701171875,-84.7078857421875
7.674192190170288,0,9.922863960266113,1.321031093597412,1.5,5.1845221519470215,2.01200008392334,2960.0,-0.0,2.0,20.00400161743164,0.026746688410639763,0.2951003909111023,0.14246225357055664,8.29094409942627,-0.03796660155057907,0.025609344244003296,-0.061623819172382355,28.300975799560547,43.65683364868164,-82.4921875
7.694442510604858,0,9.950582504272461,1.3344413042068481,1.5,5.2750654220581055,2.01200008392334,2944.0,-0.0,2.0,20.00800132751465,0.02771814353764057,0.6009752750396729,1.1630427837371826,7.320644855499268,-0.0050760600715875626,-0.027787845581769943,-0.06535230576992035,28.654739379882812,44.01176834106445,-84.5374526977539
7.714613199234009,0,9.97801685333252,1.3408619165420532,1.5,5.312695026397705,2.004000186920166,2952.0,-0.33503443002700806,2.0,20.00800132751465,0.027434688061475754,0.08858997374773026,1.1606484651565552,9.738911628723145,0.06283558160066605,0.006700613535940647,-0.05989273637533188,28.300975799560547,43.301902770996094,-84.87832641601562
7.734951972961426,0,10.004551887512207,1.3380522727966309,1.5,5.345934867858887,2.004000186920166,2944.0,-0.33503443002700806,2.0,20.012001037597656,0.026534784585237503,-0.5728419423103333,2.0567240715026855,9.519830703735352,0.05418017506599426,0.04957816004753113,-0.07480666786432266,29.362262725830078,44.72163772583008,-83.17394256591797
7.75513219833374,0,10.032113075256348,1.345335602760315,1.5,5.369333267211914,2.01200008392334,2948.0,-0.33503443002700806,2.0,20.016000747680664,0.027561280876398087,0.1640111804008484,1.589830994606018,8.11795425415039,-0.0494183674454689,0.009496975690126419,-0.05403369292616844,27.23969078063965,43.65683364868164,-82.83306884765625
7.775284290313721,0,10.06158447265625,1.3657512664794922,1.5,5.329017639160156,2.01200008392334,2976.0,-0.6981333494186401,2.0,20.012001037597656,0.02947116829454899,-0.476470410823822,1.3126879930496216,8.62375545501709,-0.1257191002368927,-0.007281195372343063,-0.03658972308039665,28.300975799560547,44.72163772583008,-84.5374526977539
7.79560112953186,0,10.090618133544922,1.383176565170288,1.5,5.216543197631836,2.008000135421753,2956.0,-0.6981333494186401,2.0,20.00400161743164,0.02903359942138195,-2.460167646408081,2.2183408737182617,9.847254753112793,-0.039431359618902206,0.1320042461156845,0.029191356152296066,29.53914451599121,44.54417037963867,-83.3443832397461
7.815829038619995,0,10.118371963500977,1.3839694261550903,1.5,5.085025787353516,2.008000135421753,2944.0,-0.6981333494186401,2.0,20.00400161743164,0.02775391936302185,-1.5569089651107788,1.6029996871948242,12.594740867614746,0.10265044867992401,0.1132286787033081,0.2126859426498413,28.124095916748047,44.89910125732422,-84.02613830566406
7.836135625839233,0,10.144771575927734,1.3723692893981934,1.5,4.999989986419678,2.004000186920166,2948.0,-0.6981333494186401,2.0,20.00800132751465,0.02639993652701378,-1.4563473463058472,1.1253321170806885,6.705902099609375,0.030477682128548622,0.006167973391711712,0.3306657671928406,29.008501052856445,44.366703033447266,-85.21920776367188
7.856311559677124,0,10.17138957977295,1.3645488023757935,1.5,4.9689555168151855,2.0360000133514404,2948.0,-0.6981333494186401,2.0,20.00400161743164,0.026617344468832016,-2.6559035778045654,1.0714598894119263,9.22951889038086,-0.048353083431720734,0.09711630642414093,0.4804708659648895,29.362262725830078,43.301902770996094,-84.19657135009766
7.87656831741333,0,10.19999885559082,1.37455415725708,1.5,4.9355854988098145,2.008000135421753,2960.0,-0.6981333494186401,2.0,20.00400161743164,0.02860979177057743,-1.786165475845337,0.38967618346214294,9.764650344848633,0.004910945892333984,0.1450539380311966,0.6591717004776001,29.53914451599121,43.12443542480469,-84.02613830566406
7.896845579147339,0,10.23000431060791,1.3996782302856445,1.5,4.831418037414551,2.01200008392334,2948.0,-0.6981333494186401,2.0,20.00800132751465,0.03000505641102791,-3.2018094062805176,1.4689176082611084,8.180805206298828,-0.027979593724012375,0.21256610751152039,0.8052483201026917,29.53914451599121,42.769500732421875,-83.68525695800781
7.917071104049683,0,10.26054573059082,1.4171934127807617,1.5,4.643261909484863,2.004000186920166,2948.0,-0.6981333494186401,2.0,20.020000457763672,0.030541695654392242,-3.260470390319824,0.9535394310951233,9.44560718536377,-0.06233489513397217,0.1783439666032791,0.9784895777702332,30.777311325073242,42.94696807861328,-85.21920776367188
7.937266826629639,0,10.287127494812012,1.4054712057113647,1.5,4.48417854309082,2.004000186920166,2948.0,-0.6981333494186401,2.0,20.012001037597656,0.026581568643450737,-3.047375440597534,0.5267512202262878,9.031987190246582,0.00451146624982357,0.12294936180114746,1.1091196537017822,29.716026306152344,43.65683364868164,-84.87832641601562
7.957759857177734,0,10.31262493133545,1.381978988647461,1.5,4.423556804656982,2.008000135421753,2944.0,-0.6981333494186401,2.0,20.020000457763672,0.025497280061244965,-2.9593842029571533,-0.12031476944684982,7.8767266273498535,0.014897951856255531,0.09059146046638489,1.2306947708129883,30.777311325073242,42.23710250854492,-84.87832641601562
7.9777843952178955,0,10.338685989379883,1.3655030727386475,1.5,4.4499993324279785,2.0160000324249268,2960.0,-0.6981333494186401,2.0,20.012001037597656,0.026061439886689186,-3.6645123958587646,0.12091334909200668,10.505693435668945,-0.059938013553619385,0.09392046928405762,1.3532021045684814,30.954193115234375,42.41456604003906,-83.68525695800781
7.998129844665527,0,10.364967346191406,1.3583751916885376,1.5,4.515496253967285,2.004000186920166,2952.0,-0.6981333494186401,2.0,20.016000747680664,0.026281600818037987,-2.4733364582061768,0.4860477149486542,9.150506973266602,-0.0844394639134407,0.08726246654987335,1.4255080223083496,31.131074905395508,42.59203338623047,-85.21920776367188
8.018301248550415,0,10.392556190490723,1.360114336013794,1.5,4.5816650390625,2.004000186920166,2984.0,-0.12753652036190033,2.0,20.012001037597656,0.027588799595832825,-2.2183408737182617,-0.8882941007614136,9.949612617492676,-0.05847325176000595,0.16236475110054016,1.4729130268096924,31.307954788208008,43.12443542480469,-84.02613830566406
8.03844928741455,0,10.420572280883789,1.369339108467102,1.5,4.615346431732178,2.004000186920166,2948.0,-0.12753652036190033,2.0,20.012001037597656,0.028015360236167908,-3.275434732437134,-0.5680533051490784,11.783065795898438,-0.04409196227788925,0.023611944168806076,1.4936859607696533,31.307954788208008,41.7047004699707,-85.04876708984375
8.05881118774414,0,10.449731826782227,1.385200023651123,1.5,4.5938334465026855,2.004000186920166,2944.0,-0.12753652036190033,2.0,20.00400161743164,0.029160192236304283,-2.119575023651123,-1.296526312828064,10.038202285766602,0.05058485269546509,-0.12259781360626221,1.483166217803955,31.131074905395508,41.172298431396484,-84.5374526977539
8.078993558883667,0,10.479569435119629,1.4026193618774414,1.5,4.507148265838623,2.01200008392334,2968.0,-0.0,2.0,20.00400161743164,0.02983718365430832,-0.13527928292751312,-0.9104415774345398,9.807149887084961,0.07162414491176605,-0.1620132029056549,1.3508050441741943,32.54612350463867,41.88216781616211,-84.5374526977539
8.099367380142212,0,10.507518768310547,1.4027750492095947,1.5,4.395675182342529,2.01200008392334,2948.0,-0.0,2.0,20.00400161743164,0.027949312701821327,0.6865723133087158,-0.6793893575668335,5.669758319854736,0.017028512433171272,-0.11993461847305298,1.1436080932617188,32.015480041503906,40.994834899902344,-84.02613830566406
8.119553327560425,0,10.534004211425781,1.3826351165771484,1.5,4.347762584686279,2.01200008392334,3064.0,-0.0,2.0,20.032001495361328,0.026485247537493706,1.399482250213623,-0.8134714961051941,9.217547416687012,-0.002146538347005844,-0.055751461535692215,0.9380089044570923,30.777311325073242,41.5272331237793,-84.5374526977539
8.13971209526062,0,10.559272766113281,1.3665313720703125,1.5,4.382569313049316,2.01200008392334,2948.0,-0.0,2.0,20.00800132751465,0.025268863886594772,1.3138850927352905,-0.978081226348877,11.43289566040039,-0.03650183975696564,-0.1163392961025238,0.7200258374214172,31.307954788208008,39.930030822753906,-84.36701202392578
8.160083055496216,0,10.585892677307129,1.3602960109710693,1.5,4.454716205596924,2.0280001163482666,2956.0,-0.0,2.0,20.00800132751465,0.02662009559571743,1.5467331409454346,-0.6823822259902954,8.935017585754395,-0.003877619281411171,-0.14363710582256317,0.49884694814682007,31.838598251342773,40.81736755371094,-85.5600814819336
8.180360078811646,0,10.613577842712402,1.3631031513214111,1.5,4.521553993225098,2.008000135421753,2956.0,-0.0,2.0,20.00800132751465,0.027685120701789856,1.3102936744689941,-0.6871709227561951,8.70336627960205,-0.01932418718934059,-0.10648545622825623,0.2700779438018799,33.4305305480957,39.57509994506836,-84.7078857421875
8.200620174407959,0,10.641788482666016,1.373164415359497,1.5,4.551186561584473,2.01200008392334,2948.0,-0.0,2.0,20.016000747680664,0.028210751712322235,1.7544406652450562,-0.8176615238189697,10.004082679748535,-0.0775151401758194,-0.1038222461938858,0.07393313944339752,31.131074905395508,40.462432861328125,-83.85569763183594
8.220952033996582,0,10.670893669128418,1.3797551393508911,1.5,4.539383411407471,2.004000186920166,3116.0,-0.329270601272583,2.0,20.200000762939453,0.029105152934789658,0.9050543308258057,-0.7793523669242859,8.978713989257812,-0.0072066206485033035,-0.13471539318561554,-0.05989273637533188,31.307954788208008,40.28496551513672,-83.00350189208984
8.241118907928467,0,10.697021484375,1.3715102672576904,1.5,4.538129806518555,2.004000186920166,2948.0,-0.329270601272583,2.0,20.00400161743164,0.026127487421035767,0.932589054107666,0.5034065842628479,4.910758018493652,-0.006407660432159901,-0.09663160145282745,-0.13486185669898987,32.192359924316406,39.04269790649414,-83.17394256591797
8.261444807052612,0,10.722986221313477,1.358471393585205,1.5,4.585068225860596,2.01200008392334,2956.0,-0.329270601272583,2.0,20.016000747680664,0.025965120643377304,0.2430238574743271,0.18556009232997894,10.41051959991455,-0.022653190419077873,0.11748979985713959,-0.11488784849643707,30.600431442260742,41.34976577758789,-84.7078857421875
8.281626224517822,0,10.749754905700684,1.3530588150024414,1.5,4.662813663482666,2.004000186920166,2968.0,-0.6981333494186401,2.0,20.00800132751465,0.026768704876303673,-1.5347615480422974,0.38967618346214294,8.431611061096191,-0.014397265389561653,0.09738263487815857,-0.07334190607070923,30.24666976928711,40.28496551513672,-84.02613830566406
8.301957368850708,0,10.777132034301758,1.3574222326278687,1.5,4.728628158569336,2.01200008392334,2960.0,-0.6981333494186401,2.0,20.00400161743164,0.027376895770430565,-2.8612167835235596,1.762820839881897,12.85931396484375,0.026616038754582405,0.07474541664123535,0.12280289828777313,29.716026306152344,39.04269790649414,-83.51482391357422
8.322170972824097,0,10.805741310119629,1.3661390542984009,1.5,4.756718635559082,2.004000186920166,3032.0,-0.6981333494186401,2.0,20.00800132751465,0.02860979177057743,-2.679248332977295,0.8218516111373901,6.321613311767578,-0.03663499653339386,-0.04083753377199173,0.29604414105415344,30.954193115234375,41.34976577758789,-83.00350189208984
8.342358589172363,0,10.832708358764648,1.3672796487808228,1.5,4.761310577392578,2.004000186920166,2948.0,-0.6981333494186401,2.0,20.00400161743164,0.026966847479343414,-2.4428088665008545,1.1744158267974854,11.049803733825684,-0.012399863451719284,0.054505083709955215,0.4995127320289612,30.42354965209961,39.7525634765625,-83.85569763183594
8.362645626068115,0,10.85927677154541,1.3602694272994995,1.5,4.781985282897949,2.008000135421753,2944.0,-0.6981333494186401,2.0,20.00800132751465,0.02656780742108822,-2.7438950538635254,1.48148775100708,6.234220504760742,-0.014130944386124611,0.17208543419837952,0.653312623500824,30.600431442260742,39.57509994506836,-82.66262817382812
8.382831335067749,0,10.88603687286377,1.3560535907745361,1.5,4.824512481689453,2.004000186920166,2948.0,-0.6981333494186401,2.0,20.012001037597656,0.026760447770357132,-3.1706831455230713,1.5185998678207397,12.527700424194336,-0.03064279444515705,0.1819392889738083,0.8067130446434021,31.48483657836914,40.10749816894531,-82.4921875
8.40318775177002,0,10.913416862487793,1.3586580753326416,1.5,4.86317253112793,2.01200008392334,2948.0,-0.6981333494186401,2.0,20.00800132751465,0.027379648759961128,-2.89294171333313,0.5267512202262878,9.57609748840332,0.018493274226784706,0.13906173408031464,1.0265603065490723,30.24666976928711,38.865230560302734,-84.36701202392578
8.423353433609009,0,10.941274642944336,1.3627548217773438,1.5,4.880852699279785,2.004000186920166,2964.0,-0.6981333494186401,2.0,20.016000747680664,0.027858495712280273,-3.150331497192383,0.7601977586746216,8.635128021240234,-0.013331984169781208,0.14225757122039795,1.1236340999603271,31.48483657836914,39.7525634765625,-83.51482391357422
8.443563461303711,0,10.9681978225708,1.3611629009246826,1.5,4.892775058746338,2.004000186920166,2948.0,-0.6981333494186401,2.0,20.016000747680664,0.026922816410660744,-2.934842348098755,0.5788277387619019,10.397350311279297,-0.006407660432159901,0.12428095936775208,1.2437443733215332,30.24666976928711,38.865230560302734,-83.3443832397461
8.463856220245361,0,10.994715690612793,1.3546417951583862,1.5,4.9205217361450195,2.004000186920166,2948.0,-0.6981333494186401,2.0,20.00800132751465,0.02651827223598957,-2.715162992477417,-0.5249554514884949,6.568228721618652,-0.005475539714097977,0.012959137558937073,1.3521368503570557,32.89988708496094,38.68776321411133,-83.51482391357422
8.484065532684326,0,11.02094841003418,1.3468972444534302,1.5,4.974849224090576,2.004000186920166,2944.0,-0.6981333494186401,2.0,20.012001037597656,0.02623206377029419,-1.912466049194336,0.48066049814224243,8.788963317871094,-0.11599840223789215,0.06289416551589966,1.3890221118927002,31.131074905395508,39.39763259887695,-84.5374526977539
8.504488706588745,0,11.047441482543945,1.3423563241958618,1.5,5.047595977783203,2.0320000648498535,2948.0,-0.6981333494186401,2.0,20.012001037597656,0.026493504643440247,-2.4350271224975586,0.16460976004600525,11.262898445129395,-0.11187043786048889,0.10963335633277893,1.4201815128326416,31.131074905395508,39.7525634765625,-82.4921875
8.524598598480225,0,11.074752807617188,1.3451565504074097,1.5,5.113789081573486,2.004000186920166,2956.0,-0.6981333494186401,2.0,20.016000747680664,0.027310848236083984,-2.4541819095611572,-0.6692134737968445,12.020702362060547,-0.03863240033388138,0.025476185604929924,1.4317665100097656,31.307954788208008,37.80043029785156,-84.02613830566406
8.544913530349731,0,11.102585792541504,1.3546684980392456,1.5,5.143308162689209,2.0160000324249268,2952.0,-0.6981333494186401,2.0,20.00800132751465,0.02783372811973095,-2.6056227684020996,0.03830917924642563,8.93860912322998,0.001715105026960373,-0.07292911410331726,1.4384245872497559,32.54612350463867,37.622962951660156,-83.51482391357422
8.565081119537354,0,11.130915641784668,1.3626043796539307,1.5,5.132228851318359,2.004000186920166,2952.0,-0.6981333494186401,2.0,20.00800132751465,0.028329087421298027,-1.9819014072418213,0.6003766655921936,6.397633075714111,-0.010801943019032478,-0.0500255785882473,1.4470798969268799,32.015480041503906,38.51029586791992,-86.41226959228516
8.585289478302002,0,11.157915115356445,1.3631706237792969,1.5,5.109619140625,2.004000186920166,2952.0,-0.6981333494186401,2.0,20.00800132751465,0.02699987217783928,-1.5168040990829468,0.648263156414032,7.092585563659668,-0.036368679255247116,0.07274801284074783,1.4602627754211426,32.015480041503906,38.155364990234375,-85.38964080810547
8.605613946914673,0,11.185209274291992,1.3636016845703125,1.5,5.09165096282959,2.0160000324249268,2952.0,-0.6981333494186401,2.0,20.012001037597656,0.027294335886836052,-2.0579211711883545,-0.044893570244312286,8.489673614501953,-0.05248104780912399,0.06435892730951309,1.47983717918396,33.6074104309082,37.268028259277344,-86.58271026611328
8.625788927078247,0,11.213296890258789,1.3694605827331543,1.5,5.062442779541016,2.008000135421753,2960.0,-0.6981333494186401,2.0,20.00800132751465,0.028086911886930466,-2.7714297771453857,-0.1502438187599182,11.25272274017334,-0.06593021750450134,0.02600882574915886,1.4828999042510986,33.96117401123047,37.622962951660156,-86.24183654785156
8.646172523498535,0,11.24116039276123,1.374857783317566,1.5,5.012511253356934,2.004000186920166,2952.0,-0.6981333494186401,2.0,20.00800132751465,0.02786399982869625,-3.2862093448638916,0.3723173439502716,9.0044527053833,-0.0431598424911499,0.038126394152641296,1.4880931377410889,34.13805389404297,39.57509994506836,-86.41226959228516
8.666380405426025,0,11.268259048461914,1.371240258216858,1.5,4.966573715209961,2.008000135421753,2944.0,-0.6981333494186401,2.0,20.00400161743164,0.027098944410681725,-1.9627468585968018,0.010774456895887852,9.970562934875488,-0.02558271214365959,-0.0131402388215065,1.496216058731079,33.6074104309082,37.268028259277344,-86.58271026611328
8.686509132385254,0,11.294827461242676,1.3632657527923584,1.5,4.955175876617432,2.004000186920166,2956.0,-0.6981333494186401,2.0,20.012001037597656,0.02656780742108822,-2.0094361305236816,-0.4303796887397766,7.952746391296387,-0.00028229691088199615,0.018152380362153053,1.4924874305725098,34.31493377685547,37.622962951660156,-86.92359161376953
8.706793069839478,0,11.32214641571045,1.363765001296997,1.5,4.9607038497924805,2.0160000324249268,2948.0,-0.6981333494186401,2.0,20.00400161743164,0.027319103479385376,-1.7586307525634766,-0.3980563282966614,8.197566032409668,-0.0756509006023407,0.13213740289211273,1.478372573852539,33.7842903137207,36.38069534301758,-86.07139587402344
8.726975202560425,0,11.350720405578613,1.373943567276001,1.5,4.940419673919678,2.004000186920166,2960.0,-0.6981333494186401,2.0,20.00800132751465,0.02857401594519615,-2.9013216495513916,0.024541817605495453,12.410378456115723,-0.03556971997022629,0.12241671979427338,1.4843647480010986,34.49181365966797,34.251094818115234,-86.07139587402344
8.747328519821167,0,11.379327774047852,1.3855658769607544,1.5,4.8777947425842285,2.008000135421753,2944.0,-0.6981333494186401,2.0,20.00400161743164,0.028607040643692017,-3.0371997356414795,-0.3932676613330841,10.606854438781738,0.05910710245370865,-0.035111650824546814,1.499678134918213,34.13805389404297,34.960960388183594,-86.07139587402344
8.767475605010986,0,11.407662391662598,1.3909204006195068,1.5,4.7890095710754395,2.01200008392334,2952.0,-0.6981333494186401,2.0,20.00800132751465,0.028334591537714005,-2.594249725341797,0.49562501907348633,9.59405517578125,0.06030554324388504,-0.017534520477056503,1.5209836959838867,32.36924362182617,36.025760650634766,-87.7757797241211
8.787832975387573,0,11.434565544128418,1.382308006286621,1.5,4.7214484214782715,2.004000186920166,2952.0,-0.6981333494186401,2.0,20.00800132751465,0.026903551071882248,-2.2799947261810303,0.2514039874076843,9.264835357666016,-0.027180632576346397,0.009230655618011951,1.515124797821045,33.96117401123047,33.718692779541016,-88.9688491821289
8.807973861694336,0,11.460643768310547,1.3676996231079102,1.5,4.715691089630127,2.0360000133514404,2948.0,-0.6981333494186401,2.0,20.036001205444336,0.02607795223593712,-2.029189348220825,-0.016161685809493065,8.50284194946289,-0.0450240820646286,0.027739906683564186,1.5103309154510498,33.96117401123047,32.29895782470703,-88.28709411621094
8.828175067901611,0,11.487580299377441,1.3622949123382568,1.5,4.75136661529541,2.008000135421753,2956.0,-0.6981333494186401,2.0,20.00800132751465,0.026936575770378113,-2.076477289199829,-0.7302687168121338,9.517436981201172,-0.04355932027101517,0.07621017098426819,1.5305712223052979,33.96117401123047,33.36376190185547,-88.28709411621094
8.84849762916565,0,11.515579223632812,1.3706533908843994,1.5,4.771759510040283,2.0160000324249268,2952.0,-0.6981333494186401,2.0,20.00400161743164,0.027998847886919975,-2.2291154861450195,-0.7913239598274231,8.703965187072754,-0.02758011221885681,0.050377119332551956,1.5373623371124268,33.96117401123047,33.36376190185547,-88.9688491821289
8.869183778762817,0,11.54524040222168,1.382426381111145,1.5,4.740911483764648,2.008000135421753,3016.0,-0.6981333494186401,2.0,20.25200080871582,0.029661055654287338,-2.4894981384277344,-0.04190066456794739,9.954401016235352,-0.02851223386824131,0.007233254611492157,1.5328350067138672,33.7842903137207,32.47642517089844,-89.48016357421875
8.889179944992065,0,11.57177734375,1.3776278495788574,1.5,4.705769062042236,2.004000186920166,2952.0,-0.6981333494186401,2.0,20.016000747680664,0.026537535712122917,-1.6658507585525513,-0.20531325042247772,8.996671676635742,-0.035303398966789246,-0.0669369101524353,1.5043387413024902,31.838598251342773,31.23415756225586,-88.9688491821289
8.909538745880127,0,11.59807014465332,1.3658677339553833,1.5,4.715096950531006,2.01200008392334,2952.0,-0.6981333494186401,2.0,20.016000747680664,0.026292607188224792,-1.804721474647522,-0.6231227517127991,5.980422019958496,-0.0072066206485033035,-0.06866799294948578,1.489424705505371,32.36924362182617,31.056692123413086,-91.1845474243164
8.929716348648071,0,11.624995231628418,1.3607606887817383,1.5,4.758307456970215,2.004000186920166,2980.0,-0.6981333494186401,2.0,20.016000747680664,0.026925567537546158,-3.1569159030914307,0.08020984381437302,8.866779327392578,-0.12931442260742188,0.1401270180940628,1.4393565654754639,31.48483657836914,31.23415756225586,-90.33235931396484
8.950043678283691,0,11.65274429321289,1.367306113243103,1.5,4.788738250732422,2.004000186920166,2948.0,-0.6981333494186401,2.0,20.00400161743164,0.027748415246605873,-3.5962741374969482,-0.4381612241268158,11.628631591796875,-0.12705069780349731,0.03919167071580887,1.451873540878296,32.72300338745117,30.346824645996094,-90.84367370605469
8.970426559448242,0,11.681899070739746,1.3750494718551636,1.5,4.780785083770752,2.008000135421753,3108.0,-0.6981333494186401,2.0,20.22800064086914,0.029154688119888306,-2.5200257301330566,-0.06584390252828598,8.435202598571777,-0.022919509559869766,-0.04696289822459221,1.4778399467468262,29.185382843017578,29.99188995361328,-90.16191864013672
8.991519689559937,0,11.708144187927246,1.3689138889312744,1.5,4.774154186248779,2.004000186920166,2956.0,-0.6981333494186401,2.0,20.00800132751465,0.02624582313001156,-1.9615496397018433,0.1729898899793625,7.818664073944092,0.04152996838092804,0.022413503378629684,1.496748685836792,30.777311325073242,28.749622344970703,-90.67323303222656
9.010921239852905,0,11.734109878540039,1.3559751510620117,1.5,4.813915729522705,2.008000135421753,2956.0,-0.6981333494186401,2.0,20.012001037597656,0.025965120643377304,-1.932817816734314,-0.1191176027059555,7.049487590789795,-0.10867460072040558,-0.06360790133476257,1.4606621265411377,29.362262725830078,28.749622344970703,-91.01410675048828
9.031110286712646,0,11.76099681854248,1.3522075414657593,1.5,4.882639408111572,2.004000186920166,2968.0,-0.6981333494186401,2.0,20.00800132751465,0.026887040585279465,-1.8041229248046875,-0.1652083396911621,9.009241104125977,-0.19403022527694702,0.009363815188407898,1.4461476802825928,29.892906188964844,28.57215690612793,-90.50279235839844
9.051432847976685,0,11.788863182067871,1.361587405204773,1.5,4.9254961013793945,2.004000186920166,2956.0,-0.6981333494186401,2.0,20.00800132751465,0.027866752818226814,-1.972922682762146,-0.3322124183177948,10.663719177246094,-0.10601139813661575,0.07221537828445435,1.4753098487854004,29.716026306152344,29.104557037353516,-89.65060424804688
9.071677684783936,0,11.818032264709473,1.3730772733688354,1.5,4.916847229003906,2.004000186920166,3052.0,-0.6981333494186401,2.0,20.02800178527832,0.029168447479605675,-2.3655917644500732,0.11552611738443375,10.156721115112305,-0.07112345844507217,0.058499883860349655,1.4915554523468018,28.831619262695312,26.797489166259766,-88.79840850830078
9.09200406074524,0,11.844754219055176,1.3717081546783447,1.5,4.891368865966797,2.004000186920166,2948.0,-0.6981333494186401,2.0,20.012001037597656,0.02672192081809044,-2.4811179637908936,0.4214009642601013,9.308531761169434,-0.07285454124212265,0.01775290071964264,1.4848973751068115,29.185382843017578,28.217222213745117,-90.16191864013672
9.112186908721924,0,11.870570182800293,1.3567644357681274,1.5,4.90669059753418,2.004000186920166,2952.0,-0.6981333494186401,2.0,20.00800132751465,0.02581651136279106,-2.7816054821014404,0.09218145906925201,7.381700038909912,-0.07551774382591248,-0.03604377061128616,1.4603958129882812,29.008501052856445,27.32988929748535,-88.9688491821289
9.132433891296387,0,11.896185874938965,1.3431340456008911,1.5,4.9816765785217285,2.004000186920166,2948.0,-0.6981333494186401,2.0,20.00400161743164,0.025615615770220757,-2.7678382396698,-0.3693244457244873,7.585815906524658,-0.04409196227788925,0.01868502050638199,1.438291311264038,27.062808990478516,25.02281951904297,-89.821044921875
9.152711153030396,0,11.923023223876953,1.3429484367370605,1.5,5.072699069976807,2.01200008392334,2956.0,-0.6981333494186401,2.0,20.00800132751465,0.026837503537535667,-2.1896090507507324,0.08260416984558105,8.514215469360352,-0.16353656351566315,0.04784707725048065,1.4201815128326416,26.53216552734375,26.265087127685547,-91.35498809814453
9.172893047332764,0,11.951713562011719,1.356632113456726,1.5,5.120513439178467,2.004000186920166,2976.0,-0.6981333494186401,2.0,20.016000747680664,0.02868960052728653,-2.206967830657959,-0.9146316647529602,10.609248161315918,-0.11839528381824493,0.026807785034179688,1.4376254081726074,28.654739379882812,25.555221557617188,-90.33235931396484
9.193233966827393,0,11.98031234741211,1.3726187944412231,1.5,5.0989298820495605,2.004000186920166,2956.0,-0.6981333494186401,2.0,20.012001037597656,0.028598783537745476,-2.457773208618164,-0.054470863193273544,10.780442237854004,-0.01346514467149973,-0.0975637286901474,1.4699833393096924,27.770334243774414,25.02281951904297,-89.13928985595703
9.213391542434692,0,12.008387565612793,1.3776706457138062,1.5,5.038835525512695,2.008000135421753,2948.0,-0.6981333494186401,2.0,20.012001037597656,0.02807590365409851,-1.7634193897247314,0.056266605854034424,7.849790096282959,0.05697654187679291,-0.04669657722115517,1.4994118213653564,27.41657066345215,25.73268699645996,-90.50279235839844
9.233630657196045,0,12.035032272338867,1.3692365884780884,1.5,4.99924373626709,2.008000135421753,2948.0,-0.6981333494186401,2.0,20.00800132751465,0.026644863188266754,-1.486875057220459,0.6506574749946594,10.078307151794434,-0.02318583056330681,0.009763295762240887,1.501142978668213,26.53216552734375,23.78055191040039,-89.30972290039062
9.253969192504883,0,12.061327934265137,1.359338641166687,1.5,5.006768226623535,2.008000135421753,2952.0,-0.6981333494186401,2.0,20.00800132751465,0.026295360177755356,-1.826869010925293,-0.10834314674139023,8.527982711791992,-0.11852844804525375,0.07687597721815109,1.4879601001739502,25.64776039123535,25.73268699645996,-88.79840850830078
9.274158954620361,0,12.088913917541504,1.3611119985580444,1.5,5.029418468475342,2.004000186920166,2964.0,-0.6981333494186401,2.0,20.00400161743164,0.02758604846894741,-2.4739348888397217,-0.648263156414032,9.146915435791016,-0.013331984169781208,0.10057847201824188,1.506868839263916,25.64776039123535,23.958019256591797,-90.84367370605469
9.29428768157959,0,12.117432594299316,1.3748077154159546,1.5,5.012400150299072,2.004000186920166,2952.0,-0.6981333494186401,2.0,20.00800132751465,0.028518976643681526,-2.211158037185669,0.10116017609834671,10.289007186889648,-0.04049663990736008,0.008564854972064495,1.494751214981079,25.29399871826172,22.893218994140625,-89.821044921875
9.314633846282959,0,12.146114349365234,1.3852102756500244,1.5,4.94599723815918,2.008000135421753,2948.0,-0.6981333494186401,2.0,20.020000457763672,0.02868134342133999,-2.749880790710449,-0.5195682644844055,9.27261734008789,-0.014397265389561653,0.029604148119688034,1.4773073196411133,24.58647346496582,23.958019256591797,-89.13928985595703
9.334857702255249,0,12.173909187316895,1.385804295539856,1.5,4.87054967880249,2.004000186920166,2948.0,-0.6981333494186401,2.0,20.00800132751465,0.027795199304819107,-2.9522011280059814,0.6332986354827881,10.860054016113281,0.0030467063188552856,-0.04017173498868942,1.4602627754211426,23.34830665588379,23.0706844329834,-88.62797546386719
9.35520315170288,0,12.201179504394531,1.3815144300460815,1.5,4.816859722137451,2.01200008392334,2948.0,-0.6981333494186401,2.0,20.012001037597656,0.027269568294286728,-1.716131567955017,0.28253018856048584,7.459515571594238,-0.10987304151058197,0.02401142381131649,1.4468135833740234,24.763355255126953,23.0706844329834,-87.94622039794922
9.375363826751709,0,12.228696823120117,1.3779826164245605,1.5,4.786073684692383,2.004000186920166,2980.0,-0.6981333494186401,2.0,20.016000747680664,0.027517247945070267,-1.9447894096374512,0.12630057334899902,11.939294815063477,-0.15714487433433533,0.17155279219150543,1.4635918140411377,23.171424865722656,25.02281951904297,-89.821044921875
9.395721912384033,0,12.255827903747559,1.3763563632965088,1.5,4.768996715545654,2.008000135421753,2952.0,-0.6981333494186401,2.0,20.012001037597656,0.02713196724653244,-2.970757246017456,-0.3274237811565399,11.043219566345215,-0.05474477261304855,0.04172171652317047,1.5034065246582031,24.232711791992188,22.183351516723633,-88.11666107177734
9.41584038734436,0,12.283320426940918,1.37562894821167,1.5,4.758396625518799,2.008000135421753,2956.0,-0.6981333494186401,2.0,20.00400161743164,0.027492480352520943,-2.251861333847046,-0.37471166253089905,8.950580596923828,0.09173131734132767,-0.04350073263049126,1.5320360660552979,22.994543075561523,23.0706844329834,-85.90095520019531
9.436015605926514,0,12.31086540222168,1.3757082223892212,1.5,4.750688552856445,2.008000135421753,2956.0,-0.6981333494186401,2.0,20.00400161743164,0.027544768527150154,-1.9956687688827515,0.025738980621099472,9.289377212524414,0.015963232144713402,0.003105292096734047,1.5216495990753174,22.110137939453125,22.538284301757812,-87.7757797241211
9.456348419189453,0,12.338096618652344,1.373103141784668,1.5,4.747922420501709,2.0160000324249268,2952.0,-0.6981333494186401,2.0,20.016000747680664,0.027231039479374886,-1.7418705224990845,-0.6135454773902893,9.735320091247559,-0.09642387181520462,0.025875665247440338,1.489424705505371,20.871971130371094,24.490419387817383,-89.30972290039062
9.476551055908203,0,12.365297317504883,1.3693079948425293,1.5,4.76176643371582,2.008000135421753,2960.0,-0.6981333494186401,2.0,20.00400161743164,0.027200767770409584,-2.4811179637908936,-0.6476645469665527,9.965773582458496,-0.09296171367168427,0.030802588909864426,1.4794378280639648,21.225732803344727,22.36081886291504,-89.65060424804688
9.496864557266235,0,12.392836570739746,1.3723613023757935,1.5,4.775972843170166,2.004000186920166,2948.0,-0.6981333494186401,2.0,20.012001037597656,0.027539264410734177,-2.6582977771759033,-0.16161684691905975,8.359781265258789,-0.030376475304365158,0.02694094553589821,1.5056703090667725,22.817663192749023,22.538284301757812,-88.11666107177734
9.517040252685547,0,12.421914100646973,1.3825139999389648,1.5,4.757614612579346,2.004000186920166,2948.0,-0.6981333494186401,2.0,20.00800132751465,0.02907763235270977,-2.1800317764282227,0.26457276940345764,9.387544631958008,-0.03224071487784386,0.038792192935943604,1.5209836959838867,21.225732803344727,22.005884170532227,-88.9688491821289
9.537383556365967,0,12.449365615844727,1.3846944570541382,1.5,4.715468883514404,2.004000186920166,2948.0,-0.6981333494186401,2.0,20.012001037597656,0.027451200410723686,-2.2189395427703857,-0.52016681432724,8.345415115356445,-0.045556724071502686,0.02294614352285862,1.519385814666748,22.110137939453125,22.893218994140625,-88.79840850830078
9.558382272720337,0,12.475712776184082,1.3719851970672607,1.5,4.705348491668701,2.0160000324249268,2956.0,-0.6981333494186401,2.0,20.012001037597656,0.026347648352384567,-2.6217844486236572,0.09697011113166809,8.550129890441895,-0.03343915566802025,0.03825955092906952,1.505936622619629,22.463899612426758,22.893218994140625,-89.48016357421875
9.57778286933899,0,12.501703262329102,1.3571783304214478,1.5,4.7577643394470215,2.004000186920166,2964.0,-0.6981333494186401,2.0,20.00400161743164,0.025989888235926628,-2.3973166942596436,0.09816727042198181,5.447685241699219,-0.16113968193531036,0.027340427041053772,1.4655890464782715,21.40261459350586,25.02281951904297,-90.84367370605469
9.598108053207397,0,12.52869987487793,1.3579210042953491,1.5,4.828304767608643,2.004000186920166,2948.0,-0.6981333494186401,2.0,20.00400161743164,0.026997119188308716,-2.1542928218841553,-0.6219255924224854,10.869032859802246,-0.16287076473236084,0.10950019955635071,1.462526559829712,22.110137939453125,23.958019256591797,-90.16191864013672
9.61828088760376,0,12.55765438079834,1.3721965551376343,1.5,4.853294849395752,2.0160000324249268,2980.0,-0.23704931139945984,2.0,20.00400161743164,0.028953792527318,-3.2526886463165283,-0.5016108155250549,11.296419143676758,-0.047687284648418427,-0.05295510217547417,1.4694507122039795,20.69508934020996,22.538284301757812,-90.16191864013672
9.638449907302856,0,12.58606243133545,1.3826242685317993,1.5,4.823496341705322,2.004000186920166,2944.0,-0.23704931139945984,2.0,20.00800132751465,0.028408896178007126,-2.4416115283966064,0.005985809490084648,8.434603691101074,0.044193170964717865,-0.12725841999053955,1.4710485935211182,20.341327667236328,24.66788673400879,-90.16191864013672
9.658823251724243,0,12.613420486450195,1.3792903423309326,1.5,4.786552429199219,2.004000186920166,2952.0,-0.23704931139945984,2.0,20.012001037597656,0.02735763229429722,-1.7520463466644287,0.6835794448852539,9.539584159851074,-0.02651483193039894,-0.04882713779807091,1.4522731304168701,21.048851013183594,22.893218994140625,-88.45753479003906
9.679028749465942,0,12.639701843261719,1.365879774093628,1.5,4.794084072113037,2.0160000324249268,2980.0,-0.0,2.0,20.012001037597656,0.026281600818037987,0.6105525493621826,-1.1750143766403198,9.096035957336426,-0.12931442260742188,-0.05508566275238991,1.332695484161377,20.69508934020996,23.248151779174805,-91.52542877197266
9.699326992034912,0,12.665961265563965,1.3581568002700806,1.5,4.845056533813477,2.01200008392334,2952.0,-0.0,2.0,20.00800132751465,0.026259584352374077,0.656643271446228,-0.8200558423995972,9.488106727600098,-0.11173728108406067,-0.06280894577503204,1.1365506649017334,20.518207550048828,23.42561912536621,-89.9914779663086
9.719492197036743,0,12.694634437561035,1.3657716512680054,1.5,4.887626647949219,2.008000135421753,3072.0,-0.0,2.0,20.060001373291016,0.028673088178038597,0.7284730076789856,-0.8631536960601807,7.1943440437316895,-0.05740796774625778,-0.13391642272472382,0.9382752180099487,20.518207550048828,21.650951385498047,-90.33235931396484
9.739867687225342,0,12.722853660583496,1.3792273998260498,1.5,4.876114845275879,2.008000135421753,2956.0,-0.0,2.0,20.00800132751465,0.028219008818268776,1.3246595859527588,-0.8320274949073792,9.849649429321289,-0.06925921887159348,-0.1787913739681244,0.7332087159156799,19.103158950805664,21.296016693115234,-89.65060424804688
9.760071754455566,0,12.750995635986328,1.3837600946426392,1.5,4.830911636352539,2.008000135421753,2952.0,-0.0,2.0,20.00400161743164,0.02814195118844509,1.377334713935852,-0.21848203241825104,10.943855285644531,-0.01719362661242485,-0.15988263487815857,0.518421471118927,19.103158950805664,20.231216430664062,-89.65060424804688
9.780362606048584,0,12.77853775024414,1.3805757761001587,1.5,4.7940754890441895,2.004000186920166,2972.0,-0.023787574842572212,2.0,20.00800132751465,0.02754201553761959,0.9960386753082275,-0.1502438187599182,6.817836761474609,-0.010136142373085022,-0.11926881968975067,0.3140207529067993,19.63380241394043,22.183351516723633,-89.821044921875
9.80053997039795,0,12.805906295776367,1.3807605504989624,1.5,4.770503044128418,2.004000186920166,2952.0,-0.023787574842572212,2.0,20.00400161743164,0.027368640527129173,2.1489055156707764,-1.227689504623413,7.909648418426514,-0.024650590494275093,-0.11101289093494415,0.1463722288608551,19.280040740966797,23.603086471557617,-91.52542877197266
9.820841789245605,0,12.834948539733887,1.3853468894958496,1.5,4.73714017868042,2.008000135421753,3116.0,-0.6981333494186401,2.0,20.20800018310547,0.02904185652732849,0.47467467188835144,0.234045147895813,8.39270305633545,-0.04888572543859482,0.053306642919778824,-0.01594991236925125,19.63380241394043,21.82841682434082,-92.54805755615234
9.841890335083008,0,12.862506866455078,1.389713168144226,1.5,4.691793441772461,2.004000186920166,2944.0,-0.6981333494186401,2.0,20.012001037597656,0.027558527886867523,-0.7458318471908569,0.37291592359542847,10.972586631774902,-0.03423811495304108,0.047314438968896866,-0.047242529690265656,18.5725154876709,21.47348403930664,-90.16191864013672
9.86140513420105,0,12.890609741210938,1.3918355703353882,1.5,4.63915491104126,2.0160000324249268,2948.0,-0.6981333494186401,2.0,20.00400161743164,0.028103424236178398,-1.1732186079025269,0.4100279211997986,8.848821640014648,0.012101592496037483,-0.04749554023146629,-0.019545234739780426,18.74939727783203,20.941083908081055,-88.9688491821289
9.881707191467285,0,12.9185791015625,1.391016960144043,1.5,4.591788291931152,2.008000135421753,2964.0,-0.6981333494186401,2.0,20.00800132751465,0.027968576177954674,-1.4778963327407837,0.6853751540184021,9.09124755859375,0.02315387688577175,0.013491777703166008,0.06514457613229752,19.63380241394043,19.698816299438477,-89.13928985595703
9.902072668075562,0,12.945941925048828,1.3887972831726074,1.5,4.5586838722229,2.008000135421753,2952.0,-0.6981333494186401,2.0,20.032001495361328,0.027363136410713196,-2.4044995307922363,1.1564583778381348,10.975580215454102,0.054579660296440125,0.011228056624531746,0.25369924306869507,19.103158950805664,21.650951385498047,-89.9914779663086
9.922231674194336,0,12.974205017089844,1.387983798980713,1.5,4.5362162590026855,2.004000186920166,3032.0,-0.6981333494186401,2.0,20.00800132751465,0.028263039886951447,-2.4098868370056152,1.5934224128723145,7.149450778961182,-0.009736661799252033,0.019483981654047966,0.43732699751853943,20.164445877075195,20.586149215698242,-91.01410675048828
9.942452430725098,0,13.001570701599121,1.3894551992416382,1.5,4.515172958374023,2.004000186920166,2948.0,-0.6981333494186401,2.0,20.020000457763672,0.02736588753759861,-2.2327067852020264,0.5902007818222046,10.110032081604004,-0.08537158370018005,0.24106235802173615,0.6144298911094666,18.3956356048584,20.586149215698242,-89.65060424804688
9.962658643722534,0,13.029476165771484,1.3900312185287476,1.5,4.49115514755249,2.008000135421753,2948.0,-0.6981333494186401,2.0,20.00800132751465,0.027905279770493507,-2.751676559448242,0.6237213015556335,11.54004192352295,-0.03556971997022629,0.1945894956588745,0.79459547996521,18.926279067993164,20.76361656188965,-87.09402465820312
9.98294711112976,0,13.057015419006348,1.3874422311782837,1.5,4.474911689758301,2.008000135421753,2948.0,-0.6981333494186401,2.0,20.00800132751465,0.027539264410734177,-2.2662274837493896,0.3262265920639038,6.574214458465576,0.0303445216268301,0.07354697585105896,0.9487948417663574,18.218753814697266,20.40868377685547,-87.7757797241211
10.003137588500977,0,13.084023475646973,1.3803991079330444,1.5,4.48119592666626,2.0240001678466797,2952.0,-0.6981333494186401,2.0,20.00800132751465,0.02700812742114067,-2.761253833770752,0.5411171317100525,8.026371955871582,-0.013997784815728664,0.10763595998287201,1.0751638412475586,18.926279067993164,20.053749084472656,-88.79840850830078
10.023459672927856,0,13.110754013061523,1.3707414865493774,1.5,4.5225701332092285,2.004000186920166,2964.0,-0.6981333494186401,2.0,20.00800132751465,0.02673017606139183,-2.9019203186035156,-0.08320274949073792,10.084891319274902,-0.02025630883872509,0.10204322636127472,1.2007336616516113,19.280040740966797,18.634014129638672,-88.79840850830078
10.043677568435669,0,13.137365341186523,1.365220308303833,1.5,4.587893962860107,2.004000186920166,2952.0,-0.6981333494186401,2.0,20.00800132751465,0.02661184035241604,-2.7007970809936523,-0.46270304918289185,10.005878448486328,0.02941240184009075,0.050377119332551956,1.317248821258545,17.511228561401367,18.988948822021484,-89.821044921875
10.06381630897522,0,13.164690017700195,1.3654026985168457,1.5,4.653728485107422,2.01200008392334,2948.0,-0.6981333494186401,2.0,20.012001037597656,0.027324607595801353,-2.9839258193969727,0.39266908168792725,7.519972324371338,-0.044358283281326294,0.11269603669643402,1.3783693313598633,15.919299125671387,20.586149215698242,-87.60533905029297
10.084185361862183,0,13.192251205444336,1.3674132823944092,1.5,4.705117702484131,2.008000135421753,2956.0,-0.6981333494186401,2.0,20.012001037597656,0.027561280876398087,-2.9510040283203125,-0.7955140471458435,8.545341491699219,-0.06699549406766891,0.10683698952198029,1.444150447845459,15.919299125671387,19.16641616821289,-85.5600814819336
10.10438323020935,0,13.219587326049805,1.3675956726074219,1.5,4.745774269104004,2.004000186920166,2952.0,-0.6981333494186401,2.0,20.02400016784668,0.02733561582863331,-2.838470697402954,-0.02933046594262123,9.6778564453125,0.011435789987444878,0.032799988985061646,1.4731793403625488,13.79672622680664,18.811481475830078,-86.24183654785156
10.124716758728027,0,13.246950149536133,1.3652944564819336,1.5,4.787872791290283,2.004000186920166,2956.0,-0.6981333494186401,2.0,20.012001037597656,0.027363136410713196,-2.1387295722961426,-0.1831657588481903,7.935986042022705,0.066297747194767,-0.024858325719833374,1.483166217803955,12.73543930053711,20.231216430664062,-85.90095520019531
10.144933223724365,0,13.273672103881836,1.3617457151412964,1.5,4.8333659172058105,2.004000186920166,2948.0,-0.6981333494186401,2.0,20.00400161743164,0.02672192081809044,-2.7905843257904053,0.047886475920677185,6.920792579650879,-0.07205557823181152,-0.011275995522737503,1.4295027256011963,12.027915000915527,20.586149215698242,-85.21920776367188
10.165064573287964,0,13.300264358520508,1.3532589673995972,1.5,4.8999223709106445,2.004000186920166,2948.0,-0.6981333494186401,2.0,20.00800132751465,0.026592576876282692,-2.6014328002929688,0.11792044341564178,8.229290962219238,-0.06806077808141708,0.05423876270651817,1.4196488857269287,11.143509864807129,20.053749084472656,-83.3443832397461
10.18542742729187,0,13.32660961151123,1.349195957183838,1.5,4.985467910766602,2.004000186920166,2952.0,-0.6981333494186401,2.0,20.016000747680664,0.026344895362854004,-2.545764684677124,0.004190066363662481,9.178640365600586,-0.028112754225730896,0.025343025103211403,1.4261736869812012,11.143509864807129,20.76361656188965,-83.00350189208984
10.205617427825928,0,13.354475975036621,1.3572677373886108,1.5,5.049901962280273,2.01200008392334,2944.0,-0.6981333494186401,2.0,20.012001037597656,0.027866752818226814,-1.4012778997421265,-0.4561186730861664,10.09446907043457,-0.03889872133731842,0.0024394914507865906,1.4545369148254395,10.082222938537598,20.76361656188965,-84.02613830566406
10.225796699523926,0,13.38331127166748,1.3697965145111084,1.5,5.059754848480225,2.0160000324249268,2964.0,-0.6981333494186401,2.0,20.00800132751465,0.02883545681834221,-1.7298989295959473,-0.046689312905073166,11.202442169189453,-0.041428759694099426,0.05277400091290474,1.473578691482544,9.905342102050781,21.650951385498047,-84.19657135009766
10.246122598648071,0,13.410367012023926,1.368888258934021,1.5,5.044744968414307,2.004000186920166,2944.0,-0.6981333494186401,2.0,20.012001037597656,0.027054911479353905,-2.3602046966552734,0.4615058898925781,8.059891700744629,-0.027713272720575333,-0.010343875735998154,1.4747772216796875,9.1978178024292,22.36081886291504,-84.5374526977539
10.26630425453186,0,13.436125755310059,1.3539284467697144,1.5,5.0709919929504395,2.004000186920166,2952.0,-0.6981333494186401,2.0,20.00400161743164,0.02575872093439102,-1.2719844579696655,0.34478262066841125,5.687716007232666,-0.06020433455705643,-0.06187682971358299,1.4562678337097168,7.429006576538086,22.71575164794922,-84.5374526977539
10.286672353744507,0,13.462307929992676,1.3461090326309204,1.5,5.143887042999268,2.004000186920166,2956.0,-0.6981333494186401,2.0,20.00400161743164,0.02618252858519554,-2.165067195892334,0.3735145032405853,7.271561145782471,-0.15288375318050385,0.11203023791313171,1.425774335861206,8.136530876159668,24.135486602783203,-82.83306884765625
10.306800127029419,0,13.490474700927734,1.3571113348007202,1.5,5.196598052978516,2.01200008392334,2960.0,-0.6981333494186401,2.0,20.012001037597656,0.028166720643639565,-2.5266101360321045,-0.8176615238189697,11.917746543884277,-0.10294871777296066,0.04118907451629639,1.462526559829712,6.190838813781738,25.73268699645996,-83.68525695800781
10.327141523361206,0,13.520245552062988,1.3783345222473145,1.5,5.171565055847168,2.01200008392334,2968.0,-0.6981333494186401,2.0,20.00800132751465,0.02977113611996174,-3.1946263313293457,0.20890474319458008,8.943397521972656,0.04592425376176834,-0.03138316795229912,1.4888920783996582,6.013957500457764,23.78055191040039,-84.5374526977539
10.347344636917114,0,13.548791885375977,1.3887519836425781,1.5,5.086358547210693,2.004000186920166,2952.0,-0.6981333494186401,2.0,20.00400161743164,0.028546495363116264,-2.466752052307129,0.656643271446228,7.850389003753662,0.08054587244987488,-0.021129842847585678,1.503939151763916,6.544600963592529,25.73268699645996,-85.04876708984375
10.367490768432617,0,13.575852394104004,1.3824557065963745,1.5,5.01010274887085,2.004000186920166,2960.0,-0.6981333494186401,2.0,20.00800132751465,0.027060415595769882,-2.2171437740325928,0.7572048902511597,7.676201820373535,-0.01200038380920887,0.00803221482783556,1.4781062602996826,5.837076663970947,25.37775421142578,-85.04876708984375
10.387853622436523,0,13.602420806884766,1.3727610111236572,1.5,4.982377052307129,2.01200008392334,2948.0,-0.6981333494186401,2.0,20.00800132751465,0.02656780742108822,-2.426048517227173,-0.007182971108704805,9.462965965270996,-0.11373468488454819,0.13986068964004517,1.468252420425415,6.544600963592529,26.442554473876953,-84.02613830566406
10.408215045928955,0,13.629951477050781,1.3734407424926758,1.5,4.976751804351807,2.0320000648498535,2952.0,-0.6981333494186401,2.0,20.00400161743164,0.027531007304787636,-3.059945583343506,-0.5255540609359741,9.664687156677246,-0.09176327288150787,0.08473241329193115,1.4858293533325195,5.306433200836182,28.039756774902344,-86.24183654785156
10.428326845169067,0,13.659037590026855,1.385826826095581,1.5,4.939624786376953,2.0160000324249268,2960.0,-0.6981333494186401,2.0,20.012001037597656,0.029085887596011162,-2.339852809906006,-0.12270908802747726,10.09566593170166,-0.029311195015907288,-0.012607596814632416,1.5153911113739014,4.952671051025391,29.104557037353516,-86.92359161376953
10.448551654815674,0,13.687438011169434,1.394303321838379,1.5,4.863654136657715,2.008000135421753,2952.0,-0.6981333494186401,2.0,20.016000747680664,0.028400640934705734,-1.9238390922546387,-0.0670410618185997,10.526045799255371,-0.002412857487797737,-0.015670280903577805,1.5168557167053223,4.5989089012146,27.68482208251953,-87.60533905029297
10.469033002853394,0,13.715924263000488,1.39100182056427,1.5,4.788132190704346,2.008000135421753,3020.0,-0.6981333494186401,2.0,20.22800064086914,0.02848595194518566,-2.9468138217926025,0.15622961521148682,9.608421325683594,-0.05035048723220825,0.0024394914507865906,1.4757091999053955,7.252125263214111,27.507354736328125,-87.09402465820312
10.489232063293457,0,13.74229907989502,1.3836193084716797,1.5,4.7508063316345215,2.008000135421753,2952.0,-0.6981333494186401,2.0,20.012001037597656,0.026375167071819305,-2.2823891639709473,0.25080540776252747,8.577664375305176,-0.12105848640203476,-0.028986286371946335,1.445082426071167,4.775789737701416,28.217222213745117,-85.04876708984375
10.509588956832886,0,13.769552230834961,1.3792271614074707,1.5,4.742053508758545,2.01200008392334,2948.0,-0.6981333494186401,2.0,20.00800132751465,0.027253055945038795,-2.129750967025757,0.005985809490084648,10.277634620666504,-0.1438288688659668,0.1369311660528183,1.4623932838439941,5.306433200836182,29.459489822387695,-87.60533905029297
10.529746055603027,0,13.797529220581055,1.3810166120529175,1.5,4.737534999847412,2.004000186920166,2960.0,-0.6981333494186401,2.0,20.00800132751465,0.027976831421256065,-2.470343589782715,-1.169627070426941,10.890581130981445,-0.06513125449419022,0.0694190114736557,1.5215163230895996,4.5989089012146,30.169357299804688,-88.28709411621094
10.550105571746826,0,13.825150489807129,1.3830429315567017,1.5,4.7238922119140625,2.008000135421753,2952.0,-0.6981333494186401,2.0,20.00400161743164,0.02762182429432869,-2.413478374481201,-0.41481658816337585,9.541379928588867,0.02102331630885601,-0.056683581322431564,1.5506784915924072,4.422027587890625,29.6369571685791,-88.45753479003906
10.57043170928955,0,13.853546142578125,1.3809871673583984,1.5,4.712443828582764,2.004000186920166,3104.0,-0.185174822807312,2.0,20.23200035095215,0.028395136818289757,-1.3683559894561768,-0.5584760308265686,7.676201820373535,0.03367352485656738,-0.06986643373966217,1.547349452972412,5.129551887512207,29.6369571685791,-88.79840850830078
10.590736389160156,0,13.87996768951416,1.3753858804702759,1.5,4.72036075592041,2.004000186920166,2956.0,-0.185174822807312,2.0,20.016000747680664,0.02642195113003254,-1.8310590982437134,-0.4261896312236786,10.812167167663574,-0.0756509006023407,0.019350821152329445,1.5195188522338867,4.422027587890625,29.99188995361328,-87.7757797241211
10.610900402069092,0,13.907188415527344,1.372322678565979,1.5,4.746115207672119,2.008000135421753,2952.0,-0.185174822807312,2.0,20.020000457763672,0.02722003124654293,-1.8478193283081055,-1.3360326290130615,10.354851722717285,-0.07138977944850922,-0.004218513146042824,1.4814352989196777,2.8300976753234863,28.749622344970703,-86.92359161376953
10.631086826324463,0,13.935181617736816,1.375433087348938,1.5,4.768267631530762,2.01200008392334,2972.0,-0.0,2.0,20.00400161743164,0.027993343770503998,-0.5040051341056824,-0.8847026228904724,9.10501480102539,0.001715105026960373,-0.08171768486499786,1.360126256942749,6.013957500457764,30.5242919921875,-87.26446533203125
10.651473999023438,0,13.96347427368164,1.3844990730285645,1.5,4.760396480560303,2.008000135421753,2952.0,-0.0,2.0,20.02800178527832,0.028293311595916748,0.9409692287445068,-1.0110031366348267,8.17422103881836,0.007707308977842331,-0.06920063495635986,1.1424095630645752,5.129551887512207,29.282024383544922,-87.7757797241211
10.671627521514893,0,13.992205619812012,1.3881219625473022,1.5,4.7251877784729,2.01200008392334,3040.0,-0.0,2.0,20.016000747680664,0.028730880469083786,1.0882201194763184,-1.0379393100738525,8.337634086608887,0.03540460765361786,-0.12459522485733032,0.9253587126731873,3.714503288269043,31.056692123413086,-86.7531509399414
10.691994428634644,0,14.018561363220215,1.3803893327713013,1.5,4.707710266113281,2.008000135421753,2956.0,-0.0,2.0,20.00400161743164,0.02635590359568596,0.7907254099845886,-0.6973468065261841,9.491697311401367,-0.02425111085176468,-0.14789824187755585,0.6878011226654053,4.952671051025391,30.169357299804688,-86.58271026611328
10.712132453918457,0,14.0449857711792,1.3692777156829834,1.5,4.734116077423096,2.01200008392334,2956.0,-0.0,2.0,20.012001037597656,0.026424704119563103,1.1923731565475464,-0.007182971108704805,7.989858150482178,-0.08617054671049118,-0.16041527688503265,0.472214937210083,4.068265438079834,31.056692123413086,-88.45753479003906
10.732466459274292,0,14.071989059448242,1.3665610551834106,1.5,4.785365104675293,2.01200008392334,2948.0,-0.0,2.0,20.00800132751465,0.027002623304724693,1.3719475269317627,-1.1845916509628296,9.230117797851562,-0.06646285951137543,-0.08091871440410614,0.27740174531936646,3.5376219749450684,30.87922477722168,-86.24183654785156
10.752668619155884,0,14.100545883178711,1.3773971796035767,1.5,4.810191631317139,2.01200008392334,2952.0,-0.0,2.0,20.032001495361328,0.02855750359594822,1.892114281654358,-1.3240610361099243,11.574759483337402,0.01902591623365879,-0.11274397373199463,0.09310819208621979,4.5989089012146,33.36376190185547,-87.26446533203125
10.772973537445068,0,14.1298828125,1.3906974792480469,1.5,4.778875827789307,2.01200008392334,2984.0,-0.0,2.0,20.00800132751465,0.029336320236325264,1.0074117183685303,-0.2472139149904251,6.969876289367676,0.07575210928916931,-0.16121424734592438,-0.06268909573554993,4.952671051025391,30.87922477722168,-87.60533905029297
10.793161392211914,0,14.157696723937988,1.392672061920166,1.5,4.7219953536987305,2.004000186920166,2948.0,-0.0,2.0,20.012001037597656,0.027814464643597603,0.6632276773452759,1.146881103515625,9.64074420928955,0.06110449880361557,-0.0011558309197425842,-0.15803171694278717,4.245146751403809,30.5242919921875,-86.24183654785156
10.813502073287964,0,14.184069633483887,1.3789948225021362,1.5,4.702104568481445,2.008000135421753,2956.0,-0.0,2.0,20.00400161743164,0.02637241594493389,-0.2220735251903534,0.49861791729927063,10.275239944458008,0.026749199256300926,0.022413503378629684,-0.14538151025772095,1.9456921815872192,31.766559600830078,-87.09402465820312
10.833711862564087,0,14.210169792175293,1.365688443183899,1.5,4.743081092834473,2.008000135421753,2952.0,-0.0,2.0,20.00800132751465,0.02609996870160103,-0.14246225357055664,0.6195312738418579,7.301490306854248,-0.0325070358812809,-0.09996061027050018,-0.11328992992639542,4.068265438079834,30.701757431030273,-85.73052215576172
10.854005813598633,0,14.2376127243042,1.3668975830078125,1.5,4.801661491394043,2.0280001163482666,2948.0,-0.0,2.0,20.016000747680664,0.027442943304777145,0.5213639736175537,-0.21489055454730988,9.588068962097168,-0.06872657686471939,-0.021928802132606506,-0.09651175886392593,4.775789737701416,31.056692123413086,-87.7757797241211
10.874202728271484,0,14.26681137084961,1.3819351196289062,1.5,4.81522274017334,2.008000135421753,2972.0,-0.0,2.0,20.012001037597656,0.029198719188570976,-0.22865791618824005,0.18795441091060638,9.129556655883789,0.009837869554758072,0.03426475077867508,-0.10024023801088333,4.422027587890625,29.99188995361328,-86.07139587402344
10.894374132156372,0,14.295756340026855,1.3952088356018066,1.5,4.766286849975586,2.008000135421753,2952.0,-0.0,2.0,20.016000747680664,0.02894553542137146,0.3723173439502716,0.538722813129425,10.484145164489746,0.06296874582767487,-0.008612794801592827,-0.09265011548995972,3.360740900039673,32.47642517089844,-84.7078857421875
10.9147310256958,0,14.323229789733887,1.3906105756759644,1.5,4.708656311035156,2.01200008392334,2948.0,-0.0,2.0,20.00400161743164,0.027473216876387596,0.5267512202262878,0.6811850666999817,7.454726696014404,0.013566350564360619,0.011494376696646214,-0.0925169587135315,3.714503288269043,32.47642517089844,-86.41226959228516
10.934865474700928,0,14.349169731140137,1.3737590312957764,1.5,4.71045446395874,2.008000135421753,2956.0,-0.0,2.0,20.00400161743164,0.02594035118818283,0.33759963512420654,0.054470863193273544,9.819720268249512,0.009971028193831444,-0.0039521921426057816,-0.08785635232925415,3.8913843631744385,30.5242919921875,-86.92359161376953
10.955230236053467,0,14.375605583190918,1.3647459745407104,1.5,4.765911102294922,2.004000186920166,2952.0,-0.0,2.0,20.032001495361328,0.026435712352395058,-0.18436291813850403,0.21788345277309418,9.21036434173584,0.0050441063940525055,0.020549261942505836,-0.11928213387727737,4.245146751403809,30.169357299804688,-85.90095520019531
10.975388288497925,0,14.403877258300781,1.3717900514602661,1.5,4.814146995544434,2.01200008392334,2960.0,-0.0,2.0,20.00400161743164,0.028271295130252838,-0.16580691933631897,0.16460976004600525,7.200928688049316,-0.058872729539871216,-0.058814141899347305,-0.12620645761489868,2.8300976753234863,29.814424514770508,-85.5600814819336
10.995561361312866,0,14.432514190673828,1.3837511539459229,1.5,4.811042785644531,2.008000135421753,2956.0,-0.0,2.0,20.012001037597656,0.028637312352657318,0.6626290678977966,0.49981507658958435,11.045015335083008,-0.041162438690662384,0.03666163235902786,-0.13060075044631958,3.360740900039673,31.411624908447266,-85.73052215576172
11.015902042388916,0,14.460466384887695,1.385959267616272,1.5,4.781661033630371,2.0160000324249268,2948.0,-0.0,2.0,20.00400161743164,0.02795206382870674,-0.31664931774139404,0.8607593774795532,10.130982398986816,0.05085117369890213,-0.03231528773903847,-0.14844419062137604,4.245146751403809,30.169357299804688,-86.41226959228516
11.03609561920166,0,14.48769474029541,1.381455659866333,1.5,4.765789985656738,2.0160000324249268,2960.0,-0.0,2.0,20.00400161743164,0.02722828835248947,0.5477015376091003,0.5177724957466125,9.317510604858398,0.01383267156779766,0.03346578776836395,-0.13792453706264496,3.5376219749450684,31.94402503967285,-86.24183654785156
11.056439638137817,0,14.514840126037598,1.3770699501037598,1.5,4.770640850067139,2.01200008392334,2956.0,-0.0,2.0,20.00400161743164,0.02714572846889496,0.11552611738443375,0.24960824847221375,9.035578727722168,-0.03676815703511238,0.0931214988231659,-0.12980177998542786,4.422027587890625,31.056692123413086,-87.09402465820312
11.076614379882812,0,14.542396545410156,1.3750848770141602,1.5,4.787048816680908,2.0160000324249268,2964.0,-0.0,2.0,20.012001037597656,0.02755577675998211,-0.04010492190718651,0.292107492685318,9.749686241149902,-0.011068263091146946,-0.06960010528564453,-0.11475469172000885,4.245146751403809,31.23415756225586,-87.26446533203125
11.096758842468262,0,14.569649696350098,1.3750370740890503,1.5,4.803718090057373,2.01200008392334,2944.0,-0.0,2.0,20.00800132751465,0.027253055945038795,-0.014964522793889046,0.7889296412467957,5.954084396362305,-0.025982191786170006,-0.057882022112607956,-0.10024023801088333,3.006978750228882,30.346824645996094,-87.09402465820312
11.117117166519165,0,14.597848892211914,1.3771083354949951,1.5,4.815014839172363,2.01200008392334,2952.0,-0.0,2.0,20.00800132751465,0.02819974347949028,0.3884790241718292,0.06344957649707794,11.407156944274902,0.012501070275902748,0.12228356301784515,-0.10796352475881577,2.8300976753234863,29.814424514770508,-86.58271026611328
11.138004541397095,0,14.625490188598633,1.3820972442626953,1.5,4.811281204223633,2.01200008392334,2944.0,-0.0,2.0,20.00400161743164,0.027641087770462036,0.5530887842178345,-0.2723543345928192,8.714140892028809,0.03993204981088638,0.006034813821315765,-0.10596612840890884,2.1225733757019043,30.169357299804688,-87.26446533203125
11.157654285430908,0,14.653970718383789,1.3894439935684204,1.5,4.78204345703125,2.004000186920166,2952.0,-0.0,2.0,20.012001037597656,0.028480447828769684,0.29988905787467957,0.08619565516710281,8.295134544372559,-0.02744695171713829,-0.0039521921426057816,-0.1307339072227478,2.1225733757019043,29.104557037353516,-85.5600814819336
11.177814483642578,0,14.68191146850586,1.3887009620666504,1.5,4.742448806762695,2.01200008392334,2968.0,-0.0,2.0,20.016000747680664,0.027941055595874786,-0.07182971388101578,0.8344218134880066,9.688032150268555,-0.02731379307806492,0.00803221482783556,-0.151906356215477,2.4763355255126953,29.814424514770508,-87.94622039794922
11.197976112365723,0,14.708380699157715,1.3784962892532349,1.5,4.734724521636963,2.008000135421753,2948.0,-0.0,2.0,20.00800132751465,0.026468735188245773,-0.2549954652786255,0.16640549898147583,7.613949298858643,-0.016927305608987808,-0.006748553365468979,-0.17427724599838257,4.245146751403809,29.459489822387695,-87.26446533203125
11.218346118927002,0,14.735220909118652,1.3703811168670654,1.5,4.768549919128418,2.01200008392334,2976.0,-0.0,2.0,20.012001037597656,0.02684025652706623,0.5207654237747192,-0.5620675086975098,11.147971153259277,0.027548158541321754,-0.03604377061128616,-0.17907100915908813,3.006978750228882,29.282024383544922,-87.7757797241211
11.238535642623901,0,14.76294994354248,1.3748363256454468,1.5,4.802764415740967,2.01200008392334,2948.0,-0.0,2.0,20.00800132751465,0.027729151770472527,0.04429498687386513,0.2909103333950043,6.930369853973389,-0.03570287674665451,-0.02738836780190468,-0.20397193729877472,3.714503288269043,29.6369571685791,-86.07139587402344
11.25887417793274,0,14.791604042053223,1.3853771686553955,1.5,4.79796838760376,2.004000186920166,2952.0,-0.0,2.0,20.036001205444336,0.02865382470190525,0.13587787747383118,0.986461341381073,10.353653907775879,-0.019457347691059113,0.04425175487995148,-0.20836623013019562,3.360740900039673,29.282024383544922,-86.07139587402344
11.27904224395752,0,14.820109367370605,1.3903138637542725,1.5,4.761581897735596,2.004000186920166,2964.0,0.17938858270645142,2.0,20.00400161743164,0.028505215421319008,-0.21967920660972595,0.6285099983215332,8.912271499633789,0.034871965646743774,-0.056816745549440384,-0.20303982496261597,3.006978750228882,29.99188995361328,-86.41226959228516
11.299369096755981,0,14.847155570983887,1.3842307329177856,1.5,4.73660945892334,2.0160000324249268,2960.0,0.17938858270645142,2.0,20.00400161743164,0.027046656236052513,0.8122743368148804,0.7176985144615173,10.432666778564453,0.03513828665018082,0.04331963509321213,-0.1969144642353058,2.653216600418091,28.92708969116211,-85.38964080810547
11.319551229476929,0,14.874570846557617,1.3759583234786987,1.5,4.747199058532715,2.01200008392334,3068.0,0.6981333494186401,2.0,20.064001083374023,0.027415424585342407,1.1307194232940674,-0.5399199724197388,9.397122383117676,-0.008138741366565228,-0.011142835021018982,-0.2238127887248993,2.653216600418091,29.282024383544922,-85.04876708984375
11.3399338722229,0,14.90120792388916,1.373103141784668,1.5,4.777892589569092,2.008000135421753,2948.0,0.6981333494186401,2.0,20.00800132751465,0.026636607944965363,2.4039011001586914,-1.1115647554397583,8.213129043579102,0.016229553148150444,-0.2138124704360962,-0.29811611771583557,2.653216600418091,28.92708969116211,-84.7078857421875
11.360082387924194,0,14.929008483886719,1.376393437385559,1.5,4.803077697753906,2.01200008392334,2952.0,0.6981333494186401,2.0,20.00400161743164,0.027800703421235085,2.539180278778076,-0.4704846143722534,9.9166898727417,-0.006141340360045433,-0.1537572741508484,-0.4597724676132202,2.2994544506073,28.92708969116211,-83.68525695800781
11.380289793014526,0,14.957651138305664,1.3840677738189697,1.5,4.801395893096924,2.004000186920166,2968.0,0.6981333494186401,2.0,20.00400161743164,0.028642816469073296,2.0639071464538574,-0.5746377110481262,8.62495231628418,0.03140980005264282,0.0007084105163812637,-0.5999900102615356,3.360740900039673,29.282024383544922,-83.68525695800781
11.400598049163818,0,14.985603332519531,1.3886215686798096,1.5,4.775206565856934,2.008000135421753,2956.0,0.6981333494186401,2.0,20.00800132751465,0.02795206382870674,2.544567584991455,-0.4393584132194519,8.676430702209473,0.006508868187665939,-0.11993461847305298,-0.7442023754119873,1.9456921815872192,28.92708969116211,-84.02613830566406
11.420933246612549,0,15.014143943786621,1.3873529434204102,1.5,4.745597839355469,2.01200008392334,3108.0,-0.0,2.0,20.216001510620117,0.028540991246700287,2.839069366455078,-0.8763224482536316,9.385149955749512,0.03007820062339306,-0.11500769853591919,-0.9071903228759766,3.006978750228882,28.217222213745117,-84.02613830566406
11.441295862197876,0,15.040579795837402,1.3807542324066162,1.5,4.739014625549316,2.01200008392334,2956.0,-0.0,2.0,20.012001037597656,0.026435712352395058,3.557965040206909,-1.8801426887512207,8.908679962158203,0.0393994078040123,-0.05149034038186073,-1.0781679153442383,3.1838598251342773,29.104557037353516,-81.1286849975586
11.461450815200806,0,15.067133903503418,1.37126886844635,1.5,4.766427993774414,2.008000135421753,2952.0,-0.0,2.0,20.020000457763672,0.02655404806137085,0.6913609504699707,0.6835794448852539,7.885106563568115,-0.0014807377010583878,0.06196204572916031,-1.1753747463226318,3.714503288269043,30.346824645996094,-83.00350189208984
11.481795310974121,0,15.09422779083252,1.365928053855896,1.5,4.823023796081543,2.01200008392334,2964.0,-0.0,2.0,20.00800132751465,0.027093440294265747,-0.38488754630088806,1.3037092685699463,9.267828941345215,-0.012533023953437805,0.09711630642414093,-1.0929486751556396,4.068265438079834,29.6369571685791,-82.66262817382812
11.501994609832764,0,15.12171459197998,1.3695061206817627,1.5,4.871454238891602,2.008000135421753,2952.0,-0.0,2.0,20.016000747680664,0.027486976236104965,-1.16543710231781,1.3210680484771729,8.50822925567627,-0.018791547045111656,0.004969533532857895,-0.9191747307777405,3.360740900039673,28.92708969116211,-82.3217544555664
11.522171020507812,0,15.150440216064453,1.3773113489151,1.5,4.889156341552734,2.01200008392334,3012.0,-0.0,2.0,20.00800132751465,0.02872537635266781,-0.8936813473701477,1.591028094291687,9.454586029052734,-0.018791547045111656,0.04478439688682556,-0.7672390937805176,3.714503288269043,27.507354736328125,-82.3217544555664
11.542558431625366,0,15.178400039672852,1.3845382928848267,1.5,4.873115539550781,2.01200008392334,2956.0,-0.0,2.0,20.00400161743164,0.027960319072008133,-2.0579211711883545,2.34045147895813,8.213129043579102,-0.024916911497712135,0.28860050439834595,-0.528749406337738,2.653216600418091,26.797489166259766,-83.68525695800781
11.56279468536377,0,15.206283569335938,1.3858695030212402,1.5,4.843685150146484,2.01200008392334,2948.0,-0.0,2.0,20.00800132751465,0.027883263304829597,-2.2734103202819824,1.4467700719833374,12.324182510375977,0.002247745171189308,0.19086100161075592,-0.255638062953949,4.245146751403809,29.459489822387695,-81.46955871582031
11.582876682281494,0,15.23345947265625,1.3815242052078247,1.5,4.827496528625488,2.01200008392334,2944.0,-0.0,2.0,20.00800132751465,0.02717600017786026,-0.6159397959709167,0.9601237773895264,7.014770030975342,-0.00014913640916347504,-0.1100807785987854,-0.0825299546122551,2.1225733757019043,30.87922477722168,-81.1286849975586
11.603231430053711,0,15.260706901550293,1.3778774738311768,1.5,4.831598281860352,2.01200008392334,2956.0,-0.0,2.0,20.012001037597656,0.027247551828622818,-0.4585129916667938,0.5800248980522156,10.135171890258789,-0.008671381510794163,-0.052821945399045944,-0.03152964264154434,3.006978750228882,31.411624908447266,-82.3217544555664
11.623370170593262,0,15.288901329040527,1.3816100358963013,1.5,4.835305690765381,2.0160000324249268,2952.0,-0.0,2.0,20.012001037597656,0.028194239363074303,0.20651042461395264,0.4543229341506958,9.108007431030273,0.021555958315730095,-0.033114250749349594,-0.0168820321559906,4.422027587890625,32.12149429321289,-82.3217544555664
11.643772602081299,0,15.317475318908691,1.392146348953247,1.5,4.806841850280762,2.01200008392334,2952.0,-0.0,2.0,20.00400161743164,0.02857401594519615,1.1804015636444092,0.29270607233047485,7.426593780517578,0.002247745171189308,0.06076360493898392,-0.016349392011761665,3.360740900039673,31.411624908447266,-83.68525695800781
11.663914203643799,0,15.346173286437988,1.3994507789611816,1.5,4.743900299072266,2.004000186920166,2952.0,-0.0,2.0,20.012001037597656,0.02869785577058792,0.42379528284072876,-0.12689915299415588,9.334869384765625,0.0375351682305336,0.07115009427070618,-0.037921324372291565,5.483314037322998,32.12149429321289,-84.7078857421875
11.684250354766846,0,15.373778343200684,1.3955624103546143,1.5,4.685801029205322,2.01200008392334,2944.0,-0.0,2.0,20.00800132751465,0.027605311945080757,-0.19274306297302246,0.3160507380962372,9.077479362487793,0.0800132304430008,0.025343025103211403,-0.0662844181060791,3.360740900039673,29.99188995361328,-84.36701202392578
11.70444655418396,0,15.400745391845703,1.3869531154632568,1.5,4.664787769317627,2.008000135421753,2956.0,-0.0,2.0,20.00400161743164,0.026966847479343414,-0.39865490794181824,0.6321014761924744,9.419269561767578,-0.01053562294691801,0.027739906683564186,-0.07733670622110367,3.1838598251342773,30.87922477722168,-83.51482391357422
11.725185632705688,0,15.428072929382324,1.3814375400543213,1.5,4.67551851272583,2.01200008392334,2964.0,-0.0,2.0,20.00800132751465,0.027327360585331917,0.022147493436932564,-0.38668328523635864,10.500306129455566,-0.04808676242828369,-0.019531920552253723,-0.07467350363731384,4.422027587890625,33.18629455566406,-83.3443832397461
11.744998216629028,0,15.455306053161621,1.3796550035476685,1.5,4.698153972625732,2.01200008392334,2948.0,-0.0,2.0,20.00800132751465,0.02723379246890545,-0.16580691933631897,0.04429498687386513,9.801762580871582,-0.024650590494275093,-0.02232828363776207,-0.10436820238828659,2.2994544506073,33.54122543334961,-82.66262817382812
11.765156745910645,0,15.483550071716309,1.3827530145645142,1.5,4.713436603546143,2.01200008392334,2956.0,-0.0,2.0,20.012001037597656,0.0282437764108181,0.6135454773902893,-0.03771059960126877,7.272159576416016,0.03274140506982803,-0.10275697708129883,-0.09118535369634628,3.5376219749450684,32.653892517089844,-83.85569763183594
11.785595893859863,0,15.511334419250488,1.386293649673462,1.5,4.711906909942627,2.01200008392334,2952.0,-0.0,2.0,20.012001037597656,0.027784191071987152,0.11432895809412003,0.466294527053833,8.150278091430664,-0.013331984169781208,0.059565164148807526,-0.0969112366437912,3.360740900039673,32.12149429321289,-85.73052215576172
11.805697202682495,0,15.539072036743164,1.3862963914871216,1.5,4.704130172729492,2.0160000324249268,2952.0,-0.0,2.0,20.036001205444336,0.027737408876419067,0.20291893184185028,0.5866093039512634,13.050261497497559,-0.047554124146699905,0.11495976150035858,-0.10623244196176529,4.068265438079834,32.47642517089844,-85.04876708984375
11.82587718963623,0,15.56651496887207,1.3809802532196045,1.5,4.709908485412598,2.004000186920166,2968.0,-0.15059185028076172,2.0,20.016000747680664,0.027442943304777145,-0.8619565367698669,0.3340081572532654,8.067673683166504,0.00850626826286316,-0.03298109024763107,-0.09930811822414398,4.422027587890625,33.18629455566406,-84.7078857421875
11.846217393875122,0,15.592994689941406,1.3729989528656006,1.5,4.743100643157959,2.004000186920166,2948.0,-0.15059185028076172,2.0,20.00800132751465,0.02647974342107773,0.6757978796958923,-0.1340821236371994,8.586045265197754,0.01889275573194027,-0.06986643373966217,-0.06575177609920502,4.245146751403809,33.008827209472656,-84.87832641601562
11.866389274597168,0,15.620223045349121,1.370773434638977,1.5,4.794402599334717,2.008000135421753,2948.0,-0.6981333494186401,2.0,20.012001037597656,0.02722828835248947,-0.772767961025238,0.1370750367641449,8.036547660827637,0.014498474076390266,-0.05042506381869316,-0.05722953751683235,3.8913843631744385,32.653892517089844,-85.5600814819336
11.886699914932251,0,15.648629188537598,1.379598617553711,1.5,4.822559356689453,2.008000135421753,2960.0,-0.6981333494186401,2.0,20.012001037597656,0.028406143188476562,-1.5622962713241577,1.3294482231140137,7.047691822052002,0.04219576716423035,0.08286818116903305,0.12306921184062958,2.653216600418091,31.411624908447266,-85.38964080810547
11.906891584396362,0,15.677536010742188,1.3911499977111816,1.5,4.802940368652344,2.008000135421753,2952.0,-0.6981333494186401,2.0,20.00400161743164,0.028907008469104767,-2.76364803314209,1.7197229862213135,9.288180351257324,-0.025715872645378113,0.14119228720664978,0.2951120436191559,4.245146751403809,31.94402503967285,-85.5600814819336
11.927034854888916,0,15.7057523727417,1.3922767639160156,1.5,4.761262893676758,2.0199999809265137,2976.0,-0.6981333494186401,2.0,20.00800132751465,0.028216255828738213,-2.427245616912842,1.3593772649765015,8.496257781982422,0.001981424167752266,0.10550539195537567,0.4571678638458252,4.952671051025391,33.36376190185547,-85.90095520019531
11.947432041168213,0,15.732213020324707,1.381913661956787,1.5,4.747982978820801,2.008000135421753,2948.0,-0.6981333494186401,2.0,20.016000747680664,0.02646047994494438,-1.5868380069732666,0.9768840670585632,9.732925415039062,-0.02025630883872509,0.11908772587776184,0.5840694308280945,5.660195350646973,32.653892517089844,-85.21920776367188
11.967599391937256,0,15.75864315032959,1.3708957433700562,1.5,4.7836995124816895,2.004000186920166,2948.0,-0.6981333494186401,2.0,20.00800132751465,0.02643020823597908,-2.549954652786255,0.754211962223053,9.470746994018555,-0.05114944651722908,0.12667784094810486,0.7543811202049255,6.013957500457764,32.29895782470703,-82.15131378173828
11.987995624542236,0,15.785895347595215,1.3696154356002808,1.5,4.837564468383789,2.008000135421753,2948.0,-0.6981333494186401,2.0,20.00800132751465,0.027253055945038795,-3.176668882369995,0.4854491353034973,6.99920654296875,-0.07658302038908005,0.07328065484762192,0.8847448825836182,5.660195350646973,34.07362747192383,-83.17394256591797
12.0081205368042,0,15.813958168029785,1.3750988245010376,1.5,4.871594429016113,2.0240001678466797,2952.0,-0.6981333494186401,2.0,20.00800132751465,0.02806214429438114,-2.120173692703247,0.08559707552194595,9.10740852355957,-0.017593106254935265,0.08965934813022614,1.0077848434448242,3.360740900039673,33.89616012573242,-84.36701202392578
12.028283834457397,0,15.842058181762695,1.3785746097564697,1.5,4.883019924163818,2.008000135421753,2972.0,-0.6981333494186401,2.0,20.00800132751465,0.028100671246647835,-2.9498066902160645,1.2438511848449707,8.356189727783203,-0.04928520321846008,0.15477462112903595,1.1023285388946533,2.8300976753234863,33.718692779541016,-84.5374526977539
12.048659563064575,0,15.869462966918945,1.3790897130966187,1.5,4.886433124542236,2.008000135421753,2944.0,-0.6981333494186401,2.0,20.012001037597656,0.027404416352510452,-3.68725848197937,0.055668026208877563,10.251895904541016,-0.07312086224555969,0.1707538366317749,1.2328252792358398,4.952671051025391,33.718692779541016,-84.5374526977539
12.068974256515503,0,15.897635459899902,1.376686692237854,1.5,4.894192695617676,2.004000186920166,3020.0,-0.6981333494186401,2.0,20.1560001373291,0.028172224760055542,-3.2951879501342773,0.4603087306022644,10.392561912536621,-0.004676578566431999,0.05796724557876587,1.352403163909912,4.245146751403809,34.07362747192383,-82.83306884765625
12.089320182800293,0,15.924078941345215,1.3722370862960815,1.5,4.915358066558838,2.004000186920166,2948.0,-0.6981333494186401,2.0,20.00800132751465,0.02644396759569645,-2.804351568222046,0.26157987117767334,7.347580909729004,0.03966572880744934,-0.01593659818172455,1.4043354988098145,4.245146751403809,33.718692779541016,-83.85569763183594
12.109497308731079,0,15.950889587402344,1.366234302520752,1.5,4.956170558929443,2.008000135421753,2952.0,-0.6981333494186401,2.0,20.036001205444336,0.02680998481810093,-2.044752359390259,0.06464674323797226,7.827642917633057,-0.02851223386824131,-0.015270799398422241,1.4378917217254639,4.245146751403809,36.558162689208984,-82.83306884765625
12.129658699035645,0,15.977973937988281,1.362267255783081,1.5,5.01227331161499,2.004000186920166,2964.0,-0.6981333494186401,2.0,20.016000747680664,0.027085183188319206,-2.0124289989471436,-0.017957428470253944,9.738312721252441,-0.09016534686088562,0.06609001010656357,1.446946620941162,4.068265438079834,36.38069534301758,-85.73052215576172
12.150055408477783,0,16.00543975830078,1.3660050630569458,1.5,5.061100959777832,2.004000186920166,2948.0,-0.6981333494186401,2.0,20.00400161743164,0.027464959770441055,-2.247072696685791,-0.602770984172821,10.822342872619629,-0.004543419927358627,0.04198803752660751,1.4767746925354004,4.775789737701416,35.67082977294922,-85.38964080810547
12.170365571975708,0,16.034934997558594,1.3772536516189575,1.5,5.070675849914551,2.004000186920166,3096.0,-0.6981333494186401,2.0,20.216001510620117,0.029495935887098312,-1.954366683959961,0.20471467077732086,11.194660186767578,0.015563754364848137,0.013491777703166008,1.4983465671539307,4.5989089012146,36.558162689208984,-84.19657135009766
12.19151782989502,0,16.06255531311035,1.3832266330718994,1.5,5.042636871337891,2.004000186920166,2948.0,-0.6981333494186401,2.0,20.00800132751465,0.027619071304798126,-2.848047971725464,0.38668328523635864,8.706957817077637,-0.004277098923921585,0.006966933608055115,1.4946179389953613,4.775789737701416,38.51029586791992,-84.36701202392578
12.210910558700562,0,16.089557647705078,1.3768134117126465,1.5,5.023229598999023,2.008000135421753,2952.0,-0.6981333494186401,2.0,20.00400161743164,0.027002623304724693,-2.7893872261047363,0.3244308531284332,9.365995407104492,0.02208859659731388,0.045050717890262604,1.4924874305725098,6.367719650268555,40.462432861328125,-85.21920776367188
12.231221675872803,0,16.11654281616211,1.3699904680252075,1.5,5.038266658782959,2.008000135421753,2964.0,-0.6981333494186401,2.0,20.012001037597656,0.02698611281812191,-2.174046039581299,-0.47766757011413574,6.429956436157227,0.04259525239467621,-0.008745955303311348,1.4990122318267822,7.075243949890137,39.7525634765625,-85.5600814819336
12.251596689224243,0,16.14407730102539,1.373082160949707,1.5,5.056217193603516,2.004000186920166,2956.0,-0.6981333494186401,2.0,20.012001037597656,0.0275337602943182,-1.8771498203277588,0.3202407956123352,8.502243041992188,-0.05554372817277908,0.04052327573299408,1.4694507122039795,4.245146751403809,41.172298431396484,-86.58271026611328
12.271785497665405,0,16.1729679107666,1.379900574684143,1.5,5.047579288482666,2.004000186920166,3048.0,-0.6981333494186401,2.0,20.04800033569336,0.028890496119856834,-3.0234322547912598,-0.21967920660972595,10.190840721130371,-0.04169508069753647,0.011094896122813225,1.480769395828247,4.775789737701416,39.57509994506836,-86.41226959228516
12.291964054107666,0,16.1998348236084,1.3787254095077515,1.5,5.0314435958862305,2.004000186920166,2948.0,-0.6981333494186401,2.0,20.00800132751465,0.02686777524650097,-2.467949151992798,-0.10714598745107651,8.885933876037598,0.06496614217758179,-0.07519283890724182,1.5018086433410645,6.89836311340332,42.059635162353516,-85.04876708984375
12.312091588973999,0,16.22691535949707,1.3735073804855347,1.5,5.032902240753174,2.004000186920166,2952.0,-0.6981333494186401,2.0,20.00400161743164,0.02707967907190323,-2.3045365810394287,0.2789387106895447,7.472085475921631,0.07708371430635452,-0.04696289822459221,1.4864952564239502,7.252125263214111,42.769500732421875,-85.73052215576172
12.33246636390686,0,16.254390716552734,1.374058485031128,1.5,5.044734477996826,2.004000186920166,2952.0,-0.6981333494186401,2.0,20.00400161743164,0.02747596800327301,-2.0238020420074463,0.3034805357456207,7.648666858673096,-0.04289352148771286,-0.025124646723270416,1.476508378982544,6.721481800079346,43.301902770996094,-86.92359161376953
12.352649450302124,0,16.282766342163086,1.3821066617965698,1.5,5.035444259643555,2.004000186920166,2956.0,-0.6981333494186401,2.0,20.00400161743164,0.02837587147951126,-2.4464001655578613,0.053273703902959824,8.996671676635742,-0.09322802722454071,0.16542743146419525,1.4838321208953857,6.367719650268555,42.23710250854492,-86.24183654785156
12.372979402542114,0,16.311546325683594,1.3897860050201416,1.5,4.993302345275879,2.004000186920166,2976.0,-0.6981333494186401,2.0,20.00800132751465,0.028780415654182434,-2.6582977771759033,-0.2831287682056427,9.607223510742188,-0.02758011221885681,0.1007116287946701,1.5183205604553223,6.544600963592529,43.12443542480469,-87.43490600585938
12.393179416656494,0,16.33896255493164,1.3884302377700806,1.5,4.9463019371032715,2.004000186920166,2952.0,-0.6981333494186401,2.0,20.016000747680664,0.027415424585342407,-2.1303493976593018,0.40464070439338684,9.757467269897461,0.0005166642367839813,-0.010477036237716675,1.5203180313110352,6.721481800079346,44.72163772583008,-88.28709411621094
12.413316249847412,0,16.365726470947266,1.378803014755249,1.5,4.929969310760498,2.004000186920166,2948.0,-0.6981333494186401,2.0,20.00400161743164,0.026763200759887695,-1.865178108215332,-0.1861586719751358,10.130982398986816,-0.042360879480838776,0.034664228558540344,1.4991455078125,9.905342102050781,45.076568603515625,-88.28709411621094
12.433664083480835,0,16.392127990722656,1.3686569929122925,1.5,4.958900451660156,2.004000186920166,2952.0,-0.6981333494186401,2.0,20.00400161743164,0.026402687653899193,-2.5355887413024902,-0.3052762746810913,10.764280319213867,-0.07698250561952591,0.03706111013889313,1.4762418270111084,7.782768726348877,44.72163772583008,-88.9688491821289
12.453837871551514,0,16.419519424438477,1.368903636932373,1.5,5.003562927246094,2.008000135421753,2948.0,-0.6981333494186401,2.0,20.00400161743164,0.027390655130147934,-1.7484549283981323,-0.828436017036438,7.98746395111084,-0.04395880177617073,-0.030983690172433853,1.5018086433410645,9.551579475402832,45.43150329589844,-87.26446533203125
12.474184036254883,0,16.448217391967773,1.3785890340805054,1.5,5.017769813537598,2.0160000324249268,2968.0,-0.6981333494186401,2.0,20.016000747680664,0.02869785577058792,-1.7951442003250122,0.1221105083823204,8.14010238647461,-0.0981549546122551,0.08180289715528488,1.477440357208252,8.667174339294434,47.383636474609375,-90.16191864013672
12.494383096694946,0,16.47634506225586,1.3853652477264404,1.5,4.995889663696289,2.004000186920166,2952.0,-0.6981333494186401,2.0,20.016000747680664,0.028128191828727722,-3.183851957321167,-0.1592225283384323,12.332562446594238,-0.06007117033004761,0.09019199013710022,1.4749102592468262,8.667174339294434,47.383636474609375,-90.50279235839844
12.514553308486938,0,16.504072189331055,1.3853275775909424,1.5,4.964888095855713,2.004000186920166,2956.0,-0.6981333494186401,2.0,20.016000747680664,0.027726400643587112,-2.8600196838378906,0.044893570244312286,9.872993469238281,0.014897951856255531,-0.03804117441177368,1.4904899597167969,10.082222938537598,46.673770904541016,-90.50279235839844
12.534888744354248,0,16.53108787536621,1.3787552118301392,1.5,4.953779697418213,2.008000135421753,2952.0,-0.6981333494186401,2.0,20.00400161743164,0.02701638452708721,-2.375767707824707,0.6590375900268555,9.432437896728516,-0.004543419927358627,0.01682078093290329,1.4814352989196777,11.674153327941895,46.49630355834961,-91.35498809814453
12.55510425567627,0,16.557767868041992,1.3706406354904175,1.5,4.975495338439941,2.0160000324249268,2952.0,-0.6981333494186401,2.0,20.00400161743164,0.026680640876293182,-1.5988095998764038,-0.16460976004600525,7.002798080444336,-0.0969565138220787,-0.04350073263049126,1.4686517715454102,12.204795837402344,45.608970642089844,-89.821044921875
12.57529902458191,0,16.584854125976562,1.3658367395401,1.5,5.022073745727539,2.004000186920166,2968.0,-0.6981333494186401,2.0,20.012001037597656,0.027085183188319206,-2.2380940914154053,-0.08320274949073792,7.045896053314209,-0.10547875612974167,0.06955216825008392,1.4635918140411377,12.73543930053711,47.916038513183594,-90.33235931396484
12.595606803894043,0,16.61256980895996,1.371244192123413,1.5,5.05922269821167,2.004000186920166,2956.0,-0.6981333494186401,2.0,20.00400161743164,0.027715392410755157,-2.925265073776245,-0.6476645469665527,8.884138107299805,-0.03756711632013321,0.10270902514457703,1.476508378982544,10.435985565185547,49.513240814208984,-92.2071762084961
12.61581301689148,0,16.6414794921875,1.3844552040100098,1.5,5.050673007965088,2.004000186920166,2956.0,-0.6981333494186401,2.0,20.00400161743164,0.02890975959599018,-2.548158884048462,-0.03352053090929985,9.468353271484375,-0.015329385176301003,-0.004617992788553238,1.4844977855682373,13.089201927185059,48.270973205566406,-92.71849060058594
12.635984897613525,0,16.670066833496094,1.3924258947372437,1.5,4.999153137207031,2.004000186920166,2948.0,-0.6981333494186401,2.0,20.012001037597656,0.02858777530491352,-2.715761661529541,0.2130948156118393,9.499479293823242,-0.01825890690088272,0.05796724557876587,1.4940853118896484,13.79672622680664,47.916038513183594,-94.42288208007812
12.656351089477539,0,16.697160720825195,1.3851841688156128,1.5,4.956501007080078,2.004000186920166,2956.0,-0.6981333494186401,2.0,20.00800132751465,0.027093440294265747,-2.719951629638672,0.28253018856048584,8.818294525146484,-0.07644986361265182,0.07541121542453766,1.4854300022125244,13.089201927185059,46.85123825073242,-92.71849060058594
12.67653512954712,0,16.72323226928711,1.368784785270691,1.5,4.972714424133301,2.004000186920166,2960.0,-0.6981333494186401,2.0,20.00400161743164,0.02607244811952114,-2.045351028442383,-0.23883378505706787,6.916004180908203,-0.11719684302806854,-0.012607596814632416,1.4757091999053955,14.504250526428223,47.56110382080078,-93.05937194824219
12.696880102157593,0,16.749473571777344,1.3602021932601929,1.5,5.037476062774658,2.004000186920166,2960.0,-0.6981333494186401,2.0,20.00400161743164,0.02624032087624073,-2.117180824279785,-0.06344957649707794,9.04156494140625,-0.13464081287384033,0.11429396271705627,1.4502756595611572,15.565537452697754,48.62590408325195,-93.05937194824219
12.717021942138672,0,16.778030395507812,1.3672730922698975,1.5,5.09614372253418,2.01200008392334,2952.0,-0.6981333494186401,2.0,20.012001037597656,0.02855750359594822,-2.385344982147217,-0.2843259274959564,13.639265060424805,-0.08683634549379349,0.1000458300113678,1.4742445945739746,16.44994354248047,48.44844055175781,-94.93419647216797
12.737274169921875,0,16.80649185180664,1.3822234869003296,1.5,5.095500469207764,2.01200008392334,2960.0,-0.6981333494186401,2.0,20.012001037597656,0.028461184352636337,-2.505061149597168,-0.2651713490486145,9.464761734008789,0.006375707685947418,-0.004218513146042824,1.504471778869629,18.926279067993164,47.383636474609375,-94.93419647216797
12.757608413696289,0,16.83458137512207,1.386390209197998,1.5,5.0556864738464355,2.008000135421753,2948.0,-0.6981333494186401,2.0,20.00400161743164,0.02808966487646103,-1.9471837282180786,0.49083635210990906,7.4517340660095215,0.020224357023835182,0.019483981654047966,1.4960827827453613,17.6881103515625,45.78643798828125,-94.76375579833984
12.777754545211792,0,16.861589431762695,1.3777689933776855,1.5,5.0371198654174805,2.004000186920166,2964.0,-0.6981333494186401,2.0,20.00800132751465,0.02700812742114067,-1.9663383960723877,0.2292564958333969,7.722292423248291,-0.05714165419340134,0.061296246945858,1.4821009635925293,18.218753814697266,44.18923568725586,-95.95682525634766
12.797945976257324,0,16.888357162475586,1.3724807500839233,1.5,5.0531134605407715,2.004000186920166,2956.0,-0.6981333494186401,2.0,20.012001037597656,0.026768704876303673,-2.0537312030792236,-0.7584020495414734,8.90688419342041,-0.05953852832317352,0.09911370277404785,1.488492727279663,19.103158950805664,45.076568603515625,-96.12726593017578
12.8182692527771,0,16.916852951049805,1.380807638168335,1.5,5.058130741119385,2.004000186920166,2972.0,-0.6981333494186401,2.0,20.00800132751465,0.028494207188487053,-2.5786867141723633,0.16281400620937347,11.954259872436523,-0.051815249025821686,0.07581070065498352,1.4956834316253662,17.6881103515625,45.076568603515625,-96.12726593017578
12.838446617126465,0,16.945676803588867,1.3926347494125366,1.5,5.017215251922607,2.004000186920166,2948.0,-0.6981333494186401,2.0,20.00800132751465,0.028824448585510254,-2.332071304321289,0.21369339525699615,10.466187477111816,-0.041428759694099426,0.010295935906469822,1.507800817489624,18.3956356048584,45.43150329589844,-95.78638458251953
12.858818769454956,0,16.9733829498291,1.3906757831573486,1.5,4.961783409118652,2.0160000324249268,2952.0,-0.6981333494186401,2.0,20.00400161743164,0.027707135304808617,-2.414076805114746,0.7200928330421448,10.272846221923828,-0.043426163494586945,-0.024725165218114853,1.492887020111084,18.926279067993164,45.608970642089844,-95.6159439086914
12.87902283668518,0,16.99983024597168,1.3765789270401,1.5,4.953470706939697,2.004000186920166,2964.0,-0.6981333494186401,2.0,20.00800132751465,0.026446720585227013,-2.2722132205963135,-0.5704476237297058,8.419639587402344,-0.05447845160961151,-0.02432568371295929,1.4840984344482422,19.810684204101562,43.301902770996094,-98.51339721679688
12.899216175079346,0,17.0264835357666,1.3706234693527222,1.5,4.988070011138916,2.004000186920166,2944.0,-0.6981333494186401,2.0,20.012001037597656,0.026653120294213295,-1.8831355571746826,0.3262265920639038,9.230117797851562,-0.17605361342430115,0.04904551804065704,1.4553358554840088,19.280040740966797,44.18923568725586,-99.36559295654297
12.919525384902954,0,17.055479049682617,1.3793575763702393,1.5,5.0101542472839355,2.0160000324249268,3060.0,-0.6981333494186401,2.0,20.012001037597656,0.028995072469115257,-2.466153383255005,-0.3118606507778168,11.872852325439453,-0.12292272597551346,0.08979250490665436,1.482234239578247,19.810684204101562,44.01176834106445,-97.83164978027344
12.939709663391113,0,17.083879470825195,1.3919490575790405,1.5,4.980829238891602,2.004000186920166,2952.0,-0.6981333494186401,2.0,20.016000747680664,0.028400640934705734,-1.9405993223190308,-0.5818206667900085,10.044187545776367,-0.013331984169781208,-0.04083753377199173,1.5263102054595947,19.987564086914062,44.18923568725586,-96.29769897460938
12.959918737411499,0,17.111963272094727,1.3935636281967163,1.5,4.926587104797363,2.01200008392334,2952.0,-0.6981333494186401,2.0,20.00400161743164,0.02808416076004505,-1.7735953330993652,0.3154521584510803,7.953344821929932,-0.006940300576388836,0.008165374398231506,1.5472161769866943,20.164445877075195,45.076568603515625,-96.80901336669922
12.980240106582642,0,17.138835906982422,1.3822201490402222,1.5,4.905657768249512,2.0160000324249268,2964.0,-0.6981333494186401,2.0,20.00400161743164,0.026873279362916946,-1.8113058805465698,0.12989206612110138,9.050543785095215,-0.08097730576992035,0.03240051120519638,1.530038595199585,21.048851013183594,43.12443542480469,-96.63858032226562
13.000427007675171,0,17.165145874023438,1.3725131750106812,1.5,4.9334235191345215,2.004000186920166,2952.0,-0.6981333494186401,2.0,20.00400161743164,0.026309119537472725,-2.253657102584839,-0.001197161851450801,7.314659118652344,-0.14116565883159637,0.033732108771800995,1.5101978778839111,19.63380241394043,43.4793701171875,-95.6159439086914
13.020947456359863,0,17.193675994873047,1.374682903289795,1.5,4.972443580627441,2.008000135421753,3100.0,-0.6981333494186401,2.0,20.20800018310547,0.02852998487651348,-2.7061843872070312,-1.170225739479065,9.855036735534668,-0.07178925722837448,0.12215040624141693,1.5304381847381592,20.871971130371094,44.366703033447266,-96.80901336669922
13.041208982467651,0,17.22165298461914,1.3842692375183105,1.5,4.975711822509766,2.004000186920166,2948.0,-0.6981333494186401,2.0,20.00800132751465,0.027976831421256065,-2.7013957500457764,0.28971317410469055,9.789791107177734,-0.02837907336652279,0.049311839044094086,1.5291063785552979,20.871971130371094,46.1413688659668,-96.80901336669922
13.0614914894104,0,17.25004005432129,1.3902106285095215,1.5,4.947647571563721,2.0160000324249268,2952.0,-0.6981333494186401,2.0,20.036001205444336,0.028386879712343216,-2.0226049423217773,0.12450483441352844,8.562101364135742,-0.01306566409766674,0.05796724557876587,1.528573751449585,20.518207550048828,45.43150329589844,-96.4681396484375
13.081650257110596,0,17.277986526489258,1.3894579410552979,1.5,4.915836811065674,2.004000186920166,2960.0,-0.6981333494186401,2.0,20.00800132751465,0.027946559712290764,-2.256649971008301,0.24841108918190002,8.581854820251465,-0.09549175202846527,0.001640530303120613,1.4987459182739258,23.34830665588379,45.43150329589844,-96.12726593017578
13.101990699768066,0,17.30531883239746,1.3871394395828247,1.5,4.897734642028809,2.004000186920166,2960.0,-0.6981333494186401,2.0,20.00400161743164,0.027332864701747894,-2.420661211013794,-1.082234263420105,5.672152996063232,-0.07019133865833282,-0.025657285004854202,1.5026075839996338,20.518207550048828,45.43150329589844,-96.4681396484375
13.12288522720337,0,17.33370590209961,1.387800931930542,1.5,4.8837056159973145,2.004000186920166,3028.0,-0.6981333494186401,2.0,20.00400161743164,0.028386879712343216,-2.3536202907562256,0.47587183117866516,8.705760955810547,-0.1375703364610672,0.07221537828445435,1.4723803997039795,22.463899612426758,45.608970642089844,-96.63858032226562
13.14240312576294,0,17.360944747924805,1.3881042003631592,1.5,4.869375705718994,2.004000186920166,2960.0,-0.6981333494186401,2.0,20.016000747680664,0.027239296585321426,-2.982130289077759,-0.5728419423103333,8.817695617675781,-0.09535859525203705,0.02800622582435608,1.4896910190582275,22.64078140258789,46.1413688659668,-94.08200073242188
13.162521600723267,0,17.38867950439453,1.3871148824691772,1.5,4.858603477478027,2.008000135421753,2952.0,-0.6981333494186401,2.0,20.012001037597656,0.027734655886888504,-3.061741352081299,-0.24541817605495453,9.296560287475586,-0.018392067402601242,-0.05934678390622139,1.5082004070281982,23.171424865722656,46.3188362121582,-94.25244140625
13.182889699935913,0,17.416196823120117,1.3853487968444824,1.5,4.856241226196289,2.004000186920166,2952.0,-0.6981333494186401,2.0,20.00800132751465,0.027517247945070267,-2.835477828979492,-0.1819685995578766,6.025914192199707,0.00850626826286316,-0.023127242922782898,1.5147252082824707,22.64078140258789,46.1413688659668,-94.76375579833984
13.203077554702759,0,17.443906784057617,1.3852044343948364,1.5,4.858163833618164,2.01200008392334,2952.0,-0.6981333494186401,2.0,20.016000747680664,0.02770988829433918,-2.2770018577575684,0.3052762746810913,9.850247383117676,-0.06739497929811478,-0.0034195519983768463,1.496748685836792,24.763355255126953,47.56110382080078,-95.78638458251953
13.223408460617065,0,17.472076416015625,1.3875828981399536,1.5,4.854222297668457,2.004000186920166,2964.0,-0.6981333494186401,2.0,20.016000747680664,0.02816947177052498,-1.9028887748718262,0.2520025670528412,7.755214691162109,-0.13290974497795105,0.011627537198364735,1.4850304126739502,24.232711791992188,45.963905334472656,-93.22981262207031
13.243606567382812,0,17.50004005432129,1.3910683393478394,1.5,4.839388370513916,2.004000186920166,2960.0,-0.6981333494186401,2.0,20.012001037597656,0.027963072061538696,-1.7729966640472412,-0.528546929359436,10.286014556884766,-0.10334819555282593,0.1250799298286438,1.5089993476867676,25.47087860107422,45.076568603515625,-94.76375579833984
13.263745069503784,0,17.528274536132812,1.39437997341156,1.5,4.81247091293335,2.008000135421753,2952.0,-0.6981333494186401,2.0,20.012001037597656,0.02823551930487156,-2.3536202907562256,0.10834314674139023,10.561960220336914,-0.10454663634300232,0.04145539551973343,1.515124797821045,23.878948211669922,44.89910125732422,-93.57068634033203
13.28411078453064,0,17.556001663208008,1.3927463293075562,1.5,4.785909175872803,2.004000186920166,2944.0,-0.6981333494186401,2.0,20.00800132751465,0.027726400643587112,-2.3111209869384766,-0.27175575494766235,10.501503944396973,-0.06885974109172821,-0.002487432211637497,1.5203180313110352,23.702068328857422,45.43150329589844,-92.71849060058594
13.304301500320435,0,17.583133697509766,1.3858946561813354,1.5,4.781756401062012,2.008000135421753,2956.0,-0.6981333494186401,2.0,20.016000747680664,0.02713196724653244,-2.4505903720855713,0.17059555649757385,9.178041458129883,-0.08177626878023148,0.012825977988541126,1.5132603645324707,24.940235137939453,45.25403594970703,-91.86630249023438
13.32461953163147,0,17.610088348388672,1.377258539199829,1.5,4.8125810623168945,2.004000186920166,2972.0,-0.6981333494186401,2.0,20.00800132751465,0.02695583924651146,-1.6071897745132446,-1.035544991493225,8.814702987670898,-0.10681036114692688,0.05463824421167374,1.5085997581481934,24.409591674804688,45.78643798828125,-92.71849060058594
13.344897508621216,0,17.637510299682617,1.3780890703201294,1.5,4.854164123535156,2.004000186920166,2948.0,-0.6981333494186401,2.0,20.00800132751465,0.027420928701758385,-2.211756467819214,0.3423883020877838,9.973555564880371,-0.1412988156080246,0.16276423633098602,1.5050044059753418,24.232711791992188,46.3188362121582,-91.1845474243164
13.364985942840576,0,17.666900634765625,1.3895593881607056,1.5,4.862702369689941,2.004000186920166,2956.0,-0.6981333494186401,2.0,20.00800132751465,0.02939135953783989,-2.2770018577575684,-1.531768560409546,11.43409252166748,-0.09908707439899445,0.06955216825008392,1.5188531875610352,24.409591674804688,45.78643798828125,-90.33235931396484
13.385363340377808,0,17.69572639465332,1.403530240058899,1.5,4.817858695983887,2.008000135421753,2952.0,-0.6981333494186401,2.0,20.016000747680664,0.028824448585510254,-2.373971939086914,-0.09038572013378143,9.517436981201172,0.008106788620352745,-0.04749554023146629,1.5299055576324463,23.702068328857422,46.1413688659668,-90.33235931396484
13.405517339706421,0,17.724332809448242,1.4076653718948364,1.5,4.739529609680176,2.0280001163482666,2948.0,-0.6981333494186401,2.0,20.012001037597656,0.028607040643692017,-1.7927498817443848,0.08380132913589478,8.772802352905273,0.004910945892333984,-0.006215913221240044,1.5249786376953125,24.763355255126953,45.076568603515625,-90.67323303222656
13.42583966255188,0,17.75082015991211,1.390397071838379,1.5,4.704171657562256,2.004000186920166,2968.0,-0.6981333494186401,2.0,20.00800132751465,0.02648800052702427,-2.2171437740325928,0.5159767866134644,9.708383560180664,-0.06766130030155182,0.00803221482783556,1.4968817234039307,27.41657066345215,45.608970642089844,-89.821044921875
13.446033716201782,0,17.776103973388672,1.3695147037506104,1.5,4.758873462677002,2.008000135421753,2952.0,-0.6981333494186401,2.0,20.00800132751465,0.02528262324631214,-2.8145275115966797,-0.39087334275245667,8.666254997253418,-0.13783666491508484,0.07101693749427795,1.4856963157653809,26.178403854370117,44.01176834106445,-89.65060424804688
13.466200590133667,0,17.80345344543457,1.3693041801452637,1.5,4.847018241882324,2.01200008392334,2952.0,-0.6981333494186401,2.0,20.00800132751465,0.027349375188350677,-2.3147125244140625,-0.8667451739311218,10.958819389343262,-0.0856379047036171,0.10617119073867798,1.5201847553253174,26.001522064208984,44.18923568725586,-89.821044921875
13.486533164978027,0,17.833450317382812,1.393381118774414,1.5,4.867533206939697,2.0160000324249268,2948.0,-0.6981333494186401,2.0,20.016000747680664,0.029996799305081367,-2.285382032394409,-0.592595100402832,9.611413955688477,0.0023809056729078293,0.051309242844581604,1.5550727844238281,24.58647346496582,45.963905334472656,-88.45753479003906
13.506712913513184,0,17.863988876342773,1.416733741760254,1.5,4.781412124633789,2.008000135421753,2956.0,-0.6981333494186401,2.0,20.00400161743164,0.03053894452750683,-2.081265926361084,-0.4214009642601013,8.914067268371582,0.010104188695549965,-0.02871996909379959,1.5569369792938232,27.062808990478516,45.608970642089844,-88.45753479003906
13.527056694030762,0,17.891544342041016,1.407236099243164,1.5,4.683061122894287,2.004000186920166,2968.0,-0.6981333494186401,2.0,20.00400161743164,0.02755577675998211,-2.3141138553619385,0.8194572925567627,9.404903411865234,-0.005875020287930965,-0.025790445506572723,1.542022943496704,26.53216552734375,45.076568603515625,-88.28709411621094
13.547247171401978,0,17.91615867614746,1.3775303363800049,1.5,4.690995216369629,2.004000186920166,2948.0,-0.6981333494186401,2.0,20.00800132751465,0.024613887071609497,-1.7951442003250122,0.5554831027984619,9.040966033935547,-0.1050792783498764,0.04651547968387604,1.5095319747924805,26.53216552734375,45.076568603515625,-87.94622039794922
13.567579746246338,0,17.941850662231445,1.3602712154388428,1.5,4.7948198318481445,2.0160000324249268,2948.0,-0.6981333494186401,2.0,20.00400161743164,0.025692671537399292,-2.9114975929260254,-0.4854491353034973,11.108465194702148,-0.17405620217323303,0.10523907840251923,1.4995448589324951,28.654739379882812,44.01176834106445,-87.94622039794922
13.587730407714844,0,17.969945907592773,1.3693097829818726,1.5,4.895051956176758,2.004000186920166,2956.0,-0.6981333494186401,2.0,20.00400161743164,0.028095167130231857,-3.1688873767852783,-1.2869490385055542,10.603262901306152,-0.05607637017965317,-0.03071736916899681,1.5393598079681396,28.831619262695312,42.059635162353516,-86.07139587402344
13.60806679725647,0,18.000524520874023,1.3980339765548706,1.5,4.896998882293701,2.008000135421753,2952.0,-0.6981333494186401,2.0,20.012001037597656,0.03057747147977352,-2.327282667160034,-0.28073444962501526,10.556572914123535,0.09812300652265549,0.006034813821315765,1.5560047626495361,28.300975799560547,44.72163772583008,-86.24183654785156
13.628247022628784,0,18.03042221069336,1.4131008386611938,1.5,4.805127143859863,2.004000186920166,2968.0,-0.6981333494186401,2.0,20.00800132751465,0.029897727072238922,-1.9370079040527344,0.2771429717540741,10.593086242675781,0.0913318395614624,0.014157578349113464,1.546949863433838,27.23969078063965,45.78643798828125,-84.87832641601562
13.648425817489624,0,18.057083129882812,1.4000216722488403,1.5,4.733043193817139,2.004000186920166,2952.0,-0.6981333494186401,2.0,20.00400161743164,0.026661375537514687,-2.1387295722961426,0.18376433849334717,6.396435737609863,-0.04595620185136795,-0.04203597828745842,1.4903569221496582,28.654739379882812,44.01176834106445,-84.19657135009766
13.669002532958984,0,18.083797454833984,1.3794121742248535,1.5,4.7490739822387695,2.008000135421753,3000.0,-0.6981333494186401,2.0,20.296001434326172,0.026713663712143898,-2.794175863265991,-0.3411911129951477,10.549988746643066,-0.10428031533956528,0.10151058435440063,1.4868948459625244,28.124095916748047,43.12443542480469,-83.3443832397461
13.689255237579346,0,18.110559463500977,1.3776392936706543,1.5,4.803202152252197,2.004000186920166,2952.0,-0.6981333494186401,2.0,20.00800132751465,0.026763200759887695,-2.162074327468872,-1.0648754835128784,10.556572914123535,-0.055810049176216125,0.01881818100810051,1.5316364765167236,29.362262725830078,43.301902770996094,-83.51482391357422
13.709429264068604,0,18.139970779418945,1.394482970237732,1.5,4.814822196960449,2.004000186920166,2948.0,-0.6981333494186401,2.0,20.012001037597656,0.029410624876618385,-2.7438950538635254,-0.20591184496879578,10.39675235748291,-0.010002982802689075,-0.033380571752786636,1.5544068813323975,30.600431442260742,44.54417037963867,-84.7078857421875
13.729801654815674,0,18.169584274291992,1.4072445631027222,1.5,4.757321834564209,2.008000135421753,2976.0,-0.6981333494186401,2.0,20.00800132751465,0.029614271596074104,-2.11777925491333,0.09996301680803299,8.064681053161621,-0.03477075695991516,-0.03457901254296303,1.5336339473724365,29.185382843017578,43.12443542480469,-84.36701202392578
13.750240325927734,0,18.19596290588379,1.393325686454773,1.5,4.716472148895264,2.004000186920166,2948.0,-0.6981333494186401,2.0,20.012001037597656,0.02637792006134987,-1.5353600978851318,0.056266605854034424,9.977147102355957,-0.07325401902198792,0.027873067185282707,1.498213291168213,29.53914451599121,42.769500732421875,-83.00350189208984
13.770484209060669,0,18.22224998474121,1.370353102684021,1.5,4.768864631652832,2.004000186920166,3100.0,-0.6981333494186401,2.0,20.256000518798828,0.026287104934453964,-2.369183301925659,-0.2933046519756317,8.521397590637207,-0.2057483047246933,0.06449209153652191,1.4570667743682861,30.24666976928711,42.769500732421875,-83.3443832397461
13.79063868522644,0,18.24880027770996,1.3681695461273193,1.5,4.85736083984375,2.004000186920166,2948.0,-0.6981333494186401,2.0,20.012001037597656,0.026551295071840286,-3.2927937507629395,-0.9062515497207642,12.64202880859375,-0.20867782831192017,0.008298534899950027,1.456667423248291,30.069787979125977,42.59203338623047,-83.51482391357422
13.81099009513855,0,18.27784538269043,1.3830711841583252,1.5,4.903406143188477,2.0320000648498535,2956.0,-0.6981333494186401,2.0,20.012001037597656,0.029044607654213905,-3.2898008823394775,0.21129906177520752,9.847254753112793,-0.055011086165905,-0.1126108169555664,1.4821009635925293,31.307954788208008,44.18923568725586,-81.98087310791016
13.831161975860596,0,18.307252883911133,1.3968967199325562,1.5,4.880378723144531,2.004000186920166,2972.0,-0.6981333494186401,2.0,20.012001037597656,0.029407871887087822,-1.9992603063583374,0.5063994526863098,8.593826293945312,-0.0012144166976213455,-0.08651144802570343,1.519385814666748,30.42354965209961,44.366703033447266,-82.4921875
13.85150146484375,0,18.334779739379883,1.3944830894470215,1.5,4.841480731964111,2.004000186920166,2948.0,-0.6981333494186401,2.0,20.02800178527832,0.02752550318837166,-2.210559368133545,0.6997411251068115,8.498053550720215,-0.09389383345842361,-0.004751153290271759,1.5128610134124756,32.192359924316406,42.23710250854492,-83.17394256591797
13.871690273284912,0,18.361745834350586,1.3800404071807861,1.5,4.849460124969482,2.008000135421753,3048.0,-0.6981333494186401,2.0,20.02400016784668,0.026966847479343414,-2.2267210483551025,-0.0760197788476944,7.031529903411865,-0.18311108648777008,-0.0020879507064819336,1.4998111724853516,31.307954788208008,43.12443542480469,-81.29911804199219
13.892077445983887,0,18.387821197509766,1.3719326257705688,1.5,4.9024577140808105,2.004000186920166,2944.0,-0.6981333494186401,2.0,20.00400161743164,0.026075199246406555,-2.3614017963409424,0.013767361640930176,10.333901405334473,-0.12358852475881577,0.11775611340999603,1.5109968185424805,31.838598251342773,42.23710250854492,-81.1286849975586
13.912201166152954,0,18.41598129272461,1.3784103393554688,1.5,4.949270248413086,2.004000186920166,2948.0,-0.6981333494186401,2.0,20.00400161743164,0.028161216527223587,-2.209960699081421,-0.7428389191627502,8.686007499694824,-0.02318583056330681,0.07261484861373901,1.5450856685638428,31.131074905395508,41.88216781616211,-82.4921875
13.93251895904541,0,18.44505500793457,1.3917858600616455,1.5,4.945953845977783,2.0160000324249268,2956.0,-0.6981333494186401,2.0,20.00800132751465,0.029072128236293793,-3.1251909732818604,0.1430608481168747,10.263867378234863,-0.04582304507493973,0.007899054326117039,1.5418899059295654,32.015480041503906,41.34976577758789,-80.61737060546875
13.952699661254883,0,18.473691940307617,1.3989410400390625,1.5,4.90081787109375,2.008000135421753,2948.0,-0.6981333494186401,2.0,20.016000747680664,0.028637312352657318,-3.3221242427825928,0.04369640722870827,6.982446670532227,-0.09522543102502823,-0.01207495853304863,1.520850658416748,32.015480041503906,42.41456604003906,-81.98087310791016
13.972884178161621,0,18.501483917236328,1.3943181037902832,1.5,4.861245632171631,2.004000186920166,2968.0,-0.6981333494186401,2.0,20.00400161743164,0.027792448177933693,-2.4745335578918457,0.3932676613330841,7.923415660858154,-0.11559892445802689,-0.02019772306084633,1.5023412704467773,32.89988708496094,41.5272331237793,-83.17394256591797
13.993239641189575,0,18.528478622436523,1.3889515399932861,1.5,4.851187229156494,2.004000186920166,2952.0,-0.6981333494186401,2.0,20.00400161743164,0.0269943680614233,-2.2261223793029785,-0.2579883933067322,7.03093147277832,-0.12838229537010193,0.07967233657836914,1.493286371231079,34.13805389404297,41.34976577758789,-81.98087310791016
14.013364553451538,0,18.556438446044922,1.390578031539917,1.5,4.8488664627075195,2.004000186920166,2952.0,-0.6981333494186401,2.0,20.00400161743164,0.027960319072008133,-2.8678011894226074,-0.20591184496879578,11.498141288757324,-0.11120463907718658,0.0731474906206131,1.5157904624938965,32.192359924316406,43.301902770996094,-83.17394256591797
14.03368878364563,0,18.585081100463867,1.3981165885925293,1.5,4.825900077819824,2.004000186920166,2948.0,-0.6981333494186401,2.0,20.012001037597656,0.028642816469073296,-3.092268943786621,-0.31365641951560974,8.18559455871582,-0.017593106254935265,-0.04496549442410469,1.5406913757324219,33.7842903137207,42.41456604003906,-83.3443832397461
14.053881406784058,0,18.613550186157227,1.4021778106689453,1.5,4.781095504760742,2.01200008392334,2948.0,-0.6981333494186401,2.0,20.00400161743164,0.02846943959593773,-2.241685628890991,-0.10355450212955475,8.38611888885498,-0.0162615068256855,-0.015270799398422241,1.5376286506652832,33.4305305480957,39.930030822753906,-83.00350189208984
14.074208736419678,0,18.641002655029297,1.394848346710205,1.5,4.750794887542725,2.008000135421753,2964.0,-0.6981333494186401,2.0,20.016000747680664,0.027451200410723686,-3.865635633468628,0.4920335114002228,6.323409080505371,-0.10494611412286758,0.021215062588453293,1.5181872844696045,33.7842903137207,39.930030822753906,-82.66262817382812
14.094444513320923,0,18.667577743530273,1.3845731019973755,1.5,4.765105724334717,2.0160000324249268,2948.0,-0.6981333494186401,2.0,20.012001037597656,0.02657606452703476,-3.396946668624878,-0.22087636590003967,8.344218254089355,-0.14289674162864685,-0.01606975868344307,1.5019419193267822,33.7842903137207,39.22016525268555,-84.02613830566406
14.11453652381897,0,18.69565773010254,1.3882131576538086,1.5,4.790279388427734,2.008000135421753,2952.0,-0.6981333494186401,2.0,20.00400161743164,0.028078656643629074,-2.2333054542541504,-0.8044927716255188,8.262212753295898,-0.06859342008829117,-0.002487432211637497,1.5432214736938477,34.31493377685547,40.10749816894531,-83.85569763183594
14.134930610656738,0,18.72532844543457,1.4052211046218872,1.5,4.76522970199585,2.004000186920166,2956.0,-0.6981333494186401,2.0,20.00400161743164,0.029672063887119293,-2.3446414470672607,-0.7775565981864929,9.540183067321777,-0.017726266756653786,0.06422576308250427,1.5794410705566406,33.4305305480957,38.51029586791992,-84.36701202392578
14.15509295463562,0,18.75460433959961,1.4156213998794556,1.5,4.685032844543457,2.004000186920166,2948.0,-0.6981333494186401,2.0,20.00800132751465,0.02927577681839466,-2.595446825027466,-0.33580389618873596,7.212900161743164,-0.03863240033388138,-0.0034195519983768463,1.5894279479980469,33.96117401123047,39.04269790649414,-82.4921875
14.175446271896362,0,18.781965255737305,1.4043852090835571,1.5,4.621379375457764,2.0160000324249268,2968.0,-0.6981333494186401,2.0,20.00800132751465,0.027360383421182632,-2.4314358234405518,0.09816727042198181,9.24508285522461,-0.0030786581337451935,0.02081558294594288,1.5818378925323486,33.6074104309082,36.9130973815918,-82.4921875
14.195608854293823,0,18.807525634765625,1.3836654424667358,1.5,4.638740539550781,2.004000186920166,2956.0,-0.6981333494186401,2.0,20.012001037597656,0.02556057646870613,-3.179661989212036,0.5554831027984619,6.625093460083008,-0.10214975476264954,0.08739562332630157,1.5374956130981445,32.192359924316406,36.558162689208984,-84.19657135009766
14.215756893157959,0,18.833894729614258,1.3719713687896729,1.5,4.718608379364014,2.004000186920166,2948.0,-0.6981333494186401,2.0,20.00400161743164,0.026369664818048477,-2.8666040897369385,-1.2887446880340576,9.67665958404541,-0.14582626521587372,0.08526505529880524,1.5289733409881592,33.7842903137207,37.80043029785156,-84.02613830566406
14.236089944839478,0,18.861614227294922,1.3747864961624146,1.5,4.80337381362915,2.004000186920166,2956.0,-0.6981333494186401,2.0,20.016000747680664,0.02771814353764057,-2.717557430267334,-0.7033326029777527,12.104503631591797,-0.043426163494586945,-0.04163649305701256,1.5441536903381348,33.7842903137207,36.73563003540039,-82.66262817382812
14.25632381439209,0,18.891645431518555,1.3976446390151978,1.5,4.822743892669678,2.008000135421753,2948.0,-0.6981333494186401,2.0,20.00800132751465,0.030032575130462646,-2.5547432899475098,-1.0193833112716675,8.501046180725098,0.07521946728229523,-0.1138092577457428,1.5602660179138184,33.7842903137207,34.60602951049805,-81.98087310791016
14.276619672775269,0,18.922138214111328,1.417739748954773,-0.0,-0.022282660007476807,2.0160000324249268,2960.0,-0.6981333494186401,2.0,20.012001037597656,0.030492160469293594,-2.372176170349121,-0.14126509428024292,6.0893635749816895,0.046057410538196564,-0.06480634212493896,1.5536079406738281,34.31493377685547,34.07362747192383,-82.83306884765625
14.296772241592407,0,18.946611404418945,1.3839106559753418,-0.0,-5.244781970977783,2.01200008392334,2948.0,-0.6981333494186401,2.0,20.016000747680664,0.024473536759614944,-2.0040488243103027,0.13767361640930176,6.971073627471924,-0.014929905533790588,0.007499574683606625,1.5267095565795898,33.6074104309082,34.78349304199219,-82.83306884765625
14.317138433456421,0,18.960561752319336,1.2543777227401733,-0.0,-9.577852249145508,2.004000186920166,2952.0,-0.6981333494186401,2.0,20.012001037597656,0.013949887827038765,-2.457174777984619,-0.8691394925117493,8.946989059448242,-0.08763530850410461,0.016421299427747726,1.5034065246582031,34.31493377685547,33.008827209472656,-82.83306884765625
14.33732295036316,0,18.965713500976562,1.0789761543273926,-0.0,-12.581191062927246,2.01200008392334,2948.0,-0.6981333494186401,2.0,20.00400161743164,0.005151744000613689,-3.188640594482422,-1.4108552932739258,7.935387134552002,-0.057807452976703644,0.04265383630990982,1.505403995513916,33.07676696777344,33.18629455566406,-82.3217544555664
14.35765814781189,0,18.9738712310791,0.9586355090141296,-0.0,-14.684141159057617,2.004000186920166,2952.0,-0.6981333494186401,2.0,20.00800132751465,0.008156928233802319,-2.4015066623687744,-1.2869490385055542,11.147971153259277,-0.3138743042945862,-0.11767089366912842,1.469717025756836,32.89988708496094,33.36376190185547,-81.81044006347656
14.37779426574707,0,18.97740364074707,0.8159199357032776,-0.0,-16.036300659179688,2.008000135421753,2960.0,0.3119566738605499,2.0,20.00800132751465,0.003533568000420928,-1.910670280456543,-2.324888229370117,7.588809013366699,-0.1343744993209839,-0.19343897700309753,1.5711851119995117,33.7842903137207,32.47642517089844,-81.29911804199219
14.398197174072266,0,18.9774169921875,0.6709029674530029,-0.0,-16.611555099487305,2.008000135421753,2948.0,0.3119566738605499,2.0,20.012001037597656,1.3760000001639128e-05,-1.2971248626708984,-2.9869189262390137,8.75304889678955,0.10984108597040176,0.002972131595015526,1.6564075946807861,32.015480041503906,30.701757431030273,-81.98087310791016
14.418326377868652,0,18.977558135986328,0.5507971048355103,-0.0,-16.619274139404297,2.01200008392334,2976.0,-0.0,2.0,20.00800132751465,0.0001403520000167191,0.46390020847320557,-3.644759178161621,7.445748329162598,-0.06912605464458466,-0.026323087513446808,1.6248486042022705,31.307954788208008,30.701757431030273,-81.29911804199219
14.438478469848633,0,18.97578239440918,0.43644753098487854,-0.0,-16.172029495239258,2.01200008392334,2952.0,-0.0,2.0,20.00800132751465,-0.0017750400584191084,1.6921882629394531,-4.1828837394714355,10.320134162902832,-0.05527740716934204,-0.06480634212493896,1.528041124343872,33.07676696777344,31.411624908447266,-81.63999938964844
14.458845615386963,0,18.975412368774414,0.35502544045448303,-0.0,-15.406126976013184,2.0320000648498535,2948.0,-0.0,2.0,20.00400161743164,-0.00037152000004425645,1.1379023790359497,-3.2598717212677,9.07328987121582,-0.010269302874803543,-0.11554034054279327,1.3140530586242676,32.36924362182617,31.056692123413086,-80.2764892578125
14.479013204574585,0,18.975271224975586,0.2897021472454071,-0.0,-14.461662292480469,2.004000186920166,2960.0,-0.0,2.0,20.012001037597656,-0.0001403520000167191,0.5393214225769043,-2.8282949924468994,8.964946746826172,-0.03796660155057907,-0.11021393537521362,1.0617146492004395,31.48483657836914,30.5242919921875,-80.78780364990234
14.499352216720581,0,18.974788665771484,0.233738511800766,-0.0,-13.41516399383545,2.004000186920166,2956.0,-0.0,2.0,20.00400161743164,-0.00048160000005736947,0.9517436623573303,-3.270047664642334,9.485712051391602,-0.02132158912718296,-0.10715125501155853,0.843465268611908,31.307954788208008,30.701757431030273,-81.29911804199219
14.51953387260437,0,18.974760055541992,0.19075900316238403,-0.0,-12.289761543273926,2.008000135421753,3056.0,-0.0,2.0,20.012001037597656,-3.027200000360608e-05,1.081037163734436,-3.443037509918213,9.843064308166504,-0.0010812561959028244,-0.1556215137243271,0.5513120293617249,30.42354965209961,30.5242919921875,-79.76517486572266
14.539724588394165,0,18.974760055541992,0.15721279382705688,-0.0,-11.210539817810059,2.004000186920166,2952.0,-0.0,2.0,20.012001037597656,0.0,0.5698490142822266,-2.712170124053955,9.312722206115723,-0.0049428995698690414,-0.0875767171382904,0.40310487151145935,30.24666976928711,31.056692123413086,-79.59473419189453
14.56008267402649,0,18.974760055541992,0.12901253998279572,-0.0,-10.130661964416504,2.004000186920166,2944.0,-0.0,2.0,20.00800132751465,0.0,0.5931937098503113,-3.222161054611206,9.392931938171387,-0.024650590494275093,-0.1000937670469284,0.2840597629547119,32.36924362182617,30.701757431030273,-80.61737060546875
14.580257177352905,0,18.976686477661133,0.12387440353631973,0.0,-9.913640022277832,2.008000135421753,2964.0,-0.0,0.0,20.00400161743164,0.0019264000002294779,-0.05866093188524246,-2.6882269382476807,8.087427139282227,-0.027180632576346397,-0.05774886533617973,0.19617410004138947,30.954193115234375,32.12149429321289,-79.93561553955078
14.600594282150269,0,18.98452377319336,0.17282019555568695,0.0,-9.913640022277832,2.01200008392334,2952.0,-0.0,0.0,20.00800132751465,0.007837696000933647,-0.5058009028434753,-2.2734103202819824,9.198392868041992,0.007707308977842331,0.026674626395106316,0.1512991487979889,30.069787979125977,31.94402503967285,-79.76517486572266
14.620765686035156,0,18.996572494506836,0.24914297461509705,0.0,-9.913640022277832,2.01200008392334,3100.0,-0.0,0.0,20.00400161743164,0.012048255652189255,-0.9930457472801208,-2.1920032501220703,8.559707641601562,0.055511780083179474,0.05996464565396309,0.08684966713190079,31.48483657836914,30.5242919921875,-81.1286849975586
14.640952348709106,0,19.010251998901367,0.3290034234523773,0.0,-9.913640022277832,2.01200008392334,2948.0,-0.0,0.0,20.00400161743164,0.013680191710591316,-1.2348724603652954,-1.1726200580596924,9.591062545776367,0.010503670200705528,0.017087100073695183,-0.048174649477005005,30.954193115234375,31.766559600830078,-80.2764892578125
14.661118507385254,0,19.02411651611328,0.39417093992233276,0.0,-9.913640022277832,2.004000186920166,2944.0,-0.0,0.0,20.00800132751465,0.013864575885236263,-0.5141810178756714,-0.2951003909111023,8.844033241271973,-0.004143938422203064,-0.14962930977344513,-0.11701840907335281,30.777311325073242,31.589092254638672,-81.1286849975586
14.68147587776184,0,19.03660774230957,0.4345247149467468,0.0,-9.913640022277832,2.01200008392334,2960.0,-0.0,0.0,20.00400161743164,0.012491327710449696,0.2442210167646408,-0.049682218581438065,9.106810569763184,0.004644626751542091,-0.09530000388622284,-0.12900280952453613,30.600431442260742,32.47642517089844,-80.2764892578125
14.70166563987732,0,19.04741668701172,0.45402005314826965,0.0,-9.913640022277832,2.01200008392334,2944.0,-0.0,0.0,20.00400161743164,0.010809855535626411,0.7907254099845886,0.016760265454649925,8.914067268371582,0.009305229410529137,-0.10049325227737427,-0.09278327971696854,30.954193115234375,30.701757431030273,-81.98087310791016
14.721835613250732,0,19.057079315185547,0.4573451578617096,0.0,-9.913640022277832,2.01200008392334,3024.0,-0.0,0.0,20.016000747680664,0.009662272408604622,0.8547735810279846,0.06524532288312912,8.761428833007812,-0.002146538347005844,0.02920466661453247,-0.05043837055563927,31.307954788208008,31.056692123413086,-80.61737060546875
14.742231130599976,0,19.06501579284668,0.4478994607925415,0.0,-9.913640022277832,2.0160000324249268,2944.0,-0.0,0.0,20.00400161743164,0.007936768233776093,0.08858997374773026,0.2101019024848938,9.654511451721191,-0.03330599516630173,0.08166974037885666,-0.04670989140868187,30.954193115234375,33.18629455566406,-80.2764892578125
14.762380838394165,0,19.072389602661133,0.4335937201976776,0.0,-9.913640022277832,2.01200008392334,2952.0,-0.0,0.0,20.012001037597656,0.007372607942670584,-0.4094293415546417,0.010175875388085842,10.0842924118042,-0.04515724256634712,0.0712832510471344,-0.04058452695608139,30.600431442260742,32.83135986328125,-80.95824432373047
14.78270959854126,0,19.080718994140625,0.4307732880115509,0.0,-9.913640022277832,2.01200008392334,2944.0,-0.0,0.0,20.00800132751465,0.00833030417561531,-0.52016681432724,-0.8344218134880066,9.770037651062012,-0.06007117033004761,0.026807785034179688,-0.046310409903526306,31.661718368530273,32.47642517089844,-79.93561553955078
14.802944660186768,0,19.090482711791992,0.4412253499031067,0.0,-9.913640022277832,2.008000135421753,2948.0,-0.0,0.0,20.00400161743164,0.009764095768332481,-0.1771799474954605,-1.2109291553497314,9.383953094482422,-0.02132158912718296,-0.012474436312913895,-0.04591092839837074,31.661718368530273,31.056692123413086,-79.93561553955078
14.82305121421814,0,19.100614547729492,0.45215803384780884,0.0,-9.913640022277832,2.01200008392334,2960.0,-0.0,0.0,20.016000747680664,0.010130112059414387,0.3118606507778168,-0.7973098158836365,7.772573471069336,0.02834712155163288,-0.013939198106527328,-0.038054484874010086,31.131074905395508,33.008827209472656,-80.44692993164062
14.843414306640625,0,19.109678268432617,0.4526934325695038,0.0,-9.913640022277832,2.008000135421753,2956.0,-0.0,0.0,20.012001037597656,0.009065087884664536,0.04609072953462601,-0.10774456709623337,8.966742515563965,0.01476479135453701,-0.016602400690317154,-0.0456446073949337,30.600431442260742,32.47642517089844,-81.29911804199219
14.86356520652771,0,19.11750602722168,0.4415314495563507,0.0,-9.913640022277832,2.01200008392334,2944.0,-0.0,0.0,20.012001037597656,0.007826687768101692,-0.10116017609834671,0.1861586719751358,9.958590507507324,-0.020788948982954025,-0.036310091614723206,-0.04484564810991287,30.600431442260742,32.12149429321289,-80.95824432373047
14.883962392807007,0,19.12434959411621,0.423522025346756,0.0,-9.913640022277832,2.008000135421753,2952.0,-0.0,0.0,20.016000747680664,0.006844223942607641,-0.09996301680803299,-0.1622154265642166,9.803558349609375,-0.013331984169781208,-0.01833347976207733,-0.048174649477005005,31.307954788208008,33.54122543334961,-81.63999938964844
14.904105186462402,0,19.131078720092773,0.40793564915657043,0.0,-9.913640022277832,2.008000135421753,2944.0,-0.0,0.0,20.036001205444336,0.006728639826178551,0.1191176027059555,-0.7129098773002625,8.484884262084961,-0.004410259425640106,-0.030184727162122726,-0.03405968099832535,32.192359924316406,33.36376190185547,-81.46955871582031
14.924402236938477,0,19.138662338256836,0.4022802412509918,0.0,-9.913640022277832,2.008000135421753,2956.0,-0.0,0.0,20.00400161743164,0.007584512233734131,0.2729529142379761,-0.6440730690956116,9.000861167907715,-0.02544955164194107,-0.0016884710639715195,-0.03019803948700428,32.192359924316406,32.29895782470703,-80.10604858398438
14.944610357284546,0,19.146589279174805,0.40163326263427734,0.0,-9.913640022277832,2.01200008392334,2948.0,-0.0,0.0,20.00400161743164,0.007925760000944138,0.20232035219669342,-0.2639741897583008,9.616801261901855,-0.0190578680485487,0.014024417847394943,-0.03525812178850174,30.24666976928711,33.18629455566406,-80.61737060546875
14.96493673324585,0,19.154346466064453,0.39726194739341736,0.0,-9.913640022277832,2.01200008392334,2948.0,-0.0,0.0,20.012001037597656,0.007757888175547123,0.07422403246164322,-0.3974577486515045,8.899102210998535,0.007307827472686768,0.02294614352285862,-0.02913275919854641,30.24666976928711,32.83135986328125,-80.95824432373047
14.985166549682617,0,19.160884857177734,0.3862079381942749,0.0,-9.913640022277832,2.01200008392334,2948.0,-0.0,0.0,20.012001037597656,0.0065387520007789135,0.10894172638654709,-0.16939839720726013,9.285187721252441,-0.012533023953437805,0.014423898421227932,-0.032728083431720734,30.069787979125977,33.008827209472656,-80.44692993164062
15.005459070205688,0,19.166955947875977,0.3712707459926605,0.0,-9.913640022277832,2.01200008392334,2940.0,-0.0,0.0,20.00400161743164,0.006070911884307861,0.07123112678527832,-0.4064364433288574,9.591062545776367,-0.02145474962890148,0.011627537198364735,-0.035790763795375824,31.661718368530273,31.766559600830078,-80.61737060546875
15.025606632232666,0,19.172832489013672,0.3568337559700012,0.0,-9.913640022277832,2.008000135421753,2964.0,-0.0,0.0,20.00800132751465,0.005875519942492247,-0.1610182672739029,-0.4172109067440033,8.97691822052002,-0.004543419927358627,0.0021731704473495483,-0.04244876652956009,30.24666976928711,33.89616012573242,-79.93561553955078
15.045790433883667,0,19.178836822509766,0.3472226858139038,0.0,-9.913640022277832,2.008000135421753,2944.0,-0.0,0.0,20.00400161743164,0.0060048638842999935,-0.04429498687386513,-0.34358546137809753,8.917658805847168,-0.025982191786170006,-0.017800841480493546,-0.03552444279193878,31.838598251342773,34.07362747192383,-80.10604858398438
15.066131591796875,0,19.185062408447266,0.3406544625759125,0.0,-9.913640022277832,2.008000135421753,2944.0,-0.0,0.0,20.00800132751465,0.0062250238843262196,0.07781551778316498,-0.5351313352584839,9.536591529846191,-0.009869822300970554,0.011893857270479202,-0.03405968099832535,30.42354965209961,34.07362747192383,-79.76517486572266
15.086299657821655,0,19.191009521484375,0.3328728675842285,0.0,-9.913640022277832,2.008000135421753,2940.0,-0.0,0.0,20.016000747680664,0.005947072058916092,0.15144097805023193,-0.30467769503593445,9.118782043457031,0.011835271492600441,-0.011941798031330109,-0.032728083431720734,30.42354965209961,33.36376190185547,-80.44692993164062
15.106625318527222,0,19.196392059326172,0.3212696313858032,0.0,-9.913640022277832,2.004000186920166,2948.0,-0.0,0.0,20.02400016784668,0.00538291223347187,-0.0760197788476944,-0.25559404492378235,9.048748016357422,0.0011824648827314377,0.009363815188407898,-0.03006487898528576,29.716026306152344,32.653892517089844,-80.10604858398438
15.127602100372314,0,19.20123291015625,0.30662286281585693,0.0,-9.913640022277832,2.008000135421753,2952.0,-0.0,0.0,20.012001037597656,0.004840767942368984,0.1921444833278656,-0.41182368993759155,9.031389236450195,-0.0162615068256855,-0.010876517742872238,-0.024738475680351257,29.892906188964844,33.89616012573242,-79.59473419189453
15.147016048431396,0,19.205795288085938,0.2926759421825409,0.0,-9.913640022277832,2.01200008392334,2944.0,-0.0,0.0,20.016000747680664,0.004562816116958857,0.08020984381437302,-0.586010754108429,9.322897911071777,-0.0012144166976213455,0.01695393957197666,-0.024472156539559364,32.015480041503906,33.54122543334961,-79.59473419189453
15.16733980178833,0,19.210554122924805,0.2827244699001312,0.0,-9.913640022277832,2.01200008392334,2940.0,-0.0,0.0,20.00400161743164,0.004758208058774471,-0.004190066363662481,-0.3573528230190277,9.263638496398926,0.005843067541718483,-0.004085352644324303,-0.028466958552598953,31.661718368530273,33.18629455566406,-80.2764892578125
15.187530994415283,0,19.2152156829834,0.2740269899368286,0.0,-9.913640022277832,2.008000135421753,2940.0,-0.0,0.0,20.00400161743164,0.004661887884140015,-0.19992603361606598,-0.27654439210891724,9.465958595275879,0.008905749768018723,0.006167973391711712,-0.025670597329735756,30.777311325073242,34.07362747192383,-79.76517486572266
15.207886219024658,0,19.219511032104492,0.2633511424064636,0.0,-9.913640022277832,2.01200008392334,2940.0,-0.0,0.0,20.02400016784668,0.004295872058719397,0.03651343658566475,-0.3753102421760559,8.900300025939941,0.005576746538281441,-0.020730361342430115,-0.015150951221585274,30.600431442260742,33.18629455566406,-80.61737060546875
15.22803544998169,0,19.223461151123047,0.25112980604171753,0.0,-9.913640022277832,2.008000135421753,2960.0,-0.0,0.0,20.00800132751465,0.003949120175093412,0.10056159645318985,-0.2801358699798584,9.534795761108398,-0.003877619281411171,0.010029615834355354,-0.030997000634670258,32.015480041503906,33.54122543334961,-80.2764892578125
15.24824571609497,0,19.226886749267578,0.23705041408538818,0.0,-9.913640022277832,2.01200008392334,2940.0,-0.0,0.0,20.016000747680664,0.0034262400586158037,0.013168780133128166,-0.29749470949172974,8.878750801086426,-0.0072066206485033035,-0.004351671785116196,-0.02300739660859108,30.954193115234375,33.54122543334961,-80.2764892578125
15.268543004989624,0,19.230030059814453,0.22237548232078552,0.0,-9.913640022277832,2.01200008392334,2984.0,-0.0,0.0,20.00800132751465,0.003142783883959055,0.12749773263931274,-0.4273867905139923,9.087656021118164,0.003845665603876114,0.01056225597858429,-0.018479952588677406,30.777311325073242,34.42856216430664,-80.44692993164062
15.288767576217651,0,19.233219146728516,0.21151164174079895,0.0,-9.913640022277832,2.01200008392334,2940.0,-0.0,0.0,20.012001037597656,0.003189567942172289,-0.10954030603170395,-0.3040791153907776,9.503070831298828,0.0013156235218048096,0.0009747296571731567,-0.027534838765859604,29.892906188964844,33.54122543334961,-80.2764892578125
15.309112548828125,0,19.23614501953125,0.19967252016067505,0.0,-9.913640022277832,2.0360000133514404,2940.0,-0.0,0.0,20.02400016784668,0.0029253759421408176,-0.18675725162029266,-0.16341258585453033,9.136738777160645,-0.006008179858326912,-0.002620590850710869,-0.018213633447885513,31.661718368530273,33.54122543334961,-79.93561553955078
15.329412937164307,0,19.238811492919922,0.18732324242591858,0.0,-9.913640022277832,2.008000135421753,2968.0,-0.0,0.0,20.00800132751465,0.002666688058525324,0.06883680820465088,-0.44893568754196167,8.97572135925293,-0.0004154574126005173,-0.015803441405296326,-0.010490347631275654,30.777311325073242,33.008827209472656,-80.44692993164062
15.349646091461182,0,19.24122428894043,0.17569510638713837,0.0,-9.913640022277832,2.008000135421753,2948.0,-0.0,0.0,20.00800132751465,0.002413504058495164,0.21369339525699615,-0.5710461735725403,9.354622840881348,0.013300033286213875,-0.0011558309197425842,-0.020077873021364212,31.131074905395508,34.42856216430664,-81.1286849975586
15.369785070419312,0,19.24334144592285,0.1623079478740692,0.0,-9.913640022277832,2.008000135421753,3080.0,-0.0,0.0,20.00400161743164,0.0021162880584597588,0.053273703902959824,-0.3220365345478058,9.148112297058105,-0.008405061438679695,-0.0036858730018138885,-0.02913275919854641,29.716026306152344,33.008827209472656,-80.78780364990234
15.389994382858276,0,19.245512008666992,0.15337999165058136,0.0,-9.913640022277832,2.008000135421753,2940.0,-0.0,0.0,20.00800132751465,0.0021713280584663153,-0.03830917924642563,-0.3531627357006073,8.964347839355469,-0.011334583163261414,0.0009747296571731567,-0.019278913736343384,30.954193115234375,33.54122543334961,-80.61737060546875
15.41029691696167,0,19.246681213378906,0.13628414273262024,0.0,-9.913640022277832,2.004000186920166,2944.0,-0.0,0.0,20.016000747680664,0.0011696000583469868,-0.013767361640930176,-0.42080238461494446,9.05533218383789,0.01583007164299488,-0.004218513146042824,-0.0035660238936543465,30.600431442260742,33.18629455566406,-79.59473419189453
15.43045711517334,0,19.248477935791016,0.12775012850761414,0.0,-9.913640022277832,2.008000135421753,2956.0,-0.0,0.0,20.00800132751465,0.001797056058421731,0.06285099685192108,-0.4010492265224457,9.507261276245117,-0.01040246244519949,-0.0035527125000953674,-0.008226626552641392,29.53914451599121,34.960960388183594,-81.63999938964844
15.4508376121521,0,19.249574661254883,0.11458621919155121,0.0,-9.913640022277832,2.008000135421753,2944.0,-0.0,0.0,20.00800132751465,0.0010952960001304746,0.08080842345952988,-0.2939032316207886,8.997868537902832,-0.0029454976320266724,-0.006082754582166672,-0.01581675186753273,31.131074905395508,35.138427734375,-81.1286849975586
15.470965385437012,0,19.24956512451172,0.09339547902345657,0.0,-9.913640022277832,2.008000135421753,3084.0,-0.0,0.0,20.00800132751465,-8.256000000983477e-06,0.020351750776171684,-0.482456237077713,9.058923721313477,-0.009204021655023098,0.0005752500146627426,-0.016349392011761665,28.831619262695312,32.83135986328125,-81.63999938964844
15.4911630153656,0,19.24956512451172,0.07707221060991287,0.0,-9.913640022277832,2.008000135421753,2944.0,-0.0,0.0,20.00400161743164,0.0,-0.011373037472367287,-0.7135084867477417,9.322299003601074,-0.006407660432159901,0.0017736908048391342,-0.006229225546121597,30.777311325073242,34.78349304199219,-80.78780364990234
15.511477947235107,0,19.24956512451172,0.0632517859339714,0.0,-9.913640022277832,2.01200008392334,2940.0,-0.0,0.0,20.00800132751465,0.0,0.021548913791775703,-0.7482261657714844,9.000263214111328,0.001981424167752266,0.0017736908048391342,0.0009614191949367523,30.954193115234375,31.766559600830078,-80.95824432373047
15.531627893447876,0,19.24956512451172,0.05184390768408775,0.0,-9.913640022277832,2.008000135421753,2952.0,-0.0,0.0,20.00800132751465,0.0,-0.008380132727324963,-0.6853751540184021,9.214554786682129,-0.0017470568418502808,0.0024394914507865906,0.0008282586932182312,30.954193115234375,33.89616012573242,-80.61737060546875
15.552011966705322,0,19.24956512451172,0.042591642588377,0.0,-9.913640022277832,2.008000135421753,2936.0,-0.0,0.0,20.016000747680664,0.0,-0.0017957427771762013,-0.4202038049697876,9.136738777160645,0.008239949122071266,-0.004484832286834717,0.0028256596997380257,31.131074905395508,33.718692779541016,-81.1286849975586
15.57220721244812,0,19.24956512451172,0.034833479672670364,0.0,-9.913640022277832,2.008000135421753,3000.0,-0.0,0.0,20.00800132751465,0.0,0.06344957649707794,-0.13348354399204254,9.058923721313477,0.007440987974405289,-0.004351671785116196,0.005888340994715691,30.777311325073242,35.138427734375,-80.10604858398438
15.59248161315918,0,19.249431610107422,0.027415307238698006,0.0,-9.913640022277832,2.01200008392334,2932.0,-0.0,0.0,20.012001037597656,-0.00013484800001606345,0.06883680820465088,0.05866093188524246,9.15828800201416,0.00863942876458168,-0.0007563512772321701,0.009749984368681908,31.48483657836914,33.718692779541016,-80.44692993164062
15.612665176391602,0,19.249177932739258,0.020292187109589577,0.0,-9.913640022277832,2.008000135421753,2936.0,-0.0,0.0,20.00800132751465,-0.00025318400003015995,0.06763964146375656,0.18256717920303345,9.131352424621582,0.011968431994318962,0.005901653319597244,0.00895102322101593,30.069787979125977,34.78349304199219,-80.44692993164062
15.632988214492798,0,19.249177932739258,0.016650835052132607,0.0,-9.913640022277832,2.008000135421753,2936.0,-0.0,0.0,20.00800132751465,0.0,0.03950634226202965,0.30647343397140503,9.230117797851562,0.005177266895771027,0.00443689338862896,0.00695362314581871,31.48483657836914,33.36376190185547,-80.78780364990234
15.653973579406738,0,19.249177932739258,0.013663435354828835,0.0,-9.913640022277832,2.0160000324249268,2936.0,-0.0,0.0,20.00800132751465,0.0,0.04429498687386513,0.3292195200920105,9.13793659210205,-0.0018802173435688019,-0.0011558309197425842,0.006420983001589775,31.838598251342773,33.008827209472656,-81.81044006347656
15.674207210540771,0,19.249177932739258,0.011195218190550804,0.0,-9.913640022277832,2.01200008392334,2952.0,-0.0,0.0,20.00400161743164,0.0,0.07721693813800812,0.354359894990921,9.093042373657227,0.0007829833775758743,4.260987043380737e-05,0.0054888613522052765,31.131074905395508,33.718692779541016,-80.10604858398438
15.693696737289429,0,19.249177932739258,0.00920152198523283,0.0,-9.913640022277832,2.008000135421753,2940.0,-0.0,0.0,20.012001037597656,0.0,0.04309782758355141,0.35974714159965515,9.14332389831543,0.001848265528678894,0.0017736908048391342,0.0008282586932182312,31.131074905395508,33.008827209472656,-80.78780364990234
15.713875770568848,0,19.249177932739258,0.007549769710749388,0.0,-9.913640022277832,2.01200008392334,2936.0,-0.0,0.0,20.016000747680664,0.0,0.023943237960338593,0.3723173439502716,9.166069984436035,0.0023809056729078293,-0.0007563512772321701,-0.0007696617394685745,30.600431442260742,33.89616012573242,-80.2764892578125
15.734197854995728,0,19.249177932739258,0.006194764282554388,0.0,-9.913640022277832,2.01200008392334,2944.0,-0.0,0.0,20.00400161743164,0.0,0.016161685809493065,0.39266908168792725,9.148711204528809,-0.0008149370551109314,-0.0012889914214611053,-0.0022344226017594337,29.53914451599121,35.315895080566406,-80.95824432373047
15.754411458969116,0,19.249177932739258,0.005083533003926277,0.0,-9.913640022277832,2.0280001163482666,2936.0,-0.0,0.0,20.00800132751465,0.0,0.03591485694050789,0.38668328523635864,9.102620124816895,0.0002503432333469391,-0.0004900302737951279,-0.00010386202484369278,30.42354965209961,33.008827209472656,-79.08341979980469
15.774561882019043,0,19.249177932739258,0.004165560007095337,0.0,-9.913640022277832,2.008000135421753,2960.0,-0.0,0.0,20.00400161743164,0.0,0.07841410487890244,0.3771059811115265,9.080472946166992,0.0014487840235233307,-0.0031532328575849533,0.004157260991632938,31.661718368530273,33.54122543334961,-79.25386047363281
15.794908285140991,0,19.249177932739258,0.0034234740305691957,0.0,-9.913640022277832,2.008000135421753,2936.0,-0.0,0.0,20.012001037597656,0.0,0.07362545281648636,0.35675424337387085,9.153499603271484,0.0023809056729078293,0.0008415710180997849,0.003624620847404003,31.307954788208008,34.251094818115234,-80.61737060546875
15.815039873123169,0,19.249177932739258,0.0028025610372424126,0.0,-9.913640022277832,2.004000186920166,2940.0,-0.0,0.0,20.00400161743164,0.0,0.047886475920677185,0.31964221596717834,9.160682678222656,0.0014487840235233307,0.0015073716640472412,0.0018935389816761017,30.069787979125977,33.008827209472656,-80.44692993164062
15.835451602935791,0,19.249177932739258,0.0023053393233567476,0.0,-9.913640022277832,2.01200008392334,2936.0,-0.0,0.0,20.00400161743164,0.0,0.022147493436932564,0.32862094044685364,9.142724990844727,-0.00014913640916347504,-0.0004900302737951279,0.00122773926705122,30.42354965209961,32.29895782470703,-79.42430114746094
15.855581521987915,0,19.249177932739258,0.0018914386164397001,0.0,-9.913640022277832,2.008000135421753,2944.0,-0.0,0.0,20.00800132751465,0.0,0.03411911427974701,0.3292195200920105,9.128957748413086,0.0001171845942735672,-0.0010226704180240631,-0.002367583103477955,30.069787979125977,33.36376190185547,-81.1286849975586
15.875810861587524,0,19.249177932739258,0.0015497665153816342,0.0,-9.913640022277832,2.008000135421753,2960.0,-0.0,0.0,20.016000747680664,0.0,0.06045667454600334,0.3274237811565399,9.166667938232422,-0.00028229691088199615,-0.0020879507064819336,0.0018935389816761017,31.48483657836914,34.42856216430664,-79.76517486572266
15.896128177642822,0,19.249177932739258,0.0012735789641737938,0.0,-9.913640022277832,2.008000135421753,2936.0,-0.0,0.0,20.00800132751465,0.0,0.06823822855949402,0.3034805357456207,9.119379997253418,-0.0012144166976213455,-0.000889509916305542,-0.000636502169072628,31.307954788208008,34.960960388183594,-81.98087310791016
15.916290760040283,0,19.249177932739258,0.0010452446294948459,0.0,-9.913640022277832,2.01200008392334,2936.0,-0.0,0.0,20.00400161743164,0.0,0.04369640722870827,0.3004876375198364,9.15948486328125,-0.0014807377010583878,0.001640530303120613,-0.00010386202484369278,30.42354965209961,34.07362747192383,-81.1286849975586
15.936645984649658,0,19.249177932739258,0.0008578160777688026,0.0,-9.913640022277832,2.008000135421753,2940.0,-0.0,0.0,20.012001037597656,0.0,0.03292195126414299,0.28073444962501526,9.136140823364258,-0.0009480975568294525,0.0001757703721523285,-0.00023702159523963928,30.777311325073242,33.008827209472656,-80.44692993164062
15.956801414489746,0,19.249177932739258,0.0007037775940261781,0.0,-9.913640022277832,2.004000186920166,2940.0,-0.0,0.0,20.032001495361328,0.0,0.03531627357006073,0.24900966882705688,9.148711204528809,-0.002146538347005844,-0.0007563512772321701,0.0010945787653326988,30.600431442260742,34.251094818115234,-80.2764892578125
15.977161169052124,0,19.249177932739258,0.0005764007801190019,0.0,-9.913640022277832,2.01200008392334,2960.0,-0.0,0.0,20.00400161743164,0.0,0.05985809117555618,0.2603827118873596,9.111000061035156,-0.0026791784912347794,-0.00022371113300323486,0.00016245804727077484,31.661718368530273,32.83135986328125,-80.61737060546875
15.997326612472534,0,19.249177932739258,0.00047377098235301673,0.0,-9.913640022277832,2.01200008392334,2940.0,-0.0,0.0,20.00400161743164,0.0,0.0580623485147953,0.22267210483551025,9.151703834533691,-0.0004154574126005173,-0.0011558309197425842,0.0006950991228222847,31.661718368530273,33.89616012573242,-79.59473419189453
16.017521858215332,0,19.249177932739258,0.00038880037027411163,0.0,-9.913640022277832,2.008000135421753,2944.0,-0.0,0.0,20.00400161743164,0.0,0.054470863193273544,0.22386926412582397,9.127161979675293,-0.0008149370551109314,0.001640530303120613,-0.00023702159523963928,29.716026306152344,34.42856216430664,-79.76517486572266
16.03787350654602,0,19.249177932739258,0.0003190442221239209,0.0,-9.913640022277832,2.01200008392334,2940.0,-0.0,0.0,20.00400161743164,0.0,0.026936141774058342,0.22087636590003967,9.140929222106934,-0.0008149370551109314,0.0004420895129442215,0.0009614191949367523,30.777311325073242,33.718692779541016,-80.44692993164062
16.05801558494568,0,19.249177932739258,0.0002618338621687144,0.0,-9.913640022277832,2.004000186920166,2936.0,-0.0,0.0,20.032001495361328,0.0,0.051477961242198944,0.19633454084396362,9.130154609680176,-0.0008149370551109314,-0.00035686977207660675,-0.0018349429592490196,30.954193115234375,33.54122543334961,-79.25386047363281
16.078383207321167,0,19.249177932739258,0.00021443642617668957,0.0,-9.913640022277832,2.01200008392334,2968.0,-0.0,0.0,20.012001037597656,0.0,0.04309782758355141,0.19753170013427734,9.155295372009277,-0.0009480975568294525,-0.0011558309197425842,-0.0003701820969581604,32.36924362182617,33.89616012573242,-80.2764892578125
16.098571062088013,0,19.249177932739258,0.00017625543114263564,0.0,-9.913640022277832,2.01200008392334,2940.0,-0.0,0.0,20.016000747680664,0.0,0.03471769392490387,0.17538420855998993,9.150506973266602,-0.0014807377010583878,0.0004420895129442215,-0.000636502169072628,29.892906188964844,33.89616012573242,-80.95824432373047
16.118709802627563,0,19.249177932739258,0.00014371999714057893,0.0,-9.913640022277832,2.01200008392334,3012.0,-0.0,0.0,20.00800132751465,0.0,0.044893570244312286,0.16341258585453033,9.160083770751953,-0.0010812561959028244,0.0003089308738708496,-0.00023702159523963928,30.42354965209961,34.07362747192383,-80.78780364990234
16.139086723327637,0,19.249177932739258,0.00011867947614518926,0.0,-9.913640022277832,2.01200008392334,2944.0,-0.0,0.0,20.00800132751465,0.0,0.01436594221740961,0.1610182672739029,9.158886909484863,-0.0010812561959028244,-0.0010226704180240631,-0.00023702159523963928,30.600431442260742,33.54122543334961,-80.61737060546875
16.159258604049683,0,19.249177932739258,9.737930668052286e-05,0.0,-9.913640022277832,2.0160000324249268,2940.0,-0.0,0.0,20.00400161743164,0.0,0.04190066456794739,0.16341258585453033,9.137337684631348,0.0002503432333469391,0.0009747296571731567,0.0017603794112801552,30.777311325073242,34.42856216430664,-80.10604858398438
16.17958974838257,0,19.249177932739258,7.979469955898821e-05,0.0,-9.913640022277832,2.01200008392334,2960.0,-0.0,0.0,20.00400161743164,0.0,0.03232337161898613,0.1861586719751358,9.137337684631348,-0.00028229691088199615,-0.00022371113300323486,-0.00010386202484369278,30.069787979125977,31.589092254638672,-80.44692993164062
16.199772596359253,0,19.249177932739258,6.558724271599203e-05,0.0,-9.913640022277832,2.004000186920166,2944.0,-0.0,0.0,20.016000747680664,0.0,0.051477961242198944,0.15144097805023193,9.133148193359375,-0.0008149370551109314,0.0009747296571731567,0.00016245804727077484,31.48483657836914,34.78349304199219,-80.78780364990234
16.219922304153442,0,19.249177932739258,5.348659396986477e-05,0.0,-9.913640022277832,2.01200008392334,3088.0,-0.0,0.0,20.00400161743164,0.0,0.03771059960126877,0.15682820975780487,9.128358840942383,-0.0009480975568294525,-9.055063128471375e-05,-0.0014354623854160309,32.72300338745117,33.18629455566406,-80.61737060546875
16.24032187461853,0,19.249177932739258,4.415724833961576e-05,0.0,-9.913640022277832,2.008000135421753,2940.0,-0.0,0.0,20.00400161743164,0.0,0.03890775889158249,0.169996976852417,9.142724990844727,-0.0018802173435688019,-9.055063128471375e-05,-0.0017017824575304985,31.661718368530273,33.89616012573242,-80.61737060546875
16.26062273979187,0,19.249177932739258,3.624192686402239e-05,0.0,-9.913640022277832,2.008000135421753,2940.0,-0.0,0.0,20.020000457763672,0.0,0.053872283548116684,0.17179273068904877,9.143921852111816,-0.0008149370551109314,-0.000889509916305542,2.929847687482834e-05,32.015480041503906,31.766559600830078,-80.95824432373047
16.280760049819946,0,19.249177932739258,2.96813523164019e-05,0.0,-9.913640022277832,2.01200008392334,2968.0,-0.0,0.0,20.012001037597656,0.0,0.049682218581438065,0.19034872949123383,9.160682678222656,-0.0009480975568294525,4.260987043380737e-05,2.929847687482834e-05,30.24666976928711,33.54122543334961,-80.61737060546875
16.3011257648468,0,19.249177932739258,2.439559466438368e-05,0.0,-9.913640022277832,2.008000135421753,2948.0,-0.0,0.0,20.00800132751465,0.0,0.04190066456794739,0.17777854204177856,9.130753517150879,-0.0017470568418502808,-0.0007563512772321701,0.0010945787653326988,30.24666976928711,33.18629455566406,-79.93561553955078
16.32127833366394,0,19.249177932739258,1.9912980860681273e-05,0.0,-9.913640022277832,2.008000135421753,3052.0,-0.0,0.0,20.012001037597656,0.0,0.04010492190718651,0.19274306297302246,9.149908065795898,-0.0017470568418502808,-0.000889509916305542,-0.00023702159523963928,29.892906188964844,33.54122543334961,-80.61737060546875
16.341492176055908,0,19.249177932739258,1.642760071263183e-05,0.0,-9.913640022277832,2.008000135421753,2944.0,-0.0,0.0,20.00400161743164,0.0,0.016760265454649925,0.1921444833278656,9.128957748413086,-0.0014807377010583878,-9.055063128471375e-05,-0.00023702159523963928,30.600431442260742,33.89616012573242,-80.2764892578125
16.36164689064026,0,19.249177932739258,1.3480259440257214e-05,0.0,-9.913640022277832,2.008000135421753,2944.0,-0.0,0.0,20.00800132751465,0.0,0.052076540887355804,0.19753170013427734,9.134345054626465,-0.0014807377010583878,4.260987043380737e-05,-0.0005033416673541069,29.716026306152344,35.138427734375,-80.78780364990234
16.381959915161133,0,19.249177932739258,1.1061281838919967e-05,0.0,-9.913640022277832,2.008000135421753,2940.0,-0.0,0.0,20.012001037597656,0.0,0.025738980621099472,0.20651042461395264,9.158886909484863,-0.0012144166976213455,4.260987043380737e-05,0.00042877811938524246,30.24666976928711,33.18629455566406,-80.2764892578125
16.402315855026245,0,19.249177932739258,9.077446520677768e-06,0.0,-9.913640022277832,2.004000186920166,2944.0,-0.0,0.0,20.00800132751465,0.0,0.053273703902959824,0.20591184496879578,9.151703834533691,0.0007829833775758743,-0.000623190775513649,0.001627218909561634,31.307954788208008,32.47642517089844,-81.29911804199219
16.422472715377808,0,19.249177932739258,7.426236606988823e-06,0.0,-9.913640022277832,2.01200008392334,2984.0,-0.0,0.0,20.00400161743164,0.0,0.06644248217344284,0.20890474319458008,9.11040210723877,-0.0009480975568294525,-9.055063128471375e-05,0.00042877811938524246,31.838598251342773,32.653892517089844,-80.78780364990234
16.442681550979614,0,19.249177932739258,6.112219125498086e-06,0.0,-9.913640022277832,2.01200008392334,2944.0,-0.0,0.0,20.00400161743164,0.0,0.04429498687386513,0.2071090042591095,9.116387367248535,-1.597590744495392e-05,-0.00035686977207660675,-0.0018349429592490196,30.600431442260742,34.251094818115234,-79.93561553955078
16.463024377822876,0,19.249177932739258,4.996215466235299e-06,0.0,-9.913640022277832,2.01200008392334,2948.0,-0.0,0.0,20.016000747680664,0.0,0.04549214988946915,0.22327068448066711,9.133148193359375,0.0007829833775758743,0.0009747296571731567,-0.0010359827429056168,30.600431442260742,33.89616012573242,-79.59473419189453
16.48317551612854,0,19.249177932739258,4.115835963602876e-06,0.0,-9.913640022277832,2.01200008392334,2944.0,-0.0,0.0,20.00800132751465,0.0,0.02753472328186035,0.20890474319458008,9.152900695800781,-0.0004154574126005173,0.0005752500146627426,-0.0010359827429056168,31.48483657836914,33.718692779541016,-80.78780364990234
16.50353980064392,0,19.249177932739258,3.3776730106183095e-06,0.0,-9.913640022277832,2.004000186920166,2944.0,-0.0,0.0,20.032001495361328,0.0,0.05686518922448158,0.2202777862548828,9.14571762084961,-0.0009480975568294525,-0.000623190775513649,0.00016245804727077484,29.892906188964844,34.251094818115234,-80.95824432373047
16.523670196533203,0,19.249177932739258,2.766132183751324e-06,0.0,-9.913640022277832,2.01200008392334,2960.0,-0.0,0.0,20.00400161743164,0.0,0.03471769392490387,0.21129906177520752,9.072690963745117,-0.0025460179895162582,0.0007084105163812637,0.0009614191949367523,29.362262725830078,33.008827209472656,-81.1286849975586
16.543886423110962,0,19.249177932739258,2.273880681968876e-06,0.0,-9.913640022277832,2.01200008392334,2940.0,-0.0,0.0,20.00400161743164,0.0,0.050879377871751785,0.20591184496879578,9.138534545898438,-0.00028229691088199615,0.0001757703721523285,-0.00010386202484369278,30.069787979125977,32.29895782470703,-80.78780364990234
16.564221382141113,0,19.249177932739258,1.865483000074164e-06,0.0,-9.913640022277832,2.008000135421753,2948.0,-0.0,0.0,20.00400161743164,0.0,0.02753472328186035,0.19992603361606598,9.116986274719238,-0.002279696986079216,-0.000889509916305542,0.00016245804727077484,29.716026306152344,34.07362747192383,-80.10604858398438
16.58438277244568,0,19.249177932739258,1.531085217720829e-06,0.0,-9.913640022277832,2.008000135421753,2936.0,-0.0,0.0,20.00400161743164,0.0,0.04190066456794739,0.1921444833278656,9.155295372009277,-0.0009480975568294525,0.0008415710180997849,-0.0005033416673541069,30.954193115234375,33.18629455566406,-80.2764892578125
16.604743003845215,0,19.249177932739258,1.2561417861434165e-06,0.0,-9.913640022277832,2.0240001678466797,2944.0,-0.0,0.0,20.02800178527832,0.0,0.03771059960126877,0.2011231929063797,9.148711204528809,-0.0017470568418502808,0.0005752500146627426,0.00016245804727077484,32.015480041503906,33.54122543334961,-79.93561553955078
16.624873399734497,0,19.249177932739258,1.0294663752574706e-06,0.0,-9.913640022277832,2.008000135421753,2952.0,-0.0,0.0,20.00400161743164,0.0,0.03711201623082161,0.19453880190849304,9.127161979675293,-0.00028229691088199615,-0.000623190775513649,-0.001968102529644966,31.838598251342773,33.008827209472656,-79.76517486572266
16.645084857940674,0,19.249177932739258,8.459718401354621e-07,0.0,-9.913640022277832,2.008000135421753,2936.0,-0.0,0.0,20.00800132751465,0.0,0.025738980621099472,0.1981302797794342,9.151104927062988,0.001715105026960373,0.0003089308738708496,-0.00010386202484369278,30.600431442260742,34.251094818115234,-80.95824432373047
16.66539239883423,0,19.249177932739258,6.938950036783353e-07,0.0,-9.913640022277832,2.008000135421753,2940.0,-0.0,0.0,20.012001037597656,0.0,0.03112620860338211,0.1831657588481903,9.169661521911621,0.0002503432333469391,0.00137421116232872,2.929847687482834e-05,30.24666976928711,33.89616012573242,-80.61737060546875
16.68555974960327,0,19.249177932739258,5.695986260434438e-07,0.0,-9.913640022277832,2.004000186920166,2940.0,-0.0,0.0,20.012001037597656,0.0,0.052076540887355804,0.1771799474954605,9.134943962097168,-0.0004154574126005173,-9.055063128471375e-05,0.00122773926705122,30.600431442260742,33.89616012573242,-79.59473419189453
16.705939531326294,0,19.249177932739258,4.6735149794585595e-07,0.0,-9.913640022277832,2.008000135421753,2944.0,-0.0,0.0,20.00400161743164,0.0,0.053273703902959824,0.19334164261817932,9.16247844696045,0.0002503432333469391,4.260987043380737e-05,0.0008282586932182312,30.42354965209961,34.42856216430664,-81.1286849975586
16.726086378097534,0,19.249177932739258,3.8306035321511445e-07,0.0,-9.913640022277832,2.008000135421753,2948.0,-0.0,0.0,20.00800132751465,0.0,0.03591485694050789,0.19753170013427734,9.168463706970215,-0.0016138982027769089,-0.00022371113300323486,2.929847687482834e-05,32.36924362182617,33.89616012573242,-80.61737060546875
16.74646282196045,0,19.249177932739258,3.147095810618339e-07,0.0,-9.913640022277832,2.01200008392334,2944.0,-0.0,0.0,20.00400161743164,0.0,0.022746074944734573,0.1951373815536499,9.132549285888672,-0.00014913640916347504,0.0005752500146627426,0.0009614191949367523,30.24666976928711,33.18629455566406,-80.95824432373047
16.76660442352295,0,19.249177932739258,2.5827668537203863e-07,0.0,-9.913640022277832,2.01200008392334,2940.0,-0.0,0.0,20.012001037597656,0.0,0.04249924421310425,0.20531325042247772,9.147513389587402,-0.0006817765533924103,0.0005752500146627426,0.0008282586932182312,29.53914451599121,32.83135986328125,-80.95824432373047
16.78678822517395,0,19.249177932739258,2.1192197152686276e-07,0.0,-9.913640022277832,2.01200008392334,2940.0,-0.0,0.0,20.012001037597656,0.0,0.04130208492279053,0.21369339525699615,9.105612754821777,0.0002503432333469391,0.0005752500146627426,-0.0005033416673541069,30.42354965209961,33.36376190185547,-81.46955871582031
16.807109355926514,0,19.249177932739258,1.7388686046615476e-07,0.0,-9.913640022277832,2.01200008392334,2940.0,-0.0,0.0,20.00400161743164,0.0,0.04369640722870827,0.21369339525699615,9.143921852111816,0.0006498247385025024,0.0005752500146627426,-0.00023702159523963928,30.42354965209961,34.07362747192383,-79.76517486572266
16.82731318473816,0,19.249177932739258,1.4246415958041325e-07,0.0,-9.913640022277832,2.008000135421753,2952.0,-0.0,0.0,20.012001037597656,0.0,0.03531627357006073,0.19034872949123383,9.131950378417969,-0.0005486160516738892,-9.055063128471375e-05,0.00122773926705122,30.954193115234375,33.18629455566406,-80.95824432373047
16.84765863418579,0,19.249177932739258,1.170980823417267e-07,0.0,-9.913640022277832,2.008000135421753,2940.0,-0.0,0.0,20.012001037597656,0.0,0.052675120532512665,0.21249623596668243,9.135541915893555,-0.0004154574126005173,0.0005752500146627426,-0.0005033416673541069,31.307954788208008,33.89616012573242,-79.59473419189453
16.867839813232422,0,19.249177932739258,9.607432360780876e-08,0.0,-9.913640022277832,2.008000135421753,2944.0,-0.0,0.0,20.012001037597656,0.0,0.02992904558777809,0.21189764142036438,9.150506973266602,0.0009161438792943954,0.0004420895129442215,2.929847687482834e-05,30.069787979125977,33.718692779541016,-79.76517486572266
16.888105154037476,0,19.249177932739258,7.8849616613752e-08,0.0,-9.913640022277832,2.01200008392334,2940.0,-0.0,0.0,20.00400161743164,0.0,0.05746376886963844,0.21788345277309418,9.141528129577637,-0.0005486160516738892,0.0003089308738708496,-0.0005033416673541069,31.307954788208008,34.60602951049805,-80.95824432373047
16.908341884613037,0,19.249177932739258,6.46903615120209e-08,0.0,-9.913640022277832,2.0280001163482666,2940.0,-0.0,0.0,20.016000747680664,0.0,0.051477961242198944,0.20232035219669342,9.142126083374023,-0.0008149370551109314,4.260987043380737e-05,0.00029561854898929596,30.069787979125977,33.718692779541016,-80.78780364990234
16.928518772125244,0,19.249177932739258,5.299833460981063e-08,0.0,-9.913640022277832,2.008000135421753,2960.0,-0.0,0.0,20.012001037597656,0.0,0.020950332283973694,0.1981302797794342,9.129556655883789,-0.0013475771993398666,-0.00022371113300323486,0.00029561854898929596,30.42354965209961,33.008827209472656,-81.46955871582031
16.948893070220947,0,19.249177932739258,4.356015637085875e-08,0.0,-9.913640022277832,2.01200008392334,2940.0,-0.0,0.0,20.00800132751465,0.0,0.02933046594262123,0.2071090042591095,9.138534545898438,0.0007829833775758743,0.0001757703721523285,0.00016245804727077484,30.777311325073242,33.718692779541016,-81.81044006347656
16.96907091140747,0,19.249177932739258,3.5628502814688545e-08,0.0,-9.913640022277832,2.01200008392334,3032.0,-0.0,0.0,20.012001037597656,0.0,0.046689312905073166,0.19932745397090912,9.1253662109375,-0.0009480975568294525,0.00137421116232872,-0.0003701820969581604,30.42354965209961,35.848297119140625,-80.44692993164062
16.989243745803833,0,19.249177932739258,2.933456499931708e-08,0.0,-9.913640022277832,2.01200008392334,2940.0,-0.0,0.0,20.00400161743164,0.0,0.016161685809493065,0.1771799474954605,9.161280632019043,-0.0004154574126005173,-9.055063128471375e-05,0.0005619386211037636,29.716026306152344,34.07362747192383,-80.10604858398438
17.009568214416504,0,19.249177932739258,2.406970089907645e-08,0.0,-9.913640022277832,2.0240001678466797,2940.0,-0.0,0.0,20.00400161743164,0.0,0.049083635210990906,0.180172860622406,9.149908065795898,-0.0005486160516738892,0.0001757703721523285,0.00029561854898929596,31.838598251342773,34.78349304199219,-80.78780364990234
17.029707193374634,0,19.249177932739258,1.9728558342535507e-08,0.0,-9.913640022277832,2.01200008392334,2956.0,-0.0,0.0,20.016000747680664,0.0,0.04190066456794739,0.21189764142036438,9.134345054626465,0.0005166642367839813,0.0004420895129442215,-0.0005033416673541069,30.24666976928711,34.60602951049805,-79.93561553955078
17.05008625984192,0,19.249177932739258,1.620900391685609e-08,0.0,-9.913640022277832,2.01200008392334,2940.0,-0.0,0.0,20.00400161743164,0.0,0.03711201623082161,0.20890474319458008,9.141528129577637,-0.00014913640916347504,-0.000623190775513649,0.0006950991228222847,31.307954788208008,34.251094818115234,-79.59473419189453
17.07023787498474,0,19.249177932739258,1.3217012373445414e-08,0.0,-9.913640022277832,2.008000135421753,3092.0,-0.0,0.0,20.00800132751465,0.0,0.03232337161898613,0.2071090042591095,9.174449920654297,0.0002503432333469391,-9.055063128471375e-05,-0.0005033416673541069,29.362262725830078,33.008827209472656,-80.10604858398438
17.090586185455322,0,19.249177932739258,1.091248247320209e-08,0.0,-9.913640022277832,2.008000135421753,2948.0,-0.0,0.0,20.00400161743164,0.0,0.0305276270955801,0.1891515702009201,9.121175765991211,0.0010493043810129166,-0.0004900302737951279,-0.0007696617394685745,29.362262725830078,33.008827209472656,-79.08341979980469
17.11076593399048,0,19.249177932739258,8.95636809161715e-09,0.0,-9.913640022277832,2.004000186920166,2940.0,-0.0,0.0,20.012001037597656,0.0,0.049682218581438065,0.22087636590003967,9.148711204528809,-0.0008149370551109314,0.0007084105163812637,0.00029561854898929596,31.48483657836914,32.29895782470703,-79.76517486572266
17.130917072296143,0,19.249177932739258,7.336498075716236e-09,0.0,-9.913640022277832,2.01200008392334,2964.0,-0.0,0.0,20.012001037597656,0.0,0.04429498687386513,0.1819685995578766,9.151703834533691,-0.0008149370551109314,-0.00035686977207660675,-0.00010386202484369278,30.777311325073242,34.07362747192383,-78.060791015625
17.1512930393219,0,19.249177932739258,6.030923760391715e-09,0.0,-9.913640022277832,2.01200008392334,2944.0,-0.0,0.0,20.00800132751465,0.0,0.052675120532512665,0.20351751148700714,9.13793659210205,-0.0006817765533924103,-0.0004900302737951279,-0.00010386202484369278,30.600431442260742,33.89616012573242,-80.61737060546875
17.17141103744507,0,19.249177932739258,4.925400087785192e-09,0.0,-9.913640022277832,2.01200008392334,3040.0,-0.0,0.0,20.00400161743164,0.0,0.050280798226594925,0.20531325042247772,9.134943962097168,-0.002279696986079216,-0.0010226704180240631,-0.00010386202484369278,31.661718368530273,32.47642517089844,-79.93561553955078
17.19177532196045,0,19.249177932739258,4.060785929738131e-09,0.0,-9.913640022277832,2.01200008392334,2940.0,-0.0,0.0,20.00400161743164,0.0,0.04070350155234337,0.22147494554519653,9.149309158325195,-0.00014913640916347504,0.001241050660610199,0.0013608988374471664,31.307954788208008,33.54122543334961,-80.61737060546875
17.211945295333862,0,19.249177932739258,3.3318281467131783e-09,0.0,-9.913640022277832,2.008000135421753,2940.0,-0.0,0.0,20.00400161743164,0.0,0.051477961242198944,0.1741870492696762,9.136738777160645,0.0006498247385025024,-0.00022371113300323486,0.0005619386211037636,30.954193115234375,33.89616012573242,-81.29911804199219
17.232091903686523,0,19.249177932739258,2.7349023046241427e-09,0.0,-9.913640022277832,2.008000135421753,2944.0,-0.0,0.0,20.00800132751465,0.0,0.04369640722870827,0.18795441091060638,9.116387367248535,-0.0004154574126005173,-0.0004900302737951279,-0.000636502169072628,31.131074905395508,33.008827209472656,-79.42430114746094
17.252490520477295,0,19.249177932739258,2.243963681536343e-09,0.0,-9.913640022277832,2.0160000324249268,2940.0,-0.0,0.0,20.012001037597656,0.0,0.021548913791775703,0.20651042461395264,9.122373580932617,-0.0005486160516738892,0.0001757703721523285,0.00042877811938524246,30.777311325073242,32.29895782470703,-81.1286849975586
17.272611141204834,0,19.249177932739258,1.8367800613816598e-09,0.0,-9.913640022277832,2.01200008392334,2992.0,-0.0,0.0,20.016000747680664,0.0,0.047287892550230026,0.19094730913639069,9.094240188598633,-0.0009480975568294525,0.0015073716640472412,-0.0011691423133015633,31.661718368530273,33.54122543334961,-80.95824432373047
17.29297637939453,0,19.249177932739258,1.5109002937663263e-09,0.0,-9.913640022277832,2.01200008392334,2936.0,-0.0,0.0,20.012001037597656,0.0,0.03352053090929985,0.19753170013427734,9.147513389587402,-0.0012144166976213455,-0.000623190775513649,-0.0010359827429056168,30.777311325073242,33.008827209472656,-81.1286849975586
17.313120126724243,0,19.249177932739258,1.2377392444307134e-09,0.0,-9.913640022277832,2.01200008392334,2944.0,-0.0,0.0,20.00400161743164,0.0,0.024541817605495453,0.20651042461395264,9.109803199768066,0.0003835037350654602,0.00137421116232872,-0.00023702159523963928,30.24666976928711,33.18629455566406,-80.61737060546875
17.333511352539062,0,19.249177932739258,1.0174758813263907e-09,0.0,-9.913640022277832,2.01200008392334,2940.0,-0.0,0.0,20.00400161743164,0.0,0.011971618980169296,0.1951373815536499,9.131352424621582,-0.0008149370551109314,-0.00022371113300323486,0.0008282586932182312,31.661718368530273,33.89616012573242,-79.93561553955078
17.35367488861084,0,19.249177932739258,8.349945734842379e-10,0.0,-9.913640022277832,2.008000135421753,2948.0,-0.0,0.0,20.016000747680664,0.0,0.05866093188524246,0.1921444833278656,9.128957748413086,0.0006498247385025024,-0.0004900302737951279,-0.00023702159523963928,30.42354965209961,32.653892517089844,-80.78780364990234
17.37383198738098,0,19.249177932739258,6.839496746735563e-10,0.0,-9.913640022277832,2.01200008392334,2960.0,-0.0,0.0,20.016000747680664,0.0,0.03711201623082161,0.21070048213005066,9.147513389587402,0.0010493043810129166,0.0003089308738708496,-0.0003701820969581604,30.42354965209961,33.008827209472656,-81.1286849975586
17.394195795059204,0,19.249177932739258,5.620838239295267e-10,0.0,-9.913640022277832,2.01200008392334,2944.0,-0.0,0.0,20.012001037597656,0.0,0.049083635210990906,0.2160877138376236,9.163675308227539,-0.0008149370551109314,0.0004420895129442215,-0.00023702159523963928,29.362262725830078,34.07362747192383,-80.10604858398438
17.414339065551758,0,19.249177932739258,4.6120302021890325e-10,0.0,-9.913640022277832,2.01200008392334,2944.0,-0.0,0.0,20.00800132751465,0.0,0.04070350155234337,0.19693312048912048,9.15948486328125,-0.0008149370551109314,0.0004420895129442215,-0.0010359827429056168,28.831619262695312,36.025760650634766,-79.59473419189453
17.434712171554565,0,19.249177932739258,3.784864366362939e-10,0.0,-9.913640022277832,2.004000186920166,2944.0,-0.0,0.0,20.012001037597656,0.0,0.03232337161898613,0.18556009232997894,9.146915435791016,-0.0006817765533924103,0.0005752500146627426,-0.0007696617394685745,31.307954788208008,33.18629455566406,-80.95824432373047
17.454880952835083,0,19.249177932739258,3.105814216919356e-10,0.0,-9.913640022277832,2.004000186920166,2940.0,-0.0,0.0,20.02800178527832,0.0,0.04429498687386513,0.22147494554519653,9.154696464538574,-0.0005486160516738892,-9.055063128471375e-05,0.00122773926705122,30.24666976928711,33.18629455566406,-81.63999938964844
17.475101470947266,0,19.249177932739258,2.544091326495135e-10,0.0,-9.913640022277832,2.01200008392334,2956.0,-0.0,0.0,20.00800132751465,0.0,0.051477961242198944,0.204116091132164,9.135541915893555,0.0001171845942735672,0.0007084105163812637,-0.0022344226017594337,31.307954788208008,32.12149429321289,-80.61737060546875
17.49541974067688,0,19.249177932739258,2.0907861553176588e-10,0.0,-9.913640022277832,2.008000135421753,2940.0,-0.0,0.0,20.00400161743164,0.0,0.04429498687386513,0.20830616354942322,9.140929222106934,-0.0004154574126005173,-0.0007563512772321701,0.00016245804727077484,30.954193115234375,33.18629455566406,-80.95824432373047
17.5155827999115,0,19.249177932739258,1.715333847185363e-10,0.0,-9.913640022277832,2.008000135421753,2940.0,-0.0,0.0,20.012001037597656,0.0,0.047886475920677185,0.1951373815536499,9.136140823364258,-0.0014807377010583878,-0.00022371113300323486,0.00029561854898929596,30.069787979125977,33.36376190185547,-79.08341979980469
17.535913705825806,0,19.249177932739258,1.4078511967330343e-10,0.0,-9.913640022277832,2.008000135421753,2940.0,-0.0,0.0,20.00400161743164,0.0,0.052076540887355804,0.21129906177520752,9.161280632019043,-0.0013475771993398666,0.0011078901588916779,-0.00023702159523963928,31.661718368530273,34.251094818115234,-79.25386047363281
17.556167602539062,0,19.249177932739258,1.1552631073996622e-10,0.0,-9.913640022277832,2.01200008392334,2940.0,-0.0,0.0,20.00800132751465,0.0,0.052675120532512665,0.19753170013427734,9.174449920654297,-0.0008149370551109314,0.001241050660610199,0.00016245804727077484,30.24666976928711,33.54122543334961,-80.61737060546875
17.57632303237915,0,19.249177932739258,9.465376399342418e-11,0.0,-9.913640022277832,2.008000135421753,2964.0,-0.0,0.0,20.00400161743164,0.0,0.02992904558777809,0.19453880190849304,9.152302742004395,-0.0008149370551109314,-0.00022371113300323486,0.0005619386211037636,31.661718368530273,35.315895080566406,-79.25386047363281
17.59663701057434,0,19.249177932739258,7.780354832620517e-11,0.0,-9.913640022277832,2.01200008392334,2944.0,-0.0,0.0,20.00800132751465,0.0,0.06045667454600334,0.21489055454730988,9.161879539489746,-0.00014913640916347504,0.0003089308738708496,2.929847687482834e-05,31.131074905395508,33.36376190185547,-80.44692993164062
17.616806030273438,0,19.249177932739258,6.347877085088882e-11,0.0,-9.913640022277832,2.01200008392334,2952.0,-0.0,0.0,20.012001037597656,0.0,0.050879377871751785,0.22267210483551025,9.143921852111816,-0.002279696986079216,0.0004420895129442215,0.00042877811938524246,32.015480041503906,33.54122543334961,-79.93561553955078
17.63716173171997,0,19.249177932739258,5.237815042802296e-11,0.0,-9.913640022277832,2.008000135421753,2944.0,-0.0,0.0,20.00800132751465,0.0,0.051477961242198944,0.20890474319458008,9.118782043457031,-0.0014807377010583878,-0.00022371113300323486,0.00042877811938524246,32.36924362182617,33.18629455566406,-80.2764892578125
17.657347440719604,0,19.249177932739258,4.298752673270734e-11,0.0,-9.913640022277832,2.004000186920166,2940.0,-0.0,0.0,20.00800132751465,0.0,0.03411911427974701,0.21129906177520752,9.15948486328125,0.0001171845942735672,4.260987043380737e-05,0.00042877811938524246,32.015480041503906,32.83135986328125,-80.61737060546875
17.677521467208862,0,19.249177932739258,3.520855482164187e-11,0.0,-9.913640022277832,2.008000135421753,2964.0,-0.0,0.0,20.00800132751465,0.0,0.0580623485147953,0.18675725162029266,9.10740852355957,-0.0009480975568294525,0.0009747296571731567,-0.0010359827429056168,29.716026306152344,35.848297119140625,-79.76517486572266
17.697883367538452,0,19.249177932739258,2.894294179323076e-11,0.0,-9.913640022277832,2.008000135421753,2944.0,-0.0,0.0,20.012001037597656,0.0,0.046689312905073166,0.19633454084396362,9.132549285888672,-0.0013475771993398666,0.0009747296571731567,-0.00010386202484369278,32.72300338745117,33.18629455566406,-80.61737060546875
17.718098878860474,0,19.249177932739258,2.3735610699127108e-11,0.0,-9.913640022277832,2.008000135421753,2964.0,-0.0,0.0,20.00800132751465,0.0,0.03591485694050789,0.20351751148700714,9.13913345336914,-0.0016138982027769089,-0.000889509916305542,0.0005619386211037636,29.716026306152344,33.718692779541016,-80.10604858398438
17.738280773162842,0,19.249177932739258,1.9488377925314104e-11,0.0,-9.913640022277832,2.008000135421753,2940.0,-0.0,0.0,20.00400161743164,0.0,0.03232337161898613,0.19932745397090912,9.116986274719238,-0.0006817765533924103,0.0004420895129442215,-0.0013023028150200844,31.48483657836914,33.718692779541016,-82.15131378173828
17.75861096382141,0,19.249177932739258,1.599565618848331e-11,0.0,-9.913640022277832,2.004000186920166,2940.0,-0.0,0.0,20.012001037597656,0.0,0.02933046594262123,0.20531325042247772,9.133148193359375,0.0001171845942735672,-0.0010226704180240631,0.0006950991228222847,30.777311325073242,32.653892517089844,-81.81044006347656
17.778775930404663,0,19.249177932739258,1.3102108807616641e-11,0.0,-9.913640022277832,2.01200008392334,2956.0,-0.0,0.0,20.016000747680664,0.0,0.03591485694050789,0.204116091132164,9.134345054626465,-0.002013377845287323,0.0005752500146627426,0.00122773926705122,30.600431442260742,33.89616012573242,-79.93561553955078
17.799116134643555,0,19.249177932739258,1.0769263085463887e-11,0.0,-9.913640022277832,2.01200008392334,2936.0,-0.0,0.0,20.012001037597656,0.0,0.07063254714012146,0.1921444833278656,9.103219032287598,0.0003835037350654602,4.260987043380737e-05,-0.0003701820969581604,29.53914451599121,33.18629455566406,-80.61737060546875
17.819308519363403,0,19.249177932739258,8.802945351826796e-12,0.0,-9.913640022277832,2.01200008392334,3044.0,-0.0,0.0,20.016000747680664,0.0,0.051477961242198944,0.19453880190849304,9.149309158325195,0.0005166642367839813,-0.0004900302737951279,2.929847687482834e-05,30.24666976928711,34.251094818115234,-79.93561553955078
17.83951759338379,0,19.249177932739258,7.24896401585462e-12,0.0,-9.913640022277832,2.008000135421753,2948.0,-0.0,0.0,20.00400161743164,0.0,0.04429498687386513,0.20531325042247772,9.128957748413086,0.0003835037350654602,-0.0004900302737951279,-0.0005033416673541069,31.838598251342773,33.718692779541016,-80.78780364990234
17.85984492301941,0,19.249177932739258,5.9497827671617376e-12,0.0,-9.913640022277832,2.004000186920166,2936.0,-0.0,0.0,20.02800178527832,0.0,0.03651343658566475,0.1831657588481903,9.153499603271484,0.0007829833775758743,0.0008415710180997849,-0.0010359827429056168,30.777311325073242,33.718692779541016,-79.76517486572266
17.88003945350647,0,19.249177932739258,4.874049514685952e-12,0.0,-9.913640022277832,2.008000135421753,2956.0,-0.0,0.0,20.00800132751465,0.0,0.03830917924642563,0.19633454084396362,9.134943962097168,0.0002503432333469391,-0.0004900302737951279,0.00122773926705122,30.954193115234375,33.54122543334961,-79.59473419189453
17.900390148162842,0,19.249177932739258,4.005439209475714e-12,0.0,-9.913640022277832,2.008000135421753,2936.0,-0.0,0.0,20.012001037597656,0.0,0.019154589623212814,0.19992603361606598,9.14571762084961,-1.597590744495392e-05,0.0003089308738708496,-0.00010386202484369278,30.600431442260742,32.83135986328125,-79.93561553955078
17.920536279678345,0,19.249177932739258,3.265048387907088e-12,0.0,-9.913640022277832,2.008000135421753,3100.0,-0.0,0.0,20.012001037597656,0.0,0.02933046594262123,0.20890474319458008,9.142126083374023,0.0013156235218048096,0.001640530303120613,-0.000636502169072628,30.777311325073242,33.36376190185547,-80.44692993164062
17.940759420394897,0,19.249177932739258,2.69690216339602e-12,0.0,-9.913640022277832,2.01200008392334,2936.0,-0.0,0.0,20.016000747680664,0.0,0.03830917924642563,0.21848203241825104,9.173851013183594,-0.0013475771993398666,-0.000889509916305542,-0.0007696617394685745,29.716026306152344,33.718692779541016,-79.76517486572266
17.961138248443604,0,19.249177932739258,2.2133909288735154e-12,0.0,-9.913640022277832,2.004000186920166,2936.0,-0.0,0.0,20.02400016784668,0.0,0.0580623485147953,0.19154590368270874,9.14332389831543,-0.0006817765533924103,0.0007084105163812637,-0.0010359827429056168,31.131074905395508,31.94402503967285,-80.78780364990234
17.98127269744873,0,19.249177932739258,1.8132867169590172e-12,0.0,-9.913640022277832,2.008000135421753,2956.0,-0.0,0.0,20.012001037597656,0.0,0.044893570244312286,0.21728487312793732,9.14452075958252,-0.0013475771993398666,0.0008415710180997849,-0.0009028222411870956,30.777311325073242,33.718692779541016,-79.76517486572266
18.00163245201111,0,19.249177932739258,1.4897930979140828e-12,0.0,-9.913640022277832,2.008000135421753,2940.0,-0.0,0.0,20.012001037597656,0.0,0.03711201623082161,0.19932745397090912,9.11279582977295,-0.0006817765533924103,0.0001757703721523285,-0.0003701820969581604,30.954193115234375,33.18629455566406,-79.93561553955078
18.021801948547363,0,19.249177932739258,1.2172101434421156e-12,0.0,-9.913640022277832,2.01200008392334,3052.0,-0.0,0.0,20.00400161743164,0.0,0.02753472328186035,0.19932745397090912,9.1253662109375,-0.0004154574126005173,0.0004420895129442215,-0.0011691423133015633,31.131074905395508,34.78349304199219,-78.74254608154297
18.04199981689453,0,19.249177932739258,1.00315068751744e-12,0.0,-9.913640022277832,2.008000135421753,2944.0,-0.0,0.0,20.00400161743164,0.0,0.06464674323797226,0.19394022226333618,9.151104927062988,-0.0006817765533924103,0.0004420895129442215,0.0005619386211037636,30.600431442260742,33.54122543334961,-80.95824432373047
18.062330961227417,0,19.249177932739258,8.230431310443653e-13,0.0,-9.913640022277832,2.008000135421753,2944.0,-0.0,0.0,20.012001037597656,0.0,0.05985809117555618,0.204116091132164,9.096035957336426,-0.0016138982027769089,0.0007084105163812637,2.929847687482834e-05,30.777311325073242,32.653892517089844,-80.10604858398438
18.082518577575684,0,19.249177932739258,6.754818059062639e-13,0.0,-9.913640022277832,2.01200008392334,2944.0,-0.0,0.0,20.00400161743164,0.0,0.046689312905073166,0.18855299055576324,9.142724990844727,-0.0008149370551109314,-9.055063128471375e-05,0.00122773926705122,30.600431442260742,33.54122543334961,-79.93561553955078
18.10267663002014,0,19.249177932739258,5.542696293256433e-13,0.0,-9.913640022277832,2.008000135421753,2944.0,-0.0,0.0,20.016000747680664,0.0,0.052675120532512665,0.21369339525699615,9.143921852111816,-0.0004154574126005173,-0.000623190775513649,0.0010945787653326988,31.307954788208008,33.89616012573242,-79.93561553955078
18.123019218444824,0,19.249177932739258,4.541106260556177e-13,0.0,-9.913640022277832,2.01200008392334,2964.0,-0.0,0.0,20.00400161743164,0.0,0.04249924421310425,0.20830616354942322,9.122373580932617,-0.0010812561959028244,0.0001757703721523285,0.00016245804727077484,29.362262725830078,34.07362747192383,-79.42430114746094
18.14323091506958,0,19.249177932739258,3.732696118342871e-13,0.0,-9.913640022277832,2.008000135421753,2940.0,-0.0,0.0,20.012001037597656,0.0,0.04070350155234337,0.20471467077732086,9.13913345336914,-0.0010812561959028244,-0.0007563512772321701,2.929847687482834e-05,30.600431442260742,34.251094818115234,-81.29911804199219
18.163407802581787,0,19.249177932739258,3.063127551085343e-13,0.0,-9.913640022277832,2.01200008392334,2948.0,-0.0,0.0,20.00400161743164,0.0,0.05866093188524246,0.20291893184185028,9.164274215698242,-0.0014807377010583878,0.0001757703721523285,-0.00010386202484369278,30.069787979125977,33.36376190185547,-79.42430114746094
18.183730125427246,0,19.249177932739258,2.5133682027972393e-13,0.0,-9.913640022277832,2.008000135421753,2940.0,-0.0,0.0,20.00800132751465,0.0,0.04190066456794739,0.19633454084396362,9.152302742004395,-0.00014913640916347504,-0.0004900302737951279,0.0008282586932182312,32.192359924316406,34.78349304199219,-80.78780364990234
18.203907012939453,0,19.249177932739258,2.062438354865151e-13,0.0,-9.913640022277832,2.004000186920166,2948.0,-0.0,0.0,20.00400161743164,0.0,0.0550694465637207,0.19693312048912048,9.146915435791016,-0.00014913640916347504,4.260987043380737e-05,-0.00010386202484369278,31.131074905395508,34.42856216430664,-78.40166473388672
18.224263191223145,0,19.249177932739258,1.6905354611844448e-13,0.0,-9.913640022277832,2.008000135421753,2956.0,-0.0,0.0,20.012001037597656,0.0,0.049682218581438065,0.19394022226333618,9.130753517150879,-0.0008149370551109314,-0.0010226704180240631,-0.00010386202484369278,30.42354965209961,33.36376190185547,-80.10604858398438
18.244420528411865,0,19.249177932739258,1.3889447046926823e-13,0.0,-9.913640022277832,2.008000135421753,2936.0,-0.0,0.0,20.00400161743164,0.0,0.03711201623082161,0.21249623596668243,9.160083770751953,-0.002146538347005844,0.0011078901588916779,0.00042877811938524246,31.307954788208008,33.18629455566406,-79.25386047363281
18.264592170715332,0,19.249177932739258,1.1394383429407656e-13,0.0,-9.913640022277832,2.01200008392334,2944.0,-0.0,0.0,20.00800132751465,0.0,0.03531627357006073,0.2220735251903534,9.137337684631348,-0.002279696986079216,-0.00035686977207660675,-0.000636502169072628,29.362262725830078,33.36376190185547,-79.42430114746094
18.284948348999023,0,19.249177932739258,9.352239170807089e-14,0.0,-9.913640022277832,2.008000135421753,2936.0,-0.0,0.0,20.012001037597656,0.0,0.04070350155234337,0.20232035219669342,9.14452075958252,-0.0014807377010583878,-0.0011558309197425842,-0.00023702159523963928,30.954193115234375,33.18629455566406,-80.2764892578125
18.305155277252197,0,19.249177932739258,7.673431388997148e-14,0.0,-9.913640022277832,2.01200008392334,2944.0,-0.0,0.0,20.00400161743164,0.0,0.02933046594262123,0.21189764142036438,9.14033031463623,-0.0010812561959028244,0.0008415710180997849,2.929847687482834e-05,32.015480041503906,34.60602951049805,-79.93561553955078
18.325292825698853,0,19.249177932739258,6.287524212215956e-14,0.0,-9.913640022277832,2.008000135421753,2956.0,-0.0,0.0,20.012001037597656,0.0,0.03232337161898613,0.19274306297302246,9.139732360839844,-0.0008149370551109314,0.0005752500146627426,0.0008282586932182312,30.24666976928711,34.251094818115234,-79.59473419189453
18.345689058303833,0,19.249177932739258,5.1672160745076107e-14,0.0,-9.913640022277832,2.008000135421753,2940.0,-0.0,0.0,20.00400161743164,0.0,0.047287892550230026,0.18855299055576324,9.136140823364258,-0.00014913640916347504,0.0008415710180997849,0.0009614191949367523,30.42354965209961,33.36376190185547,-80.10604858398438
18.365851640701294,0,19.249177932739258,4.239982998488663e-14,0.0,-9.913640022277832,2.01200008392334,2944.0,-0.0,0.0,20.00800132751465,0.0,0.04249924421310425,0.20830616354942322,9.149908065795898,-0.0012144166976213455,0.0003089308738708496,0.0005619386211037636,30.069787979125977,35.848297119140625,-80.44692993164062
18.386221885681152,0,19.249177932739258,3.4794056877210724e-14,0.0,-9.913640022277832,2.01200008392334,2936.0,-0.0,0.0,20.00400161743164,0.0,0.04070350155234337,0.21189764142036438,9.146915435791016,-0.0016138982027769089,0.0001757703721523285,-0.000636502169072628,32.015480041503906,33.18629455566406,-79.93561553955078
18.40639567375183,0,19.249177932739258,2.8563824618294334e-14,0.0,-9.913640022277832,2.004000186920166,2940.0,-0.0,0.0,20.00800132751465,0.0,0.04429498687386513,0.18675725162029266,9.160083770751953,-0.0013475771993398666,0.0005752500146627426,-0.0005033416673541069,32.192359924316406,34.07362747192383,-80.10604858398438
18.42652726173401,0,19.249177932739258,2.3394182641425787e-14,0.0,-9.913640022277832,2.01200008392334,2964.0,-0.0,0.0,20.016000747680664,0.0,0.0580623485147953,0.19094730913639069,9.187020301818848,-0.00014913640916347504,-0.00022371113300323486,-0.0009028222411870956,31.838598251342773,33.36376190185547,-80.78780364990234
18.44692611694336,0,19.249177932739258,1.9225816617440654e-14,0.0,-9.913640022277832,2.008000135421753,2940.0,-0.0,0.0,20.012001037597656,0.0,0.053872283548116684,0.20291893184185028,9.166069984436035,-0.0012144166976213455,0.0005752500146627426,-0.0007696617394685745,31.307954788208008,34.960960388183594,-80.61737060546875
18.46707320213318,0,19.249177932739258,1.5727140252543188e-14,0.0,-9.913640022277832,2.01200008392334,2944.0,-0.0,0.0,20.016000747680664,0.0,0.04549214988946915,0.1981302797794342,9.133148193359375,-0.0012144166976213455,-0.000889509916305542,0.00016245804727077484,31.838598251342773,33.36376190185547,-80.78780364990234
18.487404584884644,0,19.249177932739258,1.2943339366337618e-14,0.0,-9.913640022277832,2.008000135421753,2944.0,-0.0,0.0,20.00800132751465,0.0,0.022147493436932564,0.20890474319458008,9.152900695800781,-0.0014807377010583878,0.0004420895129442215,0.0005619386211037636,30.777311325073242,33.36376190185547,-80.10604858398438
18.507588148117065,0,19.249177932739258,1.0619874628943395e-14,0.0,-9.913640022277832,2.0280001163482666,2940.0,-0.0,0.0,20.00800132751465,0.0,0.04010492190718651,0.21189764142036438,9.11159896850586,-0.002279696986079216,0.001640530303120613,0.0008282586932182312,30.954193115234375,33.54122543334961,-78.57210540771484
18.52859592437744,0,19.249177932739258,8.704877977835403e-15,0.0,-9.913640022277832,2.008000135421753,2968.0,-0.0,0.0,20.012001037597656,0.0,0.03890775889158249,0.20531325042247772,9.151104927062988,0.0009161438792943954,0.0003089308738708496,2.929847687482834e-05,31.307954788208008,33.18629455566406,-80.2764892578125
18.54893159866333,0,19.249177932739258,7.152487661117504e-15,0.0,-9.913640022277832,2.01200008392334,2948.0,-0.0,0.0,20.00800132751465,0.0,0.04130208492279053,0.1981302797794342,9.133746147155762,-0.0010812561959028244,-0.0010226704180240631,-0.00010386202484369278,30.42354965209961,33.718692779541016,-80.78780364990234
18.568275213241577,0,19.249177932739258,5.862263782453704e-15,0.0,-9.913640022277832,2.01200008392334,2972.0,-0.0,0.0,20.00800132751465,0.0,0.04130208492279053,0.2250664234161377,9.116986274719238,-0.0014807377010583878,0.0008415710180997849,-0.00023702159523963928,30.777311325073242,33.008827209472656,-81.46955871582031
18.58866238594055,0,19.249177932739258,4.8158752783159994e-15,0.0,-9.913640022277832,2.01200008392334,2944.0,-0.0,0.0,20.012001037597656,0.0,0.050280798226594925,0.19693312048912048,9.15948486328125,-0.0010812561959028244,-0.000623190775513649,0.0018935389816761017,31.661718368530273,33.18629455566406,-81.98087310791016
18.608795642852783,0,19.249177932739258,3.9516945725610094e-15,0.0,-9.913640022277832,2.004000186920166,2940.0,-0.0,0.0,20.016000747680664,0.0,0.024541817605495453,0.19274306297302246,9.145119667053223,0.0010493043810129166,-0.000623190775513649,2.929847687482834e-05,31.131074905395508,32.653892517089844,-81.1286849975586
18.62920570373535,0,19.249177932739258,3.2378622149436577e-15,0.0,-9.913640022277832,2.008000135421753,2952.0,-0.0,0.0,20.00800132751465,0.0,0.04609072953462601,0.20291893184185028,9.151104927062988,-0.0006817765533924103,0.0001757703721523285,0.0008282586932182312,32.192359924316406,33.008827209472656,-79.42430114746094
18.649312019348145,0,19.249177932739258,2.6610492950059506e-15,0.0,-9.913640022277832,2.01200008392334,2940.0,-0.0,0.0,20.00400161743164,0.0,0.04010492190718651,0.21548913419246674,9.123570442199707,-0.0013475771993398666,-0.000623190775513649,0.00016245804727077484,31.307954788208008,33.18629455566406,-79.93561553955078
18.66952657699585,0,19.249177932739258,2.173757804955893e-15,0.0,-9.913640022277832,2.008000135421753,3060.0,-0.0,0.0,20.00800132751465,0.0,0.03711201623082161,0.20890474319458008,9.14332389831543,-0.0016138982027769089,4.260987043380737e-05,-0.0005033416673541069,31.48483657836914,32.653892517089844,-80.78780364990234
18.689879894256592,0,19.249177932739258,1.7916868651961324e-15,0.0,-9.913640022277832,2.01200008392334,2944.0,-0.0,0.0,20.00400161743164,0.0,0.020950332283973694,0.19872887432575226,9.11040210723877,0.0002503432333469391,0.0003089308738708496,-0.0014354623854160309,29.716026306152344,34.42856216430664,-79.42430114746094
18.710031509399414,0,19.249177932739258,1.4705205589592716e-15,0.0,-9.913640022277832,2.008000135421753,2944.0,-0.0,0.0,20.00800132751465,0.0,0.03890775889158249,0.20591184496879578,9.123570442199707,0.0001171845942735672,-9.055063128471375e-05,0.0006950991228222847,32.54612350463867,34.07362747192383,-80.10604858398438
18.73028063774109,0,19.249177932739258,1.2043274321530436e-15,0.0,-9.913640022277832,2.008000135421753,2964.0,-0.0,0.0,20.00400161743164,0.0,0.053872283548116684,0.19154590368270874,9.134345054626465,-0.0016138982027769089,-0.00022371113300323486,-0.0010359827429056168,30.24666976928711,33.18629455566406,-79.25386047363281
18.75059199333191,0,19.249177932739258,9.90239007701572e-16,0.0,-9.913640022277832,2.01200008392334,2940.0,-0.0,0.0,20.00400161743164,0.0,0.04549214988946915,0.19334164261817932,9.130154609680176,-0.0005486160516738892,-0.0010226704180240631,0.00122773926705122,29.892906188964844,33.54122543334961,-79.59473419189453
18.77072310447693,0,19.249177932739258,8.077313067159704e-16,0.0,-9.913640022277832,2.01200008392334,3096.0,-0.0,0.0,20.00800132751465,0.0,0.04609072953462601,0.19154590368270874,9.15828800201416,-0.0005486160516738892,4.260987043380737e-05,-0.0003701820969581604,29.716026306152344,34.07362747192383,-80.44692993164062
18.790935754776,0,19.249177932739258,6.66740290365328e-16,0.0,-9.913640022277832,2.008000135421753,2940.0,-0.0,0.0,20.00800132751465,0.0,0.04309782758355141,0.20052461326122284,9.173851013183594,-0.002013377845287323,-0.00022371113300323486,2.929847687482834e-05,31.131074905395508,33.718692779541016,-80.44692993164062
18.811355352401733,0,19.249177932739258,5.4714008524596805e-16,0.0,-9.913640022277832,2.008000135421753,2948.0,-0.0,0.0,20.016000747680664,0.0,0.03651343658566475,0.1981302797794342,9.134345054626465,-0.0004154574126005173,0.0001757703721523285,0.0014940593391656876,31.48483657836914,33.36376190185547,-80.10604858398438
18.83145499229431,0,19.249177932739258,4.48443541534101e-16,0.0,-9.913640022277832,2.008000135421753,2964.0,-0.0,0.0,20.00800132751465,0.0,0.049682218581438065,0.2071090042591095,9.143921852111816,-0.0009480975568294525,0.0001757703721523285,2.929847687482834e-05,30.954193115234375,33.18629455566406,-79.25386047363281
18.851808786392212,0,19.249177932739258,3.682977340511523e-16,0.0,-9.913640022277832,2.004000186920166,2952.0,-0.0,0.0,20.00400161743164,0.0,0.04070350155234337,0.20232035219669342,9.124767303466797,-0.0018802173435688019,-0.0011558309197425842,0.00016245804727077484,30.42354965209961,33.36376190185547,-80.78780364990234
18.87199640274048,0,19.249177932739258,3.011889282967498e-16,0.0,-9.913640022277832,2.008000135421753,3016.0,-0.0,0.0,20.00800132751465,0.0,0.046689312905073166,0.21369339525699615,9.127161979675293,0.0001171845942735672,-0.000623190775513649,-0.0005033416673541069,29.892906188964844,33.89616012573242,-79.25386047363281
18.892199516296387,0,19.249177932739258,2.480779243308758e-16,0.0,-9.913640022277832,2.01200008392334,2944.0,-0.0,0.0,20.012001037597656,0.0,0.03711201623082161,0.1981302797794342,9.152900695800781,-0.00028229691088199615,-0.0007563512772321701,0.00122773926705122,31.131074905395508,33.718692779541016,-80.10604858398438
18.912484884262085,0,19.249177932739258,2.0351377397037336e-16,0.0,-9.913640022277832,2.01200008392334,2940.0,-0.0,0.0,20.012001037597656,0.0,0.05746376886963844,0.2071090042591095,9.137337684631348,0.0010493043810129166,-0.0007563512772321701,0.00042877811938524246,31.838598251342773,31.94402503967285,-81.81044006347656
18.93268656730652,0,19.249177932739258,1.6699345875858157e-16,0.0,-9.913640022277832,2.008000135421753,2936.0,-0.0,0.0,20.00800132751465,0.0,0.03830917924642563,0.18735583126544952,9.137337684631348,-0.0012144166976213455,-9.055063128471375e-05,0.0013608988374471664,32.015480041503906,32.83135986328125,-79.25386047363281
18.95302677154541,0,19.249177932739258,1.3701045118946986e-16,0.0,-9.913640022277832,2.0240001678466797,2940.0,-0.0,0.0,20.032001495361328,0.0,0.04249924421310425,0.20830616354942322,9.143921852111816,-0.0004154574126005173,0.0011078901588916779,0.0010945787653326988,29.716026306152344,33.36376190185547,-79.08341979980469
18.97321581840515,0,19.249177932739258,1.1232155835937514e-16,0.0,-9.913640022277832,2.008000135421753,2964.0,-0.0,0.0,20.00800132751465,0.0,0.04190066456794739,0.20591184496879578,9.14332389831543,-0.00014913640916347504,0.0008415710180997849,-0.001568622887134552,30.600431442260742,33.89616012573242,-80.61737060546875
18.993382930755615,0,19.249177932739258,9.227983238505234e-17,0.0,-9.913640022277832,2.01200008392334,2940.0,-0.0,0.0,20.00800132751465,0.0,0.047886475920677185,0.21249623596668243,9.145119667053223,-0.0004154574126005173,0.0003089308738708496,-0.00010386202484369278,30.777311325073242,33.36376190185547,-80.10604858398438
19.013713121414185,0,19.249177932739258,7.570886361677343e-17,0.0,-9.913640022277832,2.008000135421753,2944.0,-0.0,0.0,20.016000747680664,0.0,0.03531627357006073,0.20172177255153656,9.133148193359375,-0.0006817765533924103,0.0015073716640472412,-0.0014354623854160309,31.48483657836914,34.42856216430664,-80.78780364990234
19.033895254135132,0,19.249177932739258,6.213047548603377e-17,0.0,-9.913640022277832,2.008000135421753,2936.0,-0.0,0.0,20.012001037597656,0.0,0.03411911427974701,0.20531325042247772,9.142126083374023,0.0001171845942735672,0.00137421116232872,-0.0011691423133015633,31.307954788208008,33.89616012573242,-80.2764892578125
19.054258584976196,0,19.249177932739258,5.09815135056399e-17,0.0,-9.913640022277832,2.008000135421753,2940.0,-0.0,0.0,20.012001037597656,0.0,0.04190066456794739,0.20351751148700714,9.167266845703125,0.0005166642367839813,-0.0004900302737951279,0.00016245804727077484,31.661718368530273,33.54122543334961,-81.29911804199219
19.074420928955078,0,19.249177932739258,4.1775218281051314e-17,0.0,-9.913640022277832,2.008000135421753,2948.0,-0.0,0.0,20.00400161743164,0.0,0.04609072953462601,0.20890474319458008,9.1720552444458,-0.0010812561959028244,0.0004420895129442215,0.0005619386211037636,31.131074905395508,32.653892517089844,-81.1286849975586
19.094607830047607,0,19.249177932739258,3.4330450493008706e-17,0.0,-9.913640022277832,2.01200008392334,2940.0,-0.0,0.0,20.00400161743164,0.0,0.013168780133128166,0.20950332283973694,9.164872169494629,-0.0018802173435688019,-0.00035686977207660675,-0.000636502169072628,30.954193115234375,33.54122543334961,-79.93561553955078
19.11494255065918,0,19.249177932739258,2.805345328037661e-17,0.0,-9.913640022277832,2.01200008392334,2940.0,-0.0,0.0,20.00800132751465,0.0,0.016760265454649925,0.20172177255153656,9.142126083374023,-0.0014807377010583878,0.0003089308738708496,0.00016245804727077484,30.954193115234375,33.18629455566406,-81.98087310791016
19.135210275650024,0,19.249177932739258,2.3120952126665754e-17,0.0,-9.913640022277832,2.008000135421753,2940.0,-0.0,0.0,20.00400161743164,0.0,0.06225241720676422,0.21967920660972595,9.152302742004395,-0.0006817765533924103,-0.0007563512772321701,0.0013608988374471664,31.48483657836914,33.36376190185547,-81.1286849975586
19.15550661087036,0,19.249177932739258,1.897132944626081e-17,0.0,-9.913640022277832,2.004000186920166,2940.0,-0.0,0.0,20.036001205444336,0.0,0.052076540887355804,0.20651042461395264,9.124767303466797,-0.0018802173435688019,-9.055063128471375e-05,0.0009614191949367523,30.600431442260742,33.89616012573242,-80.95824432373047
19.175652980804443,0,19.249177932739258,1.5534721564625552e-17,0.0,-9.913640022277832,2.01200008392334,2968.0,-0.0,0.0,20.012001037597656,0.0,0.04130208492279053,0.20471467077732086,9.150506973266602,-0.0012144166976213455,0.00137421116232872,0.00016245804727077484,32.54612350463867,34.07362747192383,-80.78780364990234
19.195851802825928,0,19.249177932739258,1.2770222746108005e-17,0.0,-9.913640022277832,2.008000135421753,2936.0,-0.0,0.0,20.012001037597656,0.0,0.023344656452536583,0.19573596119880676,9.13793659210205,0.0001171845942735672,0.0004420895129442215,0.0009614191949367523,32.015480041503906,33.54122543334961,-80.2764892578125
19.21619439125061,0,19.249177932739258,1.0476244939525933e-17,0.0,-9.913640022277832,2.01200008392334,2940.0,-0.0,0.0,20.012001037597656,0.0,0.053872283548116684,0.20770758390426636,9.14571762084961,0.0002503432333469391,-0.00035686977207660675,0.00016245804727077484,31.48483657836914,34.42856216430664,-80.10604858398438
19.236353635787964,0,19.249177932739258,8.599353931669637e-18,0.0,-9.913640022277832,2.01200008392334,2940.0,-0.0,0.0,20.00400161743164,0.0,0.0305276270955801,0.19334164261817932,9.130753517150879,-0.0006817765533924103,-0.000889509916305542,-0.00023702159523963928,31.48483657836914,34.42856216430664,-81.46955871582031
19.25674319267273,0,19.249177932739258,7.055157447724007e-18,0.0,-9.913640022277832,2.008000135421753,2944.0,-0.0,0.0,20.00400161743164,0.0,0.021548913791775703,0.19274306297302246,9.109803199768066,-0.0014807377010583878,0.0011078901588916779,0.00016245804727077484,31.131074905395508,33.36376190185547,-79.42430114746094
19.276915311813354,0,19.249177932739258,5.782926782247542e-18,0.0,-9.913640022277832,2.01200008392334,2948.0,-0.0,0.0,20.012001037597656,0.0,0.051477961242198944,0.1921444833278656,9.14571762084961,-0.0005486160516738892,0.00137421116232872,-0.0009028222411870956,29.53914451599121,33.89616012573242,-80.61737060546875
19.297125339508057,0,19.249177932739258,4.750140502277109e-18,0.0,-9.913640022277832,2.008000135421753,2944.0,-0.0,0.0,20.016000747680664,0.0,0.03591485694050789,0.19992603361606598,9.111000061035156,-0.0006817765533924103,-0.0011558309197425842,-0.0003701820969581604,30.954193115234375,32.83135986328125,-81.63999938964844
19.317436456680298,0,19.249177932739258,3.8966774665311275e-18,0.0,-9.913640022277832,2.01200008392334,2940.0,-0.0,0.0,20.00800132751465,0.0,0.050280798226594925,0.19872887432575226,9.1720552444458,0.0001171845942735672,0.0008415710180997849,0.0006950991228222847,31.307954788208008,34.251094818115234,-81.29911804199219
19.33760690689087,0,19.249177932739258,3.198548816860101e-18,0.0,-9.913640022277832,2.008000135421753,2944.0,-0.0,0.0,20.00800132751465,0.0,0.03172478824853897,0.21070048213005066,9.145119667053223,0.0014487840235233307,-0.00022371113300323486,-0.0003701820969581604,32.36924362182617,32.47642517089844,-80.61737060546875
19.357975244522095,0,19.249177932739258,2.624579977133284e-18,0.0,-9.913640022277832,2.0199999809265137,2940.0,-0.0,0.0,20.02400016784668,0.0,0.056266605854034424,0.2130948156118393,9.142126083374023,-1.597590744495392e-05,0.0004420895129442215,-0.0017017824575304985,31.307954788208008,34.251094818115234,-80.61737060546875
19.378180980682373,0,19.249177932739258,2.1503846289168474e-18,0.0,-9.913640022277832,2.01200008392334,2964.0,-0.0,0.0,20.00800132751465,0.0,0.03411911427974701,0.20052461326122284,9.134345054626465,0.0007829833775758743,0.0005752500146627426,-0.0007696617394685745,31.661718368530273,32.12149429321289,-80.61737060546875
19.398365259170532,0,19.249177932739258,1.7672335352065193e-18,0.0,-9.913640022277832,2.01200008392334,2944.0,-0.0,0.0,20.012001037597656,0.0,0.048485055565834045,0.20291893184185028,9.134345054626465,0.0009161438792943954,-9.055063128471375e-05,-0.0003701820969581604,31.131074905395508,33.008827209472656,-81.46955871582031
19.418644666671753,0,19.249177932739258,1.4472750077897563e-18,0.0,-9.913640022277832,2.01200008392334,2988.0,-0.0,0.0,20.00400161743164,0.0,0.04609072953462601,0.20172177255153656,9.16247844696045,-0.0009480975568294525,-9.055063128471375e-05,-0.0005033416673541069,31.838598251342773,35.138427734375,-80.10604858398438
19.43885588645935,0,19.249177932739258,1.1901848952640142e-18,0.0,-9.913640022277832,2.008000135421753,2948.0,-0.0,0.0,20.012001037597656,0.0,0.03771059960126877,0.19872887432575226,9.121175765991211,0.0001171845942735672,0.0011078901588916779,0.0009614191949367523,32.015480041503906,32.47642517089844,-81.29911804199219
19.459011793136597,0,19.249177932739258,9.765393424853229e-19,0.0,-9.913640022277832,2.004000186920166,2940.0,-0.0,0.0,20.00400161743164,0.0,0.03232337161898613,0.22087636590003967,9.12416934967041,-0.00028229691088199615,0.0007084105163812637,-0.00023702159523963928,31.131074905395508,31.589092254638672,-81.1286849975586
19.47944688796997,0,19.249177932739258,8.000430914018474e-19,0.0,-9.913640022277832,2.008000135421753,2956.0,-0.0,0.0,20.012001037597656,0.0,0.04309782758355141,0.21967920660972595,9.155295372009277,-0.0004154574126005173,0.0005752500146627426,-0.00023702159523963928,31.307954788208008,34.251094818115234,-82.3217544555664
19.499736309051514,0,19.249177932739258,6.574405659177322e-19,0.0,-9.913640022277832,2.01200008392334,2944.0,-0.0,0.0,20.00800132751465,0.0,0.049682218581438065,0.20172177255153656,9.154098510742188,-0.0014807377010583878,-0.00022371113300323486,-0.0013023028150200844,31.48483657836914,33.718692779541016,-80.78780364990234
19.51989984512329,0,19.249177932739258,5.367406456806789e-19,0.0,-9.913640022277832,2.01200008392334,3076.0,-0.0,0.0,20.012001037597656,0.0,0.046689312905073166,0.20351751148700714,9.136738777160645,-0.0010812561959028244,4.260987043380737e-05,0.0008282586932182312,30.777311325073242,34.07362747192383,-80.10604858398438
19.540162086486816,0,19.249177932739258,4.427607271806198e-19,0.0,-9.913640022277832,2.01200008392334,2940.0,-0.0,0.0,20.00800132751465,0.0,0.03890775889158249,0.19693312048912048,9.138534545898438,0.0006498247385025024,0.0003089308738708496,0.0008282586932182312,30.24666976928711,33.54122543334961,-80.95824432373047
19.56043243408203,0,19.249177932739258,3.6333861877482285e-19,0.0,-9.913640022277832,2.004000186920166,2944.0,-0.0,0.0,20.020000457763672,0.0,0.03890775889158249,0.19753170013427734,9.150506973266602,0.0005166642367839813,0.0019068513065576553,0.0014940593391656876,30.069787979125977,32.653892517089844,-79.76517486572266
19.58060121536255,0,19.249177932739258,2.976588496262815e-19,0.0,-9.913640022277832,2.008000135421753,2956.0,-0.0,0.0,20.012001037597656,0.0,0.05985809117555618,0.20351751148700714,9.147513389587402,-0.0008149370551109314,-0.0007563512772321701,-0.0003701820969581604,31.131074905395508,33.718692779541016,-81.1286849975586
19.600921392440796,0,19.249177932739258,2.445746889120558e-19,0.0,-9.913640022277832,2.008000135421753,2936.0,-0.0,0.0,20.00800132751465,0.0,0.049682218581438065,0.20351751148700714,9.131950378417969,-0.0008149370551109314,-0.000623190775513649,-0.00010386202484369278,30.600431442260742,33.54122543334961,-80.2764892578125
19.621078968048096,0,19.249177932739258,1.9958938895185143e-19,0.0,-9.913640022277832,2.004000186920166,3068.0,-0.0,0.0,20.012001037597656,0.0,0.050879377871751785,0.19872887432575226,9.170259475708008,0.0009161438792943954,0.0001757703721523285,0.0008282586932182312,31.307954788208008,33.89616012573242,-80.61737060546875
19.64126205444336,0,19.249177932739258,1.6473186869189613e-19,0.0,-9.913640022277832,2.008000135421753,2940.0,-0.0,0.0,20.012001037597656,0.0,0.04010492190718651,0.1861586719751358,9.154098510742188,-1.597590744495392e-05,0.0011078901588916779,-0.000636502169072628,31.307954788208008,32.83135986328125,-81.98087310791016
19.661638736724854,0,19.249177932739258,1.3512438623163247e-19,0.0,-9.913640022277832,2.0240001678466797,2944.0,-0.0,0.0,20.00800132751465,0.0,0.016161685809493065,0.19274306297302246,9.130753517150879,0.0007829833775758743,0.0009747296571731567,0.0008282586932182312,31.131074905395508,33.008827209472656,-80.44692993164062
19.681774854660034,0,19.249177932739258,1.1076223698132656e-19,0.0,-9.913640022277832,2.008000135421753,2960.0,-0.0,0.0,20.016000747680664,0.0,0.02753472328186035,0.19753170013427734,9.146316528320312,-0.0006817765533924103,0.001241050660610199,0.0006950991228222847,30.42354965209961,33.36376190185547,-81.1286849975586
19.70213532447815,0,19.249177932739258,9.098447778215438e-20,0.0,-9.913640022277832,2.0320000648498535,2940.0,-0.0,0.0,20.016000747680664,0.0,0.053872283548116684,0.19334164261817932,9.146915435791016,-0.0012144166976213455,0.0011078901588916779,0.00016245804727077484,29.892906188964844,35.315895080566406,-79.59473419189453
19.722278356552124,0,19.249177932739258,7.443423516149633e-20,0.0,-9.913640022277832,2.008000135421753,3000.0,-0.0,0.0,20.00800132751465,0.0,0.053872283548116684,0.18556009232997894,9.136140823364258,-0.0016138982027769089,0.0003089308738708496,-0.0005033416673541069,31.48483657836914,32.653892517089844,-80.10604858398438
19.742488384246826,0,19.249177932739258,6.126841494179606e-20,0.0,-9.913640022277832,2.008000135421753,2940.0,-0.0,0.0,20.00400161743164,0.0,0.03830917924642563,0.2101019024848938,9.120577812194824,-0.0016138982027769089,-0.000889509916305542,-0.0013023028150200844,30.42354965209961,33.36376190185547,-80.44692993164062
19.762839555740356,0,19.249177932739258,5.0013188066637226e-20,0.0,-9.913640022277832,2.008000135421753,2936.0,-0.0,0.0,20.00800132751465,0.0,0.052076540887355804,0.20531325042247772,9.113394737243652,-0.00014913640916347504,0.0004420895129442215,-0.000636502169072628,31.48483657836914,33.36376190185547,-82.15131378173828
19.78299641609192,0,19.249177932739258,4.1246514677298565e-20,0.0,-9.913640022277832,2.01200008392334,2948.0,-0.0,0.0,20.00800132751465,0.0,0.03232337161898613,0.1951373815536499,9.122971534729004,-0.0006817765533924103,-0.000623190775513649,0.00016245804727077484,32.015480041503906,33.54122543334961,-80.2764892578125
19.80335569381714,0,19.249177932739258,3.38515296945973e-20,0.0,-9.913640022277832,2.0160000324249268,2940.0,-0.0,0.0,20.00400161743164,0.0,0.025140399113297462,0.19932745397090912,9.141528129577637,0.0003835037350654602,0.00137421116232872,-0.0011691423133015633,29.53914451599121,33.89616012573242,-79.59473419189453
19.823488235473633,0,19.249177932739258,2.7741909066795283e-20,0.0,-9.913640022277832,2.004000186920166,2960.0,-0.0,0.0,20.00800132751465,0.0,0.020950332283973694,0.1921444833278656,9.14332389831543,-0.0010812561959028244,0.00137421116232872,0.00042877811938524246,29.53914451599121,33.54122543334961,-80.61737060546875
19.84368634223938,0,19.249177932739258,2.2795338307572634e-20,0.0,-9.913640022277832,2.01200008392334,2936.0,-0.0,0.0,20.00400161743164,0.0,0.056266605854034424,0.19872887432575226,9.14571762084961,-0.0008149370551109314,-0.000889509916305542,0.00029561854898929596,32.54612350463867,32.653892517089844,-80.10604858398438
19.864013195037842,0,19.249177932739258,1.8709193712944254e-20,0.0,-9.913640022277832,2.01200008392334,2940.0,-0.0,0.0,20.00400161743164,0.0,0.03471769392490387,0.20052461326122284,9.132549285888672,0.0011824648827314377,0.0011078901588916779,-0.00010386202484369278,31.131074905395508,34.42856216430664,-79.76517486572266
19.884241342544556,0,19.249177932739258,1.5351937409642875e-20,0.0,-9.913640022277832,2.01200008392334,2940.0,-0.0,0.0,20.012001037597656,0.0,0.03651343658566475,0.19274306297302246,9.151703834533691,-0.00028229691088199615,0.0005752500146627426,-0.0005033416673541069,30.600431442260742,33.18629455566406,-81.98087310791016
19.904552221298218,0,19.249177932739258,1.259711981607942e-20,0.0,-9.913640022277832,2.008000135421753,2944.0,-0.0,0.0,20.00400161743164,0.0,0.04549214988946915,0.20351751148700714,9.155295372009277,-0.0006817765533924103,0.0009747296571731567,0.00029561854898929596,32.36924362182617,33.54122543334961,-80.61737060546875
19.924683094024658,0,19.249177932739258,1.0321138015194733e-20,0.0,-9.913640022277832,2.008000135421753,2956.0,-0.0,0.0,20.012001037597656,0.0,0.03232337161898613,0.1951373815536499,9.145119667053223,0.0002503432333469391,0.0009747296571731567,0.00029561854898929596,30.24666976928711,33.18629455566406,-80.61737060546875
19.944844245910645,0,19.249177932739258,8.482127297588254e-21,0.0,-9.913640022277832,2.008000135421753,2940.0,-0.0,0.0,20.016000747680664,0.0,0.050879377871751785,0.19334164261817932,9.121774673461914,-1.597590744495392e-05,-0.0011558309197425842,-0.0014354623854160309,30.24666976928711,31.94402503967285,-80.44692993164062
19.965243101119995,0,19.249177932739258,6.948074807375349e-21,0.0,-9.913640022277832,2.008000135421753,2940.0,-0.0,0.0,20.012001037597656,0.0,0.049083635210990906,0.1951373815536499,9.141528129577637,-0.0009480975568294525,0.0003089308738708496,-0.0005033416673541069,30.954193115234375,33.89616012573242,-80.95824432373047
19.985371112823486,0,19.249177932739258,5.710730548856793e-21,0.0,-9.913640022277832,2.01200008392334,2940.0,-0.0,0.0,20.016000747680664,0.0,0.0550694465637207,0.204116091132164,9.114591598510742,-0.00014913640916347504,0.0007084105163812637,-0.0003701820969581604,31.661718368530273,33.54122543334961,-80.61737060546875
20.005733013153076,0,19.249177932739258,4.687075557673598e-21,0.0,-9.913640022277832,2.008000135421753,2940.0,-0.0,0.0,20.00400161743164,0.0,0.04309782758355141,0.19992603361606598,9.148711204528809,-0.00014913640916347504,-0.00022371113300323486,-0.00023702159523963928,30.600431442260742,33.89616012573242,-80.95824432373047
20.025872945785522,0,19.249177932739258,3.840691268653556e-21,0.0,-9.913640022277832,2.01200008392334,2956.0,-0.0,0.0,20.016000747680664,0.0,0.05866093188524246,0.2011231929063797,9.140929222106934,-0.0009480975568294525,-0.00022371113300323486,-0.000636502169072628,31.307954788208008,33.18629455566406,-81.29911804199219
20.04625964164734,0,19.249177932739258,3.1551443333674936e-21,0.0,-9.913640022277832,2.01200008392334,2944.0,-0.0,0.0,20.016000747680664,0.0,0.048485055565834045,0.2220735251903534,9.135541915893555,-0.0009480975568294525,0.0009747296571731567,-0.00023702159523963928,30.24666976928711,34.960960388183594,-79.59473419189453
20.066384077072144,0,19.249177932739258,2.5887687596323205e-21,0.0,-9.913640022277832,2.01200008392334,2940.0,-0.0,0.0,20.00400161743164,0.0,0.03411911427974701,0.19932745397090912,9.119978904724121,-0.0014807377010583878,0.0003089308738708496,0.0006950991228222847,30.42354965209961,32.29895782470703,-80.78780364990234
20.08656644821167,0,19.249177932739258,2.1244756745392872e-21,0.0,-9.913640022277832,2.01200008392334,2944.0,-0.0,0.0,20.012001037597656,0.0,0.03411911427974701,0.19334164261817932,9.140929222106934,-0.0012144166976213455,4.260987043380737e-05,-0.0013023028150200844,30.777311325073242,33.718692779541016,-79.76517486572266
20.1069495677948,0,19.249177932739258,1.742908930585618e-21,0.0,-9.913640022277832,2.0280001163482666,2940.0,-0.0,0.0,20.012001037597656,0.0,0.04609072953462601,0.20172177255153656,9.145119667053223,-0.0005486160516738892,0.0001757703721523285,-0.0003701820969581604,32.36924362182617,32.83135986328125,-80.2764892578125
20.127109050750732,0,19.249177932739258,1.4289504692175206e-21,0.0,-9.913640022277832,2.008000135421753,2968.0,-0.0,0.0,20.00800132751465,0.0,0.04549214988946915,0.20830616354942322,9.113993644714355,-0.0013475771993398666,0.001241050660610199,-0.0005033416673541069,30.069787979125977,33.718692779541016,-80.10604858398438
20.147491455078125,0,19.249177932739258,1.1737976629617853e-21,0.0,-9.913640022277832,2.008000135421753,2940.0,-0.0,0.0,20.00400161743164,0.0,0.04190066456794739,0.20291893184185028,9.160083770751953,-0.0004154574126005173,-0.00022371113300323486,-0.0009028222411870956,30.42354965209961,34.78349304199219,-80.10604858398438
20.16764497756958,0,19.249177932739258,9.633153360872019e-22,0.0,-9.913640022277832,2.008000135421753,2940.0,-0.0,0.0,20.00400161743164,0.0,0.03112620860338211,0.20890474319458008,9.15709114074707,-1.597590744495392e-05,0.0003089308738708496,0.00016245804727077484,30.954193115234375,34.251094818115234,-80.2764892578125
20.18781352043152,0,19.249177932739258,7.904854790583367e-22,0.0,-9.913640022277832,2.01200008392334,2952.0,-0.0,0.0,20.012001037597656,0.0,0.03172478824853897,0.1981302797794342,9.12656307220459,-0.0009480975568294525,4.260987043380737e-05,0.00042877811938524246,31.131074905395508,33.008827209472656,-79.76517486572266
20.20822048187256,0,19.249177932739258,6.48637383086445e-22,0.0,-9.913640022277832,2.008000135421753,2940.0,-0.0,0.0,20.00800132751465,0.0,0.03711201623082161,0.21249623596668243,9.129556655883789,-0.00028229691088199615,0.0003089308738708496,-0.00023702159523963928,31.838598251342773,33.718692779541016,-81.46955871582031
20.228352308273315,0,19.249177932739258,5.316321199853224e-22,0.0,-9.913640022277832,2.01200008392334,2948.0,-0.0,0.0,20.012001037597656,0.0,0.03531627357006073,0.21070048213005066,9.174449920654297,-0.0009480975568294525,-0.00022371113300323486,0.0005619386211037636,30.069787979125977,32.653892517089844,-80.44692993164062
20.248724460601807,0,19.249177932739258,4.367374289889688e-22,0.0,-9.913640022277832,2.01200008392334,2940.0,-0.0,0.0,20.016000747680664,0.0,0.0580623485147953,0.20291893184185028,9.122373580932617,-0.0004154574126005173,0.0008415710180997849,0.00042877811938524246,31.131074905395508,32.653892517089844,-80.78780364990234
20.268877267837524,0,19.249177932739258,3.564273246260861e-22,0.0,-9.913640022277832,2.008000135421753,3024.0,-0.0,0.0,20.00400161743164,0.0,0.03292195126414299,0.21189764142036438,9.125965118408203,0.0005166642367839813,0.0008415710180997849,-0.0018349429592490196,31.131074905395508,33.36376190185547,-79.08341979980469
20.289055109024048,0,19.249177932739258,2.940988312811732e-22,0.0,-9.913640022277832,2.01200008392334,2940.0,-0.0,0.0,20.00400161743164,0.0,0.05866093188524246,0.20172177255153656,9.1253662109375,-0.0004154574126005173,-9.055063128471375e-05,-0.0010359827429056168,30.954193115234375,32.12149429321289,-81.29911804199219
20.309424877166748,0,19.249177932739258,2.4128690346135697e-22,0.0,-9.913640022277832,2.0240001678466797,2948.0,-0.0,0.0,20.00400161743164,0.0,0.028133302927017212,0.19274306297302246,9.138534545898438,0.0003835037350654602,0.0009747296571731567,-0.0007696617394685745,30.954193115234375,33.89616012573242,-81.29911804199219
20.32957410812378,0,19.249177932739258,1.978075661817653e-22,0.0,-9.913640022277832,2.01200008392334,2960.0,-0.0,0.0,20.00800132751465,0.0,0.02933046594262123,0.2130948156118393,9.13913345336914,-0.0005486160516738892,0.0011078901588916779,0.0006950991228222847,31.307954788208008,33.54122543334961,-79.93561553955078
20.349975109100342,0,19.249177932739258,1.6251880128712788e-22,0.0,-9.913640022277832,2.008000135421753,2940.0,-0.0,0.0,20.00400161743164,0.0,0.02873188443481922,0.21129906177520752,9.113394737243652,-0.0004154574126005173,0.0011078901588916779,0.0005619386211037636,30.069787979125977,34.42856216430664,-80.44692993164062
20.370104551315308,0,19.249177932739258,1.3257540837336597e-22,0.0,-9.913640022277832,2.008000135421753,3088.0,-0.0,0.0,20.00400161743164,0.0,0.054470863193273544,0.204116091132164,9.139732360839844,-1.597590744495392e-05,0.0004420895129442215,0.0006950991228222847,31.307954788208008,33.89616012573242,-80.95824432373047
20.390833139419556,0,19.249177932739258,1.0945134564289244e-22,0.0,-9.913640022277832,2.008000135421753,2944.0,-0.0,0.0,20.016000747680664,0.0,0.050280798226594925,0.1981302797794342,9.114591598510742,-0.0012144166976213455,-0.0004900302737951279,-0.0005033416673541069,30.42354965209961,33.36376190185547,-80.78780364990234
20.4106125831604,0,19.249177932739258,8.980407691165379e-23,0.0,-9.913640022277832,2.004000186920166,2940.0,-0.0,0.0,20.036001205444336,0.0,0.025140399113297462,0.20291893184185028,9.14571762084961,-1.597590744495392e-05,0.0008415710180997849,-0.0010359827429056168,30.600431442260742,33.54122543334961,-80.61737060546875
20.430795907974243,0,19.249177932739258,7.357048699634509e-23,0.0,-9.913640022277832,2.008000135421753,2964.0,-0.0,0.0,20.00400161743164,0.0,0.03711201623082161,0.20291893184185028,9.115190505981445,-0.0016138982027769089,0.0017736908048391342,0.00122773926705122,29.716026306152344,34.42856216430664,-79.08341979980469
20.45117688179016,0,19.249177932739258,6.044774797267011e-23,0.0,-9.913640022277832,2.008000135421753,2940.0,-0.0,0.0,20.00400161743164,0.0,0.06644248217344284,0.20172177255153656,9.131352424621582,-0.0009480975568294525,-0.00035686977207660675,-0.000636502169072628,30.600431442260742,34.251094818115234,-79.93561553955078
20.47130036354065,0,19.249177932739258,4.935010955600609e-23,0.0,-9.913640022277832,2.008000135421753,3072.0,-0.0,0.0,20.00800132751465,0.0,0.04609072953462601,0.2190806120634079,9.138534545898438,-0.0010812561959028244,-0.00022371113300323486,0.00029561854898929596,31.48483657836914,33.008827209472656,-80.78780364990234
20.491528034210205,0,19.249177932739258,4.071875640709418e-23,0.0,-9.913640022277832,2.008000135421753,2936.0,-0.0,0.0,20.00400161743164,0.0,0.053872283548116684,0.2071090042591095,9.112197875976562,0.0002503432333469391,0.0007084105163812637,0.00016245804727077484,33.6074104309082,32.29895782470703,-81.81044006347656
20.51183295249939,0,19.249177932739258,3.340687094091666e-23,0.0,-9.913640022277832,2.01200008392334,2940.0,-0.0,0.0,20.012001037597656,0.0,0.047886475920677185,0.1951373815536499,9.143921852111816,-0.0006817765533924103,-0.00035686977207660675,0.00042877811938524246,30.069787979125977,33.36376190185547,-79.76517486572266
20.532031536102295,0,19.249177932739258,2.7411146252558844e-23,0.0,-9.913640022277832,2.01200008392334,2944.0,-0.0,0.0,20.016000747680664,0.0,0.04249924421310425,0.20950332283973694,9.14452075958252,0.0009161438792943954,4.260987043380737e-05,-0.0014354623854160309,31.661718368530273,32.83135986328125,-80.61737060546875
20.55241370201111,0,19.249177932739258,2.2490594801806574e-23,0.0,-9.913640022277832,2.0160000324249268,2940.0,-0.0,0.0,20.00800132751465,0.0,0.051477961242198944,0.2130948156118393,9.113993644714355,0.0007829833775758743,-0.0011558309197425842,-0.0010359827429056168,29.892906188964844,32.83135986328125,-81.29911804199219
20.572542667388916,0,19.249177932739258,1.8398795374530532e-23,0.0,-9.913640022277832,2.008000135421753,3004.0,-0.0,0.0,20.00800132751465,0.0,0.022147493436932564,0.20471467077732086,9.13793659210205,-0.0004154574126005173,-0.00035686977207660675,0.00042877811938524246,30.954193115234375,32.83135986328125,-81.29911804199219
20.592756032943726,0,19.249177932739258,1.5147987936536127e-23,0.0,-9.913640022277832,2.008000135421753,2936.0,-0.0,0.0,20.012001037597656,0.0,0.055668026208877563,0.21070048213005066,9.136738777160645,0.0006498247385025024,0.0005752500146627426,-0.00023702159523963928,31.838598251342773,33.718692779541016,-80.78780364990234
20.613057851791382,0,19.249177932739258,1.2386575604644544e-23,0.0,-9.913640022277832,2.01200008392334,2940.0,-0.0,0.0,20.016000747680664,0.0,0.03890775889158249,0.1891515702009201,9.153499603271484,-0.0006817765533924103,4.260987043380737e-05,-0.0005033416673541069,31.661718368530273,34.251094818115234,-80.95824432373047
20.633265495300293,0,19.249177932739258,1.0196443718539534e-23,0.0,-9.913640022277832,2.008000135421753,2944.0,-0.0,0.0,20.00400161743164,0.0,0.053872283548116684,0.19693312048912048,9.136140823364258,-0.0004154574126005173,4.260987043380737e-05,0.00042877811938524246,31.661718368530273,33.89616012573242,-78.9129867553711
20.653582096099854,0,19.249177932739258,8.367715834387047e-24,0.0,-9.913640022277832,2.004000186920166,2944.0,-0.0,0.0,20.012001037597656,0.0,0.03411911427974701,0.18975014984607697,9.14332389831543,-0.00014913640916347504,0.0008415710180997849,0.00042877811938524246,30.954193115234375,34.60602951049805,-80.95824432373047
20.673765182495117,0,19.249177932739258,6.855897041688998e-24,0.0,-9.913640022277832,2.01200008392334,2960.0,-0.0,0.0,20.016000747680664,0.0,0.03591485694050789,0.20291893184185028,9.109803199768066,-0.00014913640916347504,0.0001757703721523285,-0.0007696617394685745,30.600431442260742,33.18629455566406,-81.63999938964844
20.693974494934082,0,19.249177932739258,5.6349943736183524e-24,0.0,-9.913640022277832,2.008000135421753,2944.0,-0.0,0.0,20.00800132751465,0.0,0.04130208492279053,0.21189764142036438,9.15948486328125,0.0003835037350654602,-0.00035686977207660675,-0.000636502169072628,30.777311325073242,34.42856216430664,-80.44692993164062
20.71428942680359,0,19.249177932739258,4.623477872329163e-24,0.0,-9.913640022277832,2.008000135421753,2940.0,-0.0,0.0,20.00400161743164,0.0,0.04549214988946915,0.20471467077732086,9.149309158325195,-0.0013475771993398666,-0.000889509916305542,0.00042877811938524246,29.892906188964844,34.60602951049805,-80.2764892578125
20.734447956085205,0,19.249177932739258,3.7938186588119305e-24,0.0,-9.913640022277832,2.01200008392334,2936.0,-0.0,0.0,20.012001037597656,0.0,0.0580623485147953,0.18675725162029266,9.145119667053223,-0.00028229691088199615,0.0015073716640472412,-0.00010386202484369278,30.600431442260742,34.251094818115234,-80.2764892578125
20.754815101623535,0,19.249177932739258,3.1130393890000233e-24,0.0,-9.913640022277832,2.008000135421753,2940.0,-0.0,0.0,20.012001037597656,0.0,0.02873188443481922,0.20172177255153656,9.136738777160645,0.0009161438792943954,4.260987043380737e-05,-0.0009028222411870956,31.307954788208008,34.251094818115234,-81.63999938964844
20.77498483657837,0,19.249177932739258,2.550789625641194e-24,0.0,-9.913640022277832,2.008000135421753,2964.0,-0.0,0.0,20.012001037597656,0.0,0.025738980621099472,0.19753170013427734,9.160083770751953,0.0001171845942735672,0.001241050660610199,-0.0003701820969581604,32.192359924316406,34.42856216430664,-81.1286849975586
20.79519534111023,0,19.249177932739258,2.0959691097228513e-24,0.0,-9.913640022277832,2.01200008392334,2948.0,-0.0,0.0,20.012001037597656,0.0,0.04130208492279053,0.21429197490215302,9.113993644714355,0.0013156235218048096,0.0001757703721523285,-0.0013023028150200844,30.777311325073242,33.718692779541016,-79.08341979980469
20.81548047065735,0,19.249177932739258,1.719118027954743e-24,0.0,-9.913640022277832,2.01200008392334,2944.0,-0.0,0.0,20.00400161743164,0.0,0.047886475920677185,0.20232035219669342,9.122971534729004,-0.0006817765533924103,-0.0011558309197425842,0.00042877811938524246,29.892906188964844,34.960960388183594,-80.2764892578125
20.835657596588135,0,19.249177932739258,1.4111169510572879e-24,0.0,-9.913640022277832,2.01200008392334,2944.0,-0.0,0.0,20.00400161743164,0.0,0.03531627357006073,0.1771799474954605,9.145119667053223,0.0006498247385025024,4.260987043380737e-05,-0.00023702159523963928,30.600431442260742,32.47642517089844,-80.95824432373047
20.85601019859314,0,19.249177932739258,1.1581667296459074e-24,0.0,-9.913640022277832,2.008000135421753,2944.0,-0.0,0.0,20.00800132751465,0.0,0.05746376886963844,0.19274306297302246,9.149908065795898,0.0006498247385025024,-0.00035686977207660675,0.00042877811938524246,30.777311325073242,32.29895782470703,-81.29911804199219
20.876230716705322,0,19.249177932739258,9.490232362004207e-25,0.0,-9.913640022277832,2.008000135421753,2956.0,-0.0,0.0,20.00800132751465,0.0,0.06165383383631706,0.2160877138376236,9.128358840942383,-0.0004154574126005173,0.0007084105163812637,0.00042877811938524246,30.600431442260742,33.54122543334961,-79.93561553955078
20.896411418914795,0,19.249177932739258,7.798060639280456e-25,0.0,-9.913640022277832,2.008000135421753,2944.0,-0.0,0.0,20.00800132751465,0.0,0.04070350155234337,0.2220735251903534,9.12416934967041,-0.0006817765533924103,-0.0004900302737951279,-0.0011691423133015633,31.131074905395508,33.718692779541016,-80.78780364990234
20.91670799255371,0,19.249177932739258,6.398222525623178e-25,0.0,-9.913640022277832,2.01200008392334,2940.0,-0.0,0.0,20.016000747680664,0.0,0.050280798226594925,0.21788345277309418,9.14033031463623,-0.0006817765533924103,0.0003089308738708496,-0.0009028222411870956,31.307954788208008,32.83135986328125,-81.63999938964844
20.936890363693237,0,19.249177932739258,5.250494989551287e-25,0.0,-9.913640022277832,2.01200008392334,2948.0,-0.0,0.0,20.00800132751465,0.0,0.0670410618185997,0.20291893184185028,9.120577812194824,-0.0013475771993398666,-0.000889509916305542,-0.0005033416673541069,31.661718368530273,33.54122543334961,-80.95824432373047
20.957308053970337,0,19.249177932739258,4.309156146036237e-25,0.0,-9.913640022277832,2.008000135421753,2940.0,-0.0,0.0,20.00800132751465,0.0,0.046689312905073166,0.21429197490215302,9.14571762084961,0.0001171845942735672,0.0005752500146627426,-0.0003701820969581604,29.892906188964844,32.47642517089844,-80.95824432373047
20.977417707443237,0,19.249177932739258,3.5303342353912615e-25,0.0,-9.913640022277832,2.008000135421753,2964.0,-0.0,0.0,20.012001037597656,0.0,0.0610552541911602,0.20531325042247772,9.145119667053223,0.0014487840235233307,-0.0010226704180240631,0.0009614191949367523,31.307954788208008,33.54122543334961,-81.63999938964844
20.997615814208984,0,19.249177932739258,2.9016401970998636e-25,0.0,-9.913640022277832,2.01200008392334,2936.0,-0.0,0.0,20.00400161743164,0.0,0.03172478824853897,0.2160877138376236,9.12416934967041,-0.0012144166976213455,0.0001757703721523285,0.002159859985113144,30.777311325073242,34.42856216430664,-80.44692993164062
21.017953395843506,0,19.249177932739258,2.380592392301695e-25,0.0,-9.913640022277832,2.008000135421753,2940.0,-0.0,0.0,20.016000747680664,0.0,0.06584390252828598,0.19094730913639069,9.142724990844727,-0.0012144166976213455,-0.0004900302737951279,-0.0007696617394685745,29.892906188964844,33.18629455566406,-80.61737060546875
21.03812551498413,0,19.249177932739258,1.9535563463261414e-25,0.0,-9.913640022277832,2.01200008392334,2936.0,-0.0,0.0,20.016000747680664,0.0,0.03172478824853897,0.20770758390426636,9.14033031463623,-0.0013475771993398666,-9.055063128471375e-05,-0.00010386202484369278,30.42354965209961,33.36376190185547,-80.78780364990234
21.058497667312622,0,19.249177932739258,1.6029400912082256e-25,0.0,-9.913640022277832,2.0160000324249268,2944.0,-0.0,0.0,20.016000747680664,0.0,0.06225241720676422,0.204116091132164,9.133746147155762,-0.002146538347005844,-0.0007563512772321701,-0.0009028222411870956,31.131074905395508,33.718692779541016,-80.44692993164062
21.07864999771118,0,19.249177932739258,1.313176689578575e-25,0.0,-9.913640022277832,2.01200008392334,2956.0,-0.0,0.0,20.012001037597656,0.0,0.03411911427974701,0.20471467077732086,9.165471076965332,-0.0004154574126005173,-0.00022371113300323486,0.00016245804727077484,30.777311325073242,33.718692779541016,-78.74254608154297
21.098856210708618,0,19.249177932739258,1.0792793079210287e-25,0.0,-9.913640022277832,2.008000135421753,2940.0,-0.0,0.0,20.012001037597656,0.0,0.03890775889158249,0.21548913419246674,9.145119667053223,-0.0006817765533924103,0.0011078901588916779,0.0014940593391656876,32.015480041503906,34.251094818115234,-80.95824432373047
21.119196891784668,0,19.249177932739258,8.823470238357655e-26,0.0,-9.913640022277832,2.008000135421753,3028.0,-0.0,0.0,20.012001037597656,0.0,0.02992904558777809,0.2071090042591095,9.154696464538574,-1.597590744495392e-05,0.0004420895129442215,-0.000636502169072628,30.42354965209961,32.653892517089844,-81.1286849975586
21.13942790031433,0,19.249177932739258,7.266719185745284e-26,0.0,-9.913640022277832,2.004000186920166,2940.0,-0.0,0.0,20.00400161743164,0.0,0.044893570244312286,0.20232035219669342,9.136140823364258,0.002247745171189308,0.0001757703721523285,-0.0005033416673541069,30.777311325073242,33.36376190185547,-80.78780364990234
21.15973711013794,0,19.249177932739258,5.963202960767756e-26,0.0,-9.913640022277832,2.01200008392334,2940.0,-0.0,0.0,20.00400161743164,0.0,0.04429498687386513,0.19872887432575226,9.100225448608398,-1.597590744495392e-05,4.260987043380737e-05,0.0018935389816761017,31.48483657836914,33.36376190185547,-80.78780364990234
21.17989754676819,0,19.249177932739258,4.885423906051086e-26,0.0,-9.913640022277832,2.008000135421753,2960.0,-0.0,0.0,20.00400161743164,0.0,0.02992904558777809,0.20172177255153656,9.133746147155762,-0.0008149370551109314,-0.00022371113300323486,-0.00010386202484369278,28.831619262695312,32.47642517089844,-80.2764892578125
21.20026659965515,0,19.249177932739258,4.0155627014522223e-26,0.0,-9.913640022277832,2.008000135421753,2940.0,-0.0,0.0,20.00800132751465,0.0,0.024541817605495453,0.20232035219669342,9.153499603271484,-0.00014913640916347504,0.00137421116232872,-0.0003701820969581604,31.131074905395508,33.008827209472656,-80.44692993164062
21.22040367126465,0,19.249177932739258,3.2740738180361056e-26,0.0,-9.913640022277832,2.01200008392334,3100.0,-0.0,0.0,20.00400161743164,0.0,0.04010492190718651,0.18137001991271973,9.124767303466797,0.0003835037350654602,-0.00022371113300323486,2.929847687482834e-05,31.307954788208008,33.18629455566406,-80.95824432373047
21.24058175086975,0,19.249177932739258,2.704253393547725e-26,0.0,-9.913640022277832,2.008000135421753,2940.0,-0.0,0.0,20.00400161743164,0.0,0.04549214988946915,0.1921444833278656,9.138534545898438,0.0014487840235233307,-0.00022371113300323486,0.0013608988374471664,30.600431442260742,34.251094818115234,-80.61737060546875
21.26093888282776,0,19.249177932739258,2.2196804832249546e-26,0.0,-9.913640022277832,2.0160000324249268,2936.0,-0.0,0.0,20.00800132751465,0.0,0.0550694465637207,0.19693312048912048,9.150506973266602,-0.0009480975568294525,-0.00022371113300323486,0.00016245804727077484,30.42354965209961,33.718692779541016,-80.44692993164062
21.28109121322632,0,19.249177932739258,1.8180840304773727e-26,0.0,-9.913640022277832,2.008000135421753,2972.0,-0.0,0.0,20.00800132751465,0.0,0.048485055565834045,0.20830616354942322,9.163675308227539,0.0003835037350654602,-0.00035686977207660675,2.929847687482834e-05,30.777311325073242,33.008827209472656,-80.10604858398438
21.301442861557007,0,19.249177932739258,1.4946630771396108e-26,0.0,-9.913640022277832,2.01200008392334,2940.0,-0.0,0.0,20.012001037597656,0.0,0.04609072953462601,0.19753170013427734,9.131950378417969,-0.00028229691088199615,0.0011078901588916779,0.002159859985113144,31.307954788208008,32.47642517089844,-79.93561553955078
21.321598052978516,0,19.249177932739258,1.2205841408282588e-26,0.0,-9.913640022277832,2.008000135421753,3048.0,-0.0,0.0,20.00800132751465,0.0,0.046689312905073166,0.19274306297302246,9.133746147155762,-0.0010812561959028244,-0.0004900302737951279,0.0009614191949367523,30.24666976928711,33.89616012573242,-80.2764892578125
21.34181308746338,0,19.249177932739258,1.0062035631518691e-26,0.0,-9.913640022277832,2.01200008392334,2940.0,-0.0,0.0,20.016000747680664,0.0,0.04249924421310425,0.20890474319458008,9.124767303466797,0.0005166642367839813,0.001640530303120613,0.0006950991228222847,31.307954788208008,34.960960388183594,-79.93561553955078
21.361984491348267,0,19.249177932739258,8.256130411637645e-27,0.0,-9.913640022277832,2.01200008392334,2940.0,-0.0,0.0,20.016000747680664,0.0,0.02873188443481922,0.20591184496879578,9.099028587341309,-0.0004154574126005173,-9.055063128471375e-05,-0.0003701820969581604,30.954193115234375,33.89616012573242,-80.61737060546875
21.382335662841797,0,19.249177932739258,6.774349956933239e-27,0.0,-9.913640022277832,2.008000135421753,2944.0,-0.0,0.0,20.00400161743164,0.0,0.047287892550230026,0.21129906177520752,9.133148193359375,-0.0008149370551109314,-0.00022371113300323486,0.0006950991228222847,31.131074905395508,31.589092254638672,-80.78780364990234
21.40249991416931,0,19.249177932739258,5.55937397002864e-27,0.0,-9.913640022277832,2.004000186920166,2940.0,-0.0,0.0,20.00800132751465,0.0,0.03352053090929985,0.19633454084396362,9.149309158325195,-0.0009480975568294525,0.0005752500146627426,0.0013608988374471664,29.892906188964844,34.960960388183594,-79.59473419189453
21.42281484603882,0,19.249177932739258,4.551793289929336e-27,0.0,-9.913640022277832,2.008000135421753,2972.0,-0.0,0.0,20.012001037597656,0.0,0.051477961242198944,0.21369339525699615,9.145119667053223,0.0011824648827314377,0.0008415710180997849,0.0008282586932182312,31.838598251342773,34.07362747192383,-80.78780364990234
21.443003177642822,0,19.249177932739258,3.7442373827381575e-27,0.0,-9.913640022277832,2.008000135421753,2940.0,-0.0,0.0,20.016000747680664,0.0,0.03771059960126877,0.20830616354942322,9.119379997253418,-0.0004154574126005173,0.0004420895129442215,0.0006950991228222847,30.42354965209961,34.07362747192383,-80.78780364990234
21.46320366859436,0,19.249177932739258,3.070204080068407e-27,0.0,-9.913640022277832,2.008000135421753,2940.0,-0.0,0.0,20.00400161743164,0.0,0.044893570244312286,0.21548913419246674,9.149309158325195,-0.0006817765533924103,0.0001757703721523285,-0.00023702159523963928,31.48483657836914,33.36376190185547,-81.1286849975586
21.483516216278076,0,19.249177932739258,2.5203372142502516e-27,0.0,-9.913640022277832,2.01200008392334,2944.0,-0.0,0.0,20.00400161743164,0.0,0.022746074944734573,0.21189764142036438,9.141528129577637,-0.0017470568418502808,4.260987043380737e-05,0.00016245804727077484,29.53914451599121,33.18629455566406,-79.93561553955078
21.503693342208862,0,19.249177932739258,2.0683969527563873e-27,0.0,-9.913640022277832,2.004000186920166,2940.0,-0.0,0.0,20.012001037597656,0.0,0.03172478824853897,0.19034872949123383,9.178640365600586,0.0003835037350654602,0.0001757703721523285,0.0005619386211037636,30.600431442260742,34.251094818115234,-80.2764892578125
21.524053812026978,0,19.249177932739258,1.6950939516358094e-27,0.0,-9.913640022277832,2.008000135421753,2964.0,-0.0,0.0,20.00800132751465,0.0,0.053273703902959824,0.20232035219669342,9.133746147155762,0.0001171845942735672,4.260987043380737e-05,0.00029561854898929596,30.24666976928711,33.18629455566406,-79.25386047363281
21.544224739074707,0,19.249177932739258,1.3926342612930743e-27,0.0,-9.913640022277832,2.008000135421753,2952.0,-0.0,0.0,20.00800132751465,0.0,0.019753171131014824,0.2011231929063797,9.138534545898438,-0.00028229691088199615,0.0008415710180997849,-0.0009028222411870956,30.777311325073242,33.008827209472656,-80.78780364990234
