time,layout.data_offset,data[0],data[1],data[2],data[3],data[4],data[5],data[6],data[7],data[8],data[9],data[10],data[11],data[12],data[13],data[14],data[15],data[16],data[17],data[18]
0.0,0,-1.1015375852584839,-1.5414283107572988e-44,0.0,0.0583961084485054,2.01200008392334,2948.0,-0.0,0.0,20.00400161743164,0.0,0.08559707552194595,0.3142549991607666,9.037374496459961,-0.001090584322810173,0.0007483605295419693,9.187962859869003e-05,11.497271537780762,51.287906646728516,-93.91156005859375
0.01999831199645996,0,-1.1015375852584839,-1.5414283107572988e-44,0.0,0.0583961084485054,2.0160000324249268,2952.0,-0.0,0.0,20.00800132751465,0.0,0.06883680820465088,0.3232336938381195,9.026599884033203,0.0007736571133136749,0.0014141611754894257,-0.0016392013058066368,9.551579475402832,52.530174255371094,-91.01410675048828
0.0401153564453125,0,-1.1015375852584839,-1.5414283107572988e-44,0.0,0.0583961084485054,2.0160000324249268,2964.0,-0.0,0.0,20.00800132751465,0.0,0.10475166141986847,0.30946633219718933,9.058923721313477,-2.530403435230255e-05,0.002079961821436882,-0.0001744404435157776,9.551579475402832,52.530174255371094,-92.71849060058594
0.06053447723388672,0,-1.1015375852584839,-1.5414283107572988e-44,0.0,0.0583961084485054,2.01200008392334,2944.0,-0.0,0.0,20.00400161743164,0.0,0.11313179135322571,0.3160507380962372,9.020015716552734,-0.001090584322810173,0.0003488808870315552,-0.0003076009452342987,9.905342102050781,50.04563903808594,-92.71849060058594
0.08068013191223145,0,-1.1015375852584839,-1.5414283107572988e-44,0.0,0.0583961084485054,2.0160000324249268,3096.0,-0.0,0.0,20.00800132751465,0.0,0.07841410487890244,0.3262265920639038,9.052339553833008,-0.001356903463602066,0.0007483605295419693,-0.0001744404435157776,9.551579475402832,52.885108947753906,-92.37761688232422
0.10084152221679688,0,-1.1015375852584839,-1.5414283107572988e-44,0.0,0.0583961084485054,2.0160000324249268,2940.0,-0.0,0.0,20.00400161743164,0.0,0.0909842997789383,0.31784647703170776,9.04156494140625,-0.001090584322810173,0.0012810006737709045,-0.0003076009452342987,10.612866401672363,52.530174255371094,-93.05937194824219
0.12116527557373047,0,-1.1015375852584839,-1.5414283107572988e-44,0.0,0.0583961084485054,2.004000186920166,2944.0,-0.0,0.0,20.012001037597656,0.0,0.09517436474561691,0.30767059326171875,9.086458206176758,-0.0004247836768627167,0.001680482178926468,-0.0005739210173487663,9.551579475402832,52.17524337768555,-92.71849060058594
0.1415712833404541,0,-1.1015375852584839,-1.5414283107572988e-44,0.0,0.0583961084485054,2.01200008392334,2968.0,-0.0,0.0,20.00800132751465,0.0,0.12270908802747726,0.3310152590274811,9.000861167907715,-0.00029162317514419556,0.0003488808870315552,9.187962859869003e-05,10.259103775024414,53.59497833251953,-93.4002456665039
0.16164636611938477,0,-1.1015375852584839,-1.5414283107572988e-44,0.0,0.0583961084485054,2.008000135421753,2952.0,-0.0,0.0,20.012001037597656,0.0,0.10175875574350357,0.3214379549026489,9.046952247619629,-0.001090584322810173,0.002346280962228775,-0.0011065611615777016,9.905342102050781,52.885108947753906,-91.69586181640625
0.18196439743041992,0,-1.1015375852584839,-1.5414283107572988e-44,0.0,0.0583961084485054,2.01200008392334,2972.0,-0.0,0.0,20.016000747680664,0.0,0.07182971388101578,0.3280223608016968,8.997269630432129,0.0006404966115951538,0.0010146815329790115,-0.0003076009452342987,9.905342102050781,51.820308685302734,-93.4002456665039
0.20213079452514648,0,-1.1015375852584839,-1.5414283107572988e-44,0.0,0.0583961084485054,2.01200008392334,2944.0,-0.0,0.0,20.00800132751465,0.0,0.09158287942409515,0.30886775255203247,9.12656307220459,-0.001090584322810173,-0.0005832407623529434,-0.001506041269749403,8.84405517578125,52.530174255371094,-91.01410675048828
0.22240114212036133,0,-1.1015375852584839,-1.5414283107572988e-44,0.0,0.0583961084485054,2.01200008392334,2940.0,-0.0,0.0,20.012001037597656,0.0,0.11253321170806885,0.3262265920639038,9.026001930236816,-0.00029162317514419556,0.0006152000278234482,-0.0003076009452342987,10.082222938537598,51.287906646728516,-92.88893127441406
0.24251532554626465,0,-1.1015375852584839,-1.5414283107572988e-44,0.0,0.0583961084485054,2.01200008392334,2952.0,-0.0,0.0,20.00800132751465,0.0,0.10834314674139023,0.3118606507778168,9.031389236450195,-0.0026885047554969788,0.00021572038531303406,-0.000840241089463234,9.728460311889648,51.64284133911133,-92.88893127441406
0.26291728019714355,0,-1.1015375852584839,-1.5414283107572988e-44,0.0,0.0583961084485054,2.0280001163482666,2940.0,-0.0,0.0,20.02400016784668,0.0,0.08140700310468674,0.2980932891368866,9.006248474121094,-0.001356903463602066,8.255988359451294e-05,0.0011571599170565605,8.84405517578125,51.110443115234375,-92.37761688232422
0.28304600715637207,0,-1.1015375852584839,-1.5414283107572988e-44,0.0,0.0583961084485054,2.008000135421753,2968.0,-0.0,0.0,20.012001037597656,0.0,0.10295592248439789,0.3070720136165619,9.047551155090332,0.0003741774708032608,0.0007483605295419693,-0.0013728812336921692,9.020936012268066,51.99777603149414,-93.91156005859375
0.3034050464630127,0,-1.1015375852584839,-1.5414283107572988e-44,0.0,0.0583961084485054,2.01200008392334,2948.0,-0.0,0.0,20.012001037597656,0.0,0.10654740780591965,0.3160507380962372,9.05952262878418,-0.001090584322810173,0.0006152000278234482,-0.001506041269749403,9.905342102050781,51.46537399291992,-92.37761688232422
0.32363080978393555,0,-1.1015375852584839,-1.5414283107572988e-44,0.0,0.0583961084485054,2.0160000324249268,2944.0,-0.0,0.0,20.00400161743164,0.0,0.11432895809412003,0.32562801241874695,9.049345970153809,-0.001356903463602066,0.0007483605295419693,-0.000840241089463234,10.435985565185547,52.35271072387695,-92.2071762084961
0.3438754081726074,0,-1.1015375852584839,-1.5414283107572988e-44,0.0,0.0583961084485054,2.0160000324249268,2948.0,-0.0,0.0,20.016000747680664,0.0,0.09996301680803299,0.3274237811565399,9.052339553833008,-0.0012237448245286942,0.0014141611754894257,0.0011571599170565605,9.728460311889648,53.06257629394531,-93.22981262207031
0.3641982078552246,0,-1.1015375852584839,-1.5414283107572988e-44,0.0,0.0583961084485054,2.008000135421753,2940.0,-0.0,0.0,20.012001037597656,0.0,0.08320274949073792,0.3052762746810913,9.050543785095215,-0.0009574238210916519,0.0015473216772079468,9.187962859869003e-05,10.612866401672363,52.7076416015625,-92.88893127441406
0.3843531608581543,0,-1.1015375852584839,-1.5414283107572988e-44,0.0,0.0583961084485054,2.0160000324249268,2984.0,-0.0,0.0,20.00400161743164,0.0,0.08140700310468674,0.3154521584510803,9.024805068969727,-0.0014900639653205872,0.001680482178926468,-0.0012397211976349354,10.435985565185547,51.99777603149414,-93.57068634033203
0.4045717716217041,0,-1.1015375852584839,-1.5414283107572988e-44,0.0,0.0583961084485054,2.0160000324249268,2944.0,-0.0,0.0,20.00800132751465,0.0,0.10475166141986847,0.3172478973865509,9.05652904510498,-0.0004247836768627167,0.0010146815329790115,9.187962859869003e-05,11.143509864807129,51.99777603149414,-92.54805755615234
0.4248659610748291,0,-1.1015375852584839,-1.5414283107572988e-44,0.0,0.0583961084485054,2.01200008392334,2944.0,-0.0,0.0,20.00400161743164,0.0,0.09936443716287613,0.3292195200920105,9.00864315032959,-0.0005579441785812378,0.0011478401720523834,0.0008908398449420929,10.435985565185547,50.578041076660156,-92.54805755615234
0.444927453994751,0,-1.1015375852584839,-1.5414283107572988e-44,0.0,0.0583961084485054,2.01200008392334,2944.0,-0.0,0.0,20.00400161743164,0.0,0.08020984381437302,0.31964221596717834,9.024805068969727,-0.0004247836768627167,0.0015473216772079468,-4.127994179725647e-05,10.612866401672363,50.75550842285156,-93.4002456665039
0.46521425247192383,0,-1.1015375852584839,-1.5414283107572988e-44,0.0,0.0583961084485054,2.0280001163482666,2944.0,-0.0,0.0,20.00800132751465,0.0,0.11253321170806885,0.32383227348327637,9.052339553833008,-0.0018895436078310013,0.0008815210312604904,9.187962859869003e-05,8.490293502807617,51.820308685302734,-92.71849060058594
0.48544788360595703,0,-1.1015375852584839,-1.5414283107572988e-44,0.0,0.0583961084485054,2.01200008392334,2972.0,-0.0,0.0,20.00400161743164,0.0,0.08559707552194595,0.31485357880592346,9.032586097717285,-0.0009574238210916519,0.0015473216772079468,0.0014234809204936028,9.551579475402832,52.17524337768555,-91.69586181640625
0.5056757926940918,0,-1.1015375852584839,-1.5414283107572988e-44,0.0,0.0583961084485054,2.0160000324249268,2948.0,-0.0,0.0,20.00800132751465,0.0,0.09816727042198181,0.31245923042297363,9.009241104125977,-0.0020227041095495224,0.0006152000278234482,0.0006245197728276253,10.435985565185547,51.64284133911133,-90.84367370605469
0.5259311199188232,0,-1.1015375852584839,-1.5414283107572988e-44,0.0,0.0583961084485054,2.01200008392334,2944.0,-0.0,0.0,20.016000747680664,0.0,0.08140700310468674,0.31784647703170776,9.018818855285645,-0.0022890251129865646,-0.00018375925719738007,-0.0009734011255204678,10.259103775024414,51.110443115234375,-93.05937194824219
0.5462329387664795,0,-1.1015375852584839,-1.5414283107572988e-44,0.0,0.0583961084485054,2.01200008392334,2952.0,-0.0,0.0,20.00800132751465,0.0,0.09996301680803299,0.32862094044685364,9.05952262878418,-0.0024221856147050858,0.0008815210312604904,0.0006245197728276253,10.78974723815918,51.287906646728516,-92.88893127441406
0.5664632320404053,0,-1.1015375852584839,-1.5414283107572988e-44,0.0,0.0583961084485054,2.0320000648498535,2940.0,-0.0,0.0,20.012001037597656,0.0,0.11193463206291199,0.3112620711326599,9.067902565002441,-0.001356903463602066,0.0010146815329790115,-0.002571322023868561,8.667174339294434,51.99777603149414,-93.22981262207031
0.586724042892456,0,-1.1015375852584839,-1.5414283107572988e-44,0.0,0.0583961084485054,2.0160000324249268,2972.0,-0.0,0.0,20.012001037597656,0.0,0.08858997374773026,0.3310152590274811,9.052937507629395,-0.0014900639653205872,0.001680482178926468,-4.127994179725647e-05,9.905342102050781,53.24004364013672,-92.37761688232422
0.6070477962493896,0,-1.1015375852584839,-1.5414283107572988e-44,0.0,0.0583961084485054,2.0160000324249268,2944.0,-0.0,0.0,20.012001037597656,0.0,0.0879913941025734,0.2951003909111023,9.006847381591797,-0.0016232244670391083,0.0003488808870315552,-4.127994179725647e-05,10.082222938537598,52.7076416015625,-92.88893127441406
0.6272621154785156,0,-1.1015375852584839,-1.5414283107572988e-44,0.0,0.0583961084485054,2.0160000324249268,3000.0,-0.0,0.0,20.104000091552734,0.0,0.0879913941025734,0.3154521584510803,9.061318397521973,-2.530403435230255e-05,0.0015473216772079468,-0.0012397211976349354,10.082222938537598,50.578041076660156,-93.22981262207031
0.6474950313568115,0,-1.1015375852584839,-1.5414283107572988e-44,0.0,0.0583961084485054,2.0160000324249268,2944.0,-0.0,0.0,20.00800132751465,0.0,0.09697011113166809,0.3334095776081085,9.05533218383789,-0.0005579441785812378,0.0018136408179998398,-4.127994179725647e-05,11.143509864807129,53.06257629394531,-92.2071762084961
0.6677391529083252,0,-1.1015375852584839,-1.5414283107572988e-44,0.0,0.0583961084485054,2.004000186920166,2948.0,-0.0,0.0,20.016000747680664,0.0,0.09756869077682495,0.3142549991607666,9.052937507629395,-0.00015846267342567444,-0.0003169197589159012,0.00035819970071315765,10.78974723815918,51.64284133911133,-91.86630249023438
0.688819408416748,0,-1.1015375852584839,-1.5414283107572988e-44,0.0,0.0583961084485054,2.01200008392334,2972.0,-0.0,0.0,20.012001037597656,0.0,0.08679423481225967,0.3100649118423462,9.038572311401367,0.00024101696908473969,0.0010146815329790115,-0.0005739210173487663,11.320390701293945,53.24004364013672,-93.05937194824219
0.7083508968353271,0,-1.1015375852584839,-1.5414283107572988e-44,0.0,0.0583961084485054,2.01200008392334,2944.0,-0.0,0.0,20.00800132751465,0.0,0.09936443716287613,0.3118606507778168,9.069698333740234,-0.0004247836768627167,0.0007483605295419693,-0.0004407605156302452,10.78974723815918,51.64284133911133,-92.88893127441406
0.7286231517791748,0,-1.1015375852584839,-1.5414283107572988e-44,0.0,0.0583961084485054,2.01200008392334,3080.0,-0.0,0.0,20.00400161743164,0.0,0.0879913941025734,0.3118606507778168,9.047551155090332,-0.00015846267342567444,0.0008815210312604904,-0.0001744404435157776,9.551579475402832,53.24004364013672,-92.37761688232422
0.748790979385376,0,-1.1015375852584839,-1.5414283107572988e-44,0.0,0.0583961084485054,2.01200008392334,2944.0,-0.0,0.0,20.012001037597656,0.0,0.09577295184135437,0.3280223608016968,9.06191635131836,-0.0009574238210916519,0.0004820413887500763,0.0008908398449420929,9.020936012268066,52.7076416015625,-92.88893127441406
0.7691104412078857,0,-1.1015375852584839,-1.5414283107572988e-44,0.0,0.0583961084485054,2.008000135421753,2944.0,-0.0,0.0,20.00800132751465,0.0,0.09756869077682495,0.34358546137809753,9.061318397521973,-0.001356903463602066,0.0007483605295419693,0.0006245197728276253,9.905342102050781,52.17524337768555,-92.37761688232422
0.7891559600830078,0,-1.1015375852584839,-1.5414283107572988e-44,0.0,0.0583961084485054,2.0160000324249268,2960.0,-0.0,0.0,20.00800132751465,0.0,0.10475166141986847,0.3250294327735901,9.036177635192871,-0.0008242633193731308,0.002213122323155403,-4.127994179725647e-05,10.612866401672363,53.24004364013672,-92.0367431640625
0.8095426559448242,0,-1.1015375852584839,-1.5414283107572988e-44,0.0,0.0583961084485054,2.008000135421753,2944.0,-0.0,0.0,20.00400161743164,0.0,0.09038572013378143,0.3004876375198364,9.025403022766113,-0.0009574238210916519,0.00021572038531303406,-0.0004407605156302452,10.612866401672363,52.885108947753906,-92.0367431640625
0.8296198844909668,0,-1.1015375852584839,-1.5414283107572988e-44,0.0,0.0583961084485054,2.01200008392334,3076.0,-0.0,0.0,20.00800132751465,0.0,0.07063254714012146,0.3184450566768646,9.04036808013916,0.0013062972575426102,0.0004820413887500763,9.187962859869003e-05,10.435985565185547,51.99777603149414,-92.88893127441406
0.8498978614807129,0,-1.1015375852584839,-1.5414283107572988e-44,0.0,0.0583961084485054,2.0160000324249268,2948.0,-0.0,0.0,20.00800132751465,0.0,0.08978714048862457,0.30946633219718933,9.07448673248291,0.0007736571133136749,0.0011478401720523834,9.187962859869003e-05,10.259103775024414,51.46537399291992,-92.37761688232422
0.870133638381958,0,-1.1015375852584839,-1.5414283107572988e-44,0.0,0.0583961084485054,2.004000186920166,2944.0,-0.0,0.0,20.016000747680664,0.0,0.08080842345952988,0.3070720136165619,9.045156478881836,-0.0028216652572155,0.002346280962228775,0.00022504013031721115,9.1978178024292,51.820308685302734,-92.71849060058594
0.8904228210449219,0,-1.1015375852584839,-1.5414283107572988e-44,0.0,0.0583961084485054,2.0160000324249268,2956.0,-0.0,0.0,20.00400161743164,0.0,0.10235733538866043,0.3220365345478058,9.000263214111328,-0.0016232244670391083,0.0034115631133317947,-0.0001744404435157776,10.082222938537598,51.99777603149414,-91.52542877197266
0.9106433391571045,0,-1.1015375852584839,-1.5414283107572988e-44,0.0,0.0583961084485054,2.008000135421753,2940.0,-0.0,0.0,20.016000747680664,0.0,0.10116017609834671,0.3100649118423462,9.07568359375,-0.0008242633193731308,0.0012810006737709045,0.0008908398449420929,9.905342102050781,52.530174255371094,-92.71849060058594
0.9309115409851074,0,-1.1015375852584839,-1.5414283107572988e-44,0.0,0.0583961084485054,2.01200008392334,3012.0,-0.0,0.0,20.00800132751465,0.0,0.0820055902004242,0.31664931774139404,9.076282501220703,-0.0009574238210916519,-0.0003169197589159012,0.0004913602024316788,10.082222938537598,52.7076416015625,-93.22981262207031
0.9511768817901611,0,-1.1015375852584839,-1.5414283107572988e-44,0.0,0.0583961084485054,2.0160000324249268,2948.0,-0.0,0.0,20.00800132751465,0.0,0.09218145906925201,0.3310152590274811,8.979312896728516,-0.0022890251129865646,0.0006152000278234482,-0.0009734011255204678,8.490293502807617,51.110443115234375,-93.4002456665039
0.971428394317627,0,-1.1015375852584839,-1.5414283107572988e-44,0.0,0.0583961084485054,2.008000135421753,2948.0,-0.0,0.0,20.00800132751465,0.0,0.10295592248439789,0.3310152590274811,9.006847381591797,-0.0005579441785812378,-0.00018375925719738007,-0.0004407605156302452,8.84405517578125,51.820308685302734,-94.08200073242188
0.9915542602539062,0,-1.1015375852584839,-1.5414283107572988e-44,0.0,0.0583961084485054,2.0160000324249268,2964.0,-0.0,0.0,20.00400161743164,0.0,0.0909842997789383,0.32263511419296265,9.07448673248291,0.00024101696908473969,0.0015473216772079468,0.001024000346660614,8.490293502807617,53.24004364013672,-93.05937194824219
1.0117871761322021,0,-1.1015375852584839,-1.5414283107572988e-44,0.0,0.0583961084485054,2.004000186920166,2940.0,-0.0,0.0,20.00400161743164,0.0,0.10116017609834671,0.3214379549026489,9.058324813842773,-0.001090584322810173,0.0018136408179998398,-0.0003076009452342987,10.435985565185547,53.06257629394531,-93.57068634033203
1.032050371170044,0,-1.1015375852584839,-1.5414283107572988e-44,0.0,0.0583961084485054,2.01200008392334,2964.0,-0.0,0.0,20.016000747680664,0.0,0.09158287942409515,0.3112620711326599,9.052339553833008,-0.0016232244670391083,0.0003488808870315552,-0.0003076009452342987,11.320390701293945,52.17524337768555,-93.74112701416016
1.0522899627685547,0,-1.1015375852584839,-1.5414283107572988e-44,0.0,0.0583961084485054,2.01200008392334,2948.0,-0.0,0.0,20.016000747680664,0.0,0.08439990878105164,0.3304166793823242,9.021811485290527,-0.001090584322810173,0.0004820413887500763,-0.0005739210173487663,9.551579475402832,52.17524337768555,-92.37761688232422
1.0725467205047607,0,-1.1015375852584839,-1.5414283107572988e-44,0.0,0.0583961084485054,2.01200008392334,2944.0,-0.0,0.0,20.00400161743164,0.0,0.07841410487890244,0.3112620711326599,9.07328987121582,-0.0012237448245286942,-0.0009827204048633575,-0.0001744404435157776,9.905342102050781,52.530174255371094,-92.37761688232422
1.0927915573120117,0,-1.1015375852584839,-1.5414283107572988e-44,0.0,0.0583961084485054,2.01200008392334,2948.0,-0.0,0.0,20.012001037597656,0.0,0.09337862581014633,0.3250294327735901,9.033185005187988,-0.0020227041095495224,0.0011478401720523834,0.0014234809204936028,10.966628074645996,52.17524337768555,-92.71849060058594
1.1131420135498047,0,-1.1015375852584839,-1.5414283107572988e-44,0.0,0.0583961084485054,2.004000186920166,2948.0,-0.0,0.0,20.00400161743164,0.0,0.08080842345952988,0.3190436363220215,9.081669807434082,-0.00029162317514419556,0.0006152000278234482,-0.000840241089463234,9.905342102050781,52.17524337768555,-93.05937194824219
1.1333749294281006,0,-1.1015375852584839,-1.5414283107572988e-44,0.0,0.0583961084485054,2.01200008392334,2964.0,-0.0,0.0,20.00800132751465,0.0,0.09756869077682495,0.34059253334999084,9.009241104125977,-0.0006911046802997589,-0.00018375925719738007,-0.0011065611615777016,10.259103775024414,52.17524337768555,-92.37761688232422
1.1535918712615967,0,-1.1015375852584839,-1.5414283107572988e-44,0.0,0.0583961084485054,2.01200008392334,2944.0,-0.0,0.0,20.00800132751465,0.0,0.10175875574350357,0.3160507380962372,9.049944877624512,-0.0021558646112680435,0.0007483605295419693,-0.0009734011255204678,10.612866401672363,53.59497833251953,-92.0367431640625
1.1741654872894287,0,-1.1015375852584839,-1.5414283107572988e-44,0.0,0.0583961084485054,2.01200008392334,2940.0,-0.0,0.0,20.00400161743164,0.0,0.08140700310468674,0.31964221596717834,8.996671676635742,0.00010785646736621857,0.0008815210312604904,0.0006245197728276253,9.374698638916016,52.7076416015625,-91.86630249023438
1.194117546081543,0,-1.1015375852584839,-1.5414283107572988e-44,0.0,0.0583961084485054,2.01200008392334,2944.0,-0.0,0.0,20.00800132751465,0.0,0.0909842997789383,0.30288195610046387,9.043959617614746,-0.0006911046802997589,0.0003488808870315552,-0.001506041269749403,10.082222938537598,52.7076416015625,-91.86630249023438
1.214526891708374,0,-1.1015375852584839,-1.5414283107572988e-44,0.0,0.0583961084485054,2.01200008392334,2948.0,-0.0,0.0,20.016000747680664,0.0,0.09577295184135437,0.30767059326171875,9.052339553833008,-0.00015846267342567444,0.0007483605295419693,0.0018229605630040169,10.259103775024414,52.885108947753906,-93.05937194824219
1.2345373630523682,0,-1.1015375852584839,-1.5414283107572988e-44,0.0,0.0583961084485054,2.0160000324249268,2964.0,-0.0,0.0,20.00800132751465,0.0,0.09517436474561691,0.3160507380962372,9.079874038696289,-0.0009574238210916519,0.002479441463947296,-0.0005739210173487663,10.435985565185547,51.99777603149414,-92.54805755615234
1.254732370376587,0,-1.1015375852584839,-1.5414283107572988e-44,0.0,0.0583961084485054,2.01200008392334,2948.0,-0.0,0.0,20.00800132751465,0.0,0.0879913941025734,0.32083937525749207,9.031389236450195,-0.0008242633193731308,0.001946801319718361,-0.0007070805877447128,9.1978178024292,53.24004364013672,-92.71849060058594
1.2751507759094238,0,-1.1015375852584839,-1.5414283107572988e-44,0.0,0.0583961084485054,2.01200008392334,2944.0,-0.0,0.0,20.012001037597656,0.0,0.09936443716287613,0.3040791153907776,9.028395652770996,-0.00029162317514419556,0.0014141611754894257,0.00035819970071315765,11.143509864807129,52.7076416015625,-92.54805755615234
1.295281171798706,0,-1.1015375852584839,-1.5414283107572988e-44,0.0,0.0583961084485054,2.0160000324249268,2944.0,-0.0,0.0,20.016000747680664,0.0,0.08380132913589478,0.3112620711326599,9.0289945602417,-0.0004247836768627167,0.00021572038531303406,0.0007576802745461464,10.435985565185547,51.99777603149414,-92.88893127441406
1.3155324459075928,0,-1.1015375852584839,-1.5414283107572988e-44,0.0,0.0583961084485054,2.008000135421753,2944.0,-0.0,0.0,20.00400161743164,0.0,0.11373037844896317,0.3381982147693634,9.073887825012207,-0.0004247836768627167,0.0004820413887500763,0.00022504013031721115,9.020936012268066,52.35271072387695,-91.86630249023438
1.3356647491455078,0,-1.1015375852584839,-1.5414283107572988e-44,-0.0,1.5414283107572988e-43,2.01200008392334,2968.0,-0.0,2.0,20.00400161743164,0.0,0.08918856084346771,0.3010862171649933,9.050543785095215,-0.0026885047554969788,0.0004820413887500763,-0.0007070805877447128,9.374698638916016,51.64284133911133,-92.88893127441406
1.3558783531188965,0,-1.1015375852584839,-1.5414283107572988e-44,-0.0,1.5414283107572988e-43,2.01200008392334,2952.0,-0.0,2.0,20.00800132751465,0.0,0.08858997374773026,0.31784647703170776,9.002656936645508,0.00024101696908473969,0.0011478401720523834,-0.000840241089463234,9.905342102050781,52.885108947753906,-93.74112701416016
1.3761906623840332,0,-1.1015375852584839,-1.5414283107572988e-44,-0.0,1.5414283107572988e-43,2.01200008392334,2944.0,-0.0,2.0,20.00400161743164,0.0,0.08080842345952988,0.32083937525749207,9.055931091308594,-2.530403435230255e-05,0.001680482178926468,-0.0007070805877447128,10.78974723815918,51.287906646728516,-93.91156005859375
1.3963911533355713,0,-1.1015375852584839,-1.5414283107572988e-44,-0.0,1.5414283107572988e-43,2.01200008392334,2944.0,-0.0,2.0,20.00800132751465,0.0,0.08978714048862457,0.31664931774139404,9.052937507629395,-0.0012237448245286942,-0.0012490395456552505,-0.002438161987811327,9.020936012268066,51.64284133911133,-91.52542877197266
1.4166717529296875,0,-1.1015375852584839,-1.5414283107572988e-44,-0.0,1.5414283107572988e-43,2.0160000324249268,2944.0,-0.0,2.0,20.00800132751465,0.0,0.08260416984558105,0.3130578100681305,9.007445335388184,-0.001356903463602066,0.0012810006737709045,-0.0004407605156302452,10.966628074645996,51.820308685302734,-92.37761688232422
1.436936855316162,0,-1.1015375852584839,-1.5414283107572988e-44,-0.0,1.5414283107572988e-43,2.008000135421753,2964.0,-0.0,2.0,20.012001037597656,0.0,0.09158287942409515,0.3322124183177948,9.030790328979492,-0.0008242633193731308,0.0015473216772079468,-4.127994179725647e-05,9.905342102050781,52.17524337768555,-92.71849060058594
1.4578571319580078,0,-1.1015375852584839,-1.5414283107572988e-44,-0.0,1.5414283107572988e-43,2.008000135421753,2948.0,-0.0,2.0,20.00800132751465,0.0,0.08260416984558105,0.3214379549026489,9.033185005187988,-0.0008242633193731308,0.0014141611754894257,0.00035819970071315765,10.082222938537598,50.93297576904297,-93.57068634033203
1.47745680809021,0,-1.1015375852584839,-1.5414283107572988e-44,-0.0,1.5414283107572988e-43,2.01200008392334,3024.0,-0.0,2.0,20.084001541137695,0.0,0.08978714048862457,0.3214379549026489,9.043959617614746,-0.0009574238210916519,0.0014141611754894257,-0.0001744404435157776,8.667174339294434,53.06257629394531,-92.88893127441406
1.4977030754089355,0,-1.1015375852584839,-1.5414283107572988e-44,-0.0,1.5414283107572988e-43,2.008000135421753,2948.0,-0.0,2.0,20.00400161743164,0.0,0.10235733538866043,0.3280223608016968,9.06071949005127,-0.0018895436078310013,0.0004820413887500763,-4.127994179725647e-05,11.497271537780762,52.35271072387695,-93.22981262207031
1.518007516860962,0,-1.1015375852584839,-1.5414283107572988e-44,-0.0,1.5414283107572988e-43,2.0280001163482666,2956.0,-0.0,2.0,20.00400161743164,0.0,0.0760197788476944,0.3004876375198364,9.042163848876953,-0.0016232244670391083,0.0014141611754894257,-0.0001744404435157776,10.612866401672363,52.17524337768555,-93.05937194824219
1.53806734085083,0,-1.1015375852584839,-1.5414283107572988e-44,-0.0,1.5414283107572988e-43,2.008000135421753,2968.0,-0.0,2.0,20.00800132751465,0.0,0.09337862581014633,0.3160507380962372,9.037374496459961,-0.0025553442537784576,0.0008815210312604904,-0.0017723613418638706,9.551579475402832,50.75550842285156,-92.0367431640625
1.5598468780517578,0,-1.1015375852584839,-1.5414283107572988e-44,-0.0,1.5414283107572988e-43,2.01200008392334,2948.0,-0.0,2.0,20.00800132751465,0.0,0.09816727042198181,0.2992904484272003,9.063114166259766,-0.0024221856147050858,0.0014141611754894257,0.00035819970071315765,10.259103775024414,51.820308685302734,-93.74112701416016
1.5786771774291992,0,-1.1015375852584839,-1.5414283107572988e-44,-0.0,1.5414283107572988e-43,2.008000135421753,3096.0,-0.0,2.0,20.064001083374023,0.0,0.09517436474561691,0.3070720136165619,8.979910850524902,-0.0006911046802997589,0.0008815210312604904,-0.002305001951754093,9.551579475402832,52.885108947753906,-92.0367431640625
1.598905324935913,0,-1.1015375852584839,-1.5414283107572988e-44,-0.0,1.5414283107572988e-43,2.01200008392334,2944.0,-0.0,2.0,20.016000747680664,0.0,0.10295592248439789,0.30946633219718933,9.063114166259766,-0.00015846267342567444,0.0004820413887500763,-0.0007070805877447128,10.966628074645996,52.885108947753906,-93.05937194824219
1.6198053359985352,0,-1.1015375852584839,-1.5414283107572988e-44,-0.0,1.5414283107572988e-43,2.0160000324249268,2948.0,-0.0,2.0,20.012001037597656,0.0,0.10056159645318985,0.3202407956123352,9.051740646362305,-0.001356903463602066,0.0018136408179998398,-0.0004407605156302452,10.435985565185547,53.06257629394531,-90.50279235839844
1.6394314765930176,0,-1.1015375852584839,-1.5414283107572988e-44,-0.0,1.5414283107572988e-43,2.008000135421753,2952.0,-0.0,2.0,20.012001037597656,0.0,0.08439990878105164,0.3130578100681305,9.024206161499023,-0.0008242633193731308,0.0015473216772079468,-0.0003076009452342987,9.1978178024292,51.110443115234375,-92.0367431640625
1.659726858139038,0,-1.1015375852584839,-1.5414283107572988e-44,-0.0,1.5414283107572988e-43,2.008000135421753,2948.0,-0.0,2.0,20.00800132751465,0.0,0.09158287942409515,0.3154521584510803,9.025403022766113,-0.0014900639653205872,0.0004820413887500763,-0.0004407605156302452,10.966628074645996,53.24004364013672,-93.4002456665039
1.6799485683441162,0,-1.1015375852584839,-1.5414283107572988e-44,-0.0,1.5414283107572988e-43,2.01200008392334,3072.0,-0.0,2.0,20.00800132751465,0.0,0.07123112678527832,0.31964221596717834,9.063114166259766,0.0005073361098766327,0.0014141611754894257,0.00022504013031721115,9.905342102050781,52.17524337768555,-92.0367431640625
1.700195550918579,0,-1.1015375852584839,-1.5414283107572988e-44,-0.0,1.5414283107572988e-43,2.01200008392334,2948.0,-0.0,2.0,20.00400161743164,0.0,0.09397720545530319,0.3160507380962372,9.07448673248291,-0.0022890251129865646,0.0008815210312604904,0.0007576802745461464,9.905342102050781,52.885108947753906,-93.05937194824219
1.7205228805541992,0,-1.1015375852584839,-1.5414283107572988e-44,-0.0,1.5414283107572988e-43,2.004000186920166,2940.0,-0.0,2.0,20.00400161743164,0.0,0.10415308177471161,0.3292195200920105,9.057726860046387,-0.0018895436078310013,-5.060061812400818e-05,-0.0007070805877447128,9.905342102050781,52.530174255371094,-92.71849060058594
1.7406089305877686,0,-1.1015375852584839,-1.5414283107572988e-44,-0.0,1.5414283107572988e-43,2.01200008392334,2980.0,-0.0,2.0,20.012001037597656,0.0,0.10594882071018219,0.31964221596717834,9.049345970153809,-0.00029162317514419556,0.0011478401720523834,9.187962859869003e-05,10.435985565185547,51.99777603149414,-91.86630249023438
1.7608609199523926,0,-1.1015375852584839,-1.5414283107572988e-44,-0.0,1.5414283107572988e-43,2.01200008392334,2952.0,-0.0,2.0,20.00400161743164,0.0,0.09457578510046005,0.32562801241874695,9.051141738891602,-0.00015846267342567444,0.0018136408179998398,0.00022504013031721115,10.259103775024414,52.885108947753906,-92.37761688232422
1.781090497970581,0,-1.0982929468154907,0.030686963349580765,4.0,39.69313049316406,2.01200008392334,3000.0,-0.0,2.0,20.012001037597656,0.0032446079421788454,0.08320274949073792,0.31245923042297363,8.967340469360352,0.00010785646736621857,0.0012810006737709045,-4.127994179725647e-05,10.78974723815918,51.99777603149414,-92.2071762084961
1.8013405799865723,0,-1.083795428276062,0.15661302208900452,4.0,38.433868408203125,2.01200008392334,2960.0,-0.0,2.0,20.012001037597656,0.014497536234557629,-0.03890775889158249,0.7554091215133667,9.365995407104492,-0.00481906533241272,0.00021572038531303406,0.0026219207793474197,9.020936012268066,51.99777603149414,-91.86630249023438
1.8216147422790527,0,-1.0701591968536377,0.2494945377111435,4.0,37.50505447387695,2.008000135421753,2952.0,-0.0,2.0,20.016000747680664,0.013636159710586071,0.5518916249275208,5.406383037567139,11.924330711364746,0.026340391486883163,-0.01563032902777195,0.0016898009926080704,8.313411712646484,51.287906646728516,-92.2071762084961
1.8419175148010254,0,-1.061804175376892,0.2791979908943176,4.0,37.2080192565918,2.004000186920166,2968.0,-0.0,2.0,20.00400161743164,0.008355071768164635,-0.24900966882705688,5.512930393218994,7.289518356323242,0.013024386018514633,-0.021622532978653908,-0.032798659056425095,8.490293502807617,51.820308685302734,-92.71849060058594
1.8621456623077393,0,-1.0536803007125854,0.30208173394203186,4.0,36.979183197021484,2.004000186920166,2956.0,-0.0,2.0,20.016000747680664,0.008123904466629028,0.24541817605495453,2.499673843383789,9.826903343200684,-0.08498143404722214,-0.00737440399825573,-0.019083172082901,8.667174339294434,51.287906646728516,-92.54805755615234
1.882430076599121,0,-1.047243356704712,0.30512723326683044,4.0,36.94873046875,2.004000186920166,2980.0,-0.0,2.0,20.00800132751465,0.006436928175389767,0.36274003982543945,2.5379831790924072,8.17422103881836,0.021679788827896118,-0.007773885503411293,-0.017218930646777153,9.020936012268066,52.35271072387695,-90.84367370605469
1.902658224105835,0,-1.0393781661987305,0.3216644525527954,4.0,36.783355712890625,2.008000135421753,2948.0,-0.0,2.0,20.00800132751465,0.00786521565169096,0.21429197490215302,2.5128426551818848,8.517208099365234,0.020348187536001205,8.255988359451294e-05,-0.038924023509025574,9.020936012268066,51.287906646728516,-90.84367370605469
1.9227690696716309,0,-1.0312211513519287,0.3369840383529663,4.0,36.630157470703125,2.008000135421753,2960.0,-0.0,2.0,20.00800132751465,0.008156928233802319,-0.2633756101131439,2.6146013736724854,9.9166898727417,0.023544032126665115,0.01060220692306757,-0.04771259054541588,9.374698638916016,51.64284133911133,-90.16191864013672
1.9430294036865234,0,-1.0230835676193237,0.34965524077415466,4.0,36.503448486328125,2.004000186920166,2952.0,-0.0,2.0,20.00400161743164,0.008137663826346397,0.10175875574350357,2.369183301925659,8.49027156829834,0.032865237444639206,-0.03720226138830185,-0.04132090508937836,9.1978178024292,51.820308685302734,-92.0367431640625
1.9633252620697021,0,-1.014032244682312,0.3682454228401184,4.0,36.31754684448242,2.004000186920166,2944.0,-0.0,2.0,20.036001205444336,0.009051327593624592,0.4513300061225891,2.256051540374756,9.019417762756348,0.007831141352653503,-0.0228209737688303,-0.02933649718761444,8.313411712646484,50.578041076660156,-91.86630249023438
1.9835450649261475,0,-1.0040919780731201,0.3907548189163208,4.0,36.09245300292969,2.008000135421753,2980.0,-0.0,2.0,20.00400161743164,0.009940223768353462,0.25559404492378235,2.214150905609131,9.401311874389648,0.013823345303535461,-0.0029801223427057266,-0.033997099846601486,10.082222938537598,51.99777603149414,-91.1845474243164
2.003816843032837,0,-0.9935463070869446,0.41592732071876526,4.0,35.84072494506836,2.01200008392334,2952.0,-0.0,2.0,20.00400161743164,0.01054566353559494,0.11073747277259827,2.070491313934326,9.384552001953125,0.03526211902499199,-0.004578042775392532,-0.050375793129205704,8.667174339294434,51.287906646728516,-91.52542877197266
2.024134635925293,0,-0.9821475148200989,0.44364142417907715,4.0,35.5635871887207,2.008000135421753,2948.0,-0.0,2.0,20.012001037597656,0.011398783884942532,0.3220365345478058,1.9028887748718262,8.799737930297852,0.016886025667190552,-0.0084396842867136,-0.05383795499801636,9.374698638916016,51.287906646728516,-92.2071762084961
2.0441908836364746,0,-0.9698736071586609,0.47419339418411255,4.0,35.2580680847168,2.004000186920166,2948.0,-0.0,2.0,20.00800132751465,0.012273919768631458,0.19453880190849304,1.9358106851577759,9.079874038696289,-0.01360763143748045,0.007672684267163277,-0.05317215248942375,9.020936012268066,50.578041076660156,-92.88893127441406
2.0644371509552,0,-0.956410825252533,0.5100044012069702,4.0,34.89995574951172,2.004000186920166,2948.0,-0.0,2.0,20.00800132751465,0.013462783768773079,0.17358846962451935,2.197390556335449,8.228093147277832,-0.014273432083427906,-0.013233447447419167,-0.047313109040260315,9.1978178024292,51.46537399291992,-91.01410675048828
2.08469557762146,0,-0.9415087103843689,0.5517301559448242,4.0,34.482696533203125,2.004000186920166,2964.0,-0.0,2.0,20.00400161743164,0.014902080409228802,0.06883680820465088,2.370979070663452,8.917059898376465,-0.02133091539144516,-0.002447480335831642,-0.054636914283037186,8.490293502807617,51.110443115234375,-91.35498809814453
2.1049888134002686,0,-0.9259737133979797,0.5928884148597717,4.0,34.07111740112305,2.004000186920166,2948.0,-0.0,2.0,20.00400161743164,0.015535039827227592,-0.0760197788476944,2.6493191719055176,8.992481231689453,-0.02119775488972664,-0.01456504873931408,-0.06382495909929276,6.721481800079346,50.40057373046875,-92.0367431640625
2.1253068447113037,0,-0.909626841545105,0.6331238150596619,4.0,33.66876220703125,2.0160000324249268,2952.0,-0.0,2.0,20.012001037597656,0.016346879303455353,0.023943237960338593,2.4918923377990723,10.387773513793945,-0.00894702784717083,0.010469046421349049,-0.0628928393125534,7.959649562835693,50.93297576904297,-92.2071762084961
2.1454989910125732,0,-0.8927487730979919,0.6708576083183289,4.0,33.29142379760742,2.004000186920166,2952.0,-0.0,2.0,20.00400161743164,0.01687801629304886,0.8679423332214355,1.7047585248947144,8.48907470703125,-0.010544950142502785,0.017926011234521866,-0.050508949905633926,7.252125263214111,50.578041076660156,-91.86630249023438
2.1657681465148926,0,-0.8751937747001648,0.7078515887260437,4.0,32.92148208618164,2.0360000133514404,2948.0,-0.0,2.0,20.00800132751465,0.017555007711052895,0.4591115713119507,2.126159429550171,9.956196784973145,-0.05755045637488365,0.03403837978839874,-0.06249335780739784,9.020936012268066,51.99777603149414,-90.84367370605469
2.1858861446380615,0,-0.8561334609985352,0.7511035203933716,4.0,32.48896789550781,2.01200008392334,2972.0,-0.0,2.0,20.012001037597656,0.019060352817177773,-0.15323671698570251,2.127955198287964,8.460941314697266,0.00849694013595581,-0.006708603352308273,-0.07234720140695572,8.667174339294434,50.223106384277344,-90.84367370605469
2.2061595916748047,0,-0.8366245031356812,0.7925759553909302,4.0,32.074241638183594,2.004000186920166,2952.0,-0.0,2.0,20.00800132751465,0.019508928060531616,0.7655850052833557,1.822080373764038,9.124767303466797,0.052439767867326736,0.03683474287390709,-0.08526372909545898,9.1978178024292,51.820308685302734,-90.67323303222656
2.2264316082000732,0,-0.8164330720901489,0.8312891125679016,4.0,31.687108993530273,2.004000186920166,2952.0,-0.0,2.0,20.00400161743164,0.02019142359495163,-0.6817836761474609,3.092268943786621,10.765478134155273,0.003037378191947937,0.02777985669672489,-0.11828742921352386,7.075243949890137,49.33577346801758,-91.35498809814453
2.246680974960327,0,-0.7950390577316284,0.8746834993362427,4.0,31.25316619873047,2.004000186920166,2952.0,-0.0,2.0,20.016000747680664,0.021394047886133194,-0.09756869077682495,1.909473180770874,6.282106876373291,-0.010811270214617252,-0.06197003275156021,-0.11589054763317108,7.075243949890137,50.75550842285156,-91.01410675048828
2.2669832706451416,0,-0.7725194096565247,0.9196974635124207,4.0,30.803024291992188,2.004000186920166,2952.0,-0.0,2.0,20.02400016784668,0.022519616410136223,0.07542119920253754,2.6906213760375977,11.356277465820312,-0.020931435748934746,0.01006956584751606,-0.08632900565862656,6.89836311340332,51.64284133911133,-90.84367370605469
2.2871909141540527,0,-0.7491053938865662,0.9629774689674377,4.0,30.37022590637207,2.0160000324249268,2964.0,-0.0,2.0,20.00400161743164,0.023414015769958496,0.8392104506492615,2.2165451049804688,9.489303588867188,0.024342991411685944,-0.051983028650283813,-0.05690063536167145,8.136530876159668,49.33577346801758,-92.0367431640625
2.307318687438965,0,-0.7238888144493103,1.0183969736099243,4.0,29.81603240966797,2.004000186920166,2956.0,-0.0,2.0,20.00400161743164,0.02521657571196556,0.3681272566318512,3.2012107372283936,9.218146324157715,0.0772075355052948,0.04588962718844414,-0.0696839988231659,8.667174339294434,50.578041076660156,-89.13928985595703
2.327585458755493,0,-0.6972990036010742,1.0701488256454468,4.0,29.298511505126953,2.0160000324249268,3036.0,-0.0,2.0,20.00800132751465,0.02658982388675213,0.1251034140586853,3.0808961391448975,11.072549819946289,-0.0012237448245286942,0.09462621808052063,-0.09884605556726456,8.136530876159668,51.46537399291992,-91.69586181640625
2.3478407859802246,0,-0.6730483770370483,1.0995259284973145,4.0,29.004741668701172,2.004000186920166,2948.0,-0.0,2.0,20.00400161743164,0.02425062470138073,0.0670410618185997,2.284783363342285,10.233339309692383,-0.03291584178805351,-0.03746858239173889,-0.1172221451997757,8.84405517578125,50.04563903808594,-91.01410675048828
2.3680899143218994,0,-0.6469126343727112,1.1370468139648438,4.0,28.629531860351562,2.008000135421753,2948.0,-0.0,2.0,20.012001037597656,0.026135744526982307,1.0529038906097412,1.6167670488357544,6.927975654602051,-0.062077902257442474,-0.03840070217847824,-0.135331928730011,8.313411712646484,50.93297576904297,-90.50279235839844
2.388366222381592,0,-0.6190321445465088,1.1814314126968384,4.0,28.185688018798828,2.004000186920166,2968.0,-0.0,2.0,20.012001037597656,0.027880512177944183,0.6446716785430908,1.2654000520706177,9.970562934875488,0.07547646760940552,0.06599680334329605,-0.1317366063594818,7.782768726348877,50.75550842285156,-91.69586181640625
2.408656358718872,0,-0.5905627012252808,1.2265251874923706,4.0,27.7347469329834,2.008000135421753,2964.0,-0.0,2.0,20.00800132751465,0.02846943959593773,-0.6105525493621826,2.2805933952331543,8.089820861816406,0.11076387763023376,-0.09299633651971817,-0.13613088428974152,7.605887413024902,50.93297576904297,-90.50279235839844
2.429126262664795,0,-0.5598558783531189,1.2741100788116455,4.0,27.258899688720703,2.008000135421753,3104.0,-0.0,2.0,20.18400001525879,0.03070681542158127,0.4561186730861664,2.8193161487579346,7.296103000640869,0.035661596804857254,-0.08913469314575195,-0.10230822116136551,8.490293502807617,49.69070816040039,-91.69586181640625
2.449195384979248,0,-0.5303406715393066,1.316361904144287,4.0,26.836380004882812,2.004000186920166,2956.0,-0.0,2.0,20.00800132751465,0.02951519936323166,0.9930457472801208,2.0507383346557617,9.734721183776855,-0.10708600282669067,0.10181686282157898,-0.09325333684682846,6.367719650268555,49.33577346801758,-92.0367431640625
2.4694674015045166,0,-0.499064177274704,1.3604472875595093,4.0,26.395526885986328,2.0160000324249268,2960.0,-0.0,2.0,20.02400016784668,0.03127647936344147,0.1340821236371994,1.7101457118988037,10.032814979553223,-0.052756696939468384,0.0418948233127594,-0.1178879514336586,8.313411712646484,50.578041076660156,-90.16191864013672
2.489712715148926,0,-0.4668300151824951,1.4038941860198975,4.0,25.961057662963867,2.004000186920166,2960.0,-0.0,2.0,20.00400161743164,0.032234176993370056,-0.1682012379169464,2.2368969917297363,7.265575408935547,-0.0012237448245286942,-0.0587741956114769,-0.13826145231723785,8.667174339294434,49.86817169189453,-90.84367370605469
2.509967565536499,0,-0.4342353343963623,1.4461314678192139,4.0,25.538684844970703,2.004000186920166,2956.0,-0.0,2.0,20.016000747680664,0.03259468823671341,0.054470863193273544,2.7289304733276367,9.499479293823242,0.0007736571133136749,0.024051373824477196,-0.14944688975811005,8.136530876159668,50.40057373046875,-92.0367431640625
2.5302467346191406,0,-0.3999921977519989,1.4877305030822754,4.0,25.122695922851562,2.004000186920166,3048.0,-0.0,2.0,20.00400161743164,0.0342431366443634,0.6877694725990295,2.0094361305236816,11.279060363769531,0.0115596242249012,0.054811351001262665,-0.13333451747894287,8.490293502807617,49.69070816040039,-89.9914779663086
2.550508737564087,0,-0.3652234375476837,1.539689540863037,4.0,24.603103637695312,2.004000186920166,2956.0,-0.0,2.0,20.00800132751465,0.03476876765489578,-0.4920335114002228,3.277829170227051,7.7079267501831055,0.0025047380477190018,0.030975699424743652,-0.1309376358985901,6.190838813781738,49.513240814208984,-90.84367370605469
2.570770502090454,0,-0.32883647084236145,1.5888217687606812,4.0,24.11178207397461,2.0199999809265137,2952.0,-0.0,2.0,20.00800132751465,0.036386944353580475,-0.008380132727324963,2.0884487628936768,9.578492164611816,-0.0503598153591156,-0.05078458786010742,-0.12641020119190216,7.605887413024902,48.093505859375,-90.50279235839844
2.5908825397491455,0,-0.29259538650512695,1.6259958744049072,4.0,23.740041732788086,2.004000186920166,2980.0,-0.0,2.0,20.00400161743164,0.036241088062524796,0.6093553900718689,2.248270034790039,8.25562858581543,0.007831141352653503,0.03670158237218857,-0.15437382459640503,7.429006576538086,49.69070816040039,-90.67323303222656
2.6111605167388916,0,-0.2560846209526062,1.6648409366607666,4.0,23.351591110229492,2.01200008392334,2956.0,-0.0,2.0,20.02800178527832,0.036510784178972244,0.8493863344192505,1.7538421154022217,9.535393714904785,-0.03717696666717529,0.018724970519542694,-0.1510448157787323,7.959649562835693,50.578041076660156,-89.821044921875
2.6314213275909424,0,-0.21753734350204468,1.7089993953704834,4.0,22.910005569458008,2.004000186920166,2972.0,-0.0,2.0,20.012001037597656,0.03854726254940033,-0.5369271039962769,2.4894981384277344,10.570939064025879,0.017285507172346115,0.024317694827914238,-0.1872643530368805,8.84405517578125,50.75550842285156,-91.01410675048828
2.651691198348999,0,-0.17820575833320618,1.7580608129501343,4.0,22.419391632080078,2.0160000324249268,2944.0,-0.0,2.0,20.012001037597656,0.0393315851688385,-0.7398460507392883,2.721747398376465,9.254060745239258,0.13646377623081207,-0.03640329837799072,-0.16396133601665497,7.429006576538086,51.110443115234375,-91.35498809814453
2.671926975250244,0,-0.13858520984649658,1.7981353998184204,4.0,22.018646240234375,2.008000135421753,2952.0,-0.0,2.0,20.00800132751465,0.039620544761419296,0.3172478973865509,3.0330095291137695,5.763735771179199,0.061627816408872604,-0.024552052840590477,-0.1566375344991684,7.252125263214111,49.86817169189453,-90.84367370605469
2.692241668701172,0,-0.09865369647741318,1.833388090133667,4.0,21.666118621826172,2.0160000324249268,2960.0,-0.0,2.0,20.012001037597656,0.039931520819664,-0.14485658705234528,2.3141138553619385,10.425483703613281,-0.07392914593219757,0.044691186398267746,-0.1823374330997467,7.252125263214111,50.578041076660156,-92.2071762084961
2.7124674320220947,0,-0.05746451020240784,1.874258279800415,4.0,21.257417678833008,2.01200008392334,2948.0,-0.0,2.0,20.012001037597656,0.04118918254971504,1.0876215696334839,1.677223801612854,8.921250343322754,-0.03917436674237251,-0.06276899576187134,-0.17754366993904114,7.959649562835693,49.513240814208984,-90.50279235839844
2.7328193187713623,0,-0.013671936467289925,1.9275200366973877,4.0,20.72480010986328,2.004000186920166,2968.0,-0.0,2.0,20.00800132751465,0.04379257559776306,0.8146686553955078,2.257847309112549,9.018818855285645,0.09811367094516754,0.12458723783493042,-0.1835358738899231,7.429006576538086,47.916038513183594,-91.69586181640625
2.752861976623535,0,0.02971334382891655,1.9740079641342163,4.0,20.259918212890625,2.004000186920166,2956.0,-0.0,2.0,20.00800132751465,0.043385278433561325,-0.02933046594262123,1.9681340456008911,8.760231971740723,0.028337795287370682,0.06186883896589279,-0.18127214908599854,7.075243949890137,48.62590408325195,-91.35498809814453
2.7731103897094727,0,0.07020077109336853,1.981454849243164,-1.6552789211273193,-36.36733627319336,2.004000186920166,2952.0,-0.0,2.0,20.012001037597656,0.04048742353916168,1.2959277629852295,0.7889296412467957,8.856603622436523,-0.03051896207034588,-0.13281120359897614,-0.18566644191741943,4.5989089012146,49.33577346801758,-92.0367431640625
2.7933406829833984,0,0.09379091113805771,1.8347989320755005,-1.6552789211273193,-34.900779724121094,2.0160000324249268,2956.0,-0.0,2.0,20.00400161743164,0.023590143769979477,0.3854861259460449,1.0325521230697632,7.0650506019592285,0.01582074537873268,-0.00431172177195549,-0.19179180264472961,9.1978178024292,48.980838775634766,-92.0367431640625
2.813650369644165,0,0.10760319977998734,1.629136562347412,-1.6552789211273193,-32.844154357910156,2.008000135421753,2956.0,-0.0,2.0,20.012001037597656,0.013812287710607052,1.0546995401382446,-1.574267864227295,8.055702209472656,-0.057949937880039215,0.08637028932571411,-0.19498763978481293,6.544600963592529,50.223106384277344,-92.2071762084961
2.8338732719421387,0,0.12336665391921997,1.4758979082107544,-0.0,-14.758978843688965,2.0160000324249268,2960.0,-0.0,2.0,20.00800132751465,0.015763456001877785,0.9331876635551453,-2.3901336193084717,12.49118709564209,-0.17779400944709778,0.09236250072717667,-0.22082069516181946,9.1978178024292,49.33577346801758,-93.05937194824219
2.8541390895843506,0,0.12861472368240356,1.2576429843902588,-0.0,-12.57642936706543,2.01200008392334,2964.0,-0.0,2.0,20.012001037597656,0.005248064175248146,0.6315028667449951,-1.3509970903396606,9.057726860046387,0.12767520546913147,-0.1044480949640274,-0.27381840348243713,8.313411712646484,51.99777603149414,-93.57068634033203
2.874392509460449,0,0.12942105531692505,1.0399765968322754,-0.0,-10.399765968322754,2.01200008392334,2956.0,-0.0,2.0,20.00400161743164,0.0008063360000960529,0.17059555649757385,-0.5572788715362549,2.499673843383789,0.035661596804857254,-0.07994664460420609,-0.282873272895813,5.129551887512207,49.15830612182617,-93.57068634033203
2.894627332687378,0,0.12996594607830048,0.857698917388916,-0.0,-8.57698917388916,2.008000135421753,2956.0,-0.0,2.0,20.012001037597656,0.0005448960000649095,1.0457209348678589,-3.4226856231689453,10.341682434082031,-0.260619580745697,0.018192332237958908,-0.27954426407814026,6.89836311340332,50.223106384277344,-92.88893127441406
2.915694236755371,0,0.125284805893898,0.6610784530639648,-0.0,-6.610784530639648,2.008000135421753,2956.0,-0.0,2.0,20.00800132751465,-0.0046811518259346485,0.29988905787467957,-2.917483329772949,9.199590682983398,0.08812667429447174,0.019657092168927193,-0.3318761885166168,6.89836311340332,48.80337142944336,-92.2071762084961
2.934967517852783,0,0.12274745851755142,0.5199235081672668,-0.0,-5.199234962463379,2.004000186920166,2972.0,-0.0,2.0,20.016000747680664,-0.002537344116717577,0.017358846962451935,-1.5275784730911255,7.340996265411377,0.14205649495124817,-0.013100286945700645,-0.32694926857948303,6.544600963592529,49.86817169189453,-92.54805755615234
2.9552876949310303,0,0.12291532754898071,0.42886751890182495,-0.0,-4.288675308227539,2.01200008392334,2960.0,-0.0,2.0,20.016000747680664,0.00016787200001999736,0.5632646679878235,-2.0232036113739014,10.133376121520996,-0.07499442994594574,-0.04226234555244446,-0.3474559187889099,8.313411712646484,48.44844055175781,-92.2071762084961
2.9755496978759766,0,0.12550495564937592,0.3741705119609833,-0.0,-3.7417051792144775,2.01200008392334,2960.0,-0.0,2.0,20.00800132751465,0.0025896320585161448,0.6177355051040649,-1.9675354957580566,10.49851131439209,0.053105566650629044,0.015529129654169083,-0.39273035526275635,7.782768726348877,50.40057373046875,-93.05937194824219
2.9957785606384277,0,0.1326133757829666,0.3728863298892975,-0.0,-3.72886323928833,2.01200008392334,2956.0,-0.0,2.0,20.00400161743164,0.0071084159426391125,0.5782291889190674,-1.8262704610824585,7.673807621002197,0.030468355864286423,0.04136218503117561,-0.36463356018066406,7.782768726348877,50.75550842285156,-93.05937194824219
3.0160889625549316,0,0.14296089112758636,0.39910006523132324,-0.0,-3.9910006523132324,2.0160000324249268,2956.0,-0.0,2.0,20.00800132751465,0.010347520001232624,0.49682217836380005,-2.9354407787323,11.389199256896973,-0.03571220487356186,-0.0381343811750412,-0.3748869001865387,6.544600963592529,50.223106384277344,-92.54805755615234
3.0363852977752686,0,0.15645945072174072,0.4483972191810608,-0.0,-4.483972072601318,2.004000186920166,2980.0,-0.0,2.0,20.00800132751465,0.013498559594154358,0.5195682644844055,-1.7963413000106812,10.615832328796387,0.019549228250980377,0.01166748721152544,-0.39033347368240356,6.89836311340332,49.15830612182617,-92.88893127441406
3.0565743446350098,0,0.17027999460697174,0.49231284856796265,-0.0,-4.923128604888916,2.01200008392334,2952.0,-0.0,2.0,20.012001037597656,0.013820543885231018,-0.010175875388085842,-1.4048694372177124,9.837079048156738,0.07401169836521149,-0.05477938801050186,-0.3687615394592285,7.252125263214111,48.093505859375,-91.52542877197266
3.0773773193359375,0,0.18120543658733368,0.500963032245636,-0.0,-5.00963020324707,2.004000186920166,2984.0,-0.0,2.0,20.00400161743164,0.01092544011771679,0.7015368342399597,-1.4401856660842896,6.948925971984863,0.023544032126665115,-0.0975237786769867,-0.327881395816803,6.367719650268555,47.56110382080078,-92.37761688232422
3.0969371795654297,0,0.18982470035552979,0.4885569214820862,-0.0,-4.885569095611572,2.004000186920166,2952.0,-0.0,2.0,20.00800132751465,0.008619263768196106,0.39087334275245667,-2.2362983226776123,8.55491828918457,-0.02838839963078499,0.013398568145930767,-0.3205575942993164,5.660195350646973,48.270973205566406,-92.37761688232422
3.11724853515625,0,0.19601945579051971,0.4562821388244629,-0.0,-4.562821388244629,2.008000135421753,2952.0,-0.0,2.0,20.036001205444336,0.006194752175360918,0.8984699845314026,-2.5278072357177734,10.272846221923828,0.0609620101749897,-0.002447480335831642,-0.3274818956851959,5.837076663970947,47.02870559692383,-92.54805755615234
3.1374974250793457,0,0.2030535638332367,0.4371677339076996,-0.0,-4.371677398681641,2.008000135421753,2972.0,-0.0,2.0,20.00800132751465,0.0070341117680072784,0.9870599508285522,-2.167461633682251,7.669617176055908,0.04138747975230217,0.0008815210312604904,-0.3411974012851715,5.837076663970947,48.80337142944336,-92.54805755615234
3.157794952392578,0,0.21155449748039246,0.43551337718963623,-0.0,-4.355134010314941,2.004000186920166,2956.0,-0.0,2.0,20.016000747680664,0.008500928059220314,0.18735583126544952,-2.0884487628936768,8.696782112121582,-0.023195156827569008,0.050816550850868225,-0.34639063477516174,7.252125263214111,46.673770904541016,-92.54805755615234
3.1779983043670654,0,0.21906469762325287,0.4225013852119446,-0.2682608962059021,-6.907622814178467,2.004000186920166,3052.0,-0.0,2.0,20.016000747680664,0.007510208059102297,-0.10056159645318985,-1.953169584274292,8.097003936767578,-0.021996716037392616,-0.04532502591609955,-0.32255497574806213,5.483314037322998,48.44844055175781,-92.2071762084961
3.198221206665039,0,0.2223285734653473,0.37695762515068054,-0.2682608962059021,-6.452184677124023,2.004000186920166,2952.0,-0.0,2.0,20.00800132751465,0.003263872116804123,0.3681272566318512,-2.294360637664795,7.873135089874268,-0.03358164429664612,-0.053181469440460205,-0.2916618585586548,5.837076663970947,48.093505859375,-92.2071762084961
3.218500852584839,0,0.2225184589624405,0.31053224205970764,-0.2682608962059021,-5.787931442260742,2.008000135421753,2956.0,-0.0,2.0,20.00800132751465,0.00018988800002261996,0.28253018856048584,-2.415274143218994,8.698577880859375,0.02301139011979103,0.04602278769016266,-0.29645562171936035,6.721481800079346,48.62590408325195,-92.0367431640625
3.2387850284576416,0,0.22105714678764343,0.24131295084953308,-4.0,-42.41313171386719,2.004000186920166,2972.0,-0.0,2.0,20.00800132751465,-0.0014613119419664145,0.41481658816337585,-2.540976047515869,9.52402114868164,0.04445016011595726,-0.020424092188477516,-0.2860691249370575,5.837076663970947,48.093505859375,-93.91156005859375
3.2590272426605225,0,0.22081497311592102,0.1962534636259079,-4.0,-41.96253204345703,2.004000186920166,2956.0,-0.0,2.0,20.00400161743164,-0.00024217600002884865,0.4603087306022644,-1.828066110610962,8.548933029174805,-0.04729713127017021,-0.051983028650283813,-0.2704893946647644,6.013957500457764,49.33577346801758,-93.05937194824219
3.2792747020721436,0,0.21988755464553833,0.1516791582107544,-4.0,-41.51679229736328,2.004000186920166,3104.0,-0.0,2.0,20.128000259399414,-0.0009274240001104772,0.25379830598831177,-1.8137001991271973,8.265205383300781,-0.005085386335849762,0.01619493030011654,-0.2711551785469055,7.075243949890137,46.85123825073242,-92.37761688232422
3.299532651901245,0,0.21823084354400635,0.1101764515042305,-4.0,-41.10176467895508,2.004000186920166,2956.0,-0.0,2.0,20.00400161743164,-0.001656704000197351,0.5919965505599976,-2.5379831790924072,9.975351333618164,0.026340391486883163,0.022852934896945953,-0.28194114565849304,5.837076663970947,46.3188362121582,-91.1845474243164
3.319794178009033,0,0.21708601713180542,0.0801454707980156,-4.0,-40.80145263671875,2.01200008392334,2956.0,-0.0,2.0,20.00800132751465,-0.0011448320001363754,-0.046689312905073166,-2.0124289989471436,9.963379859924316,-0.012675510719418526,0.006207924336194992,-0.2811422049999237,4.775789737701416,47.383636474609375,-92.2071762084961
3.3400330543518066,0,0.21591916680335999,0.055209457874298096,-4.0,-40.55209732055664,2.004000186920166,2964.0,-0.0,2.0,20.00800132751465,-0.001166848000138998,0.3513669967651367,-2.039963722229004,8.711747169494629,0.0240766704082489,0.0031452421098947525,-0.2696904242038727,6.367719650268555,46.49630355834961,-93.05937194824219
3.3603007793426514,0,0.21408633887767792,0.028935501351952553,-4.0,-40.28935241699219,2.008000135421753,2952.0,-0.0,2.0,20.00800132751465,-0.0018328320002183318,0.07721693813800812,-1.9423950910568237,8.20474910736084,0.02394350990653038,0.005542123690247536,-0.2486511468887329,4.5989089012146,46.1413688659668,-93.05937194824219
3.3807199001312256,0,0.2126525491476059,0.01103702187538147,-4.0,-40.11036682128906,2.004000186920166,3032.0,-0.0,2.0,20.00800132751465,-0.001433792058378458,-0.19573596119880676,-1.587436556816101,8.903891563415527,-0.0441012904047966,-0.0033796019852161407,-0.23813150823116302,5.306433200836182,47.916038513183594,-92.71849060058594
3.4008378982543945,0,0.21137011051177979,-0.002718726173043251,-4.0,-39.97281265258789,2.004000186920166,2960.0,-0.0,2.0,20.00800132751465,-0.0012824320001527667,-0.22686217725276947,-1.7957427501678467,9.790987968444824,-0.0038869455456733704,-0.026549456641077995,-0.20883628726005554,5.306433200836182,45.43150329589844,-92.37761688232422
3.4209389686584473,0,0.20943820476531982,-0.01944672502577305,-4.0,-39.80553436279297,2.0240001678466797,2956.0,-0.0,2.0,20.00400161743164,-0.0019319040002301335,-0.014964522793889046,-1.680216670036316,8.705760955810547,-0.003354305401444435,-0.018426692113280296,-0.1891285926103592,4.775789737701416,47.383636474609375,-92.2071762084961
3.4412052631378174,0,0.20865939557552338,-0.022881275042891502,-4.0,-39.77118682861328,2.004000186920166,2972.0,-0.0,2.0,20.012001037597656,-0.0007788160000927746,-0.0820055902004242,-2.072287082672119,9.995702743530273,-0.007082788273692131,-0.0165624488145113,-0.16436082124710083,5.306433200836182,47.206172943115234,-92.0367431640625
3.46144962310791,0,0.20630918443202972,-0.04004090279340744,-4.0,-39.59959030151367,2.008000135421753,2952.0,-0.0,2.0,20.036001205444336,-0.002350207883864641,0.14844806492328644,-1.7652151584625244,8.165242195129395,0.02487562969326973,-0.04306130111217499,-0.13679668307304382,5.306433200836182,47.916038513183594,-91.01410675048828
3.4817237854003906,0,0.2052469104528427,-0.04191284254193306,-4.0,-39.58087158203125,2.004000186920166,2976.0,-0.0,2.0,20.00400161743164,-0.0010622720001265407,0.40404212474823,-2.1878132820129395,9.257054328918457,-0.020931435748934746,0.005675284191966057,-0.11069730669260025,4.068265438079834,48.093505859375,-91.52542877197266
3.501946449279785,0,0.20352967083454132,-0.05036718025803566,-4.0,-39.49633026123047,2.004000186920166,2952.0,-0.0,2.0,20.012001037597656,-0.0017172480002045631,-0.050280798226594925,-1.6466960906982422,9.57729434967041,0.004901619628071785,-0.031742699444293976,-0.10550405830144882,4.422027587890625,46.673770904541016,-91.86630249023438
3.522197961807251,0,0.2015262097120285,-0.058774691075086594,-4.0,-39.412254333496094,2.004000186920166,2960.0,-0.0,2.0,20.016000747680664,-0.002003456000238657,0.20890474319458008,-1.7227158546447754,8.293937683105469,0.008896421641111374,-0.005110682919621468,-0.07953784614801407,4.245146751403809,46.85123825073242,-91.69586181640625
3.5424811840057373,0,0.2013363242149353,-0.05004630237817764,-4.0,-39.49953842163086,2.008000135421753,2952.0,-0.0,2.0,20.012001037597656,-0.00018988800002261996,0.004190066363662481,-1.8699668645858765,10.23154354095459,-0.028122080489993095,-0.004844361916184425,-0.06715396046638489,5.483314037322998,48.093505859375,-92.88893127441406
3.5627293586730957,0,0.20002636313438416,-0.052869029343128204,-4.0,-39.471309661865234,2.0360000133514404,2952.0,-0.0,2.0,20.020000457763672,-0.001309952000156045,0.19034872949123383,-1.3641659021377563,8.047920227050781,0.031799957156181335,-0.021489372476935387,-0.04864471033215523,4.5989089012146,47.56110382080078,-92.0367431640625
3.5830321311950684,0,0.1990576684474945,-0.05207667499780655,-4.0,-39.47923278808594,2.008000135421753,2976.0,-0.0,2.0,20.00400161743164,-0.0009687040001153946,-0.025738980621099472,-1.7921513319015503,9.671272277832031,-0.0297200009226799,0.018858131021261215,-0.028004895895719528,4.775789737701416,47.02870559692383,-91.52542877197266
3.603259325027466,0,0.1971752941608429,-0.05966109037399292,-4.0,-39.40338897705078,2.008000135421753,2952.0,-0.0,2.0,20.00400161743164,-0.0018823680002242327,0.053872283548116684,-1.7688065767288208,9.256455421447754,-0.003221144899725914,-0.011369207873940468,-0.017218930646777153,5.129551887512207,47.383636474609375,-91.86630249023438
3.62338924407959,0,0.19417011737823486,-0.07578183710575104,-4.0,-39.24217987060547,2.0160000324249268,2956.0,-0.0,2.0,20.00800132751465,-0.0030051840003579855,0.16460976004600525,-1.5976125001907349,8.360978126525879,0.008763261139392853,0.005675284191966057,-0.0092293256893754,4.775789737701416,47.383636474609375,-91.1845474243164
3.643599510192871,0,0.19115667045116425,-0.08968508988618851,-4.0,-39.1031494140625,2.008000135421753,2956.0,-0.0,2.0,20.00800132751465,-0.003013439942151308,-0.028133302927017212,-1.7837711572647095,10.139362335205078,-0.0162708330899477,0.02351873368024826,-0.0033702822402119637,4.245146751403809,47.206172943115234,-92.0367431640625
3.663872480392456,0,0.1874910145998001,-0.10654881596565247,-4.0,-38.934513092041016,2.0160000324249268,2956.0,-0.0,2.0,20.020000457763672,-0.0036656640004366636,0.03890775889158249,-1.5006424188613892,8.73928165435791,-0.006816467270255089,-0.005110682919621468,0.00035819970071315765,4.952671051025391,47.206172943115234,-91.69586181640625
3.6848015785217285,0,0.18334925174713135,-0.12460679560899734,-4.0,-38.75393295288086,2.004000186920166,2960.0,-0.0,2.0,20.00400161743164,-0.004141760058701038,0.09158287942409515,-1.4204325675964355,8.872764587402344,-0.010411789640784264,0.015529129654169083,0.007016203366219997,3.714503288269043,46.3188362121582,-91.86630249023438
3.704392433166504,0,0.1779223084449768,-0.15113717317581177,-4.0,-38.48862838745117,2.0160000324249268,2944.0,-0.0,2.0,20.00400161743164,-0.005426944233477116,-0.052076540887355804,-1.355187177658081,9.285187721252441,0.008763261139392853,0.019923411309719086,0.00581776350736618,4.775789737701416,47.02870559692383,-92.88893127441406
3.7246391773223877,0,0.17256416380405426,-0.17204010486602783,-4.0,-38.27960205078125,2.01200008392334,2952.0,-0.0,2.0,20.016000747680664,-0.005358144175261259,0.10654740780591965,-1.4521573781967163,9.147513389587402,-0.019599834457039833,-0.0015153605490922928,0.010611525736749172,5.129551887512207,46.673770904541016,-92.54805755615234
3.7448790073394775,0,0.16587404906749725,-0.20142905414104462,-4.0,-37.98571014404297,2.004000186920166,2956.0,-0.0,2.0,20.012001037597656,-0.006690111942589283,-0.004788647405803204,-1.2809631824493408,9.0786771774292,-0.0024221856147050858,0.03137517720460892,0.006883043795824051,5.483314037322998,47.383636474609375,-92.2071762084961
3.7651546001434326,0,0.1581546813249588,-0.23452870547771454,-4.0,-37.65471267700195,2.008000135421753,2948.0,-0.0,2.0,20.00800132751465,-0.007719359826296568,0.0730268731713295,-1.5605005025863647,8.466328620910645,-0.0012237448245286942,0.01419752836227417,0.007682004012167454,6.721481800079346,46.49630355834961,-91.35498809814453
3.786179304122925,0,0.1495959609746933,-0.2689269483089447,-4.0,-37.31072998046875,2.0160000324249268,2972.0,-0.0,2.0,20.00800132751465,-0.008558720350265503,-0.013767361640930176,-1.4120523929595947,9.609618186950684,-0.005484865978360176,0.020189732313156128,0.01340788695961237,4.952671051025391,46.1413688659668,-92.37761688232422
3.8056888580322266,0,0.1400492787361145,-0.3068845272064209,-4.0,-36.931156158447266,2.004000186920166,2948.0,-0.0,2.0,20.00400161743164,-0.009546687826514244,-0.20651042461395264,-1.2432526350021362,8.503440856933594,0.012092262506484985,0.009270605631172657,0.016603730618953705,4.068265438079834,48.44844055175781,-92.2071762084961
3.825779438018799,0,0.12979257106781006,-0.3435271680355072,-4.0,-36.564727783203125,2.0160000324249268,2952.0,-0.0,2.0,20.012001037597656,-0.010256703943014145,-0.017358846962451935,-1.4138481616973877,8.872166633605957,-0.013074991293251514,0.016993891447782516,0.011277326382696629,4.422027587890625,46.3188362121582,-92.54805755615234
3.8460254669189453,0,0.1189744621515274,-0.3794645369052887,-4.0,-36.205352783203125,2.008000135421753,2948.0,-0.0,2.0,20.00400161743164,-0.010818111710250378,0.1340821236371994,-1.761025071144104,10.072320938110352,0.008896421641111374,0.04735438898205757,0.02206329256296158,3.5376219749450684,46.49630355834961,-92.71849060058594
3.8662869930267334,0,0.1069372147321701,-0.41949719190597534,-4.0,-35.80502700805664,2.0199999809265137,2948.0,-0.0,2.0,20.020000457763672,-0.012037248350679874,-0.052675120532512665,-1.6885968446731567,8.136510848999023,0.013423863798379898,-0.014298727735877037,0.03125133737921715,4.068265438079834,46.3188362121582,-93.57068634033203
3.8865914344787598,0,0.09403584152460098,-0.4592539668083191,-4.0,-35.4074592590332,2.0160000324249268,2972.0,-0.0,2.0,20.012001037597656,-0.012901376001536846,-0.34178972244262695,-1.6700407266616821,9.418670654296875,-0.004552746191620827,0.05401239171624184,0.030718695372343063,4.775789737701416,45.963905334472656,-91.86630249023438
3.9068024158477783,0,0.08029510080814362,-0.5009282231330872,-4.0,-34.990718841552734,2.0160000324249268,2948.0,-0.0,2.0,20.012001037597656,-0.013740736059844494,-0.34957125782966614,-1.8430306911468506,9.118183135986328,0.02700619399547577,-0.022554652765393257,0.038042500615119934,5.129551887512207,46.673770904541016,-91.52542877197266
3.9270684719085693,0,0.06558015942573547,-0.5421530604362488,-4.0,-34.578468322753906,2.004000186920166,3000.0,-0.0,2.0,20.012001037597656,-0.014714944176375866,0.12749773263931274,-1.675428032875061,7.576238632202148,0.0196823887526989,-0.01975829340517521,0.05082586780190468,5.306433200836182,48.270973205566406,-92.0367431640625
3.947323799133301,0,0.05052121728658676,-0.5809860229492188,-4.0,-34.19013977050781,2.004000186920166,2952.0,-0.0,2.0,20.00800132751465,-0.015058944001793861,0.34957125782966614,-1.8753540515899658,9.103219032287598,-0.019599834457039833,0.004077361896634102,0.059747595340013504,3.8913843631744385,46.85123825073242,-91.69586181640625
3.9675815105438232,0,0.03492012619972229,-0.6166951656341553,-4.0,-33.83304977416992,2.008000135421753,2960.0,-0.0,2.0,20.00800132751465,-0.015601088292896748,-0.019154589623212814,-1.2264922857284546,9.957992553710938,0.006100058555603027,0.026315096765756607,0.05215746909379959,3.8913843631744385,45.43150329589844,-92.37761688232422
3.9878909587860107,0,0.018573248758912086,-0.6518373489379883,-4.0,-33.48162841796875,2.004000186920166,2976.0,-0.0,2.0,20.00400161743164,-0.016346879303455353,-0.31784647703170776,-1.0936073064804077,7.900669574737549,-0.007215946912765503,-0.005110682919621468,0.05402171239256859,4.952671051025391,47.206172943115234,-91.35498809814453
4.008153200149536,0,0.0010952960001304746,-0.6928821802139282,-4.0,-33.0711784362793,2.004000186920166,2960.0,-0.0,2.0,20.00800132751465,-0.01747795194387436,-0.25858697295188904,-1.1181491613388062,9.768840789794922,-0.0014900639653205872,-0.010836565867066383,0.0653403252363205,4.245146751403809,47.206172943115234,-93.05937194824219
4.028449535369873,0,-0.017915520817041397,-0.7356593012809753,-4.0,-32.64340591430664,2.004000186920166,3084.0,-0.0,2.0,20.032001495361328,-0.019010815769433975,0.8439990878105164,-2.029788017272949,8.784773826599121,0.021280311048030853,-0.02188885398209095,0.060013916343450546,4.422027587890625,46.3188362121582,-92.2071762084961
4.048457145690918,0,-0.03645024076104164,-0.7735471129417419,-4.0,-32.2645263671875,2.004000186920166,2956.0,-0.0,2.0,20.016000747680664,-0.018534719944000244,-0.11253321170806885,-1.0475165843963623,7.682187557220459,-0.04516657069325447,0.06559731811285019,0.006350403651595116,5.306433200836182,45.43150329589844,-93.4002456665039
4.068715572357178,0,-0.056388478726148605,-0.8135038614273071,-4.0,-31.86496353149414,2.004000186920166,2952.0,-0.0,2.0,20.00800132751465,-0.019938239827752113,-0.5129838585853577,-1.0582910776138306,10.323126792907715,-0.011876550503075123,0.06053723394870758,0.005551443435251713,5.483314037322998,48.44844055175781,-93.22981262207031
4.089726448059082,0,-0.07747705280780792,-0.8560105562210083,-4.0,-31.439895629882812,2.004000186920166,2968.0,-0.0,2.0,20.012001037597656,-0.021088575944304466,0.02873188443481922,-1.437791347503662,10.038202285766602,0.029802553355693817,-0.028546856716275215,0.045366305857896805,3.5376219749450684,45.43150329589844,-91.69586181640625
4.109237909317017,0,-0.0988793596625328,-0.8950420618057251,-4.0,-31.049579620361328,2.004000186920166,2956.0,-0.0,2.0,20.00400161743164,-0.021402303129434586,-0.1759827882051468,-1.377334713935852,8.253832817077637,-0.027855759486556053,-0.0875367671251297,0.05894863232970238,3.714503288269043,46.673770904541016,-93.22981262207031
4.129510164260864,0,-0.12049907445907593,-0.9234451651573181,-4.0,-30.765548706054688,2.004000186920166,3100.0,-0.0,2.0,20.108001708984375,-0.021619711071252823,0.6578404307365417,-1.9926759004592896,10.089081764221191,-0.0441012904047966,0.0662631168961525,0.04256994277238846,3.714503288269043,47.73857116699219,-91.1845474243164
4.1497802734375,0,-0.14230041205883026,-0.958038866519928,-4.0,-30.419612884521484,2.004000186920166,2956.0,-0.0,2.0,20.00800132751465,-0.02180134318768978,-0.12869489192962646,-0.9254060983657837,9.118183135986328,0.017551828175783157,0.06226831674575806,0.008480965159833431,3.8913843631744385,47.916038513183594,-91.35498809814453
4.17003059387207,0,-0.16671615839004517,-1.0050064325332642,-4.0,-29.949935913085938,2.0160000324249268,2948.0,-0.0,2.0,20.032001495361328,-0.024415744468569756,-0.9218146204948425,-0.6291085481643677,8.451364517211914,0.024742472916841507,-0.04892034828662872,0.00834780465811491,4.5989089012146,47.916038513183594,-90.67323303222656
4.1903159618377686,0,-0.19181165099143982,-1.0485583543777466,-4.0,-29.51441764831543,2.008000135421753,2972.0,-0.0,2.0,20.00400161743164,-0.025095488876104355,-0.4704846143722534,-1.4419814348220825,8.987093925476074,-0.04436761140823364,0.021255012601614,0.05428803339600563,4.952671051025391,47.206172943115234,-93.05937194824219
4.210558176040649,0,-0.216775044798851,-1.0855721235275269,-4.0,-29.144277572631836,2.01200008392334,2952.0,-0.0,2.0,20.00400161743164,-0.024963391944766045,-0.574039101600647,-1.9723241329193115,10.170488357543945,-0.04516657069325447,-0.018959330394864082,0.06480768322944641,4.5989089012146,47.56110382080078,-91.69586181640625
4.230859041213989,0,-0.24318598210811615,-1.1245635747909546,-4.0,-28.754364013671875,2.008000135421753,3024.0,-0.0,2.0,20.00400161743164,-0.026410944759845734,0.5153781771659851,-1.7496520280838013,5.194485187530518,0.011293303221464157,-0.029878458008170128,0.030052896589040756,4.245146751403809,45.78643798828125,-93.4002456665039
4.251088619232178,0,-0.26972901821136475,-1.164312720298767,-4.0,-28.35687255859375,2.004000186920166,2956.0,-0.0,2.0,20.00400161743164,-0.026543039828538895,-0.02753472328186035,-1.3851162195205688,8.764421463012695,-0.02026563510298729,0.09888733923435211,-0.004835043102502823,3.5376219749450684,47.56110382080078,-91.69586181640625
4.271509170532227,0,-0.29754897952079773,-1.2050861120224,-4.0,-27.949138641357422,2.008000135421753,2956.0,-0.0,2.0,20.012001037597656,-0.02781996876001358,-0.2621784508228302,-0.6081582307815552,12.038061141967773,-0.05968102067708969,0.013798048719763756,-0.004568723030388355,3.5376219749450684,46.1413688659668,-91.69586181640625
4.291959762573242,0,-0.3261753022670746,-1.2435110807418823,-4.0,-27.56488800048828,2.004000186920166,2968.0,-0.0,2.0,20.00800132751465,-0.028626304119825363,-0.10714598745107651,-1.2971248626708984,9.577893257141113,0.014888625591993332,0.017659690231084824,0.0815858542919159,4.952671051025391,46.85123825073242,-93.4002456665039
4.311965465545654,0,-0.3543034791946411,-1.2746763229370117,-4.0,-27.253236770629883,2.0240001678466797,2960.0,-0.0,2.0,20.020000457763672,-0.028128191828727722,-0.281931608915329,-1.2163164615631104,9.039769172668457,-0.06021365895867348,-0.00431172177195549,0.10302462428808212,3.714503288269043,47.73857116699219,-93.91156005859375
4.3320770263671875,0,-0.384225994348526,-1.3116939067840576,-4.0,-26.883060455322266,2.008000135421753,2984.0,-0.0,2.0,20.012001037597656,-0.029922496527433395,0.3370010554790497,-1.570676326751709,8.814702987670898,-0.027323119342327118,0.010202726349234581,0.10675310343503952,4.5989089012146,46.85123825073242,-92.71849060058594
4.352240562438965,0,-0.4148337244987488,-1.3539906740188599,-4.0,-26.460094451904297,2.004000186920166,2956.0,-0.0,2.0,20.016000747680664,-0.030607743188738823,0.10235733538866043,-1.7418705224990845,8.974523544311523,0.054304007440805435,-0.0033796019852161407,0.11554167419672012,5.129551887512207,47.73857116699219,-91.52542877197266
4.3724963665008545,0,-0.44581300020217896,-1.3881080150604248,-4.0,-26.118919372558594,2.008000135421753,2948.0,-0.0,2.0,20.00800132751465,-0.03097926452755928,0.3890776038169861,-1.3204694986343384,8.012005805969238,-0.07885606586933136,-0.059306830167770386,0.05641859397292137,4.952671051025391,47.916038513183594,-93.05937194824219
4.392785549163818,0,-0.47659412026405334,-1.4155693054199219,-4.0,-25.84430694580078,2.004000186920166,2952.0,-0.0,2.0,20.012001037597656,-0.03078112006187439,0.2891145944595337,-1.4623332023620605,8.62375545501709,-0.060080498456954956,0.0003488808870315552,0.1116800308227539,3.714503288269043,46.673770904541016,-92.88893127441406
4.413016319274902,0,-0.5092300772666931,-1.4537405967712402,-4.0,-25.46259307861328,2.0360000133514404,2960.0,-0.0,2.0,20.016000747680664,-0.032635968178510666,0.169996976852417,-1.0762485265731812,9.950809478759766,-0.021730396896600723,0.0481533482670784,0.09982877969741821,5.306433200836182,47.916038513183594,-92.71849060058594
4.433332204818726,0,-0.5436245799064636,-1.4992421865463257,-4.0,-25.00757598876953,2.004000186920166,2976.0,-0.0,2.0,20.016000747680664,-0.03439449518918991,0.6398829817771912,-1.1660356521606445,6.031301498413086,0.06575576961040497,-0.00937180407345295,0.10968262702226639,5.129551887512207,47.73857116699219,-93.22981262207031
4.453550815582275,0,-0.5771879553794861,-1.5340887308120728,-4.0,-24.659114837646484,2.004000186920166,2952.0,-0.0,2.0,20.016000747680664,-0.033563390374183655,-0.6315028667449951,-1.634724497795105,11.152161598205566,-0.016936633735895157,0.031242018565535545,0.1228654757142067,4.245146751403809,48.270973205566406,-93.4002456665039
4.473830461502075,0,-0.612055778503418,-1.5694211721420288,-4.0,-24.3057861328125,2.004000186920166,2952.0,-0.0,2.0,20.00400161743164,-0.03486784175038338,-0.09457578510046005,-1.5126140117645264,10.433863639831543,-0.03557904437184334,-0.07408760488033295,0.15429124236106873,4.422027587890625,47.383636474609375,-92.88893127441406
4.4938976764678955,0,-0.6476501822471619,-1.6094512939453125,-4.0,-23.905487060546875,2.004000186920166,2952.0,-0.0,2.0,20.012001037597656,-0.03559436649084091,0.9355819821357727,-1.7933484315872192,9.86461353302002,0.056168247014284134,0.005542123690247536,0.12446340173482895,3.8913843631744385,46.49630355834961,-92.71849060058594
4.514171838760376,0,-0.6841609477996826,-1.6480308771133423,-4.0,-23.519691467285156,2.0160000324249268,2952.0,-0.0,2.0,20.016000747680664,-0.036510784178972244,0.710515558719635,-0.9433635473251343,5.032868385314941,-0.017602432519197464,0.03283993899822235,0.09729874134063721,4.775789737701416,47.383636474609375,-93.22981262207031
4.53529167175293,0,-0.7212441563606262,-1.6828538179397583,-4.0,-23.171463012695312,2.008000135421753,2968.0,-0.0,2.0,20.00400161743164,-0.03708320111036301,-1.2624071836471558,-0.7075226306915283,11.725602149963379,-0.05928153917193413,0.11659763008356094,0.07732472568750381,5.837076663970947,48.093505859375,-91.86630249023438
4.554682016372681,0,-0.7584732174873352,-1.7167762517929077,-4.0,-22.832237243652344,2.004000186920166,2956.0,-0.0,2.0,20.012001037597656,-0.037229057401418686,-0.2190806120634079,-1.0026230812072754,7.233252048492432,-0.007215946912765503,-0.11363615095615387,0.15136171877384186,4.775789737701416,47.02870559692383,-92.54805755615234
4.574966192245483,0,-0.7967067360877991,-1.7514474391937256,-4.0,-22.485525131225586,2.008000135421753,2952.0,-0.0,2.0,20.00800132751465,-0.03823353722691536,-0.08918856084346771,-0.5129838585853577,11.918344497680664,-0.06274370104074478,-0.027747897431254387,0.15881869196891785,4.775789737701416,48.44844055175781,-92.54805755615234
4.5951714515686035,0,-0.8359364867210388,-1.789363145828247,-4.0,-22.106369018554688,2.004000186920166,2952.0,-0.0,2.0,20.012001037597656,-0.03922976180911064,1.9675354957580566,-1.7101457118988037,8.95656681060791,-0.07992134988307953,-0.11336982250213623,0.1616150587797165,6.190838813781738,46.673770904541016,-92.88893127441406
4.615532398223877,0,-0.8768092393875122,-1.8343864679336548,-4.0,-21.65613555908203,2.0360000133514404,2956.0,-0.0,2.0,20.032001495361328,-0.04087270423769951,0.6033695936203003,-1.9615496397018433,12.409181594848633,0.06362521648406982,0.1200597956776619,0.11261215060949326,5.129551887512207,49.15830612182617,-92.2071762084961
4.635761737823486,0,-0.9180781841278076,-1.8723539113998413,-4.0,-21.276458740234375,2.004000186920166,2980.0,-0.0,2.0,20.012001037597656,-0.04126899316906929,0.7512190341949463,-1.8597909212112427,6.549672603607178,0.06975057721138,-0.08793625235557556,0.08358325064182281,5.306433200836182,47.56110382080078,-93.4002456665039
4.6560163497924805,0,-0.9581032991409302,-1.8982462882995605,-4.0,-21.017536163330078,2.008000135421753,2952.0,-0.0,2.0,20.012001037597656,-0.04002508893609047,-0.22386926412582397,-0.7889296412467957,12.013519287109375,0.04924392327666283,0.08517184853553772,0.07772421091794968,5.129551887512207,48.80337142944336,-92.54805755615234
4.676251649856567,0,-0.9947324395179749,-1.8836766481399536,-0.0,18.836767196655273,2.0160000324249268,2964.0,-0.0,2.0,20.012001037597656,-0.036629121750593185,-0.42499247193336487,-0.6494603157043457,8.848223686218262,-0.05368881672620773,-0.10870921611785889,0.09277129918336868,6.89836311340332,48.80337142944336,-93.22981262207031
4.696363925933838,0,-1.013267159461975,-1.7096220254898071,-0.0,17.096220016479492,2.004000186920166,2952.0,-0.0,2.0,20.00400161743164,-0.018534719944000244,1.2869490385055542,-0.1652083396911621,6.3030571937561035,0.0033036991953849792,-0.016162971034646034,0.09703242033720016,5.660195350646973,48.62590408325195,-92.0367431640625
4.716609954833984,0,-1.0253099203109741,-1.5114644765853882,-0.0,15.114645004272461,2.008000135421753,2952.0,-0.0,2.0,20.036001205444336,-0.012042751535773277,-0.20232035219669342,2.917483329772949,10.365626335144043,0.07547646760940552,0.14895552396774292,0.046298425644636154,6.367719650268555,48.270973205566406,-92.0367431640625
4.7369489669799805,0,-1.0413100719451904,-1.3813860416412354,-0.0,13.813859939575195,2.004000186920166,2968.0,-0.0,2.0,20.00800132751465,-0.01600012741982937,-0.4160137474536896,4.120631217956543,9.11040210723877,0.3025144040584564,-0.028413696214556694,0.11434323340654373,6.544600963592529,48.80337142944336,-91.86630249023438
4.757153511047363,0,-1.0506144762039185,-1.2174383401870728,-0.0,12.174383163452148,2.01200008392334,2956.0,-0.0,2.0,20.012001037597656,-0.009304512292146683,-0.5566802620887756,4.412139892578125,7.091986656188965,-0.028122080489993095,-0.041996024549007416,0.1328524798154831,5.660195350646973,47.916038513183594,-92.0367431640625
4.777433395385742,0,-1.0584686994552612,-1.0636743307113647,-0.0,10.636743545532227,2.01200008392334,3040.0,-0.0,2.0,20.07200050354004,-0.00785420835018158,-0.08260416984558105,2.887554407119751,12.918573379516602,-0.059814177453517914,0.1000857800245285,0.17999114096164703,6.721481800079346,49.33577346801758,-91.01410675048828
4.797687292098999,0,-1.0621812343597412,-0.9095601439476013,-0.0,9.095601081848145,2.01200008392334,2952.0,-0.0,2.0,20.00400161743164,-0.0037124480586498976,0.11792044341564178,3.4657835960388184,5.696095943450928,0.06335888803005219,0.013664888218045235,0.17706161737442017,6.544600963592529,47.73857116699219,-92.2071762084961
4.817983150482178,0,-1.0623022317886353,-0.7475684881210327,-0.0,7.475685119628906,2.004000186920166,2948.0,-0.0,2.0,20.016000747680664,-0.00012108800001442432,1.7047585248947144,3.1712818145751953,10.946847915649414,-0.0172029547393322,-0.03347378224134445,0.13445039093494415,4.952671051025391,48.62590408325195,-90.67323303222656
4.838398456573486,0,-1.0623022317886353,-0.6123599410057068,-0.0,6.123599529266357,2.0160000324249268,2960.0,-0.0,2.0,20.00800132751465,0.0,0.17478562891483307,4.094293594360352,10.487736701965332,0.0716148167848587,0.06399939954280853,0.08251797407865524,6.89836311340332,49.513240814208984,-91.52542877197266
4.8585405349731445,0,-1.0623022317886353,-0.503250241279602,-0.0,5.032502174377441,2.01200008392334,2960.0,-0.0,2.0,20.00400161743164,0.0,0.238235205411911,3.698631525039673,8.01918888092041,0.012758065015077591,-0.05571150779724121,0.08118636906147003,5.837076663970947,47.73857116699219,-91.52542877197266
4.878772258758545,0,-1.0638103485107422,-0.42454805970191956,-0.0,4.245480537414551,2.0160000324249268,3104.0,-0.0,2.0,20.132001876831055,-0.0015080960001796484,0.29988905787467957,3.136564016342163,7.025544166564941,-0.034247443079948425,-0.011768685653805733,0.0922386571764946,5.837076663970947,48.80337142944336,-90.50279235839844
4.8990254402160645,0,-1.0689951181411743,-0.397293359041214,-0.0,3.972933530807495,2.01200008392334,2952.0,-0.0,2.0,20.00400161743164,-0.00518476776778698,0.12749773263931274,3.52504301071167,11.892605781555176,0.03646055981516838,0.007939005270600319,0.11567483097314835,6.544600963592529,48.80337142944336,-93.22981262207031
4.9193103313446045,0,-1.0785940885543823,-0.412945032119751,-0.0,4.12945032119751,2.008000135421753,2952.0,-0.0,2.0,20.00400161743164,-0.009598976001143456,0.5884050726890564,3.6639139652252197,9.254659652709961,0.013290703296661377,-0.04519186168909073,0.10448938608169556,6.89836311340332,48.093505859375,-90.84367370605469
4.939630031585693,0,-1.0930145978927612,-0.4679579436779022,-0.0,4.679579257965088,2.01200008392334,2964.0,-0.0,2.0,20.020000457763672,-0.014420479536056519,0.7362545132637024,2.719951629638672,7.858768939971924,-0.08271771669387817,0.03283993899822235,0.0715988427400589,7.429006576538086,48.980838775634766,-92.71849060058594
4.959851264953613,0,-1.1066094636917114,-0.5060739517211914,-0.0,5.060739517211914,2.004000186920166,2952.0,-0.0,2.0,20.00800132751465,-0.013594879768788815,-0.12630057334899902,3.010263442993164,11.198251724243164,-0.08684567362070084,0.05427871271967888,0.05402171239256859,7.252125263214111,49.513240814208984,-91.86630249023438
4.97992730140686,0,-1.1171249151229858,-0.5067907571792603,-0.0,5.067907333374023,2.008000135421753,3052.0,-0.0,2.0,20.00400161743164,-0.010515391826629639,-0.30767059326171875,3.727363348007202,10.165101051330566,0.05084184929728508,-0.023353612050414085,0.11207950860261917,6.721481800079346,48.62590408325195,-92.37761688232422
5.0002031326293945,0,-1.1250836849212646,-0.4893574118614197,-0.0,4.893574237823486,2.004000186920166,2952.0,-0.0,2.0,20.012001037597656,-0.007958783768117428,0.6033695936203003,3.7201805114746094,7.251209259033203,0.045914921909570694,-0.034805379807949066,0.1321866810321808,7.429006576538086,49.69070816040039,-93.4002456665039
5.020471572875977,0,-1.1328085660934448,-0.47091543674468994,-0.0,4.70915412902832,2.004000186920166,2956.0,-0.0,2.0,20.012001037597656,-0.007724863942712545,0.15263813734054565,3.647752046585083,8.439990997314453,-0.03358164429664612,0.016061769798398018,0.11061474680900574,6.367719650268555,48.980838775634766,-90.33235931396484
5.04193902015686,0,-1.1415406465530396,-0.464159220457077,-0.0,4.641592025756836,2.008000135421753,2968.0,-0.0,2.0,20.00800132751465,-0.008732096292078495,0.08978714048862457,2.797767162322998,10.41051959991455,-0.01640399359166622,-0.025617336854338646,0.09530133754014969,7.782768726348877,50.04563903808594,-91.01410675048828
5.061015844345093,0,-1.1505423784255981,-0.46238136291503906,-0.0,4.623813629150391,2.01200008392334,2952.0,-0.0,2.0,20.016000747680664,-0.009001792408525944,0.48485055565834045,3.0653328895568848,9.276806831359863,0.06176097318530083,-0.00018375925719738007,0.06800352036952972,6.89836311340332,49.513240814208984,-92.88893127441406
5.081298828125,0,-1.161063313484192,-0.4727480709552765,-0.0,4.727480888366699,2.004000186920166,2996.0,-0.0,2.0,20.00400161743164,-0.010520895943045616,0.17658136785030365,3.303568124771118,8.10538387298584,0.06082885339856148,0.00594160333275795,0.03271609917283058,7.075243949890137,51.46537399291992,-91.01410675048828
5.101358652114868,0,-1.1713502407073975,-0.48129233717918396,-0.0,4.812923431396484,2.004000186920166,2952.0,-0.0,2.0,20.012001037597656,-0.010286975651979446,-0.29569897055625916,3.2419142723083496,8.809913635253906,-0.011610230430960655,-0.007907046005129814,0.02512597292661667,6.89836311340332,48.44844055175781,-91.86630249023438
5.121605396270752,0,-1.180558443069458,-0.4772184491157532,-0.0,4.772184371948242,2.0160000324249268,2944.0,-0.0,2.0,20.012001037597656,-0.009208192117512226,0.23943236470222473,2.8247034549713135,8.262212753295898,-0.04729713127017021,0.041495345532894135,0.025791775435209274,7.252125263214111,49.15830612182617,-91.1845474243164
5.141908884048462,0,-1.1893538236618042,-0.46994447708129883,-0.0,4.699444770812988,2.004000186920166,2956.0,-0.0,2.0,20.016000747680664,-0.008795391768217087,-0.2783401310443878,3.1640987396240234,10.306964874267578,-0.005484865978360176,0.05334659293293953,0.030985016375780106,7.252125263214111,50.223106384277344,-92.2071762084961
5.162172079086304,0,-1.198030948638916,-0.46399956941604614,-0.0,4.639995574951172,2.008000135421753,2952.0,-0.0,2.0,20.012001037597656,-0.008677056059241295,0.2579883933067322,2.553546190261841,7.582823276519775,0.006100058555603027,-0.015230847522616386,0.050559550523757935,6.013957500457764,49.69070816040039,-92.37761688232422
5.182424545288086,0,-1.206702470779419,-0.4575398862361908,-0.0,4.575398921966553,2.0160000324249268,2972.0,-0.0,2.0,20.00800132751465,-0.008671551942825317,0.06225241720676422,2.1794331073760986,8.524391174316406,-0.013208150863647461,0.026048775762319565,0.037110380828380585,4.5989089012146,49.33577346801758,-91.35498809814453
5.202667713165283,0,-1.214562177658081,-0.4465782344341278,-0.0,4.465782165527344,2.004000186920166,2952.0,-0.0,2.0,20.012001037597656,-0.007859712466597557,0.18256717920303345,2.2674245834350586,8.950580596923828,-0.004419585689902306,-0.01043708436191082,0.016470570117235184,6.013957500457764,49.69070816040039,-92.37761688232422
5.222929000854492,0,-1.2227575778961182,-0.44049957394599915,-4.0,-35.59500503540039,2.004000186920166,2952.0,-0.0,2.0,20.00800132751465,-0.008195456117391586,0.5776305794715881,1.594619631767273,9.595850944519043,0.005966901779174805,0.033372581005096436,0.007948325015604496,5.306433200836182,48.62590408325195,-91.01410675048828
5.243204593658447,0,-1.2424343824386597,-0.539932131767273,-4.0,-34.600677490234375,2.004000186920166,2948.0,-0.0,2.0,20.016000747680664,-0.019676800817251205,-0.3352053165435791,0.6775935888290405,8.42323112487793,0.010094862431287766,0.005675284191966057,0.017935331910848618,6.367719650268555,47.916038513183594,-92.0367431640625
5.263502597808838,0,-1.268776535987854,-0.678537905216217,-4.0,-33.214622497558594,2.0280001163482666,2956.0,-0.0,2.0,20.00800132751465,-0.02634214423596859,0.09936443716287613,-0.26157987117767334,8.33523941040039,-0.03051896207034588,0.03590262308716774,0.0284549742937088,6.190838813781738,49.86817169189453,-91.1845474243164
5.283719539642334,0,-1.287000298500061,-0.7182520031929016,-4.0,-32.817481994628906,2.004000186920166,2972.0,-0.0,2.0,20.00400161743164,-0.01822374388575554,0.09697011113166809,-0.418408066034317,12.746780395507812,-0.34158089756965637,0.012466447427868843,0.047230545431375504,4.422027587890625,48.44844055175781,-91.86630249023438
5.303930282592773,0,-1.3096603155136108,-0.7955039143562317,-4.0,-32.044960021972656,2.004000186920166,2960.0,-0.0,2.0,20.00800132751465,-0.022659968584775925,0.12330766767263412,-1.5359586477279663,10.802590370178223,-0.011343910358846188,0.03510366007685661,0.034979820251464844,5.483314037322998,49.15830612182617,-91.86630249023438
5.324126243591309,0,-1.3357024192810059,-0.8853630423545837,-4.0,-31.14636993408203,2.004000186920166,2952.0,-0.0,2.0,20.00800132751465,-0.02604217641055584,0.6123482584953308,-2.079470157623291,6.116300106048584,0.14511917531490326,-0.0049775224179029465,0.013807368464767933,5.306433200836182,49.33577346801758,-91.35498809814453
5.344451189041138,0,-1.3570029735565186,-0.9176122546195984,-4.0,-30.823877334594727,2.004000186920166,2948.0,-0.0,2.0,20.00400161743164,-0.021300479769706726,-0.6560447216033936,-1.8645795583724976,10.11063003540039,-0.07259754836559296,0.0052758026868104935,0.029919736087322235,6.013957500457764,48.980838775634766,-92.37761688232422
5.364598035812378,0,-1.3813499212265015,-0.9715100526809692,-4.0,-30.284900665283203,2.008000135421753,2952.0,-0.0,2.0,20.00400161743164,-0.02434694394469261,-0.5872079133987427,-1.8460235595703125,10.813364028930664,0.01981554925441742,0.0337720587849617,0.0572175495326519,5.837076663970947,49.15830612182617,-90.84367370605469
5.384820222854614,0,-1.4036961793899536,-0.9960113167762756,-2.1176183223724365,-11.216070175170898,2.004000186920166,2968.0,-0.0,2.0,20.00800132751465,-0.022346239537000656,0.09756869077682495,-1.5006424188613892,7.1051554679870605,-0.016004513949155807,-0.06330163776874542,0.051757991313934326,4.245146751403809,50.40057373046875,-92.0367431640625
5.40507698059082,0,-1.426556944847107,-1.0242631435394287,-2.1176183223724365,-10.933551788330078,2.008000135421753,2952.0,-0.0,2.0,20.012001037597656,-0.02286086417734623,-0.38668328523635864,-1.6053940057754517,10.071124076843262,-0.03464692458510399,0.02777985669672489,0.04683106765151024,4.245146751403809,48.980838775634766,-91.35498809814453
5.4253456592559814,0,-1.4474226236343384,-1.0246920585632324,-0.0,10.246920585632324,2.004000186920166,2956.0,-0.0,2.0,20.00400161743164,-0.02086566388607025,-0.18975014984607697,-1.5197969675064087,6.914806842803955,0.021280311048030853,-0.004844361916184425,0.01806848868727684,3.8913843631744385,48.62590408325195,-92.0367431640625
5.445591926574707,0,-1.447719931602478,-0.8413802981376648,-0.0,8.413803100585938,2.01200008392334,2956.0,-0.0,2.0,20.00800132751465,-0.00029721600003540516,-0.26876282691955566,-1.437791347503662,11.546626091003418,-0.03504640609025955,-0.015097687020897865,0.012875246815383434,5.306433200836182,48.980838775634766,-92.37761688232422
5.465922117233276,0,-1.4387428760528564,-0.6101667284965515,-0.0,6.101667404174805,2.01200008392334,2952.0,-0.0,2.0,20.00800132751465,0.008977023884654045,0.5069980621337891,0.7943168878555298,9.332475662231445,0.15377458930015564,-0.04639030247926712,0.043502066284418106,6.721481800079346,50.04563903808594,-89.9914779663086
5.4861204624176025,0,-1.437856674194336,-0.493045449256897,-0.0,4.930454254150391,2.008000135421753,2972.0,-0.0,2.0,20.016000747680664,0.0008861440001055598,0.2699599862098694,3.8494739532470703,5.820600986480713,0.25257936120033264,0.0008815210312604904,0.04683106765151024,5.306433200836182,48.270973205566406,-89.65060424804688
5.506203889846802,0,-1.4388777017593384,-0.4146334230899811,-0.0,4.146334171295166,2.01200008392334,2956.0,-0.0,2.0,20.00400161743164,-0.0010209919419139624,0.2729529142379761,4.630621910095215,6.930369853973389,-0.040372807532548904,-0.0027138013392686844,0.036977220326662064,6.721481800079346,49.33577346801758,-90.33235931396484
5.52649450302124,0,-1.4441615343093872,-0.3885616362094879,-0.0,3.8856163024902344,2.004000186920166,2968.0,-0.0,2.0,20.012001037597656,-0.005283840000629425,0.016760265454649925,3.5418033599853516,12.29305648803711,-0.1616816371679306,0.008338484913110733,0.03870830312371254,6.544600963592529,50.93297576904297,-91.52542877197266
5.546719312667847,0,-1.4541733264923096,-0.40902987122535706,-0.0,4.090298652648926,2.0160000324249268,2952.0,-0.0,2.0,20.00400161743164,-0.010011776350438595,0.46569594740867615,3.097057819366455,7.961126327514648,-0.031051602214574814,-0.027614736929535866,0.04177098348736763,6.367719650268555,49.69070816040039,-92.0367431640625
5.5677690505981445,0,-1.4640392065048218,-0.42384499311447144,-0.0,4.238450050354004,2.008000135421753,2960.0,-0.0,2.0,20.00400161743164,-0.009865920059382915,-0.0730268731713295,1.7556378841400146,8.3585844039917,-0.0797881931066513,0.02538297511637211,0.016337409615516663,6.544600963592529,50.93297576904297,-91.86630249023438
5.587234258651733,0,-1.4711394309997559,-0.41030412912368774,-0.0,4.103041172027588,2.0160000324249268,2972.0,-0.0,2.0,20.00800132751465,-0.0071001602336764336,0.03352053090929985,0.4555200934410095,9.97594928741455,-0.0740623027086258,0.0588061586022377,0.016736891120672226,7.252125263214111,49.86817169189453,-91.52542877197266
5.607509136199951,0,-1.47601318359375,-0.3809105455875397,-0.0,3.809105396270752,2.01200008392334,2952.0,-0.0,2.0,20.016000747680664,-0.004873792175203562,0.5500958561897278,0.9816727042198181,8.627346992492676,0.0007736571133136749,0.022053973749279976,0.04363522306084633,7.605887413024902,50.578041076660156,-92.88893127441406
5.627791404724121,0,-1.4811567068099976,-0.35755157470703125,-0.0,3.5755157470703125,2.01200008392334,3048.0,-0.0,2.0,20.00400161743164,-0.005143487825989723,-0.6877694725990295,2.292564868927002,9.025403022766113,0.02207927033305168,0.015262809582054615,0.026723895221948624,7.252125263214111,49.15830612182617,-91.86630249023438
5.648024320602417,0,-1.4872550964355469,-0.349579393863678,-0.0,3.4957938194274902,2.004000186920166,2952.0,-0.0,2.0,20.012001037597656,-0.006098432000726461,0.31964221596717834,1.761025071144104,9.051141738891602,0.01475546509027481,-0.008972326293587685,0.040173061192035675,7.252125263214111,50.578041076660156,-90.84367370605469
5.668332576751709,0,-1.4936232566833496,-0.3437652289867401,-0.0,3.437652349472046,2.008000135421753,2952.0,-0.0,2.0,20.016000747680664,-0.00636812811717391,0.14246225357055664,1.2863503694534302,8.742873191833496,-0.006683306768536568,-0.011236047372221947,0.04003990441560745,6.544600963592529,50.578041076660156,-93.22981262207031
5.688396215438843,0,-1.4986236095428467,-0.32598304748535156,-0.0,3.2598304748535156,2.0160000324249268,2980.0,-0.0,2.0,20.020000457763672,-0.00500038405880332,0.3441840410232544,0.9469550251960754,9.224132537841797,-0.03371480479836464,0.0004820413887500763,0.01806848868727684,6.013957500457764,49.69070816040039,-91.01410675048828
5.70880651473999,0,-1.5020030736923218,-0.29820647835731506,-0.0,2.982064723968506,2.01200008392334,2952.0,-0.0,2.0,20.012001037597656,-0.0033794560004025698,-0.012570199556648731,1.291139006614685,9.178640365600586,0.026340391486883163,-0.009105486795306206,0.016337409615516663,7.075243949890137,50.40057373046875,-91.69586181640625
5.729801416397095,0,-1.505121111869812,-0.2708747088909149,-0.0,2.708747148513794,2.01200008392334,3100.0,-0.0,2.0,20.148000717163086,-0.0031180160585790873,0.22327068448066711,1.587436556816101,8.949383735656738,0.021147150546312332,-0.014165567234158516,0.007815164513885975,7.959649562835693,49.15830612182617,-92.2071762084961
5.749329328536987,0,-1.508753776550293,-0.2561388909816742,-0.0,2.5613889694213867,2.0160000324249268,2960.0,-0.0,2.0,20.016000747680664,-0.0036326400004327297,0.1921444833278656,1.375538945198059,8.760231971740723,0.007298499345779419,0.012599607929587364,0.013940527103841305,8.136530876159668,50.75550842285156,-91.35498809814453
5.76961088180542,0,-1.512700080871582,-0.2454555630683899,-0.0,2.4545555114746094,2.0160000324249268,2956.0,-0.0,2.0,20.00400161743164,-0.003946368116885424,0.15862394869327545,0.846992015838623,9.076881408691406,-0.00788174755871296,-0.008173363283276558,0.015804767608642578,6.89836311340332,49.86817169189453,-92.2071762084961
5.789849758148193,0,-1.5157850980758667,-0.2285064160823822,-0.0,2.285064220428467,2.01200008392334,2960.0,-0.0,2.0,20.00800132751465,-0.0030849920585751534,0.19932745397090912,0.9792783856391907,9.169661521911621,-0.006683306768536568,0.0072732046246528625,-4.127994179725647e-05,7.075243949890137,48.980838775634766,-91.69586181640625
5.810118198394775,0,-1.5175986289978027,-0.2041923701763153,-0.0,2.041923761367798,2.01200008392334,2956.0,-0.0,2.0,20.032001495361328,-0.0018135679420083761,0.04190066456794739,1.1576554775238037,8.879947662353516,-0.008414387702941895,-0.0025806408375501633,0.001024000346660614,7.782768726348877,48.980838775634766,-92.0367431640625
5.8307945728302,0,-1.5193572044372559,-0.1824171394109726,-0.0,1.8241714239120483,2.0160000324249268,3036.0,-0.0,2.0,20.012001037597656,-0.0017585279420018196,-0.047886475920677185,1.1881831884384155,9.05652904510498,0.004768459126353264,-0.002447480335831642,0.020864851772785187,7.075243949890137,50.04563903808594,-93.4002456665039
5.850495338439941,0,-1.5200093984603882,-0.15611961483955383,-0.0,1.5611960887908936,2.01200008392334,2952.0,-0.0,2.0,20.012001037597656,-0.0006522240000776947,0.17837712168693542,1.271385908126831,9.02779769897461,-2.530403435230255e-05,-0.009638125076889992,0.024726495146751404,6.367719650268555,49.33577346801758,-91.35498809814453
5.870887279510498,0,-1.5222384929656982,-0.1482558399438858,-0.0,1.4825583696365356,2.004000186920166,2952.0,-0.0,2.0,20.02800178527832,-0.0022291201166808605,0.16640549898147583,1.1744158267974854,8.832061767578125,0.006899021565914154,-0.00431172177195549,0.005950923077762127,6.367719650268555,50.40057373046875,-92.71849060058594
5.890995025634766,0,-1.523895263671875,-0.13609157502651215,-0.0,1.3609157800674438,2.004000186920166,2964.0,-0.0,2.0,20.012001037597656,-0.001656704000197351,0.09457578510046005,0.7835424542427063,9.349834442138672,-0.023195156827569008,0.00700688362121582,-0.0037697628140449524,7.075243949890137,51.110443115234375,-91.35498809814453
5.911417245864868,0,-1.5251033306121826,-0.12252584099769592,-0.0,1.2252583503723145,2.01200008392334,2952.0,-0.0,2.0,20.012001037597656,-0.0012081279419362545,0.10475166141986847,0.7805495262145996,8.90568733215332,0.0013062972575426102,-5.060061812400818e-05,0.002755081281065941,7.075243949890137,48.62590408325195,-92.71849060058594
5.931522369384766,0,-1.5253620147705078,-0.10257286578416824,-0.0,1.025728702545166,2.0160000324249268,2988.0,-0.0,2.0,20.00800132751465,-0.0002586880000308156,0.1251034140586853,0.8152672052383423,8.954172134399414,0.002637898549437523,0.0027457624673843384,0.0062172431498765945,7.075243949890137,48.980838775634766,-91.69586181640625
5.9517741203308105,0,-1.5253620147705078,-0.08431604504585266,-0.0,0.8431604504585266,2.004000186920166,2944.0,-0.0,2.0,20.00800132751465,0.0,0.052675120532512665,0.8918855786323547,9.31092643737793,-0.0008242633193731308,0.0034115631133317947,0.0016898009926080704,6.89836311340332,50.223106384277344,-92.54805755615234
5.972033977508545,0,-1.5253620147705078,-0.06915345788002014,-0.0,0.6915345788002014,2.0160000324249268,2952.0,-0.0,2.0,20.00400161743164,0.0,0.049682218581438065,0.954736590385437,8.839842796325684,-0.002954825758934021,8.255988359451294e-05,0.0004913602024316788,5.129551887512207,50.578041076660156,-92.2071762084961
5.992327928543091,0,-1.5253620147705078,-0.05677267536520958,-0.0,0.567726731300354,2.0160000324249268,2952.0,-0.0,2.0,20.016000747680664,0.0,0.09876585006713867,0.7811481356620789,9.142126083374023,-0.0038869455456733704,-0.0009827204048633575,-0.0001744404435157776,6.721481800079346,49.69070816040039,-92.37761688232422
6.0126793384552,0,-1.5253620147705078,-0.0465850755572319,-0.0,0.4658507704734802,2.01200008392334,2944.0,-0.0,2.0,20.00400161743164,0.0,0.15084239840507507,0.7153041958808899,8.985897064208984,0.0015726182609796524,0.0003488808870315552,-0.001506041269749403,8.667174339294434,50.223106384277344,-90.50279235839844
6.032843828201294,0,-1.523719072341919,-0.022645510733127594,5.0,5.0,2.0160000324249268,2964.0,-0.0,1.0,20.00800132751465,0.0016429440584033728,0.10355450212955475,0.5081952214241028,9.063114166259766,-0.004952225834131241,0.0026126019656658173,-0.003103962168097496,7.252125263214111,49.86817169189453,-91.1845474243164
6.053077220916748,0,-1.5186306238174438,0.02707822062075138,5.0,5.0,2.008000135421753,2948.0,-0.0,1.0,20.012001037597656,0.00508844805881381,0.052675120532512665,1.5563104152679443,9.562929153442383,0.007298499345779419,-0.003912242129445076,-0.006432964466512203,7.605887413024902,50.93297576904297,-91.1845474243164
6.0733115673065186,0,-1.5161676406860352,0.04351089522242546,5.0,5.0,2.008000135421753,2948.0,-0.0,1.0,20.00400161743164,0.002463039942085743,0.16640549898147583,2.6600935459136963,8.10418701171875,0.04751284793019295,-0.014964530244469643,-0.0069656046107411385,5.306433200836182,50.04563903808594,-90.33235931396484
6.093401193618774,0,-1.5161895751953125,0.03551260009407997,5.0,5.0,2.004000186920166,2956.0,-0.0,1.0,20.00800132751465,-2.2016000002622604e-05,0.21249623596668243,1.531768560409546,9.461769104003906,-0.013341311365365982,0.024850334972143173,-0.01335728820413351,5.483314037322998,49.513240814208984,-91.86630249023438
6.113649845123291,0,-1.515328288078308,0.037304800003767014,5.0,5.0,2.0320000648498535,2956.0,-0.0,1.0,20.020000457763672,0.0008613760001026094,0.14365942776203156,0.5710461735725403,9.331876754760742,-0.03770960494875908,0.018724970519542694,-0.013623608276247978,6.190838813781738,50.223106384277344,-90.84367370605469
6.133930444717407,0,-1.5107874870300293,0.07157924771308899,5.0,5.0,2.0160000324249268,2964.0,-0.0,1.0,20.016000747680664,0.004540800116956234,-0.06823822855949402,0.8984699845314026,8.869174003601074,-0.012675510719418526,0.0052758026868104935,-0.015621010214090347,7.252125263214111,49.15830612182617,-90.84367370605469
6.154151916503906,0,-1.5063567161560059,0.09835968911647797,5.0,5.0,2.004000186920166,2948.0,-0.0,1.0,20.00400161743164,0.004430720116943121,0.052076540887355804,1.6856038570404053,8.829068183898926,0.028870433568954468,-0.010969726368784904,-0.010560926981270313,7.782768726348877,49.69070816040039,-91.35498809814453
6.1744701862335205,0,-1.5035690069198608,0.1054803803563118,5.0,5.0,2.0160000324249268,2956.0,-0.0,1.0,20.00400161743164,0.002787776058539748,0.4303796887397766,1.4270169734954834,9.116986274719238,0.024742472916841507,0.0030120816081762314,-0.008829846046864986,5.660195350646973,50.04563903808594,-91.69586181640625
6.19479775428772,0,-1.5003958940505981,0.11515406519174576,5.0,5.0,2.004000186920166,2964.0,-0.0,1.0,20.012001037597656,0.0031730560585856438,0.16281400620937347,0.9667081832885742,9.084662437438965,-0.033049002289772034,0.008338484913110733,-0.027738578617572784,5.837076663970947,49.15830612182617,-90.84367370605469
6.2150046825408936,0,-1.4956845045089722,0.13689209520816803,5.0,5.0,2.0199999809265137,2952.0,-0.0,1.0,20.012001037597656,0.004711424000561237,-0.18256717920303345,1.1379023790359497,9.212160110473633,-0.03478008508682251,0.01273276749998331,-0.030135460197925568,6.721481800079346,50.04563903808594,-91.35498809814453
6.235243558883667,0,-1.4902492761611938,0.1608259528875351,5.0,5.0,2.0160000324249268,2972.0,-0.0,1.0,20.00800132751465,0.0054351999424397945,0.3082691729068756,0.9816727042198181,8.253233909606934,0.006632700562477112,0.0006152000278234482,-0.012425167486071587,5.837076663970947,49.86817169189453,-91.52542877197266
6.255491018295288,0,-1.4852708578109741,0.17680522799491882,5.0,5.0,2.004000186920166,2952.0,-0.0,1.0,20.00800132751465,0.004978368058800697,0.11552611738443375,1.2683930397033691,9.419269561767578,0.02607407048344612,0.008737965486943722,-0.03652714192867279,6.721481800079346,50.04563903808594,-92.0367431640625
6.2755959033966064,0,-1.4801356792449951,0.19029167294502258,5.0,5.0,2.004000186920166,2948.0,-0.0,1.0,20.00400161743164,0.005135232117027044,0.11432895809412003,0.9822713136672974,9.368390083312988,0.020614508539438248,0.0006152000278234482,-0.026540137827396393,7.429006576538086,50.04563903808594,-90.67323303222656
6.29582953453064,0,-1.4745573997497559,0.20724913477897644,5.0,5.0,2.0160000324249268,2956.0,-0.0,1.0,20.012001037597656,0.005578304175287485,0.10714598745107651,0.9613209962844849,9.190611839294434,-0.007482267916202545,0.012999088503420353,-0.03439658135175705,5.660195350646973,49.33577346801758,-92.37761688232422
6.316089153289795,0,-1.4680708646774292,0.2283240407705307,5.0,5.0,2.008000135421753,2948.0,-0.0,1.0,20.036001205444336,0.006486463826149702,0.09218145906925201,0.8954770565032959,9.063712120056152,0.002771059051156044,0.0012810006737709045,-0.03040177747607231,6.89836311340332,50.223106384277344,-93.91156005859375
6.336373805999756,0,-1.4614826440811157,0.246010884642601,5.0,5.0,2.01200008392334,2964.0,-0.0,1.0,20.00800132751465,0.006588288117200136,-0.1592225283384323,1.441382884979248,8.932024955749512,0.034862637519836426,-0.03200902044773102,-0.031200740486383438,5.660195350646973,47.206172943115234,-91.69586181640625
6.3566365242004395,0,-1.4550209045410156,0.2601352632045746,5.0,5.0,2.0160000324249268,2952.0,-0.0,1.0,20.016000747680664,0.006461695767939091,0.12630057334899902,0.9954400658607483,9.021811485290527,0.04578176513314247,-0.01975829340517521,-0.0076314047910273075,8.136530876159668,50.75550842285156,-92.0367431640625
6.376887321472168,0,-1.447824478149414,0.27771082520484924,5.0,5.0,2.004000186920166,2984.0,-0.0,1.0,20.00800132751465,0.007196479942649603,-0.06045667454600334,1.107374668121338,9.0044527053833,0.00743165984749794,-0.005377002060413361,-0.024409573525190353,6.367719650268555,50.75550842285156,-91.01410675048828
6.397201299667358,0,-1.4402647018432617,0.29611384868621826,5.0,5.0,2.008000135421753,2944.0,-0.0,1.0,20.016000747680664,0.0075597441755235195,0.45971015095710754,0.8835054636001587,9.102620124816895,0.01768498867750168,-0.025617336854338646,-0.0092293256893754,7.429006576538086,51.46537399291992,-90.33235931396484
6.417443037033081,0,-1.4325261116027832,0.3123610317707062,5.0,5.0,2.004000186920166,2964.0,-0.0,1.0,20.012001037597656,0.007738623768091202,0.22147494554519653,1.2199078798294067,8.754844665527344,0.03859112039208412,0.009403766132891178,0.0052851224318146706,7.075243949890137,50.40057373046875,-92.0367431640625
6.437551259994507,0,-1.4242948293685913,0.3296477794647217,5.0,5.0,2.004000186920166,2976.0,-0.0,1.0,20.00400161743164,0.008231231942772865,0.0670410618185997,1.1145577430725098,9.054733276367188,0.015554424375295639,0.04708806797862053,-0.003902922850102186,6.190838813781738,50.223106384277344,-92.88893127441406
6.4579854011535645,0,-1.41598379611969,0.34556829929351807,5.0,5.0,2.004000186920166,2956.0,-0.0,1.0,20.00800132751465,0.00831103976815939,0.23643946647644043,0.9152302145957947,9.377368927001953,0.02394350990653038,0.0036778822541236877,0.0011571599170565605,7.605887413024902,50.93297576904297,-91.52542877197266
6.4780449867248535,0,-1.4072049856185913,0.36071327328681946,5.0,5.0,2.004000186920166,3072.0,-0.0,1.0,20.016000747680664,0.008778880350291729,-0.008380132727324963,0.764387845993042,8.73928165435791,0.027405671775341034,0.00913744606077671,-0.0137567687779665,6.544600963592529,49.15830612182617,-92.2071762084961
6.4983367919921875,0,-1.398544430732727,0.3754904866218567,5.0,5.0,2.004000186920166,2952.0,-0.0,1.0,20.00800132751465,0.008660543709993362,-0.4644987881183624,1.0546995401382446,9.398319244384766,-0.02745627984404564,0.017792850732803345,-0.053704794496297836,7.429006576538086,48.980838775634766,-92.0367431640625
6.51879358291626,0,-1.3895838260650635,0.3883136808872223,5.0,5.0,2.008000135421753,2956.0,-0.0,1.0,20.012001037597656,0.008960511535406113,0.19573596119880676,0.7554091215133667,8.650691986083984,-0.02133091539144516,-0.03906650096178055,-0.05636799335479736,7.429006576538086,48.62590408325195,-90.67323303222656
6.53886342048645,0,-1.3803619146347046,0.40091195702552795,5.0,5.0,2.004000186920166,2964.0,-0.0,1.0,20.00800132751465,0.00922195240855217,0.31066349148750305,0.8434005379676819,8.397491455078125,0.007298499345779419,0.0050094835460186005,-0.03932350501418114,8.313411712646484,49.15830612182617,-91.86630249023438
6.559134006500244,0,-1.3707739114761353,0.41565123200416565,5.0,5.0,2.004000186920166,2952.0,-0.0,1.0,20.012001037597656,0.0095879677683115,0.30467769503593445,0.9349834322929382,9.406699180603027,-0.01640399359166622,-0.021223051473498344,-0.03879086300730705,6.367719650268555,50.40057373046875,-92.37761688232422
6.579408407211304,0,-1.3606356382369995,0.42932847142219543,5.0,5.0,2.004000186920166,3116.0,-0.0,1.0,20.060001373291016,0.010138368234038353,0.09816727042198181,0.9499479532241821,9.14571762084961,0.003170538693666458,-0.020956730470061302,-0.034929219633340836,6.544600963592529,50.223106384277344,-92.54805755615234
6.599525451660156,0,-1.350788950920105,0.44310030341148376,5.0,5.0,2.004000186920166,2948.0,-0.0,1.0,20.00800132751465,0.009846655651926994,0.6069610714912415,0.5111880898475647,8.474708557128906,-0.014273432083427906,0.010469046421349049,-0.033997099846601486,6.721481800079346,48.62590408325195,-92.37761688232422
6.619802474975586,0,-1.340512990951538,0.45585277676582336,5.0,5.0,2.01200008392334,2948.0,-0.0,1.0,20.02400016784668,0.010275968350470066,0.30886775255203247,0.7859367728233337,8.679423332214355,0.001173136755824089,0.03989742323756218,-0.044383589178323746,6.013957500457764,48.980838775634766,-92.0367431640625
6.6400370597839355,0,-1.3298627138137817,0.4687909483909607,5.0,5.0,2.004000186920166,2968.0,-0.0,1.0,20.00400161743164,0.010650239884853363,0.09218145906925201,0.8589636087417603,8.747062683105469,0.0025047380477190018,0.0028789211064577103,-0.049310509115457535,5.837076663970947,49.86817169189453,-92.2071762084961
6.660490274429321,0,-1.3193005323410034,0.4801180362701416,5.0,5.0,2.008000135421753,2952.0,-0.0,1.0,20.00800132751465,0.010562175884842873,-0.0909842997789383,1.0307563543319702,8.997269630432129,0.005567420274019241,0.0011478401720523834,-0.04651414975523949,7.075243949890137,49.69070816040039,-92.37761688232422
6.68054986000061,0,-1.3081715106964111,0.49192139506340027,5.0,5.0,2.004000186920166,3040.0,-0.0,1.0,20.00400161743164,0.011129087768495083,-0.0909842997789383,1.2887446880340576,9.015826225280762,-0.004552746191620827,-0.015896650031208992,-0.047446269541978836,6.190838813781738,48.44844055175781,-92.54805755615234
6.7008397579193115,0,-1.2973395586013794,0.5026920437812805,5.0,5.0,2.008000135421753,2952.0,-0.0,1.0,20.00800132751465,0.010831872001290321,0.012570199556648731,1.0517066717147827,9.984330177307129,0.017152346670627594,0.007805844768881798,-0.04358462616801262,6.544600963592529,48.80337142944336,-93.57068634033203
6.72111439704895,0,-1.2860921621322632,0.5133534669876099,5.0,5.0,2.01200008392334,2948.0,-0.0,1.0,20.036001205444336,0.01124742440879345,0.0849984884262085,1.403672218322754,9.590463638305664,0.005567420274019241,-0.001648521050810814,-0.043185148388147354,7.782768726348877,50.04563903808594,-91.69586181640625
6.741476535797119,0,-1.2746163606643677,0.5232492089271545,5.0,5.0,2.008000135421753,2976.0,-0.0,1.0,20.012001037597656,0.011475839652121067,-0.06464674323797226,1.4359956979751587,10.350062370300293,-0.023994117975234985,0.007672684267163277,-0.042253024876117706,6.89836311340332,47.383636474609375,-92.2071762084961
6.761656761169434,0,-1.263275384902954,0.5318894982337952,5.0,5.0,2.0160000324249268,2944.0,-0.0,1.0,20.00800132751465,0.011340991593897343,0.0,1.3653631210327148,9.304940223693848,-0.03278268128633499,-0.0084396842867136,-0.03213286027312279,6.013957500457764,48.62590408325195,-91.69586181640625
6.781743288040161,0,-1.2515820264816284,0.5404213070869446,5.0,5.0,2.004000186920166,2972.0,-0.0,1.0,20.012001037597656,0.011693247593939304,0.05746376886963844,1.2246965169906616,10.374006271362305,-0.01467291172593832,0.03989742323756218,-0.04038878530263901,6.89836311340332,48.093505859375,-91.86630249023438
6.801982641220093,0,-1.2397924661636353,0.5501011610031128,5.0,5.0,2.008000135421753,2944.0,-0.0,1.0,20.012001037597656,0.011789567768573761,-0.09397720545530319,1.0864243507385254,10.385977745056152,0.013823345303535461,-0.011102886870503426,-0.03506238013505936,6.367719650268555,50.40057373046875,-91.69586181640625
6.822265863418579,0,-1.227521300315857,0.5615048408508301,5.0,5.0,2.004000186920166,2952.0,-0.0,1.0,20.00400161743164,0.01227116771042347,-0.1652083396911621,1.0289605855941772,9.264237403869629,0.01981554925441742,-0.020024610683321953,-0.03825822472572327,6.013957500457764,49.33577346801758,-92.71849060058594
6.84257435798645,0,-1.214919924736023,0.5739080905914307,5.0,5.0,2.008000135421753,2952.0,-0.0,1.0,20.012001037597656,0.012601408176124096,-0.019154589623212814,1.2205065488815308,8.786569595336914,-0.01933351531624794,0.021121852099895477,-0.028670698404312134,5.129551887512207,48.44844055175781,-91.86630249023438
6.862820148468018,0,-1.2022552490234375,0.5841577649116516,5.0,5.0,2.004000186920166,2956.0,-0.0,1.0,20.00400161743164,0.012664703652262688,0.32862094044685364,0.5812220573425293,8.984699249267578,-0.03264952450990677,0.016461249440908432,-0.03026861697435379,7.605887413024902,49.513240814208984,-93.91156005859375
6.883054971694946,0,-1.189287781715393,0.5949528217315674,5.0,5.0,2.008000135421753,2968.0,-0.0,1.0,20.00400161743164,0.012967424467206001,0.36453577876091003,0.3130578100681305,8.367562294006348,-0.009745988994836807,-0.016429288312792778,-0.03466290235519409,7.782768726348877,50.40057373046875,-93.74112701416016
6.903934717178345,0,-1.1762735843658447,0.6059778928756714,5.0,5.0,2.008000135421753,2960.0,-0.0,1.0,20.00400161743164,0.01301420759409666,0.1741870492696762,0.710515558719635,8.963748931884766,-0.007349107414484024,-0.01682876981794834,-0.0522400327026844,6.013957500457764,49.33577346801758,-93.05937194824219
6.923403739929199,0,-1.1625714302062988,0.6180600523948669,5.0,5.0,2.004000186920166,2960.0,-0.0,1.0,20.00400161743164,0.013702208176255226,0.17897570133209229,0.9295961856842041,9.653913497924805,0.003037378191947937,0.019124452024698257,-0.07674148678779602,5.837076663970947,49.86817169189453,-92.2071762084961
6.943695545196533,0,-1.1493067741394043,0.6282286643981934,5.0,5.0,2.004000186920166,2960.0,-0.0,1.0,20.00400161743164,0.013264640234410763,0.11552611738443375,1.1385009288787842,9.249272346496582,-0.007349107414484024,0.025782454758882523,-0.07088243961334229,5.483314037322998,49.15830612182617,-92.54805755615234
6.96396017074585,0,-1.1357944011688232,0.6367031931877136,5.0,5.0,2.0360000133514404,2952.0,-0.0,1.0,20.012001037597656,0.013512319885194302,0.22147494554519653,1.0265662670135498,8.993080139160156,-0.014007112011313438,0.004343682900071144,-0.055435873568058014,5.837076663970947,49.513240814208984,-92.2071762084961
6.984196901321411,0,-1.1219490766525269,0.6458091735839844,5.0,5.0,2.004000186920166,2964.0,-0.0,1.0,20.00800132751465,0.013845312409102917,-0.08380132913589478,0.8775196075439453,9.128358840942383,-0.021597236394882202,0.018591811880469322,-0.05090843141078949,4.5989089012146,49.69070816040039,-92.71849060058594
7.004474401473999,0,-1.1081478595733643,0.6547907590866089,5.0,5.0,2.004000186920166,2956.0,-0.0,1.0,20.00800132751465,0.013801280409097672,0.0580623485147953,0.5776305794715881,9.513246536254883,0.02381034940481186,-0.013233447447419167,-0.05010947212576866,7.429006576538086,49.69070816040039,-93.05937194824219
7.0247204303741455,0,-1.0938897132873535,0.6650177240371704,5.0,5.0,2.008000135421753,2956.0,-0.0,1.0,20.012001037597656,0.014258111827075481,-0.3920705020427704,1.079241394996643,9.263638496398926,0.03313155472278595,-0.004578042775392532,-0.05477007478475571,5.483314037322998,49.15830612182617,-92.2071762084961
7.044815301895142,0,-1.0794637203216553,0.6751148104667664,5.0,5.0,2.008000135421753,2960.0,-0.0,1.0,20.012001037597656,0.014425983652472496,0.2101019024848938,0.8709352612495422,8.988290786743164,0.015421267598867416,-0.003912242129445076,-0.029469657689332962,5.129551887512207,48.093505859375,-93.22981262207031
7.065799951553345,0,-1.064979910850525,0.6838240027427673,5.0,5.0,2.0199999809265137,2952.0,-0.0,1.0,20.012001037597656,0.014483775943517685,0.42559105157852173,0.45492151379585266,8.64291000366211,0.03925691917538643,-0.0003169197589159012,-0.008030884899199009,6.013957500457764,48.270973205566406,-92.71849060058594
7.0853354930877686,0,-1.0502705574035645,0.6921035647392273,5.0,5.0,2.004000186920166,2960.0,-0.0,1.0,20.012001037597656,0.014709440059959888,-0.1981302797794342,0.9194203019142151,9.999893188476562,-0.001356903463602066,0.023119254037737846,-0.03559502214193344,5.483314037322998,49.513240814208984,-92.88893127441406
7.105591058731079,0,-1.0356876850128174,0.6996707320213318,5.0,5.0,2.008000135421753,2960.0,-0.0,1.0,20.012001037597656,0.01458284817636013,0.16640549898147583,0.43097826838493347,8.863187789916992,-0.03584536537528038,-0.008040202781558037,-0.04904419183731079,7.429006576538086,50.75550842285156,-92.0367431640625
7.1258463859558105,0,-1.0207250118255615,0.7075717449188232,5.0,5.0,2.004000186920166,2960.0,-0.0,1.0,20.00800132751465,0.014962623827159405,0.3160507380962372,0.46689313650131226,8.131721496582031,-0.01360763143748045,-0.001648521050810814,-0.05423743277788162,6.721481800079346,49.33577346801758,-93.4002456665039
7.146108865737915,0,-1.0058202743530273,0.7151016592979431,5.0,5.0,2.004000186920166,2952.0,-0.0,1.0,20.016000747680664,0.01490483246743679,-0.06045667454600334,0.9804755449295044,10.475166320800781,-0.03584536537528038,-0.022421492263674736,-0.061960719525814056,4.952671051025391,49.33577346801758,-91.69586181640625
7.166388511657715,0,-0.9907612800598145,0.721709668636322,5.0,5.0,2.01200008392334,2960.0,-0.0,1.0,20.00800132751465,0.015058944001793861,0.6003766655921936,0.408232182264328,9.270222663879395,0.002637898549437523,0.022986093536019325,-0.055569034069776535,6.721481800079346,48.980838775634766,-92.71849060058594
7.186691522598267,0,-0.9753638505935669,0.7293092608451843,5.0,5.0,2.004000186920166,2964.0,-0.0,1.0,20.00800132751465,0.01539743971079588,0.3830918073654175,0.4501328468322754,7.8330302238464355,0.009695380926132202,0.022719774395227432,-0.060629118233919144,6.013957500457764,48.62590408325195,-92.0367431640625
7.206880569458008,0,-0.9600709676742554,0.7365045547485352,5.0,5.0,2.008000135421753,2960.0,-0.0,1.0,20.012001037597656,0.015292864292860031,-0.1981302797794342,0.7075226306915283,10.038202285766602,-0.02958684042096138,0.020988693460822105,-0.07687464356422424,5.306433200836182,48.980838775634766,-93.05937194824219
7.22718358039856,0,-0.9444423913955688,0.7432382106781006,5.0,5.0,2.004000186920166,3004.0,-0.0,1.0,20.016000747680664,0.01562860794365406,0.39386624097824097,0.26277703046798706,9.0786771774292,-0.001090584322810173,0.013931208290159702,-0.06102859601378441,6.013957500457764,47.916038513183594,-91.35498809814453
7.247258901596069,0,-0.9291384816169739,0.7483688592910767,5.0,5.0,2.0160000324249268,2952.0,-0.0,1.0,20.00400161743164,0.015303871594369411,-0.19932745397090912,1.0600868463516235,8.809913635253906,-0.01001230999827385,0.021255012601614,-0.04797891154885292,5.483314037322998,49.513240814208984,-92.54805755615234
7.267527341842651,0,-0.9137685894966125,0.7518169283866882,5.0,5.0,2.0320000648498535,2952.0,-0.0,1.0,20.00800132751465,0.015369920060038567,0.14964522421360016,0.4010492265224457,9.74250316619873,-0.04743029177188873,-0.016029810532927513,-0.039057184010744095,5.660195350646973,48.980838775634766,-93.05937194824219
7.287806272506714,0,-0.898156464099884,0.7561514973640442,5.0,5.0,2.004000186920166,2964.0,-0.0,1.0,20.012001037597656,0.015612095594406128,0.3052762746810913,0.5572788715362549,8.402280807495117,-0.031317923218011856,-0.011102886870503426,-0.045448869466781616,6.190838813781738,49.513240814208984,-90.84367370605469
7.308037042617798,0,-0.8822692036628723,0.7637359499931335,5.0,5.0,2.004000186920166,2956.0,-0.0,1.0,20.016000747680664,0.015887295827269554,-0.05686518922448158,0.7093183994293213,8.990086555480957,-0.009612828493118286,0.02871197834610939,-0.05916435644030571,7.075243949890137,47.56110382080078,-92.71849060058594
7.328332424163818,0,-0.8656140565872192,0.7720328569412231,5.0,5.0,2.004000186920166,3080.0,-0.0,1.0,20.00400161743164,0.016655104234814644,0.36752867698669434,0.22087636590003967,10.038202285766602,0.04338488355278969,-0.02694893442094326,-0.05809907615184784,6.190838813781738,47.73857116699219,-91.1845474243164
7.348578929901123,0,-0.8497708439826965,0.7796986699104309,5.0,5.0,2.004000186920166,2956.0,-0.0,1.0,20.00800132751465,0.015843264758586884,-0.414218008518219,1.2665972709655762,6.692733287811279,0.0003741774708032608,-0.017894050106406212,-0.07248035818338394,7.429006576538086,48.270973205566406,-92.0367431640625
7.368838787078857,0,-0.8334102034568787,0.7863005995750427,5.0,5.0,2.0360000133514404,2956.0,-0.0,1.0,20.036001205444336,0.01636064052581787,0.10714598745107651,0.6692134737968445,9.161280632019043,-0.0459655299782753,0.0026126019656658173,-0.07194772362709045,5.660195350646973,49.33577346801758,-92.37761688232422
7.389086008071899,0,-0.8167798519134521,0.7932458519935608,5.0,5.0,2.008000135421753,2976.0,-0.0,1.0,20.00400161743164,0.01663033664226532,-0.09457578510046005,0.3310152590274811,9.15589427947998,0.007032182067632675,-0.02508469484746456,-0.08459793031215668,6.544600963592529,48.80337142944336,-92.88893127441406
7.410369396209717,0,-0.8000999689102173,0.8018521070480347,5.0,5.0,2.004000186920166,2952.0,-0.0,1.0,20.016000747680664,0.016679871827363968,0.8356189727783203,0.5459058284759521,10.76906967163086,0.03859112039208412,0.042427465319633484,-0.09778077900409698,4.5989089012146,49.33577346801758,-91.35498809814453
7.429485082626343,0,-0.7825257182121277,0.8108901381492615,5.0,5.0,2.008000135421753,3104.0,-0.0,1.0,20.00800132751465,0.01757427118718624,-0.21129906177520752,0.9571309089660645,8.065877914428711,-0.02119775488972664,0.010335886850953102,-0.10110978037118912,5.129551887512207,49.15830612182617,-92.88893127441406
7.449713945388794,0,-0.7661870718002319,0.816463828086853,5.0,5.0,2.004000186920166,2956.0,-0.0,1.0,20.00400161743164,0.01633862406015396,0.2699599862098694,0.6692134737968445,9.31092643737793,-0.019599834457039833,-0.018426692113280296,-0.08819325268268585,6.367719650268555,50.04563903808594,-93.05937194824219
7.469995498657227,0,-0.7493228316307068,0.8213813304901123,5.0,5.0,2.01200008392334,2952.0,-0.0,1.0,20.00800132751465,0.01686425507068634,-0.1771799474954605,0.4890406131744385,9.027198791503906,0.056434568017721176,0.025249814614653587,-0.07540988177061081,4.952671051025391,48.980838775634766,-91.69586181640625
7.490234851837158,0,-0.7320209741592407,0.8279975652694702,5.0,5.0,2.004000186920166,2960.0,-0.0,1.0,20.00400161743164,0.01730182394385338,-0.11672328412532806,0.8463934063911438,9.28039836883545,0.06975057721138,-0.02401941455900669,-0.0541042722761631,6.190838813781738,48.093505859375,-92.54805755615234
7.510516166687012,0,-0.7146723866462708,0.8360152244567871,5.0,5.0,2.0320000648498535,2956.0,-0.0,1.0,20.02400016784668,0.017348608002066612,0.3519655764102936,0.13587787747383118,8.596220970153809,0.07081586122512817,-0.020424092188477516,-0.04305198788642883,6.721481800079346,47.916038513183594,-92.37761688232422
7.530734539031982,0,-0.6968861818313599,0.8429327607154846,5.0,5.0,2.004000186920166,3016.0,-0.0,1.0,20.00400161743164,0.01778617687523365,-0.2280593365430832,1.3090964555740356,9.700602531433105,0.01981554925441742,-0.03294114023447037,-0.051574233919382095,6.190838813781738,48.093505859375,-92.88893127441406
7.550974369049072,0,-0.6797880530357361,0.8477392196655273,5.0,5.0,2.004000186920166,2956.0,-0.0,1.0,20.00800132751465,0.01709817536175251,0.3160507380962372,0.3441840410232544,8.286754608154297,-0.017868753522634506,-0.00737440399825573,-0.05636799335479736,7.782768726348877,47.916038513183594,-92.71849060058594
7.57179856300354,0,-0.6621532440185547,0.8537290096282959,5.0,5.0,2.01200008392334,2952.0,-0.0,1.0,20.00800132751465,0.017634816467761993,0.33580389618873596,0.9750882983207703,9.750285148620605,-0.039440687745809555,-0.005377002060413361,-0.06355863809585571,6.190838813781738,48.80337142944336,-91.1845474243164
7.591370344161987,0,-0.6442790031433105,0.8597118854522705,5.0,5.0,2.004000186920166,2964.0,-0.0,1.0,20.00800132751465,0.01787424087524414,0.14365942776203156,0.3741130828857422,9.753277778625488,0.025541432201862335,0.011401167139410973,-0.051574233919382095,6.544600963592529,48.80337142944336,-92.2071762084961
7.611623048782349,0,-0.6266221404075623,0.8648506999015808,5.0,5.0,2.0199999809265137,2960.0,-0.0,1.0,20.020000457763672,0.017656832933425903,0.8212530016899109,0.048485055565834045,8.042532920837402,0.04338488355278969,0.014330688863992691,-0.05610167607665062,6.190838813781738,48.80337142944336,-92.2071762084961
7.6318886280059814,0,-0.6087066531181335,0.8693042993545532,5.0,5.0,2.004000186920166,2960.0,-0.0,1.0,20.00800132751465,0.017915520817041397,-0.563863217830658,1.6538790464401245,8.900897979736328,-0.036378003656864166,0.02232029289007187,-0.07341247797012329,7.252125263214111,48.80337142944336,-92.2071762084961
7.652203321456909,0,-0.5910249948501587,0.8730301856994629,5.0,5.0,2.004000186920166,2956.0,-0.0,1.0,20.00800132751465,0.017681600525975227,0.09816727042198181,0.07721693813800812,8.860793113708496,-0.042503368109464645,0.033239420503377914,-0.05943067744374275,7.605887413024902,50.93297576904297,-91.1845474243164
7.672409534454346,0,-0.5734122395515442,0.8742080330848694,5.0,5.0,2.004000186920166,2948.0,-0.0,1.0,20.00800132751465,0.017612800002098083,-0.6350943446159363,1.2755759954452515,9.625181198120117,-0.028787881135940552,0.015262809582054615,-0.04917735233902931,6.89836311340332,49.15830612182617,-92.88893127441406
7.692731618881226,0,-0.555716872215271,0.8760674595832825,5.0,5.0,2.008000135421753,2956.0,-0.0,1.0,20.00400161743164,0.017695359885692596,0.05746376886963844,0.4890406131744385,8.724316596984863,-0.026257839053869247,-0.0290794987231493,-0.03519554063677788,6.721481800079346,48.270973205566406,-92.71849060058594
7.712950706481934,0,-0.5378206372261047,0.8796749711036682,5.0,5.0,2.004000186920166,2944.0,-0.0,1.0,20.00400161743164,0.0178962554782629,0.6518546342849731,-0.2939032316207886,7.633702754974365,-0.005751186981797218,-0.0015153605490922928,-0.05010947212576866,6.721481800079346,48.270973205566406,-91.01410675048828
7.7331976890563965,0,-0.5192061066627502,0.8869661092758179,5.0,5.0,2.008000135421753,2980.0,-0.0,1.0,20.012001037597656,0.018614528700709343,-0.023943237960338593,0.9182231426239014,10.292000770568848,0.0178181491792202,0.046422265470027924,-0.05703379586338997,6.721481800079346,47.206172943115234,-92.71849060058594
7.7534708976745605,0,-0.5007126331329346,0.8954111933708191,5.0,5.0,2.004000186920166,2956.0,-0.0,1.0,20.016000747680664,0.018493440002202988,-0.01436594221740961,0.43277400732040405,8.820090293884277,0.020614508539438248,-0.022155171260237694,-0.06768660247325897,7.429006576538086,48.270973205566406,-91.01410675048828
7.773606777191162,0,-0.48183393478393555,0.9016026258468628,5.0,5.0,2.004000186920166,2960.0,-0.0,1.0,20.012001037597656,0.018878720700740814,0.008978714235126972,0.7584020495414734,6.907623767852783,-0.016004513949155807,-0.030411096289753914,-0.08020364493131638,6.013957500457764,48.980838775634766,-92.37761688232422
7.793842077255249,0,-0.4636514484882355,0.9051182270050049,5.0,5.0,2.004000186920166,2952.0,-0.0,1.0,20.00800132751465,0.018182463943958282,0.5363284945487976,0.5878064632415771,11.641201972961426,-0.01360763143748045,0.034304700791835785,-0.08819325268268585,6.013957500457764,47.206172943115234,-93.05937194824219
7.814095735549927,0,-0.4449461102485657,0.9105231165885925,5.0,5.0,2.008000135421753,2956.0,-0.0,1.0,20.00400161743164,0.018705343827605247,0.054470863193273544,0.5776305794715881,9.230716705322266,0.026207230985164642,0.035503141582012177,-0.10497142374515533,7.075243949890137,47.56110382080078,-92.0367431640625
7.834371566772461,0,-0.4257151484489441,0.918197512626648,5.0,5.0,2.008000135421753,2960.0,-0.0,1.0,20.016000747680664,0.019230976700782776,-0.15862394869327545,0.24960824847221375,6.5544610023498535,-0.005751186981797218,0.0003488808870315552,-0.1072351410984993,6.544600963592529,49.15830612182617,-92.2071762084961
7.854669094085693,0,-0.4069052040576935,0.9234760999679565,5.0,5.0,2.008000135421753,2960.0,-0.0,1.0,20.012001037597656,0.01880992017686367,0.6081582307815552,0.34059253334999084,10.506292343139648,-0.017602432519197464,0.016993891447782516,-0.1172221451997757,6.721481800079346,47.916038513183594,-93.05937194824219
7.8749072551727295,0,-0.3880760371685028,0.926313579082489,5.0,5.0,2.008000135421753,2960.0,-0.0,1.0,20.00400161743164,0.018829183652997017,-0.3651343584060669,1.1396980285644531,9.902922630310059,0.050176043063402176,0.04948494955897331,-0.1141594648361206,5.483314037322998,50.223106384277344,-92.2071762084961
7.89500880241394,0,-0.36907070875167847,0.9309559464454651,5.0,5.0,2.008000135421753,2952.0,-0.0,1.0,20.00400161743164,0.019005311653017998,-0.49502643942832947,0.34059253334999084,7.513986587524414,0.07254694402217865,-0.02295413427054882,-0.10510458052158356,5.306433200836182,47.206172943115234,-92.37761688232422
7.915410041809082,0,-0.34975993633270264,0.9369944930076599,5.0,5.0,2.01200008392334,2960.0,-0.0,1.0,20.036001205444336,0.019310783594846725,0.5907993912696838,0.26756566762924194,10.154925346374512,0.04298540577292442,-0.06023895740509033,-0.10550405830144882,7.075243949890137,47.56110382080078,-91.35498809814453
7.935508728027344,0,-0.3303445875644684,0.9413740634918213,5.0,5.0,2.004000186920166,2968.0,-0.0,1.0,20.00800132751465,0.01941535994410515,0.37770456075668335,0.7895282506942749,9.714369773864746,-0.00481906533241272,-0.016296127811074257,-0.10483825951814651,4.952671051025391,46.85123825073242,-93.74112701416016
7.955807685852051,0,-0.31121543049812317,0.9454140067100525,5.0,5.0,2.004000186920166,2952.0,-0.0,1.0,20.00800132751465,0.019129151478409767,-0.09756869077682495,0.6291085481643677,5.802044868469238,-0.032116882503032684,-0.011502368375658989,-0.10869990289211273,6.013957500457764,48.980838775634766,-91.69586181640625
7.976034879684448,0,-0.29180005192756653,0.9497157335281372,5.0,5.0,2.004000186920166,2956.0,-0.0,1.0,20.012001037597656,0.01941535994410515,0.7009382843971252,-0.12390625476837158,10.825934410095215,-0.01733611337840557,0.05108287185430527,-0.11549106985330582,5.837076663970947,46.673770904541016,-91.52542877197266
7.996318101882935,0,-0.2723076343536377,0.9542077779769897,5.0,5.0,2.008000135421753,2948.0,-0.0,1.0,20.00400161743164,0.019492415711283684,0.32263511419296265,0.2849245071411133,9.892746925354004,0.04231959953904152,0.008737965486943722,-0.124146468937397,6.544600963592529,48.44844055175781,-92.54805755615234
8.016615390777588,0,-0.25260332226753235,0.959652304649353,5.0,5.0,2.01200008392334,2960.0,-0.0,1.0,20.016000747680664,0.019704319536685944,-0.18795441091060638,1.3719475269317627,6.62269926071167,0.013290703296661377,0.014064368791878223,-0.13080447912216187,6.544600963592529,48.093505859375,-91.52542877197266
8.036840438842773,0,-0.23311090469360352,0.960612952709198,5.0,5.0,2.004000186920166,2972.0,-0.0,1.0,20.012001037597656,0.019492415711283684,0.0580623485147953,0.43576690554618835,9.434233665466309,-0.03917436674237251,0.04309326410293579,-0.12401331216096878,5.660195350646973,48.270973205566406,-93.05937194824219
8.057132482528687,0,-0.21445785462856293,0.9569908976554871,5.0,5.0,2.008000135421753,2948.0,-0.0,1.0,20.00800132751465,0.018653055652976036,0.34178972244262695,0.02873188443481922,8.929630279541016,-0.006550148129463196,-0.03027793951332569,-0.10750146210193634,6.190838813781738,49.513240814208984,-91.86630249023438
8.077363967895508,0,-0.19467923045158386,0.9571089744567871,5.0,5.0,2.008000135421753,3016.0,-0.0,1.0,20.036001205444336,0.019778624176979065,0.3950634002685547,0.47168177366256714,8.549530982971191,0.00636637955904007,-0.048254549503326416,-0.09245437383651733,4.952671051025391,46.85123825073242,-92.0367431640625
8.09755277633667,0,-0.17545101046562195,0.9633809924125671,5.0,5.0,2.004000186920166,2960.0,-0.0,1.0,20.012001037597656,0.019228223711252213,0.26876282691955566,1.1055790185928345,8.80273151397705,0.015421267598867416,0.02045605331659317,-0.08632900565862656,6.190838813781738,46.3188362121582,-92.88893127441406
8.11771845817566,0,-0.15512748062610626,0.9725923538208008,5.0,5.0,2.0160000324249268,2952.0,-0.0,1.0,20.012001037597656,0.02032352052628994,-0.2502068281173706,1.0445237159729004,10.858856201171875,0.006899021565914154,0.028046177700161934,-0.0784725621342659,6.544600963592529,47.383636474609375,-92.88893127441406
8.137960433959961,0,-0.1346718668937683,0.9800258874893188,5.0,5.0,2.0199999809265137,2964.0,-0.0,1.0,20.012001037597656,0.0204556155949831,0.18496151268482208,0.2723543345928192,8.365767478942871,0.02807147428393364,-0.09406161308288574,-0.07114876061677933,5.306433200836182,46.85123825073242,-92.37761688232422
8.158409357070923,0,-0.11473913490772247,0.9843153357505798,5.0,5.0,2.004000186920166,2956.0,-0.0,1.0,20.00400161743164,0.019932735711336136,0.2663685083389282,0.4794633090496063,7.045896053314209,0.003436857834458351,-0.0072412434965372086,-0.06116175651550293,5.483314037322998,45.608970642089844,-91.1845474243164
8.178510189056396,0,-0.09429177641868591,0.9856091141700745,5.0,5.0,2.004000186920166,3120.0,-0.0,1.0,20.00400161743164,0.02044736035168171,0.3292195200920105,0.0005985809257254004,10.403336524963379,-0.0014900639653205872,0.07332060486078262,-0.07248035818338394,5.483314037322998,47.73857116699219,-93.22981262207031
8.198782444000244,0,-0.07477183640003204,0.9896327257156372,5.0,5.0,2.004000186920166,2952.0,-0.0,1.0,20.016000747680664,0.01951993629336357,0.03771059960126877,0.468090295791626,9.673068046569824,0.03100099414587021,-0.026283135637640953,-0.07567620277404785,5.837076663970947,45.963905334472656,-92.2071762084961
8.219038248062134,0,-0.054261185228824615,0.9956150054931641,5.0,5.0,2.0160000324249268,2952.0,-0.0,1.0,20.00800132751465,0.020510656759142876,0.03830917924642563,0.7392474412918091,8.612980842590332,0.04871128872036934,-0.010303927585482597,-0.07754044234752655,4.952671051025391,47.206172943115234,-92.37761688232422
8.239797830581665,0,-0.03365420922636986,0.9999990463256836,5.0,5.0,2.004000186920166,2996.0,-0.0,1.0,20.00800132751465,0.020606976002454758,-0.10654740780591965,1.2600128650665283,9.345643997192383,0.0509750060737133,0.08091072738170624,-0.06622184067964554,5.483314037322998,47.73857116699219,-91.52542877197266
8.259593963623047,0,-0.013424255885183811,1.0040439367294312,5.0,5.0,2.008000135421753,2952.0,-0.0,1.0,20.00800132751465,0.020229952409863472,-0.1640111804008484,0.42798537015914917,9.735918998718262,0.04924392327666283,0.020855532959103584,-0.05104159191250801,5.483314037322998,46.3188362121582,-92.54805755615234
8.279656171798706,0,0.007815679535269737,1.0089055299758911,5.0,5.0,2.004000186920166,3112.0,-0.0,1.0,20.00400161743164,0.021239936351776123,-0.23943236470222473,0.3118606507778168,9.014030456542969,0.031799957156181335,-0.056244149804115295,-0.04771259054541588,6.544600963592529,45.608970642089844,-92.88893127441406
8.300011396408081,0,0.027938304468989372,1.0137509107589722,5.0,5.0,2.004000186920166,2952.0,-0.0,1.0,20.00800132751465,0.020122624933719635,-0.03950634226202965,0.6775935888290405,7.899472713470459,-0.01613767258822918,-0.027348415926098824,-0.050508949905633926,4.422027587890625,45.963905334472656,-91.86630249023438
8.32017731666565,0,0.04853702336549759,1.016438603401184,5.0,5.0,2.008000135421753,2952.0,-0.0,1.0,20.012001037597656,0.020598720759153366,0.472280353307724,0.8619565367698669,9.283989906311035,-0.059015218168497086,-0.042794980108737946,-0.04385094717144966,4.245146751403809,45.78643798828125,-92.37761688232422
8.340426206588745,0,0.06940268725156784,1.0193984508514404,5.0,5.0,2.004000186920166,2960.0,-0.0,1.0,20.00400161743164,0.02086566388607025,0.6734035611152649,0.6315028667449951,10.125595092773438,-0.014939232729375362,0.006607403978705406,-0.04678047075867653,4.5989089012146,46.1413688659668,-91.01410675048828
8.360704898834229,0,0.09011424332857132,1.0239893198013306,5.0,5.0,2.004000186920166,2956.0,-0.0,1.0,20.016000747680664,0.02071155235171318,0.1951373815536499,0.44893568754196167,8.309500694274902,0.07560962438583374,-0.0003169197589159012,-0.05690063536167145,4.245146751403809,47.206172943115234,-93.4002456665039
8.380958080291748,0,0.11133766174316406,1.026929497718811,5.0,5.0,2.004000186920166,3040.0,-0.0,1.0,20.012001037597656,0.02122342400252819,-0.017358846962451935,0.9170259833335876,6.692733287811279,0.009961701929569244,0.04855282977223396,-0.054503753781318665,5.483314037322998,45.608970642089844,-92.54805755615234
8.401134967803955,0,0.13122636079788208,1.0241005420684814,5.0,5.0,2.004000186920166,2976.0,-0.0,1.0,20.00400161743164,0.019888704642653465,-0.1101388931274414,0.5488986968994141,9.495288848876953,-0.07819026708602905,-0.022687813267111778,-0.05437059327960014,6.367719650268555,47.383636474609375,-91.86630249023438
8.421334505081177,0,0.1512664258480072,1.0203509330749512,5.0,5.0,2.01200008392334,2952.0,-0.0,1.0,20.012001037597656,0.020040063187479973,0.5818206667900085,0.4112251102924347,8.629142761230469,-0.01214287057518959,-0.06862803548574448,-0.04198670759797096,5.306433200836182,46.85123825073242,-92.0367431640625
8.441656351089478,0,0.17216786742210388,1.0231226682662964,5.0,5.0,2.004000186920166,2984.0,-0.0,1.0,20.016000747680664,0.02090143971145153,1.0062144994735718,0.1759827882051468,10.704422950744629,0.006499540060758591,0.00807216577231884,-0.04611466825008392,5.306433200836182,46.85123825073242,-92.71849060058594
8.46187162399292,0,0.1934243142604828,1.031739592552185,5.0,5.0,2.01200008392334,2972.0,-0.0,1.0,20.012001037597656,0.021256448701024055,-0.023943237960338593,0.8948785066604614,11.053994178771973,-0.0028216652572155,0.010469046421349049,-0.07873888313770294,5.129551887512207,47.02870559692383,-92.54805755615234
8.482100486755371,0,0.21519814431667328,1.0404348373413086,5.0,5.0,2.008000135421753,2992.0,-0.0,1.0,20.012001037597656,0.021773824468255043,-0.22626358270645142,0.5243569016456604,7.926408767700195,0.05164080485701561,-0.11869622766971588,-0.07208088040351868,6.190838813781738,47.383636474609375,-91.86630249023438
8.502363204956055,0,0.23644083738327026,1.045608401298523,5.0,5.0,2.008000135421753,2984.0,-0.0,1.0,20.00800132751465,0.021242687478661537,-0.09697011113166809,1.0942059755325317,7.7043352127075195,0.01369018480181694,0.0052758026868104935,-0.06715396046638489,5.129551887512207,47.73857116699219,-91.86630249023438
8.522628784179688,0,0.2576119601726532,1.0475215911865234,5.0,5.0,2.008000135421753,2976.0,-0.0,1.0,20.016000747680664,0.02117113582789898,-0.05985809117555618,0.4555200934410095,9.889155387878418,0.0022384189069271088,0.04509066790342331,-0.08739428967237473,4.952671051025391,46.85123825073242,-92.71849060058594
8.542885541915894,0,0.27874183654785156,1.0493278503417969,5.0,5.0,2.004000186920166,2968.0,-0.0,1.0,20.00800132751465,0.021129855886101723,-0.10535024106502533,0.2472139149904251,8.838645935058594,0.023410871624946594,-0.049053505063056946,-0.10230822116136551,4.068265438079834,47.73857116699219,-90.84367370605469
8.563151121139526,0,0.299987256526947,1.0514342784881592,5.0,5.0,2.0240001678466797,2980.0,-0.0,1.0,20.020000457763672,0.0212454404681921,0.2400309443473816,0.4860477149486542,9.048149108886719,0.02287822961807251,0.011401167139410973,-0.1072351410984993,5.660195350646973,46.85123825073242,-92.71849060058594
8.583398580551147,0,0.32154643535614014,1.0543441772460938,5.0,5.0,2.004000186920166,3004.0,-0.0,1.0,20.012001037597656,0.02155916765332222,0.18675725162029266,0.5333356261253357,10.12858772277832,0.03020203486084938,0.05374607443809509,-0.08699481189250946,6.013957500457764,44.72163772583008,-92.37761688232422
8.603657007217407,0,0.34274783730506897,1.0570532083511353,5.0,5.0,2.008000135421753,2972.0,-0.0,1.0,20.012001037597656,0.02120140753686428,-0.21967920660972595,0.6925581097602844,11.210822105407715,0.021147150546312332,-0.061304233968257904,-0.07820624113082886,4.952671051025391,45.78643798828125,-91.69586181640625
8.623909950256348,0,0.36446112394332886,1.0615010261535645,5.0,5.0,2.004000186920166,2984.0,-0.0,1.0,20.012001037597656,0.02171327918767929,0.20651042461395264,0.8242459297180176,10.487137794494629,0.006765861064195633,-0.11350297927856445,-0.07740728557109833,3.360740900039673,47.02870559692383,-92.54805755615234
8.644152879714966,0,0.3863450288772583,1.0677825212478638,5.0,5.0,2.008000135421753,2972.0,-0.0,1.0,20.00800132751465,0.021883904933929443,0.20531325042247772,1.1792044639587402,9.49349308013916,-0.037310123443603516,-0.05291514843702316,-0.06315916031599045,4.068265438079834,46.3188362121582,-91.52542877197266
8.664330005645752,0,0.40803903341293335,1.0704623460769653,5.0,5.0,2.0199999809265137,2976.0,-0.0,1.0,20.00400161743164,0.021694015711545944,0.29150891304016113,1.227689504623413,9.115190505981445,-0.06620585918426514,-0.03919965773820877,-0.06129491701722145,6.190838813781738,45.963905334472656,-91.52542877197266
8.684544563293457,0,0.4295101463794708,1.0694977045059204,5.0,5.0,2.004000186920166,2988.0,-0.0,1.0,20.00400161743164,0.02147110365331173,0.14365942776203156,0.9948415160179138,10.478158950805664,0.006499540060758591,0.009536925703287125,-0.07048296183347702,4.952671051025391,45.78643798828125,-91.35498809814453
8.704834699630737,0,0.4508601725101471,1.0709903240203857,5.0,5.0,2.004000186920166,2968.0,-0.0,1.0,20.012001037597656,0.021350016817450523,-0.19932745397090912,1.501839518547058,8.59322738647461,-0.011610230430960655,0.03390521928668022,-0.06515655666589737,5.660195350646973,46.1413688659668,-92.0367431640625
8.725074052810669,0,0.47238630056381226,1.0716217756271362,5.0,5.0,2.004000186920166,2972.0,-0.0,1.0,20.012001037597656,0.021526144817471504,-0.5644618272781372,1.5850422382354736,9.188217163085938,-0.12719318270683289,0.05041707307100296,-0.06395811587572098,5.837076663970947,46.673770904541016,-92.54805755615234
8.745361089706421,0,0.49348312616348267,1.0682693719863892,5.0,5.0,2.008000135421753,2972.0,-0.0,1.0,20.016000747680664,0.021096831187605858,-0.5722433924674988,1.1151562929153442,9.701201438903809,-0.1222662627696991,-0.01989145018160343,-0.050375793129205704,5.129551887512207,45.25403594970703,-91.86630249023438
8.765648126602173,0,0.5147478580474854,1.0672001838684082,5.0,5.0,2.0199999809265137,2972.0,-0.0,1.0,20.00400161743164,0.021264703944325447,-0.026936141774058342,0.6213269829750061,9.204379081726074,-0.032250043004751205,-0.014298727735877037,-0.039057184010744095,5.306433200836182,46.49630355834961,-91.69586181640625
8.785663366317749,0,0.5369454622268677,1.073532223701477,5.0,5.0,2.008000135421753,2988.0,-0.0,1.0,20.00400161743164,0.022197632119059563,0.0580623485147953,0.4974207580089569,9.228920936584473,-0.022795677185058594,0.024051373824477196,-0.053704794496297836,3.360740900039673,47.383636474609375,-91.52542877197266
8.805928707122803,0,0.559319257736206,1.0829558372497559,5.0,5.0,2.004000186920166,2980.0,-0.0,1.0,20.016000747680664,0.022373760119080544,-0.41361942887306213,0.7566062808036804,9.275609970092773,-0.03904120624065399,-0.005909644067287445,-0.06835240125656128,6.013957500457764,45.076568603515625,-91.35498809814453
8.82620644569397,0,0.5816049575805664,1.08889639377594,5.0,5.0,2.004000186920166,2968.0,-0.0,1.0,20.012001037597656,0.022285696119070053,0.30288195610046387,0.3184450566768646,8.541749954223633,-0.03824224695563316,-0.052249349653720856,-0.04904419183731079,3.360740900039673,46.673770904541016,-92.2071762084961
8.846481323242188,0,0.6037777662277222,1.0918720960617065,5.0,5.0,2.008000135421753,2984.0,-0.0,1.0,20.012001037597656,0.02217286452651024,0.476470410823822,0.5447086691856384,8.128728866577148,-0.036244846880435944,0.04429170489311218,-0.054636914283037186,4.422027587890625,47.02870559692383,-90.84367370605469
8.866715431213379,0,0.6259369254112244,1.094914436340332,5.0,5.0,2.008000135421753,2972.0,-0.0,1.0,20.00800132751465,0.02215910330414772,0.002992904745042324,0.4471399486064911,8.84343433380127,-0.034380603581666946,0.06306727975606918,-0.08366581052541733,4.5989089012146,47.206172943115234,-91.01410675048828
8.886960506439209,0,0.6483519077301025,1.097673773765564,5.0,5.0,2.004000186920166,3000.0,-0.0,1.0,20.016000747680664,0.0224150400608778,0.20052461326122284,0.21728487312793732,9.715566635131836,-0.028255240991711617,-0.004844361916184425,-0.10084345936775208,3.8913843631744385,47.206172943115234,-92.0367431640625
8.907235145568848,0,0.6705000400543213,1.1006991863250732,5.0,5.0,2.004000186920166,2976.0,-0.0,1.0,20.016000747680664,0.022148095071315765,0.31245923042297363,0.5273497700691223,7.689370632171631,0.019016586244106293,0.044691186398267746,-0.09671549499034882,4.5989089012146,46.85123825073242,-92.0367431640625
8.927482843399048,0,0.6934021711349487,1.104151964187622,5.0,5.0,2.008000135421753,3052.0,-0.0,1.0,20.00800132751465,0.022902144119143486,-0.3549584746360779,0.33580389618873596,9.550957679748535,0.006100058555603027,-0.011236047372221947,-0.10577037930488586,5.306433200836182,47.206172943115234,-92.37761688232422
8.94773530960083,0,0.7154649496078491,1.1085753440856934,5.0,5.0,2.004000186920166,2972.0,-0.0,1.0,20.012001037597656,0.02206278406083584,-0.08320274949073792,-0.33161383867263794,9.367193222045898,0.012758065015077591,-0.13054747879505157,-0.10989834368228912,5.483314037322998,45.608970642089844,-92.2071762084961
8.967998743057251,0,0.7385625243186951,1.1165690422058105,5.0,5.0,2.0360000133514404,2976.0,-0.0,1.0,20.00800132751465,0.023097535595297813,-0.008978714235126972,0.4172109067440033,7.472085475921631,0.00010785646736621857,-0.09659165889024734,-0.11216206103563309,5.129551887512207,45.25403594970703,-91.52542877197266
8.988260746002197,0,0.7618361711502075,1.1228829622268677,5.0,5.0,2.004000186920166,2996.0,-0.0,1.0,20.00400161743164,0.023273663595318794,0.08320274949073792,0.6285099983215332,8.101194381713867,-0.06567321717739105,-0.04013178497552872,-0.11336050182580948,4.5989089012146,46.1413688659668,-92.0367431640625
9.008508443832397,0,0.7840558290481567,1.1229850053787231,5.0,5.0,2.004000186920166,2976.0,-0.0,1.0,20.012001037597656,0.022219648584723473,0.4770689904689789,0.6321014761924744,9.282194137573242,-0.03877488523721695,-0.006042802706360817,-0.13147027790546417,4.422027587890625,45.963905334472656,-91.52542877197266
9.028797626495361,0,0.8069882392883301,1.1200741529464722,5.0,5.0,2.004000186920166,3136.0,-0.0,1.0,20.07200050354004,0.022932415828108788,0.21967920660972595,0.6183341145515442,10.002885818481445,0.013290703296661377,0.05973827838897705,-0.13559824228286743,4.5989089012146,45.43150329589844,-92.37761688232422
9.049052715301514,0,0.8285914063453674,1.1192090511322021,5.0,5.0,2.004000186920166,2976.0,-0.0,1.0,20.012001037597656,0.02160320058465004,-0.04429498687386513,1.355785846710205,8.97572135925293,-0.057816777378320694,0.02551613561809063,-0.1422562450170517,4.5989089012146,47.206172943115234,-92.37761688232422
9.06929636001587,0,0.8511330485343933,1.1198912858963013,5.0,5.0,2.0280001163482666,2980.0,-0.0,1.0,20.00800132751465,0.022541632875800133,0.06464674323797226,0.942764937877655,9.226526260375977,-0.07179858535528183,-0.04718926548957825,-0.1141594648361206,4.422027587890625,46.3188362121582,-91.52542877197266
9.089477062225342,0,0.8741480112075806,1.1243342161178589,5.0,5.0,2.004000186920166,2996.0,-0.0,1.0,20.012001037597656,0.0230149757117033,0.9254060983657837,0.13288496434688568,10.5655517578125,0.026606712490320206,0.0052758026868104935,-0.10244137793779373,4.952671051025391,47.206172943115234,-92.37761688232422
9.109847068786621,0,0.8976693749427795,1.135454773902893,5.0,5.0,2.004000186920166,2972.0,-0.0,1.0,20.02400016784668,0.023521343246102333,0.8631536960601807,0.017358846962451935,9.29296875,0.09238779544830322,0.0011478401720523834,-0.10776778310537338,5.306433200836182,46.49630355834961,-90.67323303222656
9.12988829612732,0,0.9222254753112793,1.1461541652679443,5.0,5.0,2.004000186920166,3088.0,-0.0,1.0,20.012001037597656,0.024556096643209457,0.3411911129951477,0.7051283121109009,9.7275390625,0.025408271700143814,0.016727570444345474,-0.10856674611568451,5.483314037322998,45.25403594970703,-91.1845474243164
9.150187253952026,0,0.9449955224990845,1.149799108505249,5.0,5.0,2.01200008392334,2972.0,-0.0,1.0,20.00800132751465,0.022770047187805176,0.6356929540634155,0.2160877138376236,9.77961540222168,0.0005073361098766327,-0.030677417293190956,-0.08992432802915573,5.306433200836182,46.49630355834961,-89.9914779663086
9.170420169830322,0,0.9683187007904053,1.1524392366409302,5.0,5.0,2.0320000648498535,2976.0,-0.0,1.0,20.00400161743164,0.02332320064306259,0.5147795677185059,0.34358546137809753,7.974295139312744,0.0653562992811203,0.06759472191333771,-0.09698181599378586,5.660195350646973,46.1413688659668,-90.67323303222656
9.190691232681274,0,0.9919198751449585,1.1557347774505615,5.0,5.0,2.008000135421753,2992.0,-0.0,1.0,20.00800132751465,0.023601152002811432,0.04130208492279053,0.7057269215583801,8.630938529968262,0.005034778267145157,0.08264181017875671,-0.10497142374515533,3.360740900039673,46.3188362121582,-92.2071762084961
9.21095871925354,0,1.0151770114898682,1.1588021516799927,5.0,5.0,2.0160000324249268,2980.0,-0.0,1.0,20.012001037597656,0.023257151246070862,-0.3262265920639038,0.5129838585853577,10.176474571228027,0.04058852419257164,0.049618110060691833,-0.11029782146215439,4.245146751403809,46.1413688659668,-89.9914779663086
9.231206178665161,0,1.0393781661987305,1.1642447710037231,5.0,5.0,2.0160000324249268,3044.0,-0.0,1.0,20.00800132751465,0.024201087653636932,-0.04190066456794739,0.8410062193870544,8.061687469482422,0.10304059088230133,0.03497049957513809,-0.10670249909162521,4.422027587890625,45.608970642089844,-91.52542877197266
9.251463890075684,0,1.063031554222107,1.1711406707763672,5.0,5.0,2.004000186920166,2972.0,-0.0,1.0,20.016000747680664,0.023653440177440643,-0.2723543345928192,0.8763224482536316,11.311982154846191,0.009295903146266937,-0.038001224398612976,-0.1172221451997757,4.245146751403809,46.1413688659668,-92.37761688232422
9.27173399925232,0,1.0872904062271118,1.17801833152771,5.0,5.0,2.0240001678466797,2976.0,-0.0,1.0,20.00800132751465,0.02425887994468212,0.18795441091060638,0.5357299447059631,11.461029052734375,0.026473551988601685,-0.11456826329231262,-0.12454595416784286,3.360740900039673,45.608970642089844,-91.1845474243164
9.291837453842163,0,1.1118354797363281,1.1850556135177612,5.0,5.0,2.008000135421753,3004.0,-0.0,1.0,20.00400161743164,0.024545088410377502,0.6859737634658813,0.7260786890983582,6.614917755126953,0.04205327853560448,-0.037734903395175934,-0.10963202267885208,3.360740900039673,46.3188362121582,-90.84367370605469
9.312068939208984,0,1.1357008218765259,1.1883162260055542,5.0,5.0,2.0199999809265137,2976.0,-0.0,1.0,20.00400161743164,0.023865344002842903,0.8380132913589478,0.4381612241268158,8.416646003723145,0.016886025667190552,0.07012476027011871,-0.11056414246559143,3.714503288269043,45.25403594970703,-92.54805755615234
9.332352876663208,0,1.1553391218185425,1.1476013660430908,-0.0,-11.47601318359375,2.004000186920166,2984.0,-0.0,2.0,20.00800132751465,0.019638272002339363,0.023344656452536583,0.17358846962451935,8.128728866577148,0.04445016011595726,0.04602278769016266,-0.11322734504938126,3.714503288269043,45.608970642089844,-91.86630249023438
9.352588415145874,0,1.1601221561431885,0.9842785000801086,-0.0,-9.842784881591797,2.01200008392334,2972.0,-0.0,2.0,20.00800132751465,0.004782976116985083,-0.2442210167646408,0.41062650084495544,7.472085475921631,-0.07925555109977722,-0.041996024549007416,-0.12814128398895264,3.714503288269043,44.54417037963867,-91.1845474243164
9.372841358184814,0,1.161792516708374,0.8231573700904846,-0.0,-8.231574058532715,2.01200008392334,2976.0,-0.0,2.0,20.00400161743164,0.0016704639419913292,1.1253321170806885,-3.1509299278259277,12.96346664428711,-0.14876511693000793,-0.015364008024334908,-0.08859273046255112,3.5376219749450684,45.076568603515625,-92.37761688232422
9.393173217773438,0,1.161591649055481,0.6724982857704163,-0.0,-6.724982738494873,2.0160000324249268,2976.0,-0.0,2.0,20.00800132751465,-0.00020089600002393126,0.5105895400047302,-3.897360324859619,13.639863967895508,0.12234880030155182,0.06959211826324463,-0.11855375021696091,4.068265438079834,44.54417037963867,-92.2071762084961
9.413418531417847,0,1.1552621126174927,0.49521318078041077,-0.0,-4.952131748199463,2.004000186920166,2972.0,-0.0,2.0,20.016000747680664,-0.006329599767923355,-0.21967920660972595,-2.15908145904541,8.371752738952637,0.21129973232746124,0.048685990273952484,-0.17408150434494019,2.653216600418091,44.89910125732422,-89.821044921875
9.433507442474365,0,1.1564537286758423,0.41755950450897217,-0.0,-4.175595283508301,2.0160000324249268,2988.0,-0.0,2.0,20.012001037597656,0.0011916160583496094,-0.6297071576118469,-2.339852809906006,10.95163631439209,-0.10442280769348145,0.04948494955897331,-0.16555926203727722,2.653216600418091,44.54417037963867,-92.2071762084961
9.45381498336792,0,1.160386323928833,0.3782263696193695,-0.0,-3.78226375579834,2.0160000324249268,2968.0,-0.0,2.0,20.00400161743164,0.00393260782584548,0.0790126845240593,-2.9970946311950684,9.975351333618164,0.04484964534640312,-0.01363292895257473,-0.17807631194591522,3.1838598251342773,45.43150329589844,-91.35498809814453
9.474042177200317,0,1.1666828393936157,0.3678226172924042,-0.0,-3.6782262325286865,2.0160000324249268,2972.0,-0.0,2.0,20.00400161743164,0.006296576000750065,0.2322493940591812,-1.992077350616455,6.407808780670166,0.10676907002925873,0.060137756168842316,-0.17647838592529297,3.5376219749450684,44.72163772583008,-93.05937194824219
9.494319677352905,0,1.179146647453308,0.4141574800014496,-0.0,-4.141574859619141,2.004000186920166,2976.0,-0.0,2.0,20.00800132751465,0.012463808059692383,0.4812590777873993,-2.468547821044922,10.085490226745605,-0.07885606586933136,0.04096270352602005,-0.17195095121860504,3.1838598251342773,45.43150329589844,-91.35498809814453
9.514574766159058,0,1.1914894580841064,0.45027437806129456,-0.0,-4.502743721008301,2.008000135421753,2976.0,-0.0,2.0,20.02400016784668,0.012342720292508602,-0.005985809490084648,-1.2193093299865723,8.964946746826172,-0.009346509352326393,-0.0344059020280838,-0.17554627358913422,3.360740900039673,44.54417037963867,-91.86630249023438
9.534843683242798,0,1.2020186185836792,0.46247929334640503,-2.3157637119293213,-27.78243064880371,2.008000135421753,2984.0,-0.0,2.0,20.00800132751465,0.010529152117669582,0.9708982706069946,-2.3063323497772217,7.594196319580078,0.06642158329486847,0.0012810006737709045,-0.13333451747894287,3.714503288269043,44.54417037963867,-90.16191864013672
9.55507493019104,0,1.2073657512664795,0.4274757504463196,-2.3157637119293213,-27.43239402770996,2.004000186920166,2980.0,-0.0,2.0,20.00800132751465,0.005347135942429304,0.21967920660972595,-2.1536941528320312,10.24531078338623,0.0014394577592611313,0.02564929611980915,-0.1422562450170517,2.2994544506073,44.89910125732422,-91.1845474243164
9.575362205505371,0,1.2077399492263794,0.3533523380756378,-4.0,-43.53352355957031,2.01200008392334,2972.0,-0.0,2.0,20.00400161743164,0.0003742720000445843,0.18855299055576324,-2.293163537979126,8.611185073852539,0.019549228250980377,-0.019092490896582603,-0.14904741942882538,3.006978750228882,43.4793701171875,-92.2071762084961
9.595443964004517,0,1.2058438062667847,0.2727939784526825,-4.0,-42.727935791015625,2.004000186920166,2980.0,-0.0,2.0,20.00800132751465,-0.0018961280584335327,0.010774456895887852,-1.9334163665771484,9.133746147155762,0.034596316516399384,0.008471645414829254,-0.13879409432411194,3.006978750228882,44.18923568725586,-90.50279235839844
9.615697145462036,0,1.2040165662765503,0.207673117518425,-4.0,-42.07672882080078,2.01200008392334,2968.0,-0.0,2.0,20.00800132751465,-0.0018273280002176762,-0.10535024106502533,-1.806517243385315,9.764052391052246,-0.005218546837568283,-0.024685213342308998,-0.13213607668876648,2.8300976753234863,44.01176834106445,-91.01410675048828
9.635992527008057,0,1.2012947797775269,0.14561480283737183,-4.0,-41.456146240234375,2.004000186920166,2996.0,-0.0,2.0,20.016000747680664,-0.0027217280585318804,0.010175875388085842,-2.0064432621002197,9.627575874328613,0.04045535996556282,-0.012035006657242775,-0.12174958735704422,2.8300976753234863,44.01176834106445,-92.0367431640625
9.656220436096191,0,1.1995224952697754,0.10379676520824432,-4.0,-41.03797149658203,2.004000186920166,2980.0,-0.0,2.0,20.012001037597656,-0.0017722880002111197,0.12031476944684982,-1.9411979913711548,8.4765043258667,0.02700619399547577,-0.0228209737688303,-0.11802110821008682,2.4763355255126953,43.65683364868164,-91.35498809814453
9.676500082015991,0,1.196872353553772,0.06134761869907379,-4.0,-40.61347579956055,2.004000186920166,2976.0,-0.0,2.0,20.00400161743164,-0.002650175942108035,0.08739281445741653,-1.9669369459152222,9.260645866394043,0.013823345303535461,-0.0011158809065818787,-0.1134936660528183,2.653216600418091,43.83430099487305,-91.52542877197266
9.69677734375,0,1.1941120624542236,0.025475604459643364,-4.0,-40.25475311279297,2.0160000324249268,2976.0,-0.0,2.0,20.00400161743164,-0.002760255942121148,0.1682012379169464,-2.201580762863159,8.841638565063477,-0.003087984398007393,-0.03906650096178055,-0.09991133958101273,1.9456921815872192,43.12443542480469,-90.50279235839844
9.717087030410767,0,1.1922544240951538,0.004372520372271538,-4.0,-40.043724060058594,2.01200008392334,2976.0,-0.0,2.0,20.00400161743164,-0.0018575999420136213,0.19992603361606598,-1.9663383960723877,9.069698333740234,-0.0038869455456733704,0.002479441463947296,-0.0935196503996849,3.5376219749450684,44.72163772583008,-91.01410675048828
9.73711609840393,0,1.1899840831756592,-0.016795596107840538,-4.0,-39.8320426940918,2.01200008392334,2996.0,-0.0,2.0,20.012001037597656,-0.002270400058478117,0.37770456075668335,-1.9801057577133179,8.778787612915039,0.0006404966115951538,0.001946801319718361,-0.08140208572149277,1.7688109874725342,42.94696807861328,-92.37761688232422
9.757373094558716,0,1.1886658668518066,-0.02572549134492874,-4.0,-39.74274444580078,2.01200008392334,2976.0,-0.0,2.0,20.012001037597656,-0.0013182079419493675,-0.10235733538866043,-1.806517243385315,9.597047805786133,-0.00029162317514419556,0.01619493030011654,-0.08499740809202194,3.006978750228882,44.18923568725586,-91.1845474243164
9.777654886245728,0,1.1861753463745117,-0.043251730501651764,-4.0,-39.567481994628906,2.004000186920166,3068.0,-0.0,2.0,20.00800132751465,-0.002490560058504343,0.12450483441352844,-1.828664779663086,8.816498756408691,0.0062332190573215485,-0.007773885503411293,-0.05610167607665062,2.2994544506073,44.89910125732422,-91.86630249023438
9.79790997505188,0,1.1849286556243896,-0.04692184180021286,-4.0,-39.530784606933594,2.004000186920166,2976.0,-0.0,2.0,20.012001037597656,-0.0012466560583561659,0.14725090563297272,-1.8645795583724976,9.36180591583252,-0.008680708706378937,0.017926011234521866,-0.04611466825008392,2.8300976753234863,45.076568603515625,-90.67323303222656
9.818207025527954,0,1.1823389530181885,-0.06176479533314705,-4.0,-39.382354736328125,2.008000135421753,2976.0,-0.0,2.0,20.012001037597656,-0.0025896320585161448,-0.013767361640930176,-1.4719104766845703,8.690796852111816,0.00543425977230072,-0.0029801223427057266,-0.03666030243039131,2.1225733757019043,43.301902770996094,-91.35498809814453
9.838441133499146,0,1.180184245109558,-0.07012710720300674,-4.0,-39.298728942871094,2.0160000324249268,2980.0,-0.0,2.0,20.012001037597656,-0.0021548159420490265,-0.02873188443481922,-1.7364832162857056,9.318109512329102,-0.008547548204660416,0.00807216577231884,-0.017352091148495674,3.006978750228882,44.54417037963867,-91.52542877197266
9.858736753463745,0,1.1767936944961548,-0.08808068186044693,-4.0,-39.11919403076172,2.004000186920166,2968.0,-0.0,2.0,20.012001037597656,-0.003390464000403881,0.11971618235111237,-1.651484727859497,9.058923721313477,0.011293303221464157,0.008471645414829254,-0.00323712220415473,2.1225733757019043,43.301902770996094,-92.0367431640625
9.878995180130005,0,1.172803282737732,-0.10743323713541031,-4.0,-38.92566680908203,2.0160000324249268,3124.0,-0.0,2.0,20.18400001525879,-0.003990400116890669,0.02753472328186035,-1.5138111114501953,9.078078269958496,-0.005618026480078697,0.008471645414829254,-0.0003076009452342987,1.5919299125671387,43.83430099487305,-91.86630249023438
9.899217367172241,0,1.168700098991394,-0.12556104362010956,-4.0,-38.744388580322266,2.0160000324249268,2964.0,-0.0,2.0,20.012001037597656,-0.004103232175111771,0.025140399113297462,-1.4749033451080322,9.19120979309082,-0.017868753522634506,-0.001781681552529335,0.0062172431498765945,2.2994544506073,44.54417037963867,-91.1845474243164
9.919517040252686,0,1.1633089780807495,-0.15158730745315552,-4.0,-38.484127044677734,2.01200008392334,2964.0,-0.0,2.0,20.00800132751465,-0.005391167942434549,0.012570199556648731,-1.419235348701477,8.613579750061035,0.006765861064195633,0.005142644047737122,0.020864851772785187,2.2994544506073,43.12443542480469,-91.1845474243164
9.939779996871948,0,1.1577141284942627,-0.17421138286590576,-4.0,-38.25788497924805,2.01200008392334,2976.0,-0.0,2.0,20.00800132751465,-0.00559481605887413,0.17059555649757385,-1.6251472234725952,9.388741493225098,-0.016004513949155807,-0.0033796019852161407,0.018467970192432404,2.2994544506073,42.769500732421875,-91.86630249023438
9.960339069366455,0,1.1517202854156494,-0.19717346131801605,-4.0,-38.02826690673828,2.0160000324249268,2976.0,-0.0,2.0,20.02400016784668,-0.005993856117129326,0.18436291813850403,-1.7298989295959473,8.724316596984863,0.00849694013595581,-0.011901846155524254,0.008614125661551952,2.8300976753234863,43.65683364868164,-91.35498809814453
9.980288743972778,0,1.144325613975525,-0.22692671418190002,-4.0,-37.73073196411133,2.0160000324249268,3108.0,-0.0,2.0,20.088001251220703,-0.007394623942673206,-0.03651343658566475,-1.1169520616531372,8.914067268371582,0.0005073361098766327,-0.011901846155524254,0.013008407317101955,1.9456921815872192,42.769500732421875,-91.1845474243164
10.0005202293396,0,1.1369584798812866,-0.25347208976745605,-4.0,-37.46527862548828,2.004000186920166,2968.0,-0.0,2.0,20.00800132751465,-0.007367103826254606,0.06285099685192108,-1.3581801652908325,9.874789237976074,-0.019866155460476875,0.024317694827914238,0.006883043795824051,1.5919299125671387,43.12443542480469,-90.84367370605469
10.020811557769775,0,1.1283998489379883,-0.2849404215812683,-4.0,-37.150596618652344,2.004000186920166,2968.0,-0.0,2.0,20.012001037597656,-0.008558720350265503,0.4231967031955719,-1.529972791671753,8.845829010009766,0.0025047380477190018,0.011800647713243961,0.019000612199306488,3.1838598251342773,43.301902770996094,-91.35498809814453
10.04104495048523,0,1.1189218759536743,-0.31857356429100037,-4.0,-36.814266204833984,2.004000186920166,2976.0,-0.0,2.0,20.012001037597656,-0.009477888233959675,-0.18496151268482208,-1.2737802267074585,8.793752670288086,-0.008680708706378937,0.026980895549058914,0.0038203615695238113,2.653216600418091,45.25403594970703,-90.50279235839844
10.061298847198486,0,1.108632206916809,-0.35405662655830383,-4.0,-36.459434509277344,2.0280001163482666,2972.0,-0.0,2.0,20.00400161743164,-0.010289727710187435,0.25738978385925293,-1.4186367988586426,8.700972557067871,-0.020665116608142853,0.011401167139410973,0.019000612199306488,1.5919299125671387,44.18923568725586,-90.50279235839844
10.08155107498169,0,1.0974948406219482,-0.3899298310279846,-4.0,-36.10070037841797,2.004000186920166,2996.0,-0.0,2.0,20.016000747680664,-0.011137343943119049,-0.011373037472367287,-1.1642398834228516,9.39353084564209,-0.02758944034576416,0.03270677849650383,0.02512597292661667,2.4763355255126953,43.301902770996094,-91.01410675048828
10.101791620254517,0,1.0856859683990479,-0.42670944333076477,-4.0,-35.732906341552734,2.004000186920166,2968.0,-0.0,2.0,20.00800132751465,-0.011808832176029682,-0.5650603771209717,-0.41780948638916016,10.279430389404297,-0.029187360778450966,-0.0015153605490922928,0.02832181751728058,2.2994544506073,44.18923568725586,-91.86630249023438
10.12205457687378,0,1.072630524635315,-0.46725502610206604,-4.0,-35.327449798583984,2.004000186920166,2976.0,-0.0,2.0,20.012001037597656,-0.013055488467216492,-0.5441100597381592,-0.24781250953674316,9.263638496398926,-0.0008242633193731308,0.003811042755842209,0.03750986233353615,3.1838598251342773,44.01176834106445,-91.01410675048828
10.142331838607788,0,1.0590384006500244,-0.5054415464401245,-4.0,-34.94558334350586,2.004000186920166,2980.0,-0.0,2.0,20.012001037597656,-0.013592127710580826,-0.35974714159965515,-1.0744527578353882,8.899102210998535,-0.0012237448245286942,-0.02202201448380947,0.05202430859208107,1.0612866878509521,43.301902770996094,-93.05937194824219
10.162570476531982,0,1.0450279712677002,-0.5403373837471008,-4.0,-34.59662628173828,2.008000135421753,2972.0,-0.0,2.0,20.02800178527832,-0.014010432176291943,0.5189696550369263,-1.8137001991271973,9.467155456542969,-0.010544950142502785,0.009403766132891178,0.055619630962610245,2.4763355255126953,44.01176834106445,-91.69586181640625
10.182865858078003,0,1.029812216758728,-0.5791507363319397,-4.0,-34.208492279052734,2.0160000324249268,2996.0,-0.0,2.0,20.00400161743164,-0.015215807594358921,-0.01436594221740961,-1.9615496397018433,7.378108501434326,-0.006816467270255089,0.010202726349234581,0.047230545431375504,3.5376219749450684,44.366703033447266,-90.33235931396484
10.203126430511475,0,1.0135809183120728,-0.6218968033790588,-4.0,-33.78103256225586,2.004000186920166,2968.0,-0.0,2.0,20.00400161743164,-0.016231296584010124,-0.38788044452667236,-1.0181862115859985,9.134943962097168,0.00849694013595581,-0.033606939017772675,0.06960144639015198,2.8300976753234863,44.366703033447266,-91.35498809814453
10.223406076431274,0,0.9961662292480469,-0.6631977558135986,-4.0,-33.36802291870117,2.004000186920166,2976.0,-0.0,2.0,20.084001541137695,-0.017414655536413193,0.12151192873716354,-1.892114281654358,9.27501106262207,-0.012808671221137047,-0.01882616989314556,0.08917597681283951,2.1225733757019043,42.23710250854492,-92.0367431640625
10.2436203956604,0,0.9792084097862244,-0.6993495225906372,-4.0,-33.006507873535156,2.008000135421753,2968.0,-0.0,2.0,20.012001037597656,-0.016957823187112808,-0.07781551778316498,-1.0511081218719482,10.123200416564941,-0.01840139552950859,-0.04639030247926712,0.05894863232970238,2.2994544506073,43.12443542480469,-90.16191864013672
10.263892650604248,0,0.9617992043495178,-0.7297887206077576,-4.0,-32.702110290527344,2.0360000133514404,2972.0,-0.0,2.0,20.00400161743164,-0.017409151419997215,0.1861586719751358,-1.612576961517334,8.128728866577148,-0.06380897760391235,-0.08087876439094543,0.05109218880534172,2.1225733757019043,42.94696807861328,-91.69586181640625
10.284003019332886,0,0.9431819319725037,-0.7651394605636597,-4.0,-32.348602294921875,2.0160000324249268,2996.0,-0.0,2.0,20.012001037597656,-0.018617279827594757,0.007781552150845528,-1.1103676557540894,8.55372142791748,-0.08325035870075226,0.03483734279870987,0.03271609917283058,2.653216600418091,44.89910125732422,-90.84367370605469
10.304237842559814,0,0.9228281378746033,-0.8119527697563171,-4.0,-31.88047218322754,2.004000186920166,2972.0,-0.0,2.0,20.00400161743164,-0.02035379223525524,0.2831287682056427,-1.4294112920761108,11.314376831054688,0.059097770601511,0.03057621791958809,0.035112980753183365,2.653216600418091,44.18923568725586,-93.57068634033203
10.324495792388916,0,0.9018606543540955,-0.8541440367698669,-4.0,-31.458559036254883,2.004000186920166,2968.0,-0.0,2.0,20.00800132751465,-0.02096748724579811,0.5518916249275208,-1.5006424188613892,7.886902332305908,0.05883144959807396,-0.005377002060413361,0.05708439275622368,2.8300976753234863,43.301902770996094,-91.35498809814453
10.344774723052979,0,0.8814353346824646,-0.8839188814163208,-4.0,-31.160812377929688,2.0160000324249268,2968.0,-0.0,2.0,20.00400161743164,-0.0204253438860178,0.4124222695827484,-1.8633824586868286,10.841497421264648,-0.06261053681373596,0.027913017198443413,0.07466153055429459,3.1838598251342773,45.076568603515625,-91.69586181640625
10.365009069442749,0,0.8594275712966919,-0.9231454133987427,-4.0,-30.76854705810547,2.01200008392334,2976.0,-0.0,2.0,20.020000457763672,-0.022007744759321213,0.03950634226202965,-1.424023985862732,8.902693748474121,-0.0162708330899477,-0.048787184059619904,0.08677909523248672,1.9456921815872192,44.54417037963867,-91.86630249023438
10.385306358337402,0,0.8354796767234802,-0.9709734916687012,-4.0,-30.290264129638672,2.008000135421753,2984.0,-0.0,2.0,20.012001037597656,-0.023947903886437416,0.6344957947731018,-1.1989575624465942,7.541521072387695,0.04391752555966377,0.016594409942626953,0.06773719936609268,2.1225733757019043,44.01176834106445,-92.0367431640625
10.405573844909668,0,0.8122500777244568,-1.006304383277893,-4.0,-29.93695831298828,2.008000135421753,2976.0,-0.0,2.0,20.00800132751465,-0.023229632526636124,0.16161684691905975,-1.4892693758010864,10.70023250579834,-0.022928837686777115,0.06812736392021179,0.055752795189619064,2.8300976753234863,45.43150329589844,-91.35498809814453
10.425824165344238,0,0.7883076667785645,-1.0388849973678589,-4.0,-29.611148834228516,2.008000135421753,2980.0,-0.0,2.0,20.00400161743164,-0.02394239977002144,-0.45791441202163696,-0.3274237811565399,9.116387367248535,-0.066605344414711,-0.04399342089891434,0.06134551391005516,1.0612866878509521,45.076568603515625,-92.71849060058594
10.446075201034546,0,0.7636029720306396,-1.0758188962936401,-4.0,-29.241809844970703,2.004000186920166,2980.0,-0.0,2.0,20.00800132751465,-0.02470470406115055,-0.25858697295188904,-0.5620675086975098,10.055561065673828,-0.03704380616545677,0.01273276749998331,0.08864333480596542,2.2994544506073,44.18923568725586,-92.2071762084961
10.466314554214478,0,0.7380176186561584,-1.1124829053878784,-4.0,-28.87516975402832,2.004000186920166,2972.0,-0.0,2.0,20.012001037597656,-0.025585344061255455,0.996637225151062,-1.4952551126480103,9.737115859985352,-0.06047997996211052,-0.07648448646068573,0.08771121501922607,2.1225733757019043,45.43150329589844,-93.05937194824219
10.486390352249146,0,0.7109324336051941,-1.1542422771453857,-4.0,-28.457576751708984,2.008000135421753,2996.0,0.5194545984268188,2.0,20.00400161743164,-0.027085183188319206,0.8475905656814575,-1.3743418455123901,8.785371780395508,-0.020798275247216225,0.06027091294527054,0.030851855874061584,3.5376219749450684,45.78643798828125,-93.05937194824219
10.507367849349976,0,0.6840564012527466,-1.1899689435958862,-4.0,-28.100309371948242,2.008000135421753,2972.0,0.5194545984268188,2.0,20.00800132751465,-0.02687603235244751,-0.39685913920402527,-1.3851162195205688,8.783576965332031,-0.058083098381757736,0.09036509692668915,0.027522854506969452,1.5919299125671387,45.25403594970703,-92.88893127441406
10.527640104293823,0,0.656148374080658,-1.2249457836151123,-4.0,-27.75054168701172,2.01200008392334,3016.0,0.6981333494186401,2.0,20.00800132751465,-0.02790803276002407,-0.45252716541290283,-1.1504725217819214,10.58350944519043,-0.04103861004114151,-0.04452606290578842,0.07705841213464737,3.1838598251342773,44.72163772583008,-91.69586181640625
10.547141551971436,0,0.627835750579834,-1.2610236406326294,-4.0,-27.3897647857666,2.01200008392334,2980.0,0.6981333494186401,2.0,20.00800132751465,-0.028312575072050095,0.2891145944595337,-0.8763224482536316,8.048519134521484,-0.019599834457039833,-0.05957315117120743,0.07559365034103394,2.2994544506073,45.608970642089844,-92.2071762084961
10.567442655563354,0,0.5986508131027222,-1.2967225313186646,-4.0,-27.03277587890625,2.0160000324249268,2976.0,0.6981333494186401,2.0,20.00800132751465,-0.029184959828853607,-0.5872079133987427,-1.2534284591674805,9.088852882385254,-0.06980118155479431,-0.18847210705280304,0.10009510070085526,2.4763355255126953,45.076568603515625,-91.69586181640625
10.58770227432251,0,0.567894458770752,-1.3377766609191895,-4.0,-26.622234344482422,2.01200008392334,2984.0,0.6981333494186401,2.0,20.00400161743164,-0.030756352469325066,-0.936180591583252,-1.124733567237854,7.7923264503479,0.035927917808294296,-0.04931982606649399,0.14643479883670807,3.714503288269043,44.89910125732422,-91.1845474243164
10.607956409454346,0,0.5364473462104797,-1.3822766542434692,-4.0,-26.177234649658203,2.01200008392334,2972.0,0.6981333494186401,2.0,20.00800132751465,-0.03144710510969162,-1.482086420059204,0.016760265454649925,8.395695686340332,0.033664196729660034,0.016993891447782516,0.2355189025402069,2.2994544506073,44.89910125732422,-93.91156005859375
10.628216981887817,0,0.5037949085235596,-1.420246958732605,-4.0,-25.797529220581055,2.01200008392334,3100.0,0.6174396872520447,2.0,20.036001205444336,-0.03265247866511345,-2.169855833053589,0.27055856585502625,10.16569995880127,-0.0359785258769989,-0.06889435648918152,0.4112902283668518,2.653216600418091,45.25403594970703,-93.57068634033203
10.648433923721313,0,0.4721551239490509,-1.4557441473007202,-4.0,-25.44255828857422,2.01200008392334,2972.0,0.6174396872520447,2.0,20.00400161743164,-0.031639743596315384,-1.9657397270202637,0.1831657588481903,8.6692476272583,0.039123762398958206,-0.07581868022680283,0.6152914762496948,3.360740900039673,44.89910125732422,-90.50279235839844
10.66878342628479,0,0.4389742612838745,-1.4918814897537231,-4.0,-25.081186294555664,2.0160000324249268,2976.0,0.6174396872520447,2.0,20.020000457763672,-0.03318086266517639,-2.499075412750244,0.1771799474954605,10.753506660461426,0.07800650596618652,0.054944515228271484,0.7828068137168884,3.006978750228882,46.3188362121582,-90.16191864013672
10.688973903656006,0,0.40491828322410583,-1.527571201324463,-4.0,-24.724288940429688,2.004000186920166,2996.0,-0.0,2.0,20.012001037597656,-0.03405600041151047,-1.9687327146530151,0.10594882071018219,7.883909225463867,0.12554465234279633,-0.09153157472610474,1.0215628147125244,3.360740900039673,45.608970642089844,-91.86630249023438
10.709280729293823,0,0.3703724145889282,-1.5658632516860962,-4.0,-24.34136962890625,2.004000186920166,2972.0,-0.0,2.0,20.012001037597656,-0.03454585745930672,-2.412281036376953,1.043326497077942,9.536591529846191,0.11928611993789673,-0.06956016272306442,1.2629821300506592,4.5989089012146,43.65683364868164,-89.65060424804688
10.729475736618042,0,0.3320425748825073,-1.6196668148040771,-4.0,-23.80333137512207,2.004000186920166,3128.0,-0.0,2.0,20.144001007080078,-0.03832985460758209,-2.2668259143829346,1.6903924942016602,8.298726081848145,0.0772075355052948,0.0012810006737709045,1.5569995641708374,4.952671051025391,46.1413688659668,-92.0367431640625
10.749761581420898,0,0.29447776079177856,-1.6739788055419922,-4.0,-23.260211944580078,2.004000186920166,2976.0,-0.0,2.0,20.00800132751465,-0.037564799189567566,-0.7434375286102295,-0.10475166141986847,7.001601219177246,-0.02146407589316368,0.062401480972766876,1.8540797233581543,3.5376219749450684,47.206172943115234,-92.37761688232422
10.770033359527588,0,0.25580665469169617,-1.7190567255020142,-4.0,-22.809432983398438,2.0320000648498535,2976.0,-0.0,2.0,20.00400161743164,-0.0386711023747921,-0.7165013551712036,0.03471769392490387,10.576925277709961,-0.14903143048286438,0.03363890200853348,2.0579476356506348,4.422027587890625,45.25403594970703,-90.84367370605469
10.790252447128296,0,0.2159714549779892,-1.7664700746536255,-4.0,-22.33530044555664,2.004000186920166,2972.0,-0.0,2.0,20.016000747680664,-0.03983519971370697,2.3518245220184326,-3.3795878887176514,8.936214447021484,-0.1285247802734375,0.0562761127948761,2.188045024871826,4.775789737701416,49.15830612182617,-91.1845474243164
10.810557842254639,0,0.17347782850265503,-1.833356499671936,-4.0,-21.66643524169922,2.0160000324249268,2972.0,-0.0,2.0,20.02400016784668,-0.042493630200624466,4.273269176483154,-2.917483329772949,7.80190372467041,-0.08924256265163422,0.09489253908395767,2.084446430206299,5.837076663970947,48.80337142944336,-91.1845474243164
10.830808639526367,0,0.12867526710033417,-1.8988910913467407,-4.0,-21.011089324951172,2.0160000324249268,3052.0,-0.0,2.0,20.00800132751465,-0.04480256140232086,2.3871407508850098,-1.5275784730911255,9.368988990783691,-0.0441012904047966,0.10181686282157898,1.905079960823059,6.721481800079346,48.270973205566406,-90.33235931396484
10.850897073745728,0,0.08633849769830704,-1.9447771310806274,-4.0,-20.552230834960938,2.004000186920166,2972.0,-0.0,2.0,20.016000747680664,-0.04233676940202713,4.4396748542785645,-2.891145944595337,10.491328239440918,-0.07526074349880219,-0.07049228250980377,1.8239854574203491,7.075243949890137,50.75550842285156,-91.35498809814453
10.871222972869873,0,0.042631231248378754,-1.9877512454986572,-4.0,-20.122488021850586,2.004000186920166,2976.0,-0.0,2.0,20.016000747680664,-0.043707262724637985,5.454867839813232,-3.3682148456573486,9.731728553771973,0.002904217690229416,-0.05957315117120743,1.6109293699264526,7.252125263214111,50.578041076660156,-91.52542877197266
10.891443729400635,0,-0.002650175942108035,-2.0349221229553223,-4.0,-19.650779724121094,2.004000186920166,2992.0,-0.0,2.0,20.012001037597656,-0.04528140649199486,3.480748176574707,-1.7682080268859863,8.15626335144043,0.09704840183258057,0.0632004365324974,1.424904704093933,7.429006576538086,49.33577346801758,-91.35498809814453
10.911715507507324,0,-0.048424191772937775,-2.0824267864227295,-4.0,-19.175731658935547,2.0160000324249268,2976.0,-0.0,2.0,20.012001037597656,-0.04577401652932167,4.750338077545166,-2.538581609725952,9.003854751586914,0.1147586852312088,-0.04266182333230972,1.3074575662612915,7.429006576538086,50.40057373046875,-91.69586181640625
10.93195652961731,0,-0.09384319931268692,-2.1128270626068115,-4.0,-18.871728897094727,2.0160000324249268,2992.0,-0.0,2.0,20.016000747680664,-0.045419007539749146,4.521081924438477,-1.9579582214355469,11.165928840637207,0.022212430834770203,-0.15331785380840302,1.1391432285308838,10.082222938537598,50.93297576904297,-90.50279235839844
10.952213048934937,0,-0.13886867463588715,-2.1407864093780518,-4.0,-18.59213638305664,2.0160000324249268,2980.0,-0.0,2.0,20.00800132751465,-0.04502547159790993,4.172109127044678,-2.2207353115081787,6.400625705718994,0.00543425977230072,0.1207255944609642,0.9708288908004761,8.667174339294434,50.223106384277344,-91.1845474243164
10.972534894943237,0,-0.18692684173583984,-2.188281536102295,-4.0,-18.117183685302734,2.004000186920166,2972.0,-0.0,2.0,20.00400161743164,-0.048058174550533295,3.2401185035705566,-2.3500287532806396,8.582453727722168,0.08173498511314392,0.14229752123355865,0.8575096726417542,10.612866401672363,49.69070816040039,-90.67323303222656
10.992827415466309,0,-0.23441261053085327,-2.2214102745056152,-4.0,-17.78589630126953,2.008000135421753,2972.0,-0.0,2.0,20.012001037597656,-0.04748576134443283,3.8033831119537354,-2.5224199295043945,6.760373115539551,-0.012808671221137047,-0.05264882743358612,0.7496500015258789,9.020936012268066,50.223106384277344,-91.86630249023438
11.013048648834229,0,-0.2814112603664398,-2.244396209716797,-4.0,-17.55603790283203,2.008000135421753,2976.0,-0.0,2.0,20.00400161743164,-0.046998657286167145,4.67132568359375,-3.049171209335327,10.849878311157227,-0.07579338550567627,0.07385324686765671,0.5895915627479553,9.374698638916016,50.93297576904297,-91.52542877197266
11.033142566680908,0,-0.3231205642223358,-2.208296537399292,-0.2682608962059021,19.40035629272461,2.004000186920166,3008.0,-0.0,2.0,20.012001037597656,-0.04170931130647659,5.098113536834717,-2.591256856918335,10.718789100646973,-0.001356903463602066,-0.05384726822376251,0.3979742228984833,10.612866401672363,50.75550842285156,-90.67323303222656
11.053425312042236,0,-0.34521088004112244,-2.011828899383545,-0.2682608962059021,17.435680389404297,2.008000135421753,2972.0,-0.0,2.0,20.00400161743164,-0.022090304642915726,3.2143795490264893,-0.17179273068904877,9.526415824890137,0.20837022364139557,0.023252414539456367,0.12686027586460114,10.966628074645996,51.46537399291992,-91.35498809814453
11.073665142059326,0,-0.3594552278518677,-1.7744873762130737,-0.0,17.744873046875,2.008000135421753,2980.0,-0.0,2.0,20.00400161743164,-0.014244351536035538,2.12196946144104,4.656361103057861,5.257336139678955,0.2116992175579071,-0.04412658512592316,0.039107780903577805,11.851034164428711,50.578041076660156,-90.16191864013672
11.093920707702637,0,-0.37562599778175354,-1.6048011779785156,-0.0,16.048011779785156,2.004000186920166,2976.0,-0.0,2.0,20.00400161743164,-0.016170751303434372,1.8430306911468506,4.999946594238281,9.40849494934082,0.2159603387117386,0.27479177713394165,-0.07141508162021637,11.143509864807129,52.35271072387695,-91.86630249023438
11.11419129371643,0,-0.38690367341041565,-1.4173483848571777,-0.0,14.173483848571777,2.0199999809265137,2976.0,-0.0,2.0,20.036001205444336,-0.011277696117758751,1.9705283641815186,3.35325026512146,10.456609725952148,0.039922717958688736,0.09782206267118454,-0.16302922368049622,12.204795837402344,51.64284133911133,-90.50279235839844
11.134459972381592,0,-0.3968163728713989,-1.2493852376937866,-0.0,12.493852615356445,2.004000186920166,2996.0,-0.0,2.0,20.00400161743164,-0.00991270411759615,1.399482250213623,3.1509299278259277,7.356559753417969,0.0005073361098766327,-0.06489955633878708,-0.22974242269992828,11.674153327941895,51.46537399291992,-92.0367431640625
11.154562711715698,0,-0.403561532497406,-1.0865042209625244,-0.0,10.865041732788086,2.01200008392334,2972.0,-0.0,2.0,20.012001037597656,-0.006745152175426483,-0.41960522532463074,3.8422908782958984,8.40647029876709,-0.03051896207034588,0.06972528249025345,-0.2780795097351074,11.320390701293945,52.17524337768555,-89.65060424804688
11.174871683120728,0,-0.4053448438644409,-0.9072673320770264,-0.0,9.072673797607422,2.004000186920166,2980.0,-0.0,2.0,20.00800132751465,-0.001783296000212431,-1.0834314823150635,4.12960958480835,9.541379928588867,-0.009479669854044914,-0.03826753795146942,-0.2473195493221283,11.851034164428711,52.35271072387695,-91.52542877197266
11.195907592773438,0,-0.4062199592590332,-0.7524627447128296,-0.0,7.524627685546875,2.004000186920166,2972.0,-0.0,2.0,20.00800132751465,-0.0008751360001042485,-0.4381612241268158,4.633016586303711,5.331560134887695,-0.01520555280148983,-0.042794980108737946,-0.1786089539527893,10.78974723815918,50.223106384277344,-90.84367370605469
11.215421199798584,0,-0.4062199592590332,-0.6171507239341736,-0.0,6.171507358551025,2.004000186920166,2976.0,-0.0,2.0,20.020000457763672,0.0,-1.6407103538513184,4.404358386993408,10.275838851928711,-0.0765923485159874,0.14243067800998688,-0.10523773729801178,10.966628074645996,50.40057373046875,-92.37761688232422
11.235679626464844,0,-0.4062199592590332,-0.5056265592575073,-0.0,5.056265830993652,2.01200008392334,2984.0,-0.0,2.0,20.00400161743164,0.0,-1.0726569890975952,3.8464810848236084,8.969735145568848,0.0015726182609796524,-0.06529903411865234,0.095967136323452,10.966628074645996,50.75550842285156,-91.69586181640625
11.255924463272095,0,-0.40771982073783875,-0.4296870529651642,-0.0,4.296870708465576,2.004000186920166,2968.0,-0.0,2.0,20.00800132751465,-0.0014998400583863258,0.3974577486515045,3.855459690093994,5.444692134857178,0.023544032126665115,-0.05358094722032547,0.1897118240594864,12.381677627563477,51.110443115234375,-91.01410675048828
11.275994539260864,0,-0.41782239079475403,-0.4456263780593872,-4.0,-35.543739318847656,2.004000186920166,2976.0,-0.0,2.0,20.00800132751465,-0.010102592408657074,0.6829808354377747,3.827326536178589,9.116986274719238,-0.06500741839408875,0.061203040182590485,0.1654766947031021,10.78974723815918,49.513240814208984,-93.91156005859375
11.296284675598145,0,-0.44416454434394836,-0.6039508581161499,-4.0,-33.96049118041992,2.004000186920166,2980.0,-0.0,2.0,20.00400161743164,-0.02634214423596859,2.005246162414551,1.7526448965072632,9.4605712890625,-0.06687165796756744,-0.08314248919487,0.13378459215164185,10.082222938537598,50.578041076660156,-93.22981262207031
11.31653904914856,0,-0.4827475845813751,-0.8431762456893921,-4.0,-31.5682373046875,2.008000135421753,2972.0,-0.0,2.0,20.00800132751465,-0.03858304023742676,1.735884666442871,0.48185765743255615,7.118923187255859,-0.24384140968322754,-0.052116185426712036,0.005018802359700203,10.082222938537598,50.93297576904297,-93.22981262207031
11.336803197860718,0,-0.5222333073616028,-1.043061375617981,-4.0,-29.569387435913086,2.004000186920166,2992.0,-0.0,2.0,20.00800132751465,-0.03948569670319557,0.998432993888855,-2.4428088665008545,11.592717170715332,-0.20908662676811218,0.04881914705038071,-0.027871735394001007,11.320390701293945,51.110443115234375,-92.0367431640625
11.357088565826416,0,-0.5556563138961792,-1.1576730012893677,-4.0,-28.42327117919922,2.004000186920166,2968.0,-0.0,2.0,20.00800132751465,-0.0334230400621891,-0.31485357880592346,-1.6478933095932007,11.342510223388672,-0.2249326854944229,0.011401167139410973,-0.09085645526647568,9.020936012268066,51.287906646728516,-91.86630249023438
11.377527236938477,0,-0.5964134335517883,-1.3083943128585815,-4.0,-26.91605567932129,2.004000186920166,3040.0,-0.0,2.0,20.18400001525879,-0.04075711965560913,-0.7901268005371094,-1.164838433265686,7.579830169677734,0.09145566821098328,0.032440461218357086,-0.03679346293210983,10.259103775024414,50.40057373046875,-91.35498809814453
11.397653102874756,0,-0.6312922835350037,-1.391632080078125,-4.0,-26.08367919921875,2.004000186920166,2968.0,-0.0,2.0,20.016000747680664,-0.034878846257925034,-0.5488986968994141,-1.507226824760437,10.165101051330566,-0.015471872873604298,0.08091072738170624,0.027922336012125015,10.082222938537598,50.93297576904297,-92.88893127441406
11.417912006378174,0,-0.6663417816162109,-1.4568253755569458,-4.0,-25.431747436523438,2.01200008392334,2972.0,-0.0,2.0,20.00400161743164,-0.035049472004175186,0.48963919281959534,-2.4302384853363037,10.88698959350586,-0.0359785258769989,-0.0443929061293602,0.10209250450134277,10.612866401672363,52.530174255371094,-92.0367431640625
11.438169002532959,0,-0.7028855681419373,-1.5202926397323608,-4.0,-24.797073364257812,2.004000186920166,2996.0,-0.0,2.0,20.00400161743164,-0.03654380887746811,0.21129906177520752,-1.3342368602752686,8.529179573059082,-0.0006911046802997589,-0.09712429344654083,0.11607430875301361,10.259103775024414,51.820308685302734,-92.0367431640625
11.458440780639648,0,-0.7359591126441956,-1.546463966369629,-4.0,-24.53536033630371,2.004000186920166,2976.0,-0.0,2.0,20.012001037597656,-0.033073537051677704,0.47886472940444946,-2.1548912525177,8.573474884033203,-0.059814177453517914,-0.07808240503072739,0.09636662155389786,11.143509864807129,51.64284133911133,-91.52542877197266
11.478678703308105,0,-0.7709452509880066,-1.5738853216171265,-4.0,-24.261146545410156,2.004000186920166,3120.0,-0.0,2.0,20.1200008392334,-0.03498617559671402,0.8374147415161133,-1.7957427501678467,8.668648719787598,-0.05568621680140495,0.016061769798398018,0.09556765854358673,10.612866401672363,52.530174255371094,-91.01410675048828
11.498950958251953,0,-0.8039554953575134,-1.594944953918457,-4.0,-24.05055046081543,2.008000135421753,2964.0,-0.0,2.0,20.016000747680664,-0.03301024064421654,0.06883680820465088,-1.7532435655593872,10.134573936462402,-0.02545887790620327,0.08423972874879837,0.02525913342833519,11.851034164428711,51.287906646728516,-92.88893127441406
11.519379615783691,0,-0.8380060195922852,-1.6139901876449585,-4.0,-23.860095977783203,2.008000135421753,2968.0,-0.0,2.0,20.032001495361328,-0.03405049443244934,0.19633454084396362,-1.6065912246704102,10.587100982666016,0.00849694013595581,-0.041996024549007416,0.05761703476309776,11.320390701293945,53.24004364013672,-92.37761688232422
11.539471864700317,0,-0.8719987273216248,-1.6259273290634155,-4.0,-23.740726470947266,2.004000186920166,2996.0,-0.0,2.0,20.00800132751465,-0.0339927040040493,-0.052076540887355804,-0.8104785680770874,7.411030292510986,-0.019999315962195396,-0.022554652765393257,0.06560663878917694,10.612866401672363,50.75550842285156,-93.4002456665039
11.55994200706482,0,-0.9056446552276611,-1.638551950454712,-4.0,-23.61448097229004,2.008000135421753,2972.0,-0.0,2.0,20.00800132751465,-0.03364595025777817,-0.44654136896133423,-1.2498369216918945,8.917059898376465,-0.005085386335849762,0.06027091294527054,0.042303625494241714,10.435985565185547,51.64284133911133,-91.1845474243164
11.580008506774902,0,-0.941291332244873,-1.6568292379379272,-4.0,-23.431705474853516,2.004000186920166,3084.0,-0.0,2.0,20.020000457763672,-0.03564665466547012,0.35256415605545044,-1.3234624862670898,6.550869464874268,-0.02465991862118244,-0.12868323922157288,0.05428803339600563,12.381677627563477,53.24004364013672,-91.35498809814453
11.600277662277222,0,-0.9758784770965576,-1.6774506568908691,-4.0,-23.225494384765625,2.004000186920166,2976.0,-0.0,2.0,20.00400161743164,-0.03458713740110397,1.0630797147750854,-2.4775264263153076,12.012322425842285,-0.015072392299771309,0.12711727619171143,0.051757991313934326,12.73543930053711,53.24004364013672,-92.0367431640625
11.620534420013428,0,-1.0120067596435547,-1.7000972032546997,-4.0,-22.9990291595459,2.01200008392334,2976.0,-0.0,2.0,20.00400161743164,-0.03612825646996498,0.5596731901168823,-1.6083869934082031,11.634018898010254,0.05004288628697395,-0.05677679181098938,0.03444717824459076,11.674153327941895,51.820308685302734,-92.37761688232422
11.640850067138672,0,-1.0488147735595703,-1.7222164869308472,-4.0,-22.777833938598633,2.004000186920166,2992.0,-0.0,2.0,20.012001037597656,-0.03680799901485443,0.6434745192527771,-0.9014628529548645,11.589723587036133,0.0690847784280777,-0.013233447447419167,0.04669790714979172,11.851034164428711,51.64284133911133,-92.2071762084961
11.661080360412598,0,-1.085631012916565,-1.7464650869369507,-4.0,-22.53534698486328,2.008000135421753,2980.0,-0.0,2.0,20.012001037597656,-0.03681625425815582,-0.03232337161898613,-0.3471769392490387,11.510112762451172,-0.02239619754254818,-0.11869622766971588,0.07306360453367233,11.674153327941895,51.820308685302734,-91.69586181640625
11.681146383285522,0,-1.1236910820007324,-1.7702319622039795,-4.0,-22.297679901123047,2.008000135421753,3024.0,-0.0,2.0,20.012001037597656,-0.038060158491134644,1.5335643291473389,-1.9830986261367798,11.028853416442871,-0.08404931426048279,-0.005243843421339989,0.09543450176715851,12.027915000915527,51.820308685302734,-91.35498809814453
11.701433897018433,0,-1.1624667644500732,-1.8050700426101685,-4.0,-21.94930076599121,2.004000186920166,2972.0,-0.0,2.0,20.00400161743164,-0.03877567872405052,0.954736590385437,-1.5838451385498047,10.189044952392578,-0.07858975231647491,0.07385324686765671,0.06241079792380333,12.381677627563477,51.110443115234375,-91.35498809814453
11.721672773361206,0,-1.2032651901245117,-1.8472752571105957,-4.0,-21.52724838256836,2.008000135421753,2976.0,-0.0,2.0,20.012001037597656,-0.04079839959740639,-0.6189326643943787,-1.44437575340271,7.478071689605713,-0.05209089443087578,0.0588061586022377,0.01340788695961237,10.966628074645996,51.46537399291992,-91.69586181640625
11.741975545883179,0,-1.2449305057525635,-1.8860516548156738,-4.0,-21.139484405517578,2.004000186920166,2988.0,-0.0,2.0,20.00400161743164,-0.04166527837514877,0.816464364528656,-2.0058445930480957,10.46379280090332,0.048977602273225784,-0.002447480335831642,0.07998792827129364,11.497271537780762,50.93297576904297,-91.52542877197266
11.762200593948364,0,-1.2853381633758545,-1.9132475852966309,-4.0,-20.867523193359375,2.01200008392334,2968.0,-0.0,2.0,20.00800132751465,-0.04040761664509773,-0.6207284331321716,-1.3480042219161987,9.722749710083008,0.07268010079860687,0.04176166653633118,0.06960144639015198,12.027915000915527,51.46537399291992,-92.0367431640625
11.782455444335938,0,-1.3274712562561035,-1.9446358680725098,-4.0,-20.55364227294922,2.004000186920166,2992.0,-0.0,2.0,20.00800132751465,-0.04213311895728111,0.1622154265642166,-1.7233145236968994,4.256508827209473,0.05923093482851982,-0.00950496457517147,0.08198533207178116,11.143509864807129,51.287906646728516,-92.2071762084961
11.80273985862732,0,-1.3702235221862793,-1.9826725721359253,-4.0,-20.17327308654785,2.004000186920166,2980.0,-0.0,2.0,20.012001037597656,-0.04275232180953026,1.441382884979248,-2.3775634765625,10.238127708435059,0.07694122195243835,0.03923162445425987,0.06747088581323624,12.73543930053711,51.820308685302734,-91.69586181640625
11.822983741760254,0,-1.414101481437683,-2.020517349243164,-4.0,-19.79482650756836,2.008000135421753,2972.0,-0.0,2.0,20.012001037597656,-0.04387788847088814,-0.004788647405803204,-1.2815617322921753,9.438424110412598,0.08000390231609344,-0.05238250643014908,0.031118176877498627,11.143509864807129,51.64284133911133,-90.84367370605469
11.843113660812378,0,-1.4573793411254883,-2.0458621978759766,-4.0,-19.541378021240234,2.004000186920166,2976.0,-0.0,2.0,20.00800132751465,-0.04327795282006264,-0.11792044341564178,-0.4591115713119507,8.548334121704102,0.0115596242249012,-0.11283718049526215,0.0653403252363205,12.204795837402344,51.64284133911133,-91.86630249023438
11.863349676132202,0,-1.5014114379882812,-2.0735034942626953,-4.0,-19.264965057373047,2.01200008392334,2976.0,-0.0,2.0,20.00400161743164,-0.04403200000524521,-0.049682218581438065,-0.6267142295837402,11.6705322265625,-0.06580638140439987,0.0706574022769928,0.06427504122257233,10.966628074645996,52.885108947753906,-91.69586181640625
11.883604526519775,0,-1.5476146936416626,-2.113025188446045,-4.0,-18.869747161865234,2.004000186920166,2992.0,-0.0,2.0,20.00400161743164,-0.04620332643389702,0.180172860622406,-0.9421663880348206,4.943081378936768,-0.06740429997444153,-0.08993364870548248,0.04709738865494728,13.089201927185059,52.885108947753906,-91.69586181640625
11.903909921646118,0,-1.5942445993423462,-2.1556129455566406,-4.0,-18.443870544433594,2.008000135421753,2976.0,-0.0,2.0,20.00400161743164,-0.0466298870742321,0.03352053090929985,-0.8074856400489807,6.86332893371582,-0.06687165796756744,0.12844887375831604,0.005151962861418724,12.912321090698242,52.7076416015625,-90.84367370605469
11.924192667007446,0,-1.6408002376556396,-2.1852197647094727,-3.6037089824676514,-14.184892654418945,2.008000135421753,2976.0,-0.0,2.0,20.00800132751465,-0.04655558243393898,-0.11313179135322571,-1.5138111114501953,12.95688247680664,-0.04103861004114151,0.06466519832611084,0.014073687605559826,11.320390701293945,53.24004364013672,-92.71849060058594
11.944281339645386,0,-1.6868631839752197,-2.2071499824523926,-3.6037089824676514,-13.96558952331543,2.008000135421753,2972.0,-0.0,2.0,20.00400161743164,-0.046062976121902466,0.22746075689792633,-1.2246965169906616,7.460114002227783,0.030601516366004944,0.048685990273952484,0.04416786506772041,12.73543930053711,51.820308685302734,-91.86630249023438
11.964529514312744,0,-1.7345168590545654,-2.239021062850952,-3.6037089824676514,-13.646879196166992,2.008000135421753,2972.0,-0.0,2.0,20.00800132751465,-0.04765363037586212,0.7889296412467957,-1.8077143430709839,9.260645866394043,0.004502139985561371,0.041495345532894135,0.03737670183181763,12.204795837402344,52.35271072387695,-91.1845474243164
11.984848022460938,0,-1.777976393699646,-2.220322370529175,-0.0,22.203224182128906,2.004000186920166,2988.0,-0.0,2.0,20.012001037597656,-0.043459583073854446,-0.2633756101131439,-1.0098060369491577,8.70875358581543,-0.025325719267129898,-0.15664684772491455,0.05042639002203941,13.79672622680664,52.885108947753906,-90.67323303222656
12.005072355270386,0,-1.8020564317703247,-2.038675546646118,-0.0,20.386754989624023,2.01200008392334,2976.0,-0.0,2.0,20.012001037597656,-0.024080000817775726,-0.19154590368270874,0.766183614730835,9.617400169372559,0.11675608158111572,0.09462621808052063,0.047496866434812546,12.912321090698242,52.35271072387695,-91.1845474243164
12.025367021560669,0,-1.8209433555603027,-1.8326771259307861,-0.0,18.326770782470703,2.0160000324249268,2976.0,-0.0,2.0,20.11600112915039,-0.018886975944042206,0.7601977586746216,5.860705852508545,13.073007583618164,0.1716180294752121,-0.04452606290578842,0.06653875857591629,13.266082763671875,53.77244186401367,-91.1845474243164
12.045582294464111,0,-1.842397928237915,-1.7029718160629272,-0.0,17.02971839904785,2.0160000324249268,2992.0,-0.0,2.0,20.00800132751465,-0.021454591304063797,1.377334713935852,5.092726707458496,3.5040926933288574,0.1716180294752121,0.0004820413887500763,0.058682311326265335,13.266082763671875,52.7076416015625,-92.88893127441406
12.065865755081177,0,-1.8572394847869873,-1.5294132232666016,-0.0,15.294132232666016,2.0280001163482666,3000.0,-0.0,2.0,20.00400161743164,-0.014841536059975624,-1.037340760231018,5.305222511291504,11.46581745147705,-0.14756667613983154,0.07518484443426132,0.02632441371679306,13.442963600158691,52.17524337768555,-91.35498809814453
12.086170434951782,0,-1.8696647882461548,-1.3647723197937012,-0.0,13.647723197937012,2.004000186920166,3024.0,-0.0,2.0,20.00400161743164,-0.012425280176103115,0.6823822259902954,2.7486836910247803,9.606026649475098,-0.022129876539111137,-0.017361411824822426,0.06866932660341263,13.089201927185059,52.17524337768555,-91.69586181640625
12.1064133644104,0,-1.878014326095581,-1.1951061487197876,-0.0,11.951061248779297,2.01200008392334,3004.0,-0.0,2.0,20.012001037597656,-0.008349567651748657,-0.3854861259460449,4.31816291809082,7.526556491851807,0.1147586852312088,-0.016296127811074257,0.05948127433657646,13.442963600158691,54.30484390258789,-90.33235931396484
12.126662015914917,0,-1.8843770027160645,-1.0381861925125122,-1.3250365257263184,-2.8685033321380615,2.0160000324249268,3008.0,-0.0,2.0,20.00800132751465,-0.006362624000757933,0.16640549898147583,4.595904350280762,8.932622909545898,-0.03904120624065399,-0.025617336854338646,0.02832181751728058,13.973607063293457,51.99777603149414,-91.52542877197266
12.146910905838013,0,-1.9006550312042236,-1.0000290870666504,-1.3250365257263184,-3.2500743865966797,2.004000186920166,3004.0,-0.0,2.0,20.00800132751465,-0.016278080642223358,0.26157987117767334,3.868029832839966,9.650321960449219,-0.07619287073612213,0.06413255631923676,-0.01588732935488224,12.381677627563477,51.46537399291992,-94.76375579833984
12.167793989181519,0,-1.9208904504776,-1.0028693675994873,-1.3250365257263184,-3.2216715812683105,2.01200008392334,2996.0,-0.0,2.0,20.00400161743164,-0.02023545652627945,0.44594278931617737,2.7025928497314453,10.087285995483398,-0.040505968034267426,-0.01762772910296917,-0.014156248420476913,13.973607063293457,53.417510986328125,-92.2071762084961
12.187296390533447,0,-1.9527778625488281,-1.1099692583084106,-4.0,-28.90030860900879,2.004000186920166,3008.0,-0.0,2.0,20.00800132751465,-0.03188742324709892,0.2633756101131439,2.9881160259246826,7.442156791687012,0.10370638966560364,-0.0462571457028389,-0.008829846046864986,11.497271537780762,50.93297576904297,-93.57068634033203
12.20755648612976,0,-1.9993692636489868,-1.3321609497070312,-4.0,-26.678390502929688,2.0160000324249268,3004.0,-0.0,2.0,20.016000747680664,-0.04659136012196541,0.10654740780591965,0.9092444181442261,8.47530746459961,0.012491744011640549,0.0794459655880928,0.006084083579480648,11.674153327941895,51.46537399291992,-92.0367431640625
12.227927923202515,0,-2.0529370307922363,-1.5671411752700806,-4.0,-24.328590393066406,2.0160000324249268,3092.0,-0.0,2.0,20.016000747680664,-0.05356768146157265,-0.4303796887397766,-0.7230857610702515,8.94399642944336,-0.15116199851036072,-0.014831369742751122,0.0528232716023922,11.497271537780762,53.06257629394531,-92.88893127441406
12.248120307922363,0,-2.096663475036621,-1.6829626560211182,-4.0,-23.170373916625977,2.004000186920166,3004.0,-0.0,2.0,20.00800132751465,-0.04372652620077133,0.4531257748603821,-0.4543229341506958,11.213814735412598,-0.42587125301361084,-0.08327564597129822,0.0384419821202755,12.027915000915527,52.530174255371094,-93.4002456665039
12.268380641937256,0,-2.1451125144958496,-1.8170093297958374,-4.0,-21.829906463623047,2.0160000324249268,2996.0,-0.0,2.0,20.00400161743164,-0.04844896122813225,1.0481152534484863,-1.489867925643921,8.686007499694824,-0.09776480495929718,-0.1926000714302063,0.10195934027433395,12.558558464050293,50.93297576904297,-92.54805755615234
12.288460731506348,0,-2.188068389892578,-1.8691855669021606,-0.16918818652629852,16.99997329711914,2.004000186920166,3016.0,-0.0,2.0,20.00400161743164,-0.04295596852898598,1.1289236545562744,-1.5826479196548462,9.596449851989746,0.03432999551296234,0.05108287185430527,0.05601910874247551,12.204795837402344,53.06257629394531,-91.1845474243164
12.308949947357178,0,-2.2080588340759277,-1.7135368585586548,-0.16918818652629852,15.443487167358398,2.008000135421753,2992.0,-0.0,2.0,20.00800132751465,-0.019990528002381325,0.7859367728233337,-0.6686148643493652,12.598332405090332,0.06855213642120361,0.03923162445425987,0.04483366385102272,10.966628074645996,53.59497833251953,-92.71849060058594
12.329167366027832,0,-2.2182962894439697,-1.4887278079986572,-0.0,14.887277603149414,2.0160000324249268,3156.0,-0.0,2.0,20.18800163269043,-0.010237440466880798,0.6039681434631348,1.1911760568618774,4.092497825622559,0.1841350793838501,-0.06450007855892181,0.004619322717189789,12.381677627563477,53.94990921020508,-91.69586181640625
12.349433660507202,0,-2.231299638748169,-1.3442575931549072,-0.0,13.442575454711914,2.004000186920166,2992.0,-0.0,2.0,20.012001037597656,-0.01300320029258728,-0.49562501907348633,4.250523090362549,9.030790328979492,0.37575244903564453,0.26240789890289307,-0.06808608025312424,11.143509864807129,53.417510986328125,-90.16191864013672
12.369714736938477,0,-2.2394344806671143,-1.1747925281524658,-0.0,11.7479248046875,2.004000186920166,2996.0,-0.0,2.0,20.012001037597656,-0.008134911768138409,-0.7769580483436584,3.6285974979400635,6.826815605163574,0.08280026912689209,0.057874031364917755,-0.055569034069776535,12.558558464050293,53.06257629394531,-92.88893127441406
12.389979600906372,0,-2.2445201873779297,-1.0082030296325684,-0.0,10.082030296325684,2.01200008392334,3012.0,-0.0,2.0,20.012001037597656,-0.005085696000605822,-0.04429498687386513,2.6990013122558594,9.489901542663574,-0.0584825798869133,-0.03746858239173889,-0.01695261150598526,10.966628074645996,53.59497833251953,-92.0367431640625
12.410270929336548,0,-2.2465126514434814,-0.8455267548561096,-0.0,8.455267906188965,2.01200008392334,2988.0,-0.0,2.0,20.016000747680664,-0.0019924480002373457,-0.26756566762924194,3.526240348815918,7.227864742279053,0.044982802122831345,0.013398568145930767,-0.006166643928736448,12.381677627563477,55.01470947265625,-91.01410675048828
12.430356740951538,0,-2.2463722229003906,-0.6896947622299194,-0.0,6.896947860717773,2.01200008392334,3096.0,-0.0,2.0,20.00800132751465,0.0001403520000167191,-0.169996976852417,2.9402294158935547,8.812907218933105,-0.0025553442537784576,-0.03959914296865463,-0.002305001951754093,12.73543930053711,52.530174255371094,-91.35498809814453
12.450622081756592,0,-2.2463722229003906,-0.5685175657272339,-0.0,5.685175895690918,2.004000186920166,2992.0,-0.0,2.0,20.00800132751465,0.0,0.12390625476837158,4.0577802658081055,9.215153694152832,-0.014539752155542374,-0.03014477901160717,-0.01881685107946396,11.674153327941895,53.59497833251953,-90.67323303222656
12.470878601074219,0,-2.246471405029297,-0.4673543870449066,-0.0,4.673543930053711,2.004000186920166,2988.0,-0.0,2.0,20.00800132751465,-9.907200001180172e-05,0.3352053165435791,3.6824698448181152,8.855405807495117,-0.06833642721176147,0.021121852099895477,-0.06742028146982193,13.442963600158691,54.30484390258789,-91.01410675048828
12.491152286529541,0,-2.2495040893554688,-0.4106709659099579,-0.0,4.1067094802856445,2.0160000324249268,3016.0,-0.0,2.0,20.00800132751465,-0.003032703883945942,-0.29869186878204346,3.0288195610046387,8.515412330627441,-0.03664432466030121,0.04029690474271774,-0.07447776198387146,13.79672622680664,53.24004364013672,-93.05937194824219
12.511416912078857,0,-2.2560923099517822,-0.39717811346054077,-0.0,3.9717812538146973,2.004000186920166,3000.0,-0.0,2.0,20.00800132751465,-0.006588288117200136,-0.03292195126414299,3.2496957778930664,9.082268714904785,0.03006887435913086,-0.021223051473498344,-0.06049595773220062,14.327369689941406,53.417510986328125,-91.86630249023438
12.531691551208496,0,-2.264538288116455,-0.40065690875053406,0.7307287454605103,11.313857078552246,2.004000186920166,3012.0,-0.0,2.0,20.016000747680664,-0.008445887826383114,0.6692134737968445,3.7171876430511475,10.224360466003418,0.0609620101749897,0.016594409942626953,-0.0647570788860321,12.912321090698242,53.417510986328125,-91.86630249023438
12.551810264587402,0,-2.270559549331665,-0.38305410742759705,0.7307287454605103,11.137828826904297,2.004000186920166,3000.0,-0.0,2.0,20.00800132751465,-0.006021375767886639,0.3944648206233978,3.692645788192749,10.229747772216797,0.07880546152591705,-0.0015153605490922928,-0.052506353706121445,13.089201927185059,54.6597785949707,-90.33235931396484
12.572072505950928,0,-2.2733144760131836,-0.33809760212898254,4.0,43.38097381591797,2.0160000324249268,2996.0,-0.0,2.0,20.00400161743164,-0.0027547520585358143,-0.1729898899793625,3.484339475631714,8.316084861755371,0.05057552829384804,-0.0028469618409872055,-0.03426342085003853,13.089201927185059,53.24004364013672,-90.67323303222656
12.592320442199707,0,-2.273146390914917,-0.27613958716392517,4.0,42.76139831542969,2.0160000324249268,2992.0,-0.0,2.0,20.00800132751465,0.00016787200001999736,0.19932745397090912,3.140155553817749,8.930229187011719,0.009961701929569244,0.0031452421098947525,-0.03226602077484131,13.442963600158691,53.94990921020508,-91.69586181640625
12.612601041793823,0,-2.273146390914917,-0.2266325205564499,4.0,42.266326904296875,2.004000186920166,2992.0,-0.0,2.0,20.00800132751465,0.0,-0.15563103556632996,4.1379899978637695,9.322299003601074,-0.009612828493118286,0.006873724982142448,-0.05210687220096588,13.79672622680664,55.724578857421875,-89.9914779663086
12.632895231246948,0,-2.273146390914917,-0.18563592433929443,4.0,41.856361389160156,2.0160000324249268,3012.0,-0.0,2.0,20.00800132751465,0.0,0.24481959640979767,3.5112757682800293,10.126791954040527,0.015554424375295639,-0.02495153434574604,-0.03439658135175705,12.381677627563477,53.59497833251953,-91.01410675048828
12.653151988983154,0,-2.2731409072875977,-0.1525411456823349,4.0,41.525413513183594,2.0160000324249268,2988.0,-0.0,2.0,20.016000747680664,5.504000000655651e-06,0.24661533534526825,3.865036964416504,8.208340644836426,0.028870433568954468,0.018192332237958908,-0.04291882738471031,13.442963600158691,53.24004364013672,-91.01410675048828
12.673407077789307,0,-2.2728519439697266,-0.12184641510248184,4.0,41.21846008300781,2.004000186920166,2996.0,-0.0,2.0,20.06800079345703,0.0002889600000344217,-0.18137001991271973,3.823136329650879,9.267230033874512,-0.03677748516201973,0.03177465870976448,-0.04851154983043671,12.381677627563477,52.530174255371094,-89.65060424804688
12.69351315498352,0,-2.272620916366577,-0.09841834753751755,4.0,40.98418426513672,2.0160000324249268,2992.0,-0.0,2.0,20.00400161743164,0.00023116800002753735,0.19094730913639069,3.51965594291687,9.885563850402832,-0.008281229063868523,-0.007507564499974251,-0.02813805639743805,13.089201927185059,53.24004364013672,-90.67323303222656
12.713794946670532,0,-2.272618055343628,-0.08075375854969025,4.0,40.80753707885742,2.01200008392334,2988.0,-0.0,2.0,20.016000747680664,2.7520000003278255e-06,0.049682218581438065,4.049998760223389,9.813136100769043,0.023144550621509552,-0.0036459211260080338,-0.0218795333057642,11.497271537780762,54.4823112487793,-90.50279235839844
12.734067916870117,0,-2.272618055343628,-0.06615341454744339,4.0,40.661537170410156,2.01200008392334,3008.0,-0.0,2.0,20.00400161743164,0.0,0.10654740780591965,3.5430004596710205,8.764421463012695,-0.01254235114902258,-0.006042802706360817,-0.022279012948274612,15.034893989562988,55.54711151123047,-92.2071762084961
12.75432562828064,0,-2.272571325302124,-0.053975366055965424,4.0,40.539756774902344,2.004000186920166,2980.0,-0.0,2.0,20.012001037597656,4.6784000005573034e-05,-0.09517436474561691,3.4190943241119385,8.527383804321289,-0.03810908645391464,0.013398568145930767,-0.033997099846601486,13.442963600158691,52.530174255371094,-92.37761688232422
12.774643182754517,0,-2.272568464279175,-0.044253718107938766,4.0,40.44253921508789,2.004000186920166,2996.0,-0.0,2.0,20.016000747680664,2.7520000003278255e-06,0.234045147895813,3.2580759525299072,9.575499534606934,0.0057005807757377625,-0.006575442850589752,-0.024942215532064438,12.381677627563477,53.94990921020508,-91.35498809814453
12.794883489608765,0,-2.2725658416748047,-0.03628679737448692,4.0,40.36286926269531,2.0160000324249268,2988.0,-0.0,2.0,20.012001037597656,2.7520000003278255e-06,0.07422403246164322,3.699828624725342,8.808716773986816,0.022345591336488724,-0.009105486795306206,-0.020414773374795914,11.674153327941895,52.885108947753906,-90.33235931396484
12.815149307250977,0,-2.2725603580474854,-0.02971785143017769,4.0,40.29718017578125,2.004000186920166,2992.0,-0.0,2.0,20.012001037597656,5.504000000655651e-06,0.35076841711997986,2.977940082550049,8.806921005249023,-0.010145468637347221,-0.0031132809817790985,-0.02321113459765911,13.089201927185059,53.417510986328125,-91.86630249023438
12.835275888442993,0,-2.272458553314209,-0.023452214896678925,4.0,40.23452377319336,2.01200008392334,3028.0,-0.0,2.0,20.016000747680664,0.00010182400001212955,0.1340821236371994,3.2095909118652344,8.97153091430664,0.0005073361098766327,0.005408963188529015,-0.022279012948274612,11.674153327941895,52.885108947753906,-90.33235931396484
12.855530500411987,0,-2.272458553314209,-0.019273459911346436,4.0,40.19273376464844,2.0160000324249268,2988.0,-0.0,2.0,20.00800132751465,0.0,0.028133302927017212,3.087480306625366,9.129556655883789,-0.004685906693339348,-0.0004500802606344223,-0.0007070805877447128,13.089201927185059,54.30484390258789,-90.67323303222656
12.875877618789673,0,-2.2724475860595703,-0.01569131575524807,4.0,40.15691375732422,2.01200008392334,2992.0,-0.0,2.0,20.00400161743164,1.1008000001311302e-05,0.3082691729068756,2.6870298385620117,8.899102210998535,-0.005085386335849762,0.0004820413887500763,0.007016203366219997,12.558558464050293,53.417510986328125,-91.52542877197266
12.896086931228638,0,-2.271976947784424,-0.008591925725340843,4.0,40.08592224121094,2.01200008392334,2996.0,-0.0,2.0,20.012001037597656,0.00047059200005605817,0.25080540776252747,2.375767707824707,8.976319313049316,-0.009479669854044914,0.005675284191966057,-0.008297204971313477,12.558558464050293,53.77244186401367,-90.84367370605469
12.9163498878479,0,-2.271407127380371,-0.001957578817382455,4.0,40.01957321166992,2.004000186920166,2992.0,-0.0,2.0,20.016000747680664,0.0005696640000678599,-0.0640481561422348,2.113589286804199,9.121175765991211,-0.008547548204660416,0.008737965486943722,-0.014688888564705849,12.381677627563477,52.530174255371094,-90.33235931396484
12.936470031738281,0,-2.268148899078369,0.02835024893283844,4.0,39.716495513916016,2.008000135421753,3012.0,-0.0,2.0,20.00800132751465,0.0032583680003881454,0.08619565516710281,1.7502505779266357,9.248075485229492,-0.031317923218011856,0.0015473216772079468,-0.0044355629943311214,11.851034164428711,54.127376556396484,-90.16191864013672
12.956705570220947,0,-2.26294207572937,0.07005799561738968,4.0,39.29941940307617,2.01200008392334,3000.0,-0.0,2.0,20.00400161743164,0.00520678423345089,0.38967618346214294,2.297353506088257,9.414481163024902,0.01462230458855629,0.007140044122934341,9.187962859869003e-05,14.150487899780273,53.24004364013672,-91.01410675048828
12.97703766822815,0,-2.2583627700805664,0.09823232889175415,4.0,39.017677307128906,2.01200008392334,3048.0,-0.0,2.0,20.016000747680664,0.004579328000545502,0.13288496434688568,2.8743855953216553,7.834227085113525,0.0007736571133136749,-0.020557252690196037,-0.01602048985660076,12.558558464050293,51.99777603149414,-91.86630249023438
12.997262239456177,0,-2.2537999153137207,0.12184002995491028,4.0,38.78160095214844,2.0160000324249268,3000.0,-0.0,2.0,20.00400161743164,0.004562816116958857,0.03591485694050789,2.1058077812194824,9.185224533081055,-0.03398112207651138,0.03257361799478531,-0.023610614240169525,10.612866401672363,53.24004364013672,-91.35498809814453
13.017515182495117,0,-2.2479822635650635,0.15242543816566467,4.0,38.475746154785156,2.0320000648498535,2992.0,-0.0,2.0,20.00800132751465,0.005817728117108345,0.3118606507778168,1.8208831548690796,9.486908912658691,-0.03810908645391464,-0.0031132809817790985,-0.016686290502548218,13.619845390319824,53.06257629394531,-91.1845474243164
13.037676811218262,0,-2.240199565887451,0.19483813643455505,4.0,38.05162048339844,2.004000186920166,3008.0,-0.0,2.0,20.012001037597656,0.007782655768096447,0.12151192873716354,2.155489921569824,8.579460144042969,-0.0026885047554969788,0.008737965486943722,-0.025608014315366745,12.381677627563477,54.30484390258789,-90.67323303222656
13.05809736251831,0,-2.2314839363098145,0.2383747696876526,4.0,37.61625289916992,2.0160000324249268,2992.0,-0.0,2.0,20.00800132751465,0.008715583942830563,0.010175875388085842,2.3075294494628906,8.33643627166748,-0.0024221856147050858,-0.020157771185040474,-0.01815105229616165,13.266082763671875,54.83724594116211,-91.52542877197266
13.078397512435913,0,-2.2219345569610596,0.2800517976284027,4.0,37.19948196411133,2.0160000324249268,3120.0,-0.0,2.0,20.09200096130371,0.009549439884722233,0.04070350155234337,2.5547432899475098,9.446205139160156,-0.022928837686777115,0.00594160333275795,-0.03572818264365196,11.851034164428711,53.77244186401367,-90.50279235839844
13.098458766937256,0,-2.212005376815796,0.32023629546165466,4.0,36.797637939453125,2.004000186920166,2996.0,-0.0,2.0,20.00800132751465,0.009929215535521507,0.27774155139923096,2.29376220703125,9.30673599243164,-0.008813869208097458,-0.011768685653805733,-0.03626082092523575,12.381677627563477,53.59497833251953,-91.69586181640625
13.118715047836304,0,-2.201049566268921,0.36128827929496765,4.0,36.387115478515625,2.01200008392334,2996.0,-0.0,2.0,20.00800132751465,0.01095571182668209,0.1891515702009201,2.4481959342956543,9.209766387939453,-0.005085386335849762,-0.004178563132882118,-0.04238618537783623,12.204795837402344,53.06257629394531,-90.50279235839844
13.139684200286865,0,-2.188783884048462,0.4059840738773346,4.0,35.94015884399414,2.0160000324249268,3004.0,-0.0,2.0,20.00400161743164,0.012265663594007492,-0.19154590368270874,2.5242156982421875,10.381787300109863,-0.01001230999827385,0.009803245775401592,-0.05024263262748718,11.851034164428711,53.06257629394531,-89.821044921875
13.159268856048584,0,-2.175882577896118,0.44952091574668884,4.0,35.504791259765625,2.0160000324249268,2992.0,-0.0,2.0,20.00800132751465,0.012901376001536846,-0.2579883933067322,2.664882183074951,9.591660499572754,-0.01946667581796646,-0.012833965942263603,-0.04092142730951309,11.320390701293945,53.59497833251953,-89.9914779663086
13.179552793502808,0,-2.161841869354248,0.4922976493835449,4.0,35.077022552490234,2.004000186920166,3160.0,-0.0,2.0,20.144001007080078,0.014040703885257244,-0.2711571455001831,2.495483875274658,10.00049114227295,-0.04623185098171234,0.03683474287390709,-0.03852454200387001,12.204795837402344,53.77244186401367,-90.16191864013672
13.199814558029175,0,-2.1482415199279785,0.5283051133155823,4.0,34.716949462890625,2.004000186920166,2992.0,-0.0,2.0,20.00400161743164,0.013600383885204792,0.07961126416921616,2.0273935794830322,10.771463394165039,-0.027056800201535225,0.05028390884399414,-0.04757943004369736,10.966628074645996,54.30484390258789,-90.67323303222656
13.220069646835327,0,-2.1337273120880127,0.5636252760887146,4.0,34.363746643066406,2.008000135421753,2992.0,-0.0,2.0,20.012001037597656,0.014514047652482986,0.32682517170906067,1.808313012123108,9.498282432556152,0.04391752555966377,-0.02082357369363308,-0.05290583148598671,10.435985565185547,52.35271072387695,-91.52542877197266
13.240355730056763,0,-2.118173122406006,0.6013739705085754,4.0,33.98625946044922,2.004000186920166,3008.0,-0.0,2.0,20.012001037597656,0.015554304234683514,-0.11552611738443375,2.836076498031616,7.730672836303711,-0.00801490806043148,-0.021223051473498344,-0.07487723976373672,12.204795837402344,52.35271072387695,-91.52542877197266
13.260645151138306,0,-2.101950168609619,0.6399953961372375,4.0,33.60004806518555,2.004000186920166,2992.0,-0.0,2.0,20.00800132751465,0.016223039478063583,-0.10175875574350357,2.7247402667999268,8.480095863342285,-0.06234421953558922,0.01006956584751606,-0.05104159191250801,11.143509864807129,52.7076416015625,-91.1845474243164
13.280932426452637,0,-2.084733486175537,0.6774667501449585,4.0,33.2253303527832,2.004000186920166,3064.0,-0.0,2.0,20.012001037597656,0.017216511070728302,0.17059555649757385,2.282987594604492,10.878609657287598,-0.045566052198410034,0.034437861293554306,-0.043318308889865875,9.374698638916016,51.99777603149414,-90.50279235839844
13.300997734069824,0,-2.0672335624694824,0.7150666117668152,4.0,32.849334716796875,2.0160000324249268,2992.0,-0.0,2.0,20.012001037597656,0.01749996840953827,-0.204116091132164,1.9615496397018433,8.016195297241211,-0.03264952450990677,-0.020290931686758995,-0.042119868099689484,10.966628074645996,52.17524337768555,-91.01410675048828
13.321265459060669,0,-2.04771089553833,0.7622675895690918,4.0,32.377323150634766,2.01200008392334,2992.0,-0.0,2.0,20.036001205444336,0.019522687420248985,0.7392474412918091,1.6293373107910156,9.769439697265625,-0.024793077260255814,-0.029345816001296043,-0.03732610121369362,11.320390701293945,52.530174255371094,-90.67323303222656
13.341548919677734,0,-2.0261268615722656,0.8178791999816895,4.0,31.821208953857422,2.004000186920166,3008.0,-0.0,2.0,20.012001037597656,0.021583935245871544,-0.09936443716287613,3.095860481262207,9.762256622314453,0.029403075575828552,0.03483734279870987,-0.023344293236732483,13.266082763671875,54.127376556396484,-90.84367370605469
13.361818313598633,0,-2.005148410797119,0.8604649305343628,4.0,31.395349502563477,2.008000135421753,2996.0,-0.0,2.0,20.016000747680664,0.020978495478630066,0.22087636590003967,2.2620372772216797,8.918256759643555,-0.023727796971797943,0.06812736392021179,-0.03226602077484131,11.497271537780762,52.7076416015625,-91.1845474243164
13.382075786590576,0,-1.9841121435165405,0.8932207822799683,4.0,31.067790985107422,2.004000186920166,3008.0,-0.0,2.0,20.00400161743164,0.021036287769675255,0.1550324559211731,2.503864049911499,11.28444766998291,-0.055819377303123474,-0.011635525152087212,-0.030668098479509354,11.497271537780762,52.7076416015625,-91.52542877197266
13.40238332748413,0,-1.9622806310653687,0.9305262565612793,4.0,30.69473648071289,2.004000186920166,3000.0,-0.0,2.0,20.00400161743164,0.021831616759300232,0.6117497086524963,2.2686216831207275,9.067303657531738,0.006499540060758591,-0.08806940913200378,-0.004835043102502823,11.851034164428711,53.417510986328125,-90.50279235839844
13.42247986793518,0,-1.9389299154281616,0.9728927612304688,4.0,30.271072387695312,2.004000186920166,2988.0,-0.0,2.0,20.012001037597656,0.02335071936249733,0.4423513114452362,2.683438301086426,9.100824356079102,0.05204029008746147,0.02032289281487465,0.004086681641638279,11.674153327941895,53.24004364013672,-90.67323303222656
13.44274616241455,0,-1.9148828983306885,1.014201045036316,4.0,29.857988357543945,2.004000186920166,2992.0,-0.0,2.0,20.00400161743164,0.02404697611927986,-0.32862094044685364,2.932447910308838,8.226896286010742,0.02700619399547577,0.02964409813284874,-0.012425167486071587,12.558558464050293,53.06257629394531,-91.86630249023438
13.463032007217407,0,-1.8897818326950073,1.0574891567230225,4.0,29.425107955932617,2.008000135421753,2996.0,-0.0,2.0,20.02800178527832,0.025100991129875183,-0.19394022226333618,2.5337929725646973,10.195629119873047,-0.02426043711602688,-0.009105486795306206,-0.037059783935546875,10.612866401672363,52.530174255371094,-91.69586181640625
13.483283519744873,0,-1.8635691404342651,1.100919246673584,4.0,28.990806579589844,2.004000186920166,3008.0,-0.0,2.0,20.00400161743164,0.026212800294160843,-0.049682218581438065,2.6912198066711426,10.047181129455566,-0.03238320350646973,0.0072732046246528625,-0.026673294603824615,10.966628074645996,53.59497833251953,-90.67323303222656
13.50356936454773,0,-1.836247205734253,1.1505012512207031,4.0,28.49498748779297,2.004000186920166,2996.0,-0.0,2.0,20.012001037597656,0.02732185646891594,0.11851902306079865,2.3925280570983887,10.02682876586914,-0.039573848247528076,0.018724970519542694,-0.04771259054541588,10.612866401672363,53.24004364013672,-90.33235931396484
13.523911237716675,0,-1.806949496269226,1.2053837776184082,4.0,27.946163177490234,2.004000186920166,2996.0,-0.0,2.0,20.016000747680664,0.02929779142141342,0.4471399486064911,1.8992972373962402,10.621818542480469,-0.02013247460126877,0.00594160333275795,-0.061694398522377014,10.259103775024414,52.17524337768555,-92.0367431640625
13.543942928314209,0,-1.7782350778579712,1.2479900121688843,4.0,27.520099639892578,2.004000186920166,2992.0,-0.0,2.0,20.00400161743164,0.028714368119835854,-0.17239131033420563,2.1393282413482666,8.097003936767578,0.026340391486883163,-0.03826753795146942,-0.07168140262365341,11.851034164428711,51.64284133911133,-91.52542877197266
13.564231634140015,0,-1.7501426935195923,1.2757328748703003,4.0,27.2426700592041,2.004000186920166,3000.0,-0.0,2.0,20.00400161743164,0.028092416003346443,0.5836163759231567,2.798365831375122,8.829667091369629,-0.025991518050432205,-0.031742699444293976,-0.0965823382139206,12.027915000915527,52.17524337768555,-92.37761688232422
13.584484100341797,0,-1.7215081453323364,1.3020925521850586,4.0,26.979074478149414,2.004000186920166,3024.0,-0.0,2.0,20.012001037597656,0.028634559363126755,0.648263156414032,1.612576961517334,8.788963317871094,0.0003741774708032608,0.005142644047737122,-0.08459793031215668,10.435985565185547,52.35271072387695,-91.86630249023438
13.604822397232056,0,-1.690702199935913,1.3469369411468506,4.0,26.530630111694336,2.0160000324249268,2996.0,-0.0,2.0,20.012001037597656,0.030805887654423714,-0.07482261210680008,2.3871407508850098,7.247617721557617,-0.03371480479836464,0.008871125988662243,-0.0828668475151062,12.558558464050293,51.99777603149414,-91.1845474243164
13.625036716461182,0,-1.657127857208252,1.4065842628479004,4.0,25.934158325195312,2.01200008392334,2996.0,-0.0,2.0,20.012001037597656,0.03357439860701561,0.34777551889419556,1.6173657178878784,10.437455177307129,-0.01840139552950859,0.062135159969329834,-0.052373193204402924,11.497271537780762,51.287906646728516,-91.1845474243164
13.645151376724243,0,-1.6242055892944336,1.4494085311889648,4.0,25.50591468811035,2.004000186920166,2992.0,-0.0,2.0,20.00400161743164,0.0329221747815609,0.4100279211997986,2.323092460632324,10.07531452178955,0.030734676867723465,0.015395969152450562,-0.0784725621342659,10.612866401672363,52.530174255371094,-91.01410675048828
13.665448188781738,0,-1.592150330543518,1.476910948753357,4.0,25.23088836669922,2.008000135421753,2996.0,-0.0,2.0,20.00800132751465,0.03205529600381851,-0.418408066034317,2.755866527557373,8.045526504516602,0.05044236406683922,-0.012301327660679817,-0.09165541082620621,10.966628074645996,50.40057373046875,-93.05937194824219
13.685691595077515,0,-1.5585814714431763,1.5104674100875854,4.0,24.89532470703125,2.0160000324249268,3016.0,-0.0,2.0,20.00400161743164,0.03356889635324478,0.2579883933067322,1.4018765687942505,9.231314659118652,-0.01200971007347107,-0.1037822961807251,-0.08499740809202194,11.320390701293945,51.820308685302734,-92.0367431640625
13.7060067653656,0,-1.5228632688522339,1.5625507831573486,4.0,24.374492645263672,2.01200008392334,2992.0,-0.0,2.0,20.00800132751465,0.03571820631623268,1.2959277629852295,1.424622654914856,7.252406597137451,0.00436897948384285,0.055876635015010834,-0.06755343824625015,10.082222938537598,52.35271072387695,-90.16191864013672
13.72606372833252,0,-1.4853370189666748,1.6186667680740356,4.0,23.81333351135254,2.0160000324249268,2996.0,-0.0,2.0,20.00400161743164,0.03752627223730087,-0.13587787747383118,2.3218953609466553,10.552383422851562,-0.014007112011313438,0.07398640364408493,-0.09871289879083633,10.78974723815918,51.64284133911133,-91.1845474243164
13.746335744857788,0,-1.447535514831543,1.667437195777893,4.0,23.32563018798828,2.004000186920166,2992.0,-0.0,2.0,20.012001037597656,0.03780147060751915,0.6734035611152649,2.0154218673706055,9.839473724365234,-0.02452675811946392,-0.047855064272880554,-0.13186976313591003,11.320390701293945,52.17524337768555,-92.0367431640625
13.766631364822388,0,-1.4100477695465088,1.703681230545044,4.0,22.96318817138672,2.0160000324249268,3000.0,-0.0,2.0,20.00800132751465,0.03748774528503418,0.03591485694050789,2.882765769958496,9.880176544189453,-0.00801490806043148,-0.04026494175195694,-0.1322692334651947,11.143509864807129,50.93297576904297,-91.86630249023438
13.786911249160767,0,-1.3722683191299438,1.7347568273544312,4.0,22.65243148803711,2.004000186920166,3012.0,-0.0,2.0,20.00400161743164,0.03777945786714554,0.63629150390625,2.253657102584839,7.356559753417969,-0.03584536537528038,0.00394420325756073,-0.14052516222000122,10.082222938537598,52.35271072387695,-90.50279235839844
13.8071928024292,0,-1.3333439826965332,1.7757482528686523,4.0,22.242517471313477,2.0160000324249268,2988.0,-0.0,2.0,20.00800132751465,0.038924288004636765,0.04429498687386513,1.9441908597946167,6.3467535972595215,0.05110817030072212,0.03603578358888626,-0.11109678447246552,10.435985565185547,53.417510986328125,-91.1845474243164
13.827427864074707,0,-1.2904430627822876,1.8322489261627197,4.0,21.67751121520996,2.004000186920166,3064.0,-0.0,2.0,20.136001586914062,0.0429009273648262,0.3531627357006073,2.0686957836151123,6.9423418045043945,-0.042636528611183167,0.062001995742321014,-0.09338649362325668,9.374698638916016,51.99777603149414,-91.52542877197266
13.847686290740967,0,-1.2505390644073486,1.8692348003387451,4.0,21.30765151977539,2.0160000324249268,2992.0,-0.0,2.0,20.00400161743164,0.039903998374938965,0.5770320296287537,1.7436662912368774,12.093729019165039,-0.03478008508682251,-0.003912242129445076,-0.09778077900409698,9.905342102050781,51.820308685302734,-91.35498809814453
13.868004560470581,0,-1.2097517251968384,1.900058388710022,4.0,20.99941635131836,2.008000135421753,2972.0,-0.0,2.0,20.012001037597656,0.04078739136457443,-0.49801933765411377,2.6074185371398926,9.026001930236816,0.10423903167247772,-0.07608500123023987,-0.09618285298347473,10.435985565185547,51.287906646728516,-90.84367370605469
13.888232707977295,0,-1.1661738157272339,1.9471373558044434,4.0,20.52862548828125,2.004000186920166,3004.0,-0.0,2.0,20.012001037597656,0.04357792064547539,0.8463934063911438,1.6903924942016602,8.888328552246094,0.06016305461525917,-0.058108389377593994,-0.07780676335096359,9.551579475402832,52.17524337768555,-91.35498809814453
13.908586502075195,0,-1.1216987371444702,1.9993683099746704,4.0,20.006317138671875,2.0160000324249268,2988.0,-0.0,2.0,20.00400161743164,0.044475071132183075,0.7877324819564819,2.032182216644287,6.389252662658691,-0.0008242633193731308,0.06000459939241409,-0.08686164766550064,11.320390701293945,51.820308685302734,-92.37761688232422
13.928816080093384,0,-1.0752917528152466,2.0442535877227783,4.0,19.557464599609375,2.0160000324249268,3148.0,-0.0,2.0,20.224000930786133,0.046406976878643036,0.3220365345478058,2.1381311416625977,9.83288860321045,-0.02252935618162155,0.0731874406337738,-0.10776778310537338,10.435985565185547,50.93297576904297,-91.1845474243164
13.94907021522522,0,-1.0319559574127197,2.075288772583008,4.0,19.247112274169922,2.004000186920166,2980.0,-0.0,2.0,20.00400161743164,0.04333574324846268,-0.3154521584510803,2.675656795501709,9.04276180267334,-0.01214287057518959,-0.05464623123407364,-0.1316034346818924,11.143509864807129,50.578041076660156,-91.1845474243164
13.969371318817139,0,-0.9862369894981384,2.1129939556121826,4.0,18.870059967041016,2.004000186920166,2976.0,-0.0,2.0,20.036001205444336,0.045718975365161896,1.205541968345642,1.2875475883483887,6.7705488204956055,0.03606107831001282,-0.058108389377593994,-0.10696882009506226,9.551579475402832,53.24004364013672,-91.35498809814453
13.98962140083313,0,-0.9385585784912109,2.158381223678589,4.0,18.416187286376953,2.004000186920166,3004.0,-0.0,2.0,20.012001037597656,0.047678399831056595,1.2025490999221802,0.5919965505599976,7.527753829956055,0.10570380091667175,0.08024492859840393,-0.0747440829873085,10.259103775024414,50.40057373046875,-91.35498809814453
14.009953022003174,0,-0.892198383808136,2.1902058124542236,4.0,18.097942352294922,2.004000186920166,2980.0,-0.0,2.0,20.020000457763672,0.04636019095778465,0.35974714159965515,2.089047431945801,6.367105484008789,-0.02252935618162155,-0.0005832407623529434,-0.09325333684682846,11.674153327941895,52.530174255371094,-92.0367431640625
14.0301833152771,0,-0.8434549570083618,2.2243738174438477,4.0,17.756261825561523,2.004000186920166,3076.0,-0.0,2.0,20.016000747680664,0.04874342307448387,0.3531627357006073,1.589830994606018,7.948555946350098,-0.022795677185058594,-0.0662311539053917,-0.09551705420017242,10.082222938537598,50.578041076660156,-90.84367370605469
14.050434350967407,0,-0.794106125831604,2.2768454551696777,4.0,17.231544494628906,2.0160000324249268,2996.0,-0.0,2.0,20.00400161743164,0.0493488647043705,0.7236843109130859,1.1169520616531372,10.452420234680176,0.0997115969657898,-0.1100408285856247,-0.04917735233902931,10.612866401672363,51.110443115234375,-91.01410675048828
14.070725440979004,0,-0.7427262663841248,2.3297390937805176,4.0,16.70261001586914,2.01200008392334,2976.0,-0.0,2.0,20.00800132751465,0.051379840821027756,1.6484918594360352,2.2231295108795166,6.595763206481934,0.08359922468662262,-0.019358811900019646,-0.07754044234752655,10.082222938537598,52.35271072387695,-91.52542877197266
14.090810775756836,0,-0.692284882068634,2.3602852821350098,4.0,16.39714813232422,2.004000186920166,3012.0,-0.0,2.0,20.00400161743164,0.05044140666723251,0.016161685809493065,2.3476343154907227,6.741218566894531,-0.0028216652572155,0.07092372328042984,-0.09112276881933212,9.020936012268066,50.578041076660156,-90.84367370605469
14.111096382141113,0,-0.6416342854499817,2.3947341442108154,4.0,16.052658081054688,2.0160000324249268,2976.0,-0.0,2.0,20.012001037597656,0.05065055936574936,-0.5686518549919128,2.0998218059539795,8.478899002075195,-0.04529973119497299,-0.050118789076805115,-0.10124293714761734,9.905342102050781,50.04563903808594,-91.35498809814453
14.13137936592102,0,-0.5874171257019043,2.446249485015869,4.0,15.537505149841309,2.004000186920166,3016.0,-0.0,2.0,20.012001037597656,0.054217152297496796,1.0098060369491577,1.3982850313186646,8.010210037231445,-0.05928153917193413,-0.010703405365347862,-0.09671549499034882,12.027915000915527,51.110443115234375,-90.67323303222656
14.151627540588379,0,-0.5354153513908386,2.4792404174804688,4.0,15.207595825195312,2.004000186920166,2996.0,-0.0,2.0,20.00800132751465,0.052001792937517166,0.8853011727333069,2.0680971145629883,8.440589904785156,0.03206627443432808,0.051881831139326096,-0.08699481189250946,9.728460311889648,48.80337142944336,-91.52542877197266
14.171969175338745,0,-0.48168256878852844,2.51684308052063,4.0,14.83156967163086,2.004000186920166,2996.0,-0.0,2.0,20.00400161743164,0.05373280122876167,0.36274003982543945,2.555341958999634,8.465131759643555,-0.0378427654504776,-0.07355496287345886,-0.09445177763700485,11.674153327941895,51.46537399291992,-89.9914779663086
14.19201397895813,0,-0.42459505796432495,2.573117256164551,4.0,14.268827438354492,2.004000186920166,3004.0,-0.0,2.0,20.00400161743164,0.0570874884724617,-0.3280223608016968,1.6101826429367065,11.186280250549316,0.008363783359527588,-0.11856307089328766,-0.06635499745607376,9.905342102050781,50.40057373046875,-91.01410675048828
14.212294101715088,0,-0.36837998032569885,2.619908332824707,4.0,13.80091667175293,2.008000135421753,2984.0,-0.0,2.0,20.00400161743164,0.05621510371565819,0.010175875388085842,2.878575563430786,9.113993644714355,0.18067291378974915,-0.06410059332847595,-0.08752744644880295,9.728460311889648,52.35271072387695,-91.1845474243164
14.232568740844727,0,-0.312252938747406,2.648406982421875,4.0,13.51593017578125,2.004000186920166,3008.0,-0.0,2.0,20.00400161743164,0.05612704157829285,-0.2400309443473816,4.023062229156494,7.895881175994873,0.09531731903553009,0.09236250072717667,-0.11748846620321274,10.259103775024414,49.69070816040039,-89.30972290039062
14.252841711044312,0,-0.2553195655345917,2.688084363937378,4.0,13.119155883789062,2.004000186920166,2988.0,-0.0,2.0,20.00400161743164,0.05693337693810463,0.41062650084495544,2.2793960571289062,10.186650276184082,-0.13877810537815094,0.09808838367462158,-0.11336050182580948,8.667174339294434,49.15830612182617,-90.84367370605469
14.273014307022095,0,-0.19770918786525726,2.722557783126831,4.0,12.774421691894531,2.008000135421753,2984.0,-0.0,2.0,20.00800132751465,0.057610366493463516,0.9595252275466919,0.7015368342399597,11.37243938446045,-0.09816427528858185,-0.051317229866981506,-0.13826145231723785,10.082222938537598,49.513240814208984,-89.821044921875
14.293251991271973,0,-0.13911360502243042,2.76050066947937,4.0,12.39499282836914,2.01200008392334,2984.0,-0.0,2.0,20.016000747680664,0.05859558284282684,0.6991425156593323,2.160877227783203,5.698490619659424,0.19079308211803436,-0.08087876439094543,-0.15077850222587585,10.082222938537598,50.93297576904297,-89.821044921875
14.313544273376465,0,-0.0771825909614563,2.819990634918213,4.0,11.800093650817871,2.008000135421753,3000.0,-0.0,2.0,20.036001205444336,0.061931006610393524,0.986461341381073,1.6425060033798218,7.705532073974609,0.07401169836521149,-0.03387326002120972,-0.09019064903259277,9.551579475402832,49.33577346801758,-90.67323303222656
14.333809614181519,0,-0.019071359187364578,2.828122615814209,3.1745223999023438,3.4639978408813477,2.01200008392334,3004.0,-0.0,2.0,20.00800132751465,0.05811123177409172,0.6889666318893433,1.5191984176635742,13.322615623474121,0.019549228250980377,0.018991291522979736,-0.11815426498651505,11.143509864807129,51.99777603149414,-91.86630249023438
14.354059934616089,0,0.029512448236346245,2.7600250244140625,3.1745223999023438,4.1449737548828125,2.008000135421753,2996.0,-0.0,2.0,20.012001037597656,0.04858380928635597,0.872132420539856,1.1313179731369019,5.681730270385742,0.057366687804460526,-0.10218438506126404,-0.1728830635547638,10.78974723815918,50.93297576904297,-92.54805755615234
14.374321460723877,0,0.0756937563419342,2.677882432937622,-0.0,-26.778823852539062,2.004000186920166,2992.0,-0.0,2.0,20.00800132751465,0.04618131369352341,2.1955947875976562,-0.5566802620887756,6.100138187408447,-0.1122792512178421,0.061069875955581665,-0.13719616830348969,10.966628074645996,49.69070816040039,-91.69586181640625
14.394500970840454,0,0.1124439686536789,2.526715040206909,-0.0,-25.26715087890625,2.004000186920166,2992.0,-0.0,2.0,20.016000747680664,0.03675020858645439,1.3970879316329956,-1.48148775100708,10.739739418029785,-0.07992134988307953,0.018724970519542694,-0.1909928321838379,8.667174339294434,49.513240814208984,-92.54805755615234
14.414795637130737,0,0.1477356106042862,2.3887643814086914,-0.0,-23.887643814086914,2.008000135421753,2988.0,-0.0,2.0,20.00400161743164,0.0352916494011879,-0.7159028053283691,-0.21369339525699615,11.048606872558594,-0.09922955930233002,-0.1200278252363205,-0.22827766835689545,9.905342102050781,50.75550842285156,-93.05937194824219
14.434996604919434,0,0.1759105920791626,2.2079598903656006,-0.0,-22.079599380493164,2.008000135421753,3004.0,-0.0,2.0,20.012001037597656,0.028174975886940956,0.8050913214683533,-1.6628577709197998,8.59083366394043,-0.026257839053869247,-0.048254549503326416,-0.1579691469669342,10.612866401672363,49.69070816040039,-93.05937194824219
14.455290794372559,0,0.197904571890831,2.012498378753662,-0.0,-20.124984741210938,2.008000135421753,2976.0,-0.0,2.0,20.012001037597656,0.021993983536958694,-0.15383529663085938,-1.2049434185028076,9.352228164672852,0.04125432297587395,-0.0023143216967582703,-0.1547732949256897,9.374698638916016,50.578041076660156,-92.2071762084961
14.475391387939453,0,0.2178400605916977,1.8287776708602905,-0.0,-18.287776947021484,2.01200008392334,2980.0,-0.0,2.0,20.00400161743164,0.0199354887008667,0.1831657588481903,-2.3631975650787354,9.76046085357666,0.03446315601468086,-0.13414280116558075,-0.15490645170211792,9.374698638916016,50.578041076660156,-91.86630249023438
14.495663166046143,0,0.23053228855133057,1.6136561632156372,-0.0,-16.13656234741211,2.004000186920166,2980.0,-0.0,2.0,20.016000747680664,0.012692224234342575,0.0640481561422348,-1.254625678062439,8.044328689575195,0.056168247014284134,0.05933879315853119,-0.19445499777793884,9.905342102050781,50.40057373046875,-92.0367431640625
14.516017198562622,0,0.23949554562568665,1.403941035270691,-0.0,-14.039410591125488,2.01200008392334,2972.0,-0.0,2.0,20.012001037597656,0.008963263593614101,-0.07063254714012146,-1.7448633909225464,10.037603378295898,-0.07419546693563461,0.08157652616500854,-0.21882329881191254,10.78974723815918,51.64284133911133,-91.52542877197266
14.536218166351318,0,0.24368134140968323,1.1867648363113403,-0.0,-11.867648124694824,2.0160000324249268,2996.0,-0.0,2.0,20.00400161743164,0.004185792058706284,0.8362175822257996,-2.7899856567382812,11.267088890075684,-0.053955137729644775,-0.04931982606649399,-0.22814449667930603,8.313411712646484,50.223106384277344,-91.1845474243164
14.556480169296265,0,0.24361254274845123,0.9747541546821594,-0.0,-9.747541427612305,2.004000186920166,2972.0,-0.0,2.0,20.012001037597656,-6.880000000819564e-05,0.782943844795227,-2.977940082550049,8.257423400878906,0.14325493574142456,0.0007483605295419693,-0.2178911715745926,8.313411712646484,49.86817169189453,-92.2071762084961
14.576784372329712,0,0.24349695444107056,0.7975170612335205,-0.0,-7.975170612335205,2.0160000324249268,3012.0,-0.0,2.0,20.012001037597656,-0.00011558400001376867,0.9667081832885742,-2.5200257301330566,10.851673126220703,-0.10961605608463287,0.025782454758882523,-0.21522797644138336,10.435985565185547,49.86817169189453,-91.86630249023438
14.596829652786255,0,0.24235762655735016,0.6449093222618103,-0.0,-6.449093341827393,2.0160000324249268,2996.0,-0.0,2.0,20.00400161743164,-0.0011393280001357198,0.648263156414032,-2.6588964462280273,9.617400169372559,0.008763261139392853,-0.05957315117120743,-0.2473195493221283,7.429006576538086,50.40057373046875,-92.37761688232422
14.617113828659058,0,0.2411770224571228,0.518886148929596,-0.0,-5.18886137008667,2.0160000324249268,2996.0,-0.0,2.0,20.012001037597656,-0.001180608058348298,1.0253691673278809,-2.2620372772216797,8.131123542785645,0.052306611090898514,-0.046922944486141205,-0.22881029546260834,9.020936012268066,51.287906646728516,-91.1845474243164
14.637392044067383,0,0.24143020808696747,0.42767956852912903,-0.0,-4.276795864105225,2.004000186920166,2996.0,-0.0,2.0,20.00400161743164,0.00025318400003015995,1.1408952474594116,-1.9681340456008911,7.012375354766846,-0.11560824513435364,0.06932580471038818,-0.25251278281211853,9.905342102050781,51.110443115234375,-92.0367431640625
14.657655954360962,0,0.24365933239459991,0.37172016501426697,-0.0,-3.7172017097473145,2.0160000324249268,3000.0,-0.0,2.0,20.012001037597656,0.0022291201166808605,0.6267142295837402,-2.002851724624634,9.008044242858887,-0.1496972292661667,0.005142644047737122,-0.30511102080345154,8.136530876159668,51.110443115234375,-91.69586181640625
14.677963018417358,0,0.249782532453537,0.3594090938568115,-0.0,-3.5940909385681152,2.004000186920166,3100.0,-0.0,2.0,20.012001037597656,0.006123200058937073,0.6470659971237183,-2.1447155475616455,11.19944953918457,-0.07605971395969391,0.018591811880469322,-0.31842702627182007,9.1978178024292,51.46537399291992,-91.01410675048828
14.698022365570068,0,0.2595851421356201,0.3847211003303528,-0.0,-3.8472108840942383,2.01200008392334,2992.0,-0.0,2.0,20.012001037597656,0.009802623651921749,0.6943538784980774,-2.7480850219726562,8.671043395996094,-0.04716397076845169,0.03883214294910431,-0.35011911392211914,8.313411712646484,49.86817169189453,-91.86630249023438
14.718498945236206,0,0.27351853251457214,0.4411720335483551,-0.0,-4.411720275878906,2.01200008392334,2972.0,-0.0,2.0,20.016000747680664,0.013933376409113407,0.6039681434631348,-2.9605813026428223,7.3182501792907715,-0.04103861004114151,-0.04958614706993103,-0.32521817088127136,11.143509864807129,51.64284133911133,-92.2071762084961
14.73856496810913,0,0.2879527807235718,0.49038657546043396,-0.0,-4.903865814208984,2.01200008392334,3004.0,-0.0,2.0,20.016000747680664,0.014434239827096462,1.4437772035598755,-2.4356257915496826,6.48801851272583,-0.08817727863788605,0.021121852099895477,-0.340531587600708,8.136530876159668,50.75550842285156,-91.01410675048828
14.758994102478027,0,0.29892498254776,0.500996470451355,-0.0,-5.009964942932129,2.004000186920166,2992.0,-0.0,2.0,20.012001037597656,0.010972224175930023,0.44773852825164795,-2.7696340084075928,10.45002555847168,-0.0459655299782753,0.08663661032915115,-0.3599729537963867,10.082222938537598,50.93297576904297,-92.2071762084961
14.77928614616394,0,0.3075360059738159,0.48502036929130554,-0.0,-4.850203514099121,2.004000186920166,3132.0,-0.0,2.0,20.152000427246094,0.00861100759357214,0.5578774213790894,-2.9025189876556396,9.725743293762207,0.0006404966115951538,-0.06103791296482086,-0.3892681896686554,8.313411712646484,50.93297576904297,-90.84367370605469
14.799538135528564,0,0.3138628602027893,0.45660534501075745,-0.0,-4.56605339050293,2.01200008392334,2980.0,-0.0,2.0,20.016000747680664,0.006326848175376654,1.0660725831985474,-2.7331204414367676,8.313690185546875,0.05896461382508278,-0.05677679181098938,-0.37209051847457886,9.1978178024292,49.33577346801758,-91.69586181640625
14.81986141204834,0,0.3213675618171692,0.4421512186527252,-0.0,-4.421512126922607,2.004000186920166,2996.0,-0.0,2.0,20.00400161743164,0.007504703942686319,1.2217036485671997,-2.0531325340270996,7.545112609863281,0.013956505805253983,0.03497049957513809,-0.38633865118026733,8.313411712646484,50.223106384277344,-91.52542877197266
14.839939594268799,0,0.3295767605304718,0.43593013286590576,-0.0,-4.359301567077637,2.004000186920166,3012.0,-0.0,2.0,20.00400161743164,0.00820921640843153,0.3884790241718292,-1.9896830320358276,9.081669807434082,-0.031317923218011856,0.006740564480423927,-0.4141691327095032,9.374698638916016,49.513240814208984,-89.821044921875
14.86035680770874,0,0.33851802349090576,0.43870678544044495,-0.0,-4.387067794799805,2.004000186920166,2976.0,-0.0,2.0,20.012001037597656,0.008941248059272766,0.4573158323764801,-2.1896090507507324,8.377140045166016,0.004235818982124329,-0.013100286945700645,-0.42135974764823914,9.728460311889648,49.86817169189453,-90.84367370605469
14.880459547042847,0,0.3489343225955963,0.45183002948760986,-0.0,-4.5183000564575195,2.004000186920166,3092.0,-0.0,2.0,20.012001037597656,0.010416319593787193,0.21548913419246674,-1.5191984176635742,9.378565788269043,0.025408271700143814,0.07784804701805115,-0.413103848695755,7.959649562835693,49.86817169189453,-91.86630249023438
14.900681495666504,0,0.35958734154701233,0.4679136574268341,-0.0,-4.679136753082275,2.0160000324249268,2996.0,-0.0,2.0,20.00800132751465,0.010652991943061352,0.2190806120634079,-1.8945086002349854,7.702539443969727,0.061627816408872604,0.07771489024162292,-0.40351632237434387,8.313411712646484,49.86817169189453,-92.2071762084961
14.921723127365112,0,0.36998438835144043,0.4769977927207947,-0.0,-4.769978046417236,2.008000135421753,2988.0,-0.0,2.0,20.02400016784668,0.010397056117653847,-0.025738980621099472,-1.46772038936615,10.16031265258789,0.010228022933006287,0.012865928001701832,-0.3812785744667053,7.959649562835693,49.15830612182617,-90.50279235839844
14.941243886947632,0,0.3790329694747925,0.4715622663497925,-0.0,-4.715622901916504,2.0160000324249268,3024.0,-0.0,2.0,20.00400161743164,0.009048575535416603,0.38668328523635864,-1.9956687688827515,8.463335990905762,-0.02852156013250351,-0.0668969601392746,-0.3393331468105316,7.252125263214111,49.86817169189453,-90.16191864013672
14.961588382720947,0,0.38740453124046326,0.46282830834388733,-0.0,-4.6282830238342285,2.01200008392334,2976.0,-0.0,2.0,20.00400161743164,0.008371584117412567,1.0265662670135498,-2.1345396041870117,9.462367057800293,0.010228022933006287,0.0632004365324974,-0.32135653495788574,5.660195350646973,48.62590408325195,-91.35498809814453
14.981596946716309,0,0.3961421549320221,0.45734643936157227,-0.0,-4.573464393615723,2.004000186920166,3020.0,-0.0,2.0,20.00400161743164,0.008737600408494473,0.29150891304016113,-2.3973166942596436,9.315714836120605,0.059364091604948044,0.08170969039201736,-0.3021814823150635,8.490293502807617,47.916038513183594,-91.35498809814453
15.001837968826294,0,0.4051549434661865,0.4572378098964691,-0.0,-4.572378158569336,2.008000135421753,2980.0,-0.0,2.0,20.00800132751465,0.009012799710035324,0.5955880284309387,-1.9585567712783813,8.762626647949219,0.06801949441432953,-0.020290931686758995,-0.2866017520427704,7.605887413024902,48.44844055175781,-91.52542877197266
15.022794961929321,0,0.4154006540775299,0.4669068157672882,-0.0,-4.669068336486816,2.004000186920166,3000.0,-0.0,2.0,20.00800132751465,0.01024569571018219,0.8146686553955078,-2.3548173904418945,10.045385360717773,0.07667490839958191,0.09489253908395767,-0.2454553097486496,7.252125263214111,49.15830612182617,-91.1845474243164
15.042394638061523,0,0.42498311400413513,0.4689885377883911,-0.0,-4.689885139465332,2.004000186920166,2976.0,-0.0,2.0,20.00400161743164,0.009582463651895523,-0.14844806492328644,-2.292564868927002,9.64613151550293,0.05789932981133461,-0.029878458008170128,-0.23746570944786072,8.313411712646484,50.223106384277344,-92.54805755615234
15.062619924545288,0,0.43424907326698303,0.46808215975761414,-0.0,-4.680821418762207,2.004000186920166,2976.0,-0.0,2.0,20.00400161743164,0.009265984408557415,0.3274237811565399,-1.7568349838256836,7.299694538116455,0.07374538481235504,-0.06090475618839264,-0.1897943913936615,7.605887413024902,47.73857116699219,-90.16191864013672
15.082908630371094,0,0.4431765675544739,0.46331074833869934,-0.0,-4.633107662200928,2.004000186920166,3000.0,-0.0,2.0,20.016000747680664,0.008927487768232822,0.09278004616498947,-1.7604265213012695,7.4535298347473145,0.04298540577292442,0.013931208290159702,-0.1542406529188156,8.136530876159668,47.206172943115234,-92.71849060058594
15.10314154624939,0,0.4522499144077301,0.4623267948627472,-0.0,-4.623268127441406,2.008000135421753,2980.0,-0.0,2.0,20.00800132751465,0.009073344059288502,0.5770320296287537,-2.251262903213501,8.844632148742676,0.005034778267145157,0.021255012601614,-0.13999253511428833,8.313411712646484,48.80337142944336,-90.84367370605469
15.124194622039795,0,0.46198925375938416,0.4645058810710907,-0.0,-4.645058631896973,2.004000186920166,2976.0,-0.0,2.0,20.052000045776367,0.009739328175783157,0.6374886631965637,-2.1866161823272705,11.514901161193848,0.005167938768863678,0.04402538388967514,-0.12521176040172577,7.782768726348877,49.69070816040039,-92.0367431640625
15.14369797706604,0,0.4714010953903198,0.46748265624046326,-0.0,-4.674826622009277,2.008000135421753,2992.0,-0.0,2.0,20.016000747680664,0.00941183976829052,0.053273703902959824,-1.291139006614685,7.700743675231934,-0.04103861004114151,-0.03547117859125137,-0.1072351410984993,7.782768726348877,47.56110382080078,-92.0367431640625
15.163804054260254,0,0.4801194369792938,0.4616014361381531,-0.0,-4.61601448059082,2.01200008392334,2988.0,-0.0,2.0,20.00400161743164,0.008718336001038551,-0.047886475920677185,-1.700568437576294,8.192776679992676,-0.02026563510298729,0.03363890200853348,-0.09258753061294556,6.190838813781738,47.73857116699219,-91.1845474243164
15.18408727645874,0,0.48886528611183167,0.4567815363407135,-0.0,-4.56781530380249,2.004000186920166,3000.0,-0.0,2.0,20.00800132751465,0.008745855651795864,0.5848135352134705,-2.2758047580718994,11.009099960327148,0.02207927033305168,0.01739337109029293,-0.09951185435056686,7.429006576538086,48.62590408325195,-92.0367431640625
15.204816102981567,0,0.49827712774276733,0.45986509323120117,-0.0,-4.598650932312012,2.004000186920166,2988.0,-0.0,2.0,20.012001037597656,0.00941183976829052,-0.15742678940296173,-1.6221543550491333,8.878151893615723,0.01369018480181694,0.014863329008221626,-0.0953838974237442,7.429006576538086,47.56110382080078,-91.01410675048828
15.224665403366089,0,0.5072266459465027,0.4574582576751709,-0.0,-4.574582576751709,2.004000186920166,2988.0,-0.0,2.0,20.012001037597656,0.008949504233896732,0.09337862581014633,-1.739476203918457,8.267600059509277,0.012358583509922028,-0.01762772910296917,-0.07833940535783768,6.190838813781738,47.383636474609375,-91.86630249023438
15.245044231414795,0,0.5162999629974365,0.4568721354007721,-0.0,-4.568721294403076,2.004000186920166,2980.0,-0.0,2.0,20.00400161743164,0.009073344059288502,0.1759827882051468,-1.7682080268859863,9.524620056152344,0.003170538693666458,-0.009638125076889992,-0.06768660247325897,7.252125263214111,47.73857116699219,-91.1845474243164
15.265281677246094,0,0.525420069694519,0.4565066993236542,-0.0,-4.565066814422607,2.0160000324249268,2988.0,-0.0,2.0,20.02800178527832,0.009120128117501736,0.0550694465637207,-1.7484549283981323,9.304940223693848,-0.017469273880124092,-0.004578042775392532,-0.05983015522360802,6.013957500457764,48.980838775634766,-92.0367431640625
15.285419225692749,0,0.5323991775512695,0.43543145060539246,-2.018545627593994,-24.539772033691406,2.01200008392334,3028.0,-0.0,2.0,20.012001037597656,0.006979072000831366,-0.002992904745042324,-1.67662513256073,9.160682678222656,-0.017868753522634506,-0.03653646260499954,-0.05210687220096588,7.252125263214111,48.093505859375,-91.52542877197266
15.305521726608276,0,0.5340531468391418,0.3720676600933075,-2.018545627593994,-23.9061336517334,2.004000186920166,2996.0,-0.0,2.0,20.012001037597656,0.001653952058404684,-0.07841410487890244,-1.8424321413040161,9.027198791503906,-0.0008242633193731308,-0.019358811900019646,-0.044117268174886703,6.721481800079346,47.916038513183594,-91.35498809814453
15.325783967971802,0,0.5328807830810547,0.29415422677993774,-4.0,-42.94154357910156,2.0160000324249268,3004.0,-0.0,2.0,20.00400161743164,-0.0011723520001396537,0.33580389618873596,-2.1010191440582275,8.357985496520996,0.029403075575828552,-0.020557252690196037,-0.03319814056158066,6.013957500457764,46.49630355834961,-91.69586181640625
15.34604263305664,0,0.5296279191970825,0.2122551053762436,-4.0,-42.12255096435547,2.004000186920166,3000.0,-0.0,2.0,20.00800132751465,-0.003252863883972168,0.30467769503593445,-1.8813399076461792,7.8306355476379395,0.018483947962522507,-0.0027138013392686844,-0.0353287011384964,5.306433200836182,48.980838775634766,-91.69586181640625
15.36631464958191,0,0.5271043181419373,0.15180443227291107,-4.0,-41.518043518066406,2.008000135421753,3000.0,-0.0,2.0,20.02800178527832,-0.002523584058508277,0.054470863193273544,-1.7945456504821777,9.317510604858398,-0.03797592595219612,0.006740564480423927,-0.042253024876117706,6.544600963592529,48.093505859375,-92.2071762084961
15.38661789894104,0,0.5233946442604065,0.09088557213544846,-4.0,-40.90885543823242,2.004000186920166,3000.0,-0.0,2.0,20.00400161743164,-0.003709696000441909,0.019753171131014824,-1.7233145236968994,9.458775520324707,0.004635298624634743,0.008338484913110733,-0.044117268174886703,5.483314037322998,47.383636474609375,-91.52542877197266
15.406898736953735,0,0.5193271636962891,0.03833404555916786,-4.0,-40.383338928222656,2.004000186920166,2992.0,-0.0,2.0,20.012001037597656,-0.004067455884069204,0.14844806492328644,-1.8394391536712646,8.2843599319458,0.013024386018514633,0.03283993899822235,-0.03825822472572327,5.837076663970947,49.86817169189453,-91.52542877197266
15.42703127861023,0,0.5150395631790161,-0.007093135733157396,-4.0,-39.92906951904297,2.008000135421753,3040.0,-0.0,2.0,20.012001037597656,-0.00428761588409543,-0.08020984381437302,-2.0208091735839844,10.41830062866211,-0.028921041637659073,-0.009638125076889992,-0.034929219633340836,5.837076663970947,45.963905334472656,-91.52542877197266
15.447253704071045,0,0.5099483728408813,-0.05162498354911804,-4.0,-39.48374938964844,2.01200008392334,2988.0,-0.0,2.0,20.00800132751465,-0.005091200117021799,0.052675120532512665,-1.531768560409546,8.199959754943848,0.01169278472661972,0.02138817310333252,-0.019748970866203308,5.660195350646973,46.85123825073242,-91.01410675048828
15.467525243759155,0,0.5048791766166687,-0.0878138542175293,-4.0,-39.12186050415039,2.004000186920166,2996.0,-0.0,2.0,20.02800178527832,-0.0050691841170191765,0.08260416984558105,-1.7700037956237793,9.750883102416992,-0.046498171985149384,-0.030411096289753914,-0.027738578617572784,5.483314037322998,46.673770904541016,-92.88893127441406
15.48781967163086,0,0.49880826473236084,-0.1265544593334198,-4.0,-38.73445510864258,2.01200008392334,2996.0,-0.0,2.0,20.00400161743164,-0.006070911884307861,0.21788345277309418,-1.8789454698562622,8.583650588989258,0.020348187536001205,0.031242018565535545,-0.020681092515587807,6.013957500457764,47.56110382080078,-90.33235931396484
15.508058309555054,0,0.49229151010513306,-0.16239012777805328,-4.0,-38.3760986328125,2.004000186920166,2992.0,-0.0,2.0,20.012001037597656,-0.006516736000776291,-0.047886475920677185,-1.7089484930038452,8.645304679870605,-0.011876550503075123,-0.018959330394864082,-0.021213732659816742,4.952671051025391,46.1413688659668,-92.0367431640625
15.528327941894531,0,0.48579129576683044,-0.19075436890125275,-4.0,-38.09245681762695,2.01200008392334,3096.0,-0.0,2.0,20.1200008392334,-0.006500224117189646,0.03890775889158249,-1.947782278060913,9.84665584564209,-0.01933351531624794,0.03590262308716774,-0.011093567125499249,7.605887413024902,48.093505859375,-91.86630249023438
15.548572063446045,0,0.4787764549255371,-0.2204301357269287,-4.0,-37.79570007324219,2.008000135421753,2980.0,-0.0,2.0,20.00800132751465,-0.007014847826212645,0.15622961521148682,-1.5934224128723145,8.064082145690918,0.004901619628071785,-0.022554652765393257,-0.004302402958273888,6.721481800079346,46.85123825073242,-92.37761688232422
15.568899631500244,0,0.4715166687965393,-0.24599610269069672,-4.0,-37.5400390625,2.01200008392334,2972.0,-0.0,2.0,20.00400161743164,-0.007259775884449482,-0.20770758390426636,-1.439587116241455,10.196825981140137,-0.010811270214617252,0.036302100867033005,-0.003902922850102186,7.075243949890137,46.49630355834961,-92.37761688232422
15.589155197143555,0,0.4635578989982605,-0.2730223536491394,-4.0,-37.269775390625,2.004000186920166,2996.0,-0.0,2.0,20.016000747680664,-0.007958783768117428,0.14545516669750214,-1.6263443231582642,9.072092056274414,0.006899021565914154,-0.004578042775392532,0.009013605304062366,6.544600963592529,47.73857116699219,-91.52542877197266
15.609405517578125,0,0.4552413523197174,-0.29902347922325134,-4.0,-37.009765625,2.0160000324249268,2968.0,-0.0,2.0,20.012001037597656,-0.008316543884575367,0.2771429717540741,-1.3683559894561768,8.771604537963867,-2.530403435230255e-05,-0.007907046005129814,0.010212046094238758,5.660195350646973,48.980838775634766,-91.01410675048828
15.629693984985352,0,0.44673216342926025,-0.3199831247329712,-4.0,-36.8001708984375,2.008000135421753,3104.0,-0.0,2.0,20.132001876831055,-0.00850918423384428,0.06464674323797226,-1.4790934324264526,9.481521606445312,-0.022928837686777115,-0.007507564499974251,-4.127994179725647e-05,5.837076663970947,48.093505859375,-89.48016357421875
15.6499183177948,0,0.4383000433444977,-0.33969613909721375,-4.0,-36.6030387878418,2.004000186920166,2972.0,-0.0,2.0,20.012001037597656,-0.00843212753534317,-0.019753171131014824,-1.3043078184127808,9.681447982788086,0.00543425977230072,-0.012168167158961296,-0.00403608288615942,5.837076663970947,49.15830612182617,-91.52542877197266
15.670218467712402,0,0.42891570925712585,-0.3629709780216217,-4.0,-36.37028884887695,2.008000135421753,2972.0,-0.0,2.0,20.00800132751465,-0.009384320117533207,0.2502068281173706,-1.53236722946167,8.542946815490723,0.036993201822042465,0.015928611159324646,0.0052851224318146706,6.89836311340332,46.673770904541016,-92.2071762084961
15.690459728240967,0,0.4194185733795166,-0.38236916065216064,-4.0,-36.176307678222656,2.004000186920166,2988.0,-0.0,2.0,20.00400161743164,-0.009497151710093021,0.09337862581014633,-1.7957427501678467,9.562929153442383,-0.011876550503075123,8.255988359451294e-05,0.02938709780573845,6.367719650268555,46.85123825073242,-91.69586181640625
15.710731029510498,0,0.4104277789592743,-0.3949592113494873,-4.0,-36.05040740966797,2.004000186920166,2976.0,-0.0,2.0,20.012001037597656,-0.008990784175693989,0.4363654851913452,-2.082463026046753,8.923046112060547,-0.015471872873604298,-0.01576348952949047,0.030186057090759277,6.367719650268555,48.270973205566406,-92.71849060058594
15.730850219726562,0,0.4006664454936981,-0.4104759395122528,-4.0,-35.895240783691406,2.004000186920166,3052.0,-0.0,2.0,20.00400161743164,-0.009761343710124493,-0.015563104301691055,-1.0971988439559937,8.328056335449219,0.007032182067632675,0.009803245775401592,0.012342606671154499,6.721481800079346,48.270973205566406,-92.71849060058594
15.751091957092285,0,0.3908170163631439,-0.42664864659309387,-4.0,-35.73351287841797,2.004000186920166,2968.0,-0.0,2.0,20.00800132751465,-0.009849407710134983,-0.06644248217344284,-1.170225739479065,8.746464729309082,-0.02559203840792179,0.011800647713243961,-0.009761965833604336,5.660195350646973,46.49630355834961,-92.0367431640625
15.771392822265625,0,0.37971821427345276,-0.4496763050556183,-4.0,-35.503238677978516,2.008000135421753,2972.0,-0.0,2.0,20.012001037597656,-0.011098816059529781,-0.18376433849334717,-1.2414568662643433,10.096264839172363,-0.03904120624065399,0.02458401583135128,-0.015621010214090347,4.775789737701416,48.44844055175781,-92.2071762084961
15.791664600372314,0,0.3678846061229706,-0.4746513068675995,-4.0,-35.25348663330078,2.004000186920166,2988.0,-0.0,2.0,20.00400161743164,-0.011833599768579006,-0.2190806120634079,-1.4096580743789673,9.557541847229004,-0.016936633735895157,-0.019491972401738167,0.006883043795824051,5.129551887512207,47.383636474609375,-91.52542877197266
15.81190276145935,0,0.35550612211227417,-0.501171350479126,-4.0,-34.988285064697266,2.008000135421753,2972.0,-0.0,2.0,20.016000747680664,-0.012378496117889881,0.0670410618185997,-1.5126140117645264,8.311894416809082,-0.03451376408338547,-0.012967126443982124,0.018334809690713882,6.721481800079346,48.980838775634766,-91.35498809814453
15.832008361816406,0,0.34196901321411133,-0.5320348143577576,-4.0,-34.679649353027344,2.004000186920166,2992.0,-0.0,2.0,20.016000747680664,-0.0135370884090662,0.0849984884262085,-1.7891583442687988,8.280768394470215,-0.04290284961462021,-0.0009827204048633575,0.023661211133003235,6.190838813781738,48.093505859375,-92.54805755615234
15.852277755737305,0,0.3272128105163574,-0.5699297785758972,-4.0,-34.30070114135742,2.004000186920166,2968.0,-0.0,2.0,20.00800132751465,-0.014756224118173122,0.023943237960338593,-1.6868010759353638,9.589266777038574,-0.01520555280148983,0.03204097971320152,0.01354104746133089,6.89836311340332,47.73857116699219,-92.2071762084961
15.872604608535767,0,0.3112952411174774,-0.6104695796966553,-4.0,-33.89530563354492,2.004000186920166,2976.0,-0.0,2.0,20.00400161743164,-0.015917567536234856,-0.026936141774058342,-0.8535764217376709,10.352457046508789,0.019549228250980377,0.009270605631172657,0.0221964530646801,6.721481800079346,47.56110382080078,-92.37761688232422
15.89285659790039,0,0.2948080003261566,-0.6489181518554688,-4.0,-33.51081848144531,2.004000186920166,2972.0,-0.0,2.0,20.012001037597656,-0.016487231478095055,0.03471769392490387,-1.359975814819336,9.538985252380371,0.007697980850934982,-0.04372710734605789,0.04576578736305237,6.367719650268555,48.270973205566406,-89.9914779663086
15.913130283355713,0,0.2778033912181854,-0.6846815943717957,-4.0,-33.15318298339844,2.0360000133514404,2972.0,-0.0,2.0,20.016000747680664,-0.017004607245326042,-0.33281099796295166,-0.5836163759231567,9.331876754760742,-0.04170440882444382,-0.006708603352308273,0.040173061192035675,5.306433200836182,47.916038513183594,-91.69586181640625
15.933377504348755,0,0.25975301861763,-0.7229958772659302,-4.0,-32.770042419433594,2.0160000324249268,2984.0,-0.0,2.0,20.016000747680664,-0.01805036887526512,0.8487877249717712,-2.0920403003692627,9.71496868133545,-0.022795677185058594,-0.00431172177195549,0.03750986233353615,6.190838813781738,47.383636474609375,-91.52542877197266
15.953498363494873,0,0.2406073659658432,-0.7661960124969482,-4.0,-32.33803939819336,2.004000186920166,2976.0,-0.0,2.0,20.012001037597656,-0.0191456638276577,0.25978413224220276,-1.701765537261963,7.487648963928223,0.023410871624946594,-0.011502368375658989,0.01607108861207962,6.013957500457764,48.270973205566406,-90.33235931396484
15.973822116851807,0,0.22044621407985687,-0.8088825345039368,-4.0,-31.911174774169922,2.004000186920166,2972.0,-0.0,2.0,20.012001037597656,-0.020161151885986328,-0.4010492265224457,-0.7751622796058655,9.404304504394531,-0.004419585689902306,0.03976426273584366,0.004486162215471268,7.252125263214111,47.383636474609375,-91.52542877197266
15.994028568267822,0,0.1999768316745758,-0.8481380939483643,-4.0,-31.518619537353516,2.008000135421753,2972.0,-0.0,2.0,20.012001037597656,-0.02046937681734562,0.08679423481225967,-1.5030367374420166,11.189871788024902,0.01169278472661972,-0.005110682919621468,0.0303192175924778,6.544600963592529,48.80337142944336,-91.52542877197266
16.01432728767395,0,0.17858552932739258,-0.8878450989723206,-4.0,-31.121549606323242,2.008000135421753,2972.0,-0.0,2.0,20.016000747680664,-0.02139129675924778,0.7153041958808899,-1.4389885663986206,8.158059120178223,0.010760664939880371,-0.013233447447419167,0.05308958888053894,7.429006576538086,47.916038513183594,-91.69586181640625
16.03459620475769,0,0.1560053825378418,-0.9298312664031982,-4.0,-30.70168685913086,2.004000186920166,2992.0,-0.0,2.0,20.00400161743164,-0.022580159828066826,0.3854861259460449,-1.358778715133667,9.371382713317871,-0.04569920897483826,0.04109586402773857,0.016337409615516663,5.837076663970947,47.383636474609375,-92.2071762084961
16.054901361465454,0,0.1327895075082779,-0.9727089405059814,-4.0,-30.272911071777344,2.0160000324249268,2976.0,-0.0,2.0,20.012001037597656,-0.023215871304273605,-0.4435484707355499,-0.9020614624023438,7.698947906494141,-0.06194474175572395,0.006740564480423927,-0.015621010214090347,6.190838813781738,48.093505859375,-92.54805755615234
16.074928998947144,0,0.10917459428310394,-1.0099800825119019,-4.0,-29.900197982788086,2.01200008392334,2976.0,-0.6059344410896301,2.0,20.012001037597656,-0.0236149113625288,-0.4405555725097656,-1.5150083303451538,10.745125770568848,-0.058083098381757736,0.07092372328042984,0.004353002645075321,6.721481800079346,47.56110382080078,-91.01410675048828
16.095187187194824,0,0.08480838686227798,-1.0472239255905151,-4.0,-29.527759552001953,2.008000135421753,2972.0,-0.6059344410896301,2.0,20.012001037597656,-0.024366207420825958,-0.5758348703384399,-1.1726200580596924,9.281596183776855,-0.03478008508682251,-0.01776088960468769,0.02326173335313797,7.605887413024902,46.673770904541016,-90.84367370605469
16.11547613143921,0,0.05985049530863762,-1.0832419395446777,-4.0,-29.167579650878906,2.0199999809265137,2964.0,-0.6059344410896301,2.0,20.00800132751465,-0.024957887828350067,-0.40464070439338684,-0.9128358960151672,6.9363555908203125,-0.04276968911290169,-0.049985624849796295,0.04496682435274124,5.483314037322998,47.383636474609375,-91.52542877197266
16.135719299316406,0,0.03456787019968033,-1.11404550075531,-4.0,-28.859542846679688,2.008000135421753,2976.0,-0.6981333494186401,2.0,20.012001037597656,-0.02528262324631214,-0.648263156414032,-1.462931752204895,10.744527816772461,-0.06713798642158508,0.12498671561479568,0.05482066795229912,5.129551887512207,48.80337142944336,-90.84367370605469
16.156062602996826,0,0.009604480117559433,-1.1395936012268066,-4.0,-28.60406494140625,2.01200008392334,2964.0,-0.6981333494186401,2.0,20.00800132751465,-0.024963391944766045,-0.43995699286460876,-1.404270887374878,10.229747772216797,-0.05502041429281235,-0.07075860351324081,0.09703242033720016,6.190838813781738,48.80337142944336,-90.84367370605469
16.17632532119751,0,-0.016465216875076294,-1.1690996885299683,-4.0,-28.309001922607422,2.01200008392334,2968.0,-0.6981333494186401,2.0,20.012001037597656,-0.026069695129990578,2.202179193496704,-2.1884119510650635,5.392016887664795,-0.032116882503032684,-0.03427273780107498,0.03870830312371254,4.775789737701416,48.093505859375,-91.52542877197266
16.196924209594727,0,-0.04440627247095108,-1.210251808166504,-4.0,-27.89748191833496,2.01200008392334,2956.0,-0.6981333494186401,2.0,20.00800132751465,-0.027941055595874786,2.0148234367370605,-1.5497260093688965,9.847853660583496,-0.01360763143748045,0.18810459971427917,-0.11775478720664978,7.429006576538086,49.33577346801758,-89.9914779663086
16.217700481414795,0,-0.07317017763853073,-1.2508530616760254,-4.0,-27.491470336914062,2.0240001678466797,2960.0,-0.6981333494186401,2.0,20.02800178527832,-0.0287639033049345,2.290170669555664,-1.821481704711914,9.227723121643066,0.022345591336488724,-0.06489955633878708,-0.24319158494472504,5.306433200836182,48.980838775634766,-89.9914779663086
16.236901998519897,0,-0.1018267497420311,-1.2815687656402588,-4.0,-27.18431282043457,2.01200008392334,2988.0,-0.6520450711250305,2.0,20.00800132751465,-0.028656575828790665,2.7851970195770264,-2.369781970977783,7.967112064361572,-0.016670312732458115,0.07198899984359741,-0.4104406237602234,5.483314037322998,49.15830612182617,-90.84367370605469
16.257178783416748,0,-0.13066495954990387,-1.3123228549957275,-4.0,-26.876771926879883,2.008000135421753,2960.0,-0.6520450711250305,2.0,20.012001037597656,-0.028838207945227623,1.5191984176635742,-1.9489794969558716,10.124398231506348,-0.05342249572277069,0.07545116543769836,-0.5850135087966919,6.367719650268555,48.270973205566406,-92.37761688232422
16.277702569961548,0,-0.16265970468521118,-1.3569096326828003,-4.0,-26.4309024810791,2.0240001678466797,3028.0,-0.0,2.0,20.080001831054688,-0.03199475258588791,2.0579211711883545,-1.530571460723877,9.084662437438965,0.040055882185697556,0.025116655975580215,-0.7081865668296814,7.075243949890137,47.206172943115234,-91.01410675048828
16.297695875167847,0,-0.19397196173667908,-1.4005913734436035,-4.0,-25.99408721923828,2.008000135421753,2980.0,-0.0,2.0,20.012001037597656,-0.031312257051467896,1.2025490999221802,-1.9004944562911987,9.553950309753418,0.09172199666500092,0.16160574555397034,-0.8553284406661987,5.660195350646973,48.62590408325195,-91.01410675048828
16.3179931640625,0,-0.22656390070915222,-1.4415489435195923,-4.0,-25.584510803222656,2.0160000324249268,2972.0,-0.0,2.0,20.02400016784668,-0.032591935247182846,2.4769277572631836,-3.262864589691162,10.02682876586914,0.07441118359565735,0.03590262308716774,-1.0769068002700806,5.306433200836182,48.62590408325195,-92.71849060058594
16.338318347930908,0,-0.259615421295166,-1.477393627166748,-4.0,-25.226062774658203,2.008000135421753,2980.0,-0.0,2.0,20.012001037597656,-0.033051520586013794,0.4010492265224457,-2.041161060333252,8.660867691040039,0.006499540060758591,0.07345376163721085,-1.3376343250274658,5.660195350646973,46.1413688659668,-91.69586181640625
16.35866355895996,0,-0.2931100130081177,-1.514694094657898,-4.0,-24.853057861328125,2.004000186920166,2980.0,-0.0,2.0,20.012001037597656,-0.03349459171295166,-0.7182971239089966,-1.5443388223648071,10.157917976379395,0.045382287353277206,-0.013100286945700645,-1.4954289197921753,5.837076663970947,47.02870559692383,-92.54805755615234
16.37894296646118,0,-0.3292272686958313,-1.5574311017990112,-4.0,-24.425687789916992,2.01200008392334,3128.0,-0.0,2.0,20.176000595092773,-0.036117248237133026,-4.526468753814697,-0.4782661497592926,9.820917129516602,-0.002954825758934021,-0.06303531676530838,-1.537773847579956,5.306433200836182,46.1413688659668,-91.01410675048828
16.399237871170044,0,-0.3638556897640228,-1.5954996347427368,-4.0,-24.045005798339844,2.0160000324249268,2976.0,-0.0,2.0,20.012001037597656,-0.03462841734290123,-3.783630132675171,-0.21070048213005066,9.926267623901367,-0.009745988994836807,-0.1344091147184372,-1.3569425344467163,4.245146751403809,45.78643798828125,-91.69586181640625
16.419473886489868,0,-0.40077927708625793,-1.6404868364334106,-4.0,-23.59513282775879,2.01200008392334,2976.0,-0.0,2.0,20.00400161743164,-0.03692358359694481,-3.828523635864258,-0.3800988793373108,10.53143310546875,0.14871449768543243,0.13670480251312256,-1.2010120153427124,4.5989089012146,45.43150329589844,-91.35498809814453
16.43961262702942,0,-0.43913665413856506,-1.6880627870559692,-4.0,-23.119373321533203,2.004000186920166,3000.0,-0.0,2.0,20.00400161743164,-0.03835737705230713,-5.203464031219482,0.9930457472801208,9.359411239624023,0.05204029008746147,-0.034672223031520844,-1.0346951484680176,1.5919299125671387,45.608970642089844,-90.50279235839844
16.46006751060486,0,-0.47657760977745056,-1.723289132118225,-4.0,-22.767108917236328,2.004000186920166,2980.0,-0.0,2.0,20.00400161743164,-0.037440959364175797,-3.8015873432159424,-0.1490466445684433,10.271050453186035,0.012758065015077591,-0.05664363503456116,-0.8141819834709167,3.360740900039673,45.608970642089844,-92.2071762084961
16.480111837387085,0,-0.5151083469390869,-1.7524563074111938,-3.6037089824676514,-18.512527465820312,2.01200008392334,3072.0,-0.0,2.0,20.016000747680664,-0.038530752062797546,-3.5447962284088135,-0.9260047078132629,4.907764911651611,0.13087105751037598,0.0031452421098947525,-0.5839481949806213,4.5989089012146,45.076568603515625,-91.01410675048828
16.500357627868652,0,-0.5529951453208923,-1.7849401235580444,-3.6037089824676514,-18.18768882751465,2.0160000324249268,2968.0,-0.0,2.0,20.00800132751465,-0.037886783480644226,-3.6698997020721436,0.12390625476837158,7.136281967163086,0.06176097318530083,0.031108859926462173,-0.4454617500305176,1.9456921815872192,44.89910125732422,-91.1845474243164
16.5206401348114,0,-0.5921533703804016,-1.815970540046692,-3.6037089824676514,-17.877384185791016,2.01200008392334,2972.0,-0.0,2.0,20.020000457763672,-0.039158206433057785,-3.567542314529419,0.03411911427974701,8.863786697387695,-0.07446178793907166,0.05947195738554001,-0.28327277302742004,2.653216600418091,44.54417037963867,-92.54805755615234
16.540966033935547,0,-0.6254470348358154,-1.7828422784805298,-0.0,17.82842254638672,2.004000186920166,2988.0,-0.0,2.0,20.00800132751465,-0.033293694257736206,-4.32893705368042,-0.16879981756210327,9.368390083312988,0.008363783359527588,0.18211239576339722,-0.0459815077483654,3.5376219749450684,44.366703033447266,-91.35498809814453
16.56121015548706,0,-0.6393116116523743,-1.5875462293624878,-0.0,15.875462532043457,2.0199999809265137,2976.0,-0.0,2.0,20.02400016784668,-0.013864575885236263,-3.7896158695220947,2.0178163051605225,10.548791885375977,0.15390774607658386,0.1237882748246193,0.18212170898914337,4.5989089012146,45.076568603515625,-92.71849060058594
16.58130168914795,0,-0.647485077381134,-1.3733601570129395,-0.0,13.733601570129395,2.004000186920166,3016.0,0.17938858270645142,2.0,20.00400161743164,-0.008173439651727676,-1.4545516967773438,7.317053318023682,11.976407051086426,0.16362842917442322,-0.2426682561635971,0.37214115262031555,5.129551887512207,44.18923568725586,-91.1845474243164
16.60167145729065,0,-0.6595828533172607,-1.2379424571990967,-0.0,12.379425048828125,2.01200008392334,2972.0,0.17938858270645142,2.0,20.00800132751465,-0.012097791768610477,0.32083937525749207,5.354905128479004,3.824932098388672,0.19864952564239502,-0.27675727009773254,0.46215736865997314,2.653216600418091,44.54417037963867,-91.86630249023438
16.6218364238739,0,-0.6660115122795105,-1.0727691650390625,-0.0,10.727691650390625,2.008000135421753,2972.0,0.17938858270645142,2.0,20.00400161743164,-0.0064286720007658005,1.2642029523849487,3.6663081645965576,7.719299793243408,-0.10229223966598511,-0.06862803548574448,0.4694811701774597,2.4763355255126953,44.72163772583008,-90.67323303222656
16.642087936401367,0,-0.6707504391670227,-0.9217545390129089,-0.0,9.217545509338379,2.008000135421753,3000.0,0.42146944999694824,2.0,20.00400161743164,-0.004738944116979837,2.3889365196228027,1.6862025260925293,13.372298240661621,-0.01214287057518959,-0.020290931686758995,0.3881203532218933,3.360740900039673,45.25403594970703,-90.50279235839844
16.662334203720093,0,-0.6736125349998474,-0.7825219035148621,-0.0,7.82521915435791,2.01200008392334,2972.0,0.42146944999694824,2.0,20.020000457763672,-0.0028620800003409386,1.6897939443588257,2.9563910961151123,8.0670747756958,0.14525234699249268,-0.09898854047060013,0.22473293542861938,2.2994544506073,45.963905334472656,-90.84367370605469
16.68263077735901,0,-0.6736097931861877,-0.6408981680870056,-0.0,6.408981800079346,2.008000135421753,2992.0,0.6981333494186401,2.0,20.00400161743164,2.7520000003278255e-06,1.6634564399719238,3.434657335281372,9.332475662231445,0.10517115890979767,-0.04838770627975464,0.09170601516962051,1.2381677627563477,44.18923568725586,-90.50279235839844
16.702709674835205,0,-0.673601508140564,-0.5267689228057861,-0.0,5.267689228057861,2.01200008392334,2976.0,0.6981333494186401,2.0,20.012001037597656,8.256000000983477e-06,0.29988905787467957,4.285240650177002,9.42345905303955,0.08945827186107635,-0.06396743655204773,0.014606327749788761,1.4150488376617432,44.366703033447266,-91.35498809814453
16.723018884658813,0,-0.6739813089370728,-0.435854434967041,-0.0,4.35854434967041,2.008000135421753,2968.0,0.6981333494186401,2.0,20.012001037597656,-0.0003797760000452399,-0.7991055250167847,4.414534091949463,8.146686553955078,0.08626243472099304,-0.11829674243927002,0.06653875857591629,2.653216600418091,44.54417037963867,-90.16191864013672
16.743274927139282,0,-0.6792101263999939,-0.405595600605011,-0.0,4.05595588684082,2.01200008392334,2972.0,0.6981333494186401,2.0,20.00400161743164,-0.005228799767792225,-1.0319535732269287,4.534849166870117,7.62592077255249,0.10996492207050323,-0.1450619250535965,0.14204052090644836,5.483314037322998,45.25403594970703,-93.22981262207031
16.76354169845581,0,-0.6893154382705688,-0.4239611327648163,-0.0,4.2396111488342285,2.0160000324249268,2972.0,0.6981333494186401,2.0,20.02400016784668,-0.010105343535542488,-1.6257457733154297,4.571960926055908,6.221650123596191,0.1184871643781662,-0.07901452481746674,0.1998319923877716,3.8913843631744385,45.78643798828125,-91.35498809814453
16.783838510513306,0,-0.7007445096969604,-0.4490967392921448,0.8628256916999817,13.119224548339844,2.01200008392334,3000.0,0.6981333494186401,2.0,20.012001037597656,-0.011429055593907833,-1.5826479196548462,4.931708335876465,8.72551441192627,0.06109517440199852,0.1339084357023239,0.33139416575431824,3.5376219749450684,44.72163772583008,-91.69586181640625
16.80413293838501,0,-0.7090445160865784,-0.44334256649017334,0.8628256916999817,13.061683654785156,2.01200008392334,2980.0,0.6981333494186401,2.0,20.00800132751465,-0.00830003246665001,-1.6203585863113403,5.551239490509033,9.611413955688477,0.06375837326049805,0.14336280524730682,0.5537714958190918,3.006978750228882,44.18923568725586,-92.2071762084961
16.824361085891724,0,-0.7142898440361023,-0.4100569188594818,3.5047647953033447,39.148216247558594,2.004000186920166,2972.0,0.6981333494186401,2.0,20.016000747680664,-0.005245312117040157,-0.679987907409668,4.585129737854004,6.066617488861084,-0.016936633735895157,-0.04359394311904907,0.7497831583023071,4.775789737701416,44.54417037963867,-90.50279235839844
16.844429969787598,0,-0.7150163650512695,-0.3425522744655609,3.5047647953033447,38.47317123413086,2.01200008392334,2976.0,0.6981333494186401,2.0,20.016000747680664,-0.0007265280000865459,-1.742469072341919,4.840125560760498,8.42023754119873,-0.09949588775634766,-0.027614736929535866,0.8909327983856201,4.245146751403809,45.43150329589844,-91.01410675048828
16.864901781082153,0,-0.7149090766906738,-0.28006771206855774,3.5047647953033447,37.848323822021484,2.0199999809265137,2976.0,0.6981333494186401,2.0,20.02800178527832,0.0001073280000127852,-0.4010492265224457,4.164327621459961,8.662064552307129,-0.03584536537528038,-0.1069781482219696,1.0517902374267578,4.245146751403809,45.78643798828125,-91.69586181640625
16.884963035583496,0,-0.7148017287254333,-0.22858305275440216,4.0,42.28582763671875,2.008000135421753,2996.0,0.6981333494186401,2.0,20.012001037597656,0.0001073280000127852,0.8481891751289368,3.2933921813964844,8.146087646484375,-0.07166542112827301,-0.05171670764684677,1.07842218875885,2.653216600418091,44.89910125732422,-91.86630249023438
16.905248403549194,0,-0.7148017287254333,-0.18783313035964966,4.0,41.878334045410156,2.008000135421753,2980.0,0.6981333494186401,2.0,20.00800132751465,0.0,1.3743418455123901,2.8253018856048584,10.889384269714355,-0.07645918428897858,0.02951093763113022,1.0352783203125,4.775789737701416,47.383636474609375,-91.52542877197266
16.92550802230835,0,-0.7147411704063416,-0.152869313955307,4.0,41.52869415283203,2.004000186920166,2968.0,0.6981333494186401,2.0,20.016000747680664,6.054400000721216e-05,1.8975015878677368,2.4308371543884277,11.983590126037598,-0.09390315413475037,-0.006974922493100166,0.866165041923523,3.360740900039673,45.963905334472656,-91.86630249023438
16.945791482925415,0,-0.7145650386810303,-0.12443500757217407,4.0,41.24435043334961,2.008000135421753,2980.0,0.6981333494186401,2.0,20.012001037597656,0.00017612800002098083,2.555940628051758,1.8915157318115234,10.916918754577637,-0.052889853715896606,-0.01576348952949047,0.6124951243400574,4.5989089012146,45.076568603515625,-91.69586181640625
16.966049432754517,0,-0.7145568132400513,-0.10204696655273438,4.0,41.020469665527344,2.008000135421753,2968.0,0.6981333494186401,2.0,20.00400161743164,8.256000000983477e-06,1.9579582214355469,2.837872266769409,9.112197875976562,0.021147150546312332,0.023252414539456367,0.37839967012405396,5.306433200836182,47.206172943115234,-91.01410675048828
16.986313343048096,0,-0.7145127654075623,-0.08318915218114853,3.108474016189575,31.91663360595703,2.004000186920166,2992.0,0.6981333494186401,2.0,20.012001037597656,4.403200000524521e-05,1.8424321413040161,2.6439318656921387,8.779386520385742,-0.014140271581709385,-0.0049775224179029465,0.23831525444984436,4.245146751403809,47.206172943115234,-91.69586181640625
17.006550312042236,0,-0.7143338918685913,-0.06672153621912003,3.108474016189575,31.751955032348633,2.008000135421753,2968.0,0.6981333494186401,2.0,20.012001037597656,0.00017888000002130866,1.3228638172149658,2.9108989238739014,10.147144317626953,0.00010785646736621857,0.03283993899822235,0.14803272485733032,4.245146751403809,44.72163772583008,-91.35498809814453
17.026648998260498,0,-0.7154924869537354,-0.06597701460123062,-0.0,0.659770131111145,2.008000135421753,2996.0,0.6981333494186401,2.0,20.00400161743164,-0.0011585920583456755,0.6955510377883911,3.5430004596710205,9.043360710144043,0.049377087503671646,0.01712705008685589,0.13431723415851593,6.190838813781738,47.02870559692383,-90.84367370605469
17.046886682510376,0,-0.7226311564445496,-0.11881328374147415,-0.0,1.188132882118225,2.008000135421753,2976.0,0.6981333494186401,2.0,20.016000747680664,-0.007138688117265701,0.46988603472709656,2.924666404724121,7.847395896911621,0.013290703296661377,0.02777985669672489,0.16188137233257294,4.775789737701416,47.73857116699219,-92.88893127441406
17.06715750694275,0,-0.7304083108901978,-0.16697078943252563,-0.0,1.6697078943252563,2.01200008392334,2980.0,0.6981333494186401,2.0,20.00800132751465,-0.007777152117341757,0.2939032316207886,0.5524901747703552,9.385748863220215,-0.10202592611312866,0.027513537555933,0.1729336529970169,5.129551887512207,45.608970642089844,-91.86630249023438
17.087428092956543,0,-0.7363553643226624,-0.1897680014371872,-0.0,1.8976800441741943,2.01200008392334,2996.0,0.6981333494186401,2.0,20.00400161743164,-0.005947072058916092,0.3519655764102936,0.2759458124637604,10.177671432495117,-0.06154526025056839,0.056142956018447876,0.14843221008777618,6.013957500457764,47.56110382080078,-92.37761688232422
17.107726335525513,0,-0.739759624004364,-0.18619337677955627,-0.0,1.861933708190918,2.008000135421753,2972.0,0.6981333494186401,2.0,20.00400161743164,-0.003404224058613181,0.5710461735725403,0.38369038701057434,8.511820793151855,0.009961701929569244,-0.02375309355556965,0.09703242033720016,6.367719650268555,47.56110382080078,-93.05937194824219
17.127992391586304,0,-0.7408273816108704,-0.1613258570432663,-0.03709123283624649,1.2423462867736816,2.008000135421753,3080.0,0.6981333494186401,2.0,20.00400161743164,-0.0010677760001271963,0.31365641951560974,0.7039311528205872,9.36180591583252,-0.0014900639653205872,-0.010037606582045555,0.05215746909379959,6.013957500457764,47.206172943115234,-91.69586181640625
17.148250579833984,0,-0.740821897983551,-0.13290420174598694,-0.03709123283624649,0.9581297039985657,2.008000135421753,2976.0,0.6981333494186401,2.0,20.012001037597656,5.504000000655651e-06,0.2160877138376236,0.952940821647644,9.16247844696045,0.019416067749261856,-0.013366607949137688,0.07692524790763855,4.5989089012146,48.270973205566406,-93.05937194824219
17.168341875076294,0,-0.740821897983551,-0.10904278606176376,-0.03709123283624649,0.7195155620574951,2.01200008392334,2980.0,0.6981333494186401,2.0,20.00400161743164,0.0,0.17837712168693542,0.9349834322929382,8.591431617736816,0.009828541427850723,0.014863329008221626,0.09982877969741821,5.306433200836182,46.1413688659668,-91.35498809814453
17.188613653182983,0,-0.743601381778717,-0.11564827710390091,-3.1083455085754395,-29.926971435546875,2.01200008392334,2996.0,0.48487159609794617,2.0,20.00400161743164,-0.0027795201167464256,0.24841108918190002,0.5896022319793701,9.11279582977295,-0.010678109712898731,0.012333287857472897,0.09836401790380478,5.306433200836182,48.270973205566406,-92.37761688232422
17.209012985229492,0,-0.756312906742096,-0.21017098426818848,-3.1083455085754395,-28.98174476623535,2.008000135421753,2980.0,0.48487159609794617,2.0,20.012001037597656,-0.012711487710475922,0.15563103556632996,0.08260416984558105,8.026371955871582,0.006632700562477112,0.0004820413887500763,0.04869530722498894,6.013957500457764,47.916038513183594,-91.69586181640625
17.229255437850952,0,-0.7690684199333191,-0.2842477858066559,-4.0,-37.15752029418945,2.01200008392334,3128.0,-0.0,2.0,20.160001754760742,-0.012755519710481167,-0.5483001470565796,-0.5985808968544006,12.601325988769531,-0.17073653638362885,0.028845136985182762,0.06627244502305984,4.5989089012146,46.49630355834961,-93.05937194824219
17.249568700790405,0,-0.777739942073822,-0.31261423230171204,-4.0,-36.87385940551758,2.01200008392334,2980.0,-0.0,2.0,20.012001037597656,-0.008671551942825317,-1.4144467115402222,-2.0249993801116943,9.360608100891113,-0.08271771669387817,0.07372008264064789,0.1672077775001526,5.483314037322998,49.15830612182617,-90.50279235839844
17.269845724105835,0,-0.7907761931419373,-0.3739403486251831,-4.0,-36.260597229003906,2.008000135421753,2968.0,-0.0,2.0,20.016000747680664,-0.01303622405976057,-0.8230487704277039,-1.1426910161972046,7.525359630584717,0.09065671265125275,0.07638328522443771,0.25509345531463623,4.775789737701416,46.3188362121582,-92.2071762084961
17.290153741836548,0,-0.8030996322631836,-0.4163247048854828,-4.0,-35.836753845214844,2.008000135421753,3000.0,0.04105663672089577,2.0,20.012001037597656,-0.012323455885052681,-0.7099169492721558,-1.0672698020935059,8.97033405303955,-0.022795677185058594,0.01473016943782568,0.32766568660736084,3.5376219749450684,47.206172943115234,-91.35498809814453
17.310357570648193,0,-0.8154203295707703,-0.45304036140441895,-4.0,-35.46959686279297,2.0240001678466797,2984.0,0.04105663672089577,2.0,20.00400161743164,-0.012320703826844692,-0.5548844933509827,-1.5808522701263428,9.807748794555664,-0.0005579441785812378,0.09156353771686554,0.4048985242843628,6.367719650268555,47.916038513183594,-92.37761688232422
17.330459356307983,0,-0.8287923336029053,-0.4899129569530487,-4.0,-35.100868225097656,2.004000186920166,3044.0,0.3350119888782501,2.0,20.00800132751465,-0.0133719677105546,-1.0283620357513428,-1.3845176696777344,8.617769241333008,0.04325171932578087,0.11513286828994751,0.4620242118835449,5.660195350646973,47.916038513183594,-93.05937194824219
17.350685834884644,0,-0.8405240774154663,-0.5090632438659668,-4.0,-34.909366607666016,2.004000186920166,2980.0,0.3350119888782501,2.0,20.00800132751465,-0.011731776408851147,0.3549584746360779,-1.7472577095031738,8.624354362487793,-0.022795677185058594,0.014064368791878223,0.5592310428619385,5.660195350646973,46.85123825073242,-92.71849060058594
17.370952129364014,0,-0.8532383441925049,-0.5317502617835999,-4.0,-34.682498931884766,2.01200008392334,2976.0,0.3350119888782501,2.0,20.016000747680664,-0.01271423976868391,0.2591855525970459,-1.4437772035598755,7.755214691162109,-0.025192558765411377,0.05507767200469971,0.6135603785514832,6.190838813781738,48.093505859375,-91.52542877197266
17.391249895095825,0,-0.8658892512321472,-0.5489945411682129,-4.0,-34.51005554199219,2.004000186920166,2980.0,0.6635503172874451,2.0,20.00400161743164,-0.012650944292545319,0.6213269829750061,-1.866973876953125,8.429216384887695,-0.07259754836559296,0.07225532084703445,0.6043723225593567,5.837076663970947,48.093505859375,-92.54805755615234
17.411558151245117,0,-0.8782760500907898,-0.5623405575752258,-4.0,-34.37659454345703,2.004000186920166,2976.0,0.6635503172874451,2.0,20.012001037597656,-0.012386752292513847,1.0056159496307373,-2.3177053928375244,10.9037504196167,-0.07392914593219757,-0.038933344185352325,0.4917188882827759,5.129551887512207,47.73857116699219,-92.88893127441406
17.43174147605896,0,-0.891372799873352,-0.5779343843460083,-4.0,-34.22065734863281,2.004000186920166,2996.0,0.6981333494186401,2.0,20.012001037597656,-0.013096768409013748,0.5177724957466125,-1.9465851783752441,9.956196784973145,-0.0014900639653205872,-0.0569099485874176,0.41848087310791016,5.660195350646973,47.916038513183594,-92.37761688232422
17.45185685157776,0,-0.9048053026199341,-0.5957212448120117,-4.0,-34.04278564453125,2.004000186920166,2972.0,0.6981333494186401,2.0,20.012001037597656,-0.013432512059807777,0.6722064018249512,-2.029189348220825,10.120806694030762,0.01262490451335907,-0.006309123709797859,0.34138116240501404,6.190838813781738,49.513240814208984,-91.52542877197266
17.47209930419922,0,-0.9187386631965637,-0.6138173341751099,-4.0,-33.8618278503418,2.004000186920166,2980.0,0.6981333494186401,2.0,20.016000747680664,-0.013933376409113407,0.5375256538391113,-1.7807782888412476,11.163534164428711,0.0010399781167507172,-0.05890735238790512,0.2730700671672821,6.367719650268555,48.270973205566406,-92.71849060058594
17.492371320724487,0,-0.9335499405860901,-0.6366001963615417,-4.0,-33.63399887084961,2.004000186920166,2980.0,0.6981333494186401,2.0,20.00400161743164,-0.014811264351010323,-1.1169520616531372,0.19453880190849304,10.140559196472168,-0.019999315962195396,0.001946801319718361,0.22699664533138275,5.837076663970947,47.73857116699219,-92.2071762084961
17.512656688690186,0,-0.949679434299469,-0.6673808693885803,-4.0,-33.32619094848633,2.008000135421753,2980.0,0.6981333494186401,2.0,20.00400161743164,-0.016129471361637115,-2.0974276065826416,0.5016108155250549,10.203410148620605,0.05869829282164574,0.17545439302921295,0.32966309785842896,6.721481800079346,47.916038513183594,-93.4002456665039
17.532891750335693,0,-0.9670307636260986,-0.7022320628166199,-4.0,-32.97768020629883,2.004000186920166,2988.0,0.6981333494186401,2.0,20.012001037597656,-0.017351359128952026,-3.6615195274353027,0.7715708017349243,9.652715682983398,0.10370638966560364,0.03470418229699135,0.5319332480430603,7.605887413024902,47.73857116699219,-92.54805755615234
17.553189277648926,0,-0.9842445254325867,-0.7317084074020386,-4.0,-32.68291473388672,2.004000186920166,2972.0,0.6981333494186401,2.0,20.012001037597656,-0.017213759943842888,-1.6670478582382202,0.26756566762924194,7.600182056427002,0.02301139011979103,-0.05464623123407364,0.7750835418701172,7.782768726348877,48.62590408325195,-92.71849060058594
17.573437690734863,0,-1.0031453371047974,-0.7662692070007324,-4.0,-32.33730697631836,2.004000186920166,2976.0,0.6981333494186401,2.0,20.07200050354004,-0.018900735303759575,-1.8274675607681274,-0.11432895809412003,10.977375984191895,0.00436897948384285,0.10847486555576324,0.9484579563140869,6.190838813781738,48.44844055175781,-91.86630249023438
17.59369397163391,0,-1.0218065977096558,-0.799635648727417,-4.0,-32.00364303588867,2.004000186920166,2968.0,0.6981333494186401,2.0,20.00400161743164,-0.018661312758922577,-0.6057639122009277,-0.7781552076339722,8.383126258850098,-0.025192558765411377,-0.020290931686758995,1.054852843284607,6.721481800079346,48.980838775634766,-93.4002456665039
17.614022254943848,0,-1.0413155555725098,-0.831112265586853,-4.0,-31.68887710571289,2.0360000133514404,2976.0,0.6981333494186401,2.0,20.00800132751465,-0.019508928060531616,-0.3184450566768646,-1.2025490999221802,9.768241882324219,-0.05462093651294708,-0.01869300939142704,1.07988703250885,7.605887413024902,49.513240814208984,-93.57068634033203
17.63414239883423,0,-1.0621894598007202,-0.8682277798652649,-4.0,-31.31772232055664,2.004000186920166,2992.0,0.6981333494186401,2.0,20.00800132751465,-0.020873919129371643,0.797908365726471,-1.7346875667572021,7.897676944732666,-0.03398112207651138,-0.09672481566667557,1.0906729698181152,8.136530876159668,50.04563903808594,-92.71849060058594
17.65434980392456,0,-1.083677053451538,-0.9066070914268494,-4.0,-30.933929443359375,2.004000186920166,2980.0,0.6981333494186401,2.0,20.00400161743164,-0.021487616002559662,0.806288480758667,-0.7967112064361572,9.578492164611816,-0.062077902257442474,-0.020290931686758995,1.0580487251281738,8.490293502807617,49.33577346801758,-92.71849060058594
17.674642324447632,0,-1.1068406105041504,-0.9518976807594299,-4.0,-30.48102378845215,2.004000186920166,2976.0,0.6347311735153198,2.0,20.00800132751465,-0.023163583129644394,1.3545886278152466,-1.7472577095031738,9.370784759521484,0.016087066382169724,0.06493151932954788,1.0716310739517212,9.1978178024292,50.04563903808594,-93.74112701416016
17.694875717163086,0,-1.1305490732192993,-0.9936273694038391,-4.0,-30.0637264251709,2.0160000324249268,2980.0,0.6347311735153198,2.0,20.00400161743164,-0.02370847947895527,0.5698490142822266,-1.3492014408111572,10.335697174072266,0.01875026896595955,-0.0027138013392686844,1.1484644412994385,9.1978178024292,50.04563903808594,-92.0367431640625
17.715238332748413,0,-1.1547777652740479,-1.032921552658081,-4.0,-29.67078399658203,2.01200008392334,2972.0,0.6347311735153198,2.0,20.00800132751465,-0.02422860823571682,0.8595622181892395,-2.1979892253875732,9.632963180541992,0.04458332434296608,0.06573048233985901,1.2077206373214722,9.728460311889648,49.86817169189453,-93.22981262207031
17.735442876815796,0,-1.1805254220962524,-1.0769238471984863,-4.0,-29.230762481689453,2.004000186920166,3000.0,0.6347311735153198,2.0,20.00400161743164,-0.025747712701559067,0.29869186878204346,-1.42103111743927,9.259448051452637,0.035927917808294296,0.04509066790342331,1.2271620035171509,10.435985565185547,50.93297576904297,-92.88893127441406
17.75551462173462,0,-1.2061657905578613,-1.1155954599380493,-4.0,-28.84404754638672,2.004000186920166,2976.0,0.6347311735153198,2.0,20.016000747680664,-0.02564038336277008,-0.7817466855049133,-0.2250664234161377,10.169890403747559,-0.03464692458510399,0.022719774395227432,1.2665773630142212,11.143509864807129,51.64284133911133,-93.57068634033203
17.77578616142273,0,-1.2287404537200928,-1.113930106163025,1.3912135362625122,25.051437377929688,2.004000186920166,2976.0,0.6001482009887695,2.0,20.00800132751465,-0.02257465571165085,-0.03352053090929985,-0.36752867698669434,12.160770416259766,0.0005073361098766327,0.03776686266064644,1.311052918434143,9.905342102050781,53.24004364013672,-93.74112701416016
17.79603123664856,0,-1.2328437566757202,-0.9498173594474792,1.3912135362625122,23.410308837890625,2.01200008392334,2976.0,0.6001482009887695,2.0,20.012001037597656,-0.004103232175111771,1.2151192426681519,-0.31365641951560974,8.425026893615723,0.06708738207817078,-0.050118789076805115,1.3366196155548096,9.905342102050781,50.75550842285156,-92.0367431640625
17.816359043121338,0,-1.2314153909683228,-0.7676365971565247,1.3912135362625122,21.5885009765625,2.004000186920166,2976.0,0.6001482009887695,2.0,20.016000747680664,0.0014282879419624805,2.9432225227355957,1.6832095384597778,9.772432327270508,0.1184871643781662,-0.06822855770587921,1.3332905769348145,12.027915000915527,52.530174255371094,-92.37761688232422
17.836617469787598,0,-1.2334160804748535,-0.646320641040802,-0.0,6.4632062911987305,2.01200008392334,2996.0,0.3580673038959503,2.0,20.00800132751465,-0.0020007039420306683,0.7488247156143188,4.695867538452148,7.145260334014893,0.2166261374950409,0.12365511804819107,1.1884124279022217,11.851034164428711,53.77244186401367,-91.86630249023438
17.856868028640747,0,-1.2329262495040894,-0.5270695686340332,-0.0,5.270695686340332,2.004000186920166,2968.0,0.3580673038959503,2.0,20.012001037597656,0.000489856000058353,-0.22686217725276947,4.551609516143799,10.272247314453125,-0.07765762507915497,0.03497049957513809,1.0829496383666992,14.150487899780273,51.46537399291992,-89.9914779663086
17.87693214416504,0,-1.2341563701629639,-0.4432026445865631,-0.0,4.432026386260986,2.008000135421753,3000.0,-0.0,2.0,20.00400161743164,-0.001230143941938877,2.2345025539398193,2.2362983226776123,10.029223442077637,-0.08191875368356705,-0.031609535217285156,1.0033199787139893,15.211774826049805,52.17524337768555,-91.69586181640625
17.897225618362427,0,-1.2391072511672974,-0.4092673659324646,-0.0,4.0926737785339355,2.008000135421753,2960.0,-0.0,2.0,20.012001037597656,-0.004950847942382097,1.1768101453781128,3.0665299892425537,8.221508979797363,0.01475546509027481,0.10993962734937668,0.8501858115196228,14.150487899780273,53.59497833251953,-91.69586181640625
17.91753077507019,0,-1.2470550537109375,-0.4077216684818268,-0.0,4.077216625213623,2.004000186920166,2960.0,-0.0,2.0,20.00400161743164,-0.007947776466608047,2.083660125732422,2.1764402389526367,9.898733139038086,-0.02758944034576416,0.03283993899822235,0.7971881031990051,13.619845390319824,52.35271072387695,-91.86630249023438
17.93781065940857,0,-1.2586684226989746,-0.4382113814353943,-0.0,4.382113933563232,2.01200008392334,2976.0,-0.0,2.0,20.00800132751465,-0.01161343976855278,2.8300905227661133,2.000457525253296,8.152671813964844,-0.056751497089862823,0.04415854811668396,0.7955902218818665,15.388655662536621,51.64284133911133,-90.50279235839844
17.95805263519287,0,-1.2692471742630005,-0.4547853469848633,-0.0,4.547853469848633,2.01200008392334,2960.0,-0.0,2.0,20.00800132751465,-0.010578688234090805,1.9681340456008911,2.0226049423217773,9.530007362365723,-0.08032083511352539,0.10234950482845306,0.835138738155365,15.034893989562988,53.06257629394531,-89.821044921875
17.978166341781616,0,-1.2827154397964478,-0.4939577877521515,-1.9194728136062622,-14.25515079498291,2.008000135421753,3076.0,-0.0,2.0,20.016000747680664,-0.013468287885189056,2.839069366455078,1.1923731565475464,8.72671127319336,-0.09283788502216339,0.05747455358505249,0.8403319716453552,14.327369689941406,52.7076416015625,-90.84367370605469
17.99837875366211,0,-1.3086199760437012,-0.6419654488563538,-1.9194728136062622,-12.775073051452637,2.008000135421753,2952.0,-0.0,2.0,20.012001037597656,-0.025904575362801552,2.5170328617095947,0.09038572013378143,8.844632148742676,-0.025858359411358833,0.07917964458465576,0.7441903948783875,15.388655662536621,53.417510986328125,-91.52542877197266
18.018818378448486,0,-1.3392828702926636,-0.8003136515617371,-1.9194728136062622,-11.1915922164917,2.01200008392334,2972.0,-0.0,2.0,20.020000457763672,-0.030662784352898598,3.1581130027770996,-1.782573938369751,8.165841102600098,-0.09403632581233978,0.03164149820804596,0.6007770299911499,16.44994354248047,51.99777603149414,-91.52542877197266
18.03890562057495,0,-1.3615326881408691,-0.8547028303146362,-4.0,-31.452970504760742,2.008000135421753,2992.0,-0.0,2.0,20.012001037597656,-0.022249920293688774,2.928856372833252,-2.0597169399261475,13.644652366638184,-0.38392582535743713,-0.03214217722415924,0.39397940039634705,16.44994354248047,53.417510986328125,-92.2071762084961
18.059372663497925,0,-1.3890857696533203,-0.9510847330093384,-4.0,-30.489154815673828,2.01200008392334,2956.0,-0.0,2.0,20.00800132751465,-0.027553023770451546,2.4392173290252686,-3.232935667037964,10.246508598327637,-0.10455596446990967,-0.0656985193490982,0.20063094794750214,14.858013153076172,52.17524337768555,-92.37761688232422
18.079639673233032,0,-1.4185487031936646,-1.0374733209609985,-4.0,-29.625267028808594,2.01200008392334,3120.0,-0.0,2.0,20.14000129699707,-0.029462911188602448,1.5353600978851318,-1.461734652519226,8.675232887268066,0.033797357231378555,0.07425272464752197,-0.022545333951711655,15.211774826049805,54.30484390258789,-92.37761688232422
18.099716663360596,0,-1.4410682916641235,-1.0580782890319824,-4.0,-29.41921615600586,2.01200008392334,2960.0,-0.0,2.0,20.012001037597656,-0.022519616410136223,0.8290345668792725,-1.7454619407653809,10.453019142150879,-0.1447703093290329,-0.11989466845989227,-0.07927152514457703,16.8037052154541,53.417510986328125,-91.1845474243164
18.120685815811157,0,-1.4678865671157837,-1.10907781124115,-4.0,-28.909221649169922,2.01200008392334,2956.0,-0.0,2.0,20.00800132751465,-0.02681824006140232,-0.27355149388313293,-0.7147056460380554,7.299095630645752,0.019549228250980377,0.060137756168842316,-0.05423743277788162,16.980587005615234,54.6597785949707,-91.01410675048828
18.140251874923706,0,-1.4938241243362427,-1.1408203840255737,-4.0,-28.591794967651367,2.01200008392334,2984.0,-0.0,2.0,20.00400161743164,-0.025937600061297417,-0.46689313650131226,-1.1768101453781128,7.784544944763184,-0.024127278476953506,0.08117704838514328,0.014872648753225803,15.034893989562988,53.417510986328125,-92.2071762084961
18.160707235336304,0,-1.5189939737319946,-1.1638543605804443,-4.0,-28.3614559173584,2.0240001678466797,2952.0,-0.0,2.0,20.00400161743164,-0.025169791653752327,-0.169996976852417,-1.8609881401062012,9.733524322509766,-0.04396812990307808,0.052947111427783966,0.0697346031665802,17.6881103515625,52.885108947753906,-92.71849060058594
18.180806398391724,0,-1.5460819005966187,-1.193586826324463,-4.0,-28.064132690429688,2.01200008392334,3056.0,-0.0,2.0,20.012001037597656,-0.02708793617784977,-0.5518916249275208,-1.3899048566818237,8.03834342956543,-0.0018895436078310013,0.034304700791835785,0.09436921775341034,16.096179962158203,54.127376556396484,-93.57068634033203
18.20106267929077,0,-1.5705912113189697,-1.2030797004699707,-4.0,-27.96920394897461,2.0160000324249268,2956.0,-0.0,2.0,20.00800132751465,-0.024509312584996223,0.17658136785030365,-2.3602046966552734,7.823452472686768,-0.023860957473516464,0.042560625821352005,0.11154686659574509,15.565537452697754,53.94990921020508,-90.67323303222656
18.221355438232422,0,-1.5962865352630615,-1.2179621458053589,-4.0,-27.820377349853516,2.004000186920166,2972.0,-0.0,2.0,20.012001037597656,-0.025695424526929855,0.3681272566318512,-1.6215556859970093,10.773858070373535,-0.014140271581709385,0.025915615260601044,0.11780539900064468,16.273061752319336,52.17524337768555,-93.74112701416016
18.24152159690857,0,-1.62222421169281,-1.229718804359436,-4.0,-27.70281219482422,2.0160000324249268,2992.0,-0.0,2.0,20.012001037597656,-0.025937600061297417,0.18975014984607697,-1.530571460723877,9.232512474060059,-0.013208150863647461,-0.001914840191602707,0.12646079063415527,17.157466888427734,53.77244186401367,-91.52542877197266
18.261876106262207,0,-1.6471352577209473,-1.2346901893615723,-4.0,-27.653099060058594,2.008000135421753,2968.0,-0.0,2.0,20.040000915527344,-0.024911103770136833,0.5913979411125183,-1.9016915559768677,10.475765228271484,-0.01613767258822918,0.07145636528730392,0.10968262702226639,16.62682342529297,53.94990921020508,-92.0367431640625
18.282064199447632,0,-1.6727068424224854,-1.240298867225647,-4.0,-27.59701156616211,2.004000186920166,2988.0,-0.0,2.0,20.016000747680664,-0.025571584701538086,0.5010122060775757,-1.5353600978851318,9.06071949005127,0.03805847838521004,-0.011768685653805733,0.07998792827129364,16.62682342529297,51.820308685302734,-92.37761688232422
18.30223250389099,0,-1.6982756853103638,-1.2488179206848145,-4.0,-27.511821746826172,2.0160000324249268,2964.0,-0.0,2.0,20.00400161743164,-0.025568831712007523,0.5016108155250549,-1.4491643905639648,4.803013324737549,-0.0503598153591156,0.04429170489311218,0.0303192175924778,17.511228561401367,53.77244186401367,-91.1845474243164
18.322516441345215,0,-1.7229996919631958,-1.2452409267425537,-0.7306002378463745,5.146407127380371,2.01200008392334,2964.0,-0.0,2.0,20.012001037597656,-0.024723967537283897,-0.0610552541911602,-1.6466960906982422,11.983590126037598,-0.019599834457039833,0.032174140214920044,0.03484665974974632,17.864992141723633,53.417510986328125,-92.2071762084961
18.34279155731201,0,-1.7327252626419067,-1.1077145338058472,-0.7306002378463745,3.7711429595947266,2.004000186920166,2956.0,-0.0,2.0,20.012001037597656,-0.009725567884743214,-0.010175875388085842,1.1145577430725098,9.133746147155762,0.05590193346142769,-0.08607201278209686,0.07306360453367233,16.62682342529297,53.59497833251953,-90.67323303222656
18.363014698028564,0,-1.7398309707641602,-0.9732797741889954,-0.7306002378463745,2.426795482635498,2.008000135421753,2960.0,-0.0,2.0,20.020000457763672,-0.007105663884431124,-0.002394323702901602,2.719951629638672,9.994505882263184,0.10130950808525085,0.012333287857472897,0.061878155916929245,18.3956356048584,53.59497833251953,-91.01410675048828
18.383276224136353,0,-1.7542210817337036,-0.9259730577468872,-0.0,9.259730339050293,2.0160000324249268,2996.0,-0.12177269160747528,2.0,20.016000747680664,-0.014390207827091217,-0.33161383867263794,2.9569897651672363,5.851128578186035,0.15364141762256622,-0.028280535712838173,0.06480768322944641,16.273061752319336,52.885108947753906,-91.01410675048828
18.403624057769775,0,-1.7644420862197876,-0.8525390625,-0.0,8.525390625,2.004000186920166,2956.0,-0.12177269160747528,2.0,20.00800132751465,-0.010220928117632866,0.6374886631965637,2.9527997970581055,8.278972625732422,0.050176043063402176,-0.005776483565568924,0.07918897271156311,17.511228561401367,53.417510986328125,-89.821044921875
18.423632621765137,0,-1.7724860906600952,-0.7696055769920349,-0.0,7.696055889129639,2.004000186920166,2952.0,-0.14482800662517548,2.0,20.00400161743164,-0.00804409570991993,-0.1221105083823204,4.166123390197754,9.331277847290039,-0.015338712371885777,0.021121852099895477,0.051491670310497284,16.980587005615234,52.885108947753906,-91.35498809814453
18.443906784057617,0,-1.7766581773757935,-0.6696934700012207,-0.0,6.696934700012207,2.01200008392334,2948.0,-0.14482800662517548,2.0,20.00800132751465,-0.00417203176766634,-0.5656589865684509,3.8021860122680664,9.652117729187012,-0.011876550503075123,0.04109586402773857,0.07839000970125198,17.334348678588867,53.24004364013672,-89.30972290039062
18.464214086532593,0,-1.7770434617996216,-0.5527594089508057,-0.0,5.527594089508057,2.0160000324249268,2948.0,-0.14482800662517548,2.0,20.012001037597656,-0.0003852800000458956,0.540518581867218,3.013256311416626,9.99929428100586,0.02607407048344612,-0.019625132903456688,0.10608730465173721,14.858013153076172,53.59497833251953,-91.69586181640625
18.48445463180542,0,-1.7771204710006714,-0.45369499921798706,-0.0,4.53695011138916,2.01200008392334,2964.0,-0.14482800662517548,2.0,20.00400161743164,-7.705600000917912e-05,0.9409692287445068,3.185049057006836,9.261842727661133,0.08799350261688232,-0.021622532978653908,0.042303625494241714,15.211774826049805,52.885108947753906,-91.35498809814453
18.504711627960205,0,-1.7801614999771118,-0.40079089999198914,-0.0,4.007908821105957,2.0160000324249268,2960.0,-0.14482800662517548,2.0,20.00400161743164,-0.003040960058569908,1.3312439918518066,3.144944190979004,8.296331405639648,0.05164080485701561,-0.012967126443982124,-0.06635499745607376,17.864992141723633,51.287906646728516,-91.1845474243164
18.524991750717163,0,-1.790233850479126,-0.420928955078125,-3.1083455085754395,-26.874164581298828,2.004000186920166,2960.0,-0.17941100895404816,2.0,20.012001037597656,-0.010072319768369198,1.7789825201034546,2.5607292652130127,8.003625869750977,0.01994870975613594,0.04096270352602005,-0.17261675000190735,17.864992141723633,53.77244186401367,-92.2071762084961
18.545073986053467,0,-1.814894437789917,-0.5686993598937988,-3.1083455085754395,-25.396461486816406,2.004000186920166,2952.0,-0.17941100895404816,2.0,20.00800132751465,-0.02466067112982273,1.4318056106567383,0.7679793238639832,8.139503479003906,-0.043302327394485474,0.019124452024698257,-0.25251278281211853,17.511228561401367,53.06257629394531,-91.52542877197266
18.56536316871643,0,-1.8482927083969116,-0.7661274075508118,-3.1083455085754395,-23.422182083129883,2.01200008392334,2956.0,-0.17941100895404816,2.0,20.016000747680664,-0.03339827060699463,0.8649494647979736,-0.38189461827278137,9.568914413452148,-0.14823247492313385,-0.021356211975216866,-0.30151569843292236,15.388655662536621,54.127376556396484,-91.52542877197266
18.58564329147339,0,-1.87408447265625,-0.857488751411438,-4.0,-31.425113677978516,2.004000186920166,2976.0,-0.38114506006240845,2.0,20.012001037597656,-0.025791743770241737,0.2549954652786255,-1.4000808000564575,8.365168571472168,-0.29963549971580505,0.011933807283639908,-0.28207433223724365,15.919299125671387,52.530174255371094,-92.71849060058594
18.605916023254395,0,-1.9013017416000366,-0.9502302408218384,-4.0,-30.497699737548828,2.004000186920166,2952.0,-0.38114506006240845,2.0,20.00400161743164,-0.027217280119657516,-0.5435115098953247,-2.592453956604004,8.164644241333008,-0.07113278657197952,0.13310948014259338,-0.18073950707912445,16.44994354248047,53.77244186401367,-91.86630249023438
18.62621283531189,0,-1.9329277276992798,-1.062523603439331,-4.0,-29.37476348876953,2.004000186920166,2964.0,-0.4618386924266815,2.0,20.012001037597656,-0.031625982373952866,-1.6149712800979614,-1.3737431764602661,7.536133766174316,0.07667490839958191,0.1425638496875763,-0.10750146210193634,15.74241828918457,53.417510986328125,-91.86630249023438
18.646455764770508,0,-1.9590414762496948,-1.1059225797653198,-4.0,-28.940773010253906,2.004000186920166,2960.0,-0.4618386924266815,2.0,20.00800132751465,-0.026113728061318398,-0.9804755449295044,-1.595816731452942,10.529637336730957,-0.059814177453517914,0.030176738277077675,-0.029869139194488525,17.157466888427734,54.127376556396484,-92.54805755615234
18.666722536087036,0,-1.9881713390350342,-1.1690183877944946,-4.0,-28.309818267822266,2.01200008392334,2948.0,-0.4618386924266815,2.0,20.00800132751465,-0.02912992052733898,0.43456974625587463,-2.3590073585510254,8.690796852111816,0.055635612457990646,0.06786104291677475,-0.002571322023868561,17.511228561401367,53.06257629394531,-91.1845474243164
18.686808824539185,0,-2.00862979888916,-1.136847734451294,1.1600438356399536,22.968917846679688,2.008000135421753,2984.0,-0.0,2.0,20.00400161743164,-0.020458368584513664,1.7053570747375488,-2.545166015625,10.198022842407227,0.08240078389644623,0.09728942066431046,-0.04917735233902931,17.6881103515625,52.17524337768555,-90.33235931396484
18.707109451293945,0,-2.0081756114959717,-0.9282791614532471,1.1600438356399536,20.88323211669922,2.0160000324249268,2972.0,-0.0,2.0,20.00800132751465,0.0004540800000540912,1.0989946126937866,-1.2486398220062256,7.691166400909424,0.04445016011595726,-0.025484176352620125,-0.2192227691411972,16.44994354248047,52.7076416015625,-91.1845474243164
18.727498531341553,0,-2.0042567253112793,-0.7233243584632874,-0.0,7.233243465423584,2.01200008392334,3040.0,-0.0,2.0,20.192001342773438,0.003918848000466824,1.4473686218261719,0.6578404307365417,9.355819702148438,0.26389798521995544,0.09795521944761276,-0.37262317538261414,16.44994354248047,52.7076416015625,-90.84367370605469
18.747770071029663,0,-2.0047686100006104,-0.6009185314178467,-0.0,6.009185314178467,2.008000135421753,2952.0,-0.0,2.0,20.00400161743164,-0.0005118720000609756,-0.5668561458587646,4.011689186096191,8.981706619262695,0.45591479539871216,0.04881914705038071,-0.4449290931224823,17.6881103515625,53.24004364013672,-90.67323303222656
18.768081188201904,0,-2.0048182010650635,-0.4937702715396881,-0.0,4.937702655792236,2.004000186920166,2956.0,-0.0,2.0,20.012001037597656,-4.953600000590086e-05,0.5692504644393921,3.3759963512420654,7.627118110656738,0.15177717804908752,0.009936406277120113,-0.49020352959632874,16.096179962158203,53.417510986328125,-90.84367370605469
18.788224935531616,0,-2.0077297687530518,-0.4311489760875702,-0.0,4.311489582061768,2.008000135421753,2968.0,-0.0,2.0,20.00800132751465,-0.0029116161167621613,-0.936180591583252,3.1700844764709473,7.994647026062012,-0.07832343131303787,0.04389222711324692,-0.5871440768241882,17.6881103515625,53.24004364013672,-92.37761688232422
18.808632612228394,0,-2.013357639312744,-0.40517476201057434,-0.0,4.051747798919678,2.008000135421753,2960.0,-0.0,2.0,20.012001037597656,-0.0056278398260474205,-1.0732556581497192,2.5146384239196777,10.79660415649414,-0.1016264408826828,-0.10844290256500244,-0.6238962411880493,16.980587005615234,52.530174255371094,-92.37761688232422
18.828887462615967,0,-2.0247068405151367,-0.43372493982315063,-0.928745687007904,-4.950207710266113,2.01200008392334,3104.0,-0.0,2.0,20.18000030517578,-0.011349247768521309,-2.2770018577575684,3.2473015785217285,9.92806339263916,0.024742472916841507,-0.08846889436244965,-0.543201208114624,16.8037052154541,51.99777603149414,-92.88893127441406
18.849206924438477,0,-2.0431535243988037,-0.5238438248634338,-0.928745687007904,-4.049018859863281,2.008000135421753,2952.0,-0.0,2.0,20.00800132751465,-0.018446655943989754,-2.9456167221069336,2.199784994125366,7.75102424621582,0.030601516366004944,-0.09619217365980148,-0.42575404047966003,16.8037052154541,52.35271072387695,-92.2071762084961
18.869391441345215,0,-2.0623323917388916,-0.6014952063560486,-0.928745687007904,-3.2725048065185547,2.004000186920166,2952.0,-0.0,2.0,20.00400161743164,-0.019178688526153564,-2.493089437484741,1.7382789850234985,7.950950622558594,-0.13518278300762177,-0.16210640966892242,-0.2779463529586792,15.74241828918457,54.127376556396484,-91.52542877197266
18.889719486236572,0,-2.078134298324585,-0.6340373158454895,-4.0,-33.65962600708008,2.008000135421753,2972.0,-0.0,2.0,20.00800132751465,-0.015801984816789627,-1.8735582828521729,0.9451592564582825,9.52821159362793,-0.04889505356550217,-0.035737499594688416,-0.07008348405361176,15.211774826049805,53.94990921020508,-91.69586181640625
18.90999460220337,0,-2.0933940410614014,-0.6581267714500427,-4.0,-33.418731689453125,2.004000186920166,2952.0,-0.0,2.0,20.016000747680664,-0.015259839594364166,-1.7819753885269165,0.2759458124637604,9.193005561828613,-0.14157447218894958,-0.0756855234503746,0.0903744176030159,15.74241828918457,53.417510986328125,-91.1845474243164
18.93006205558777,0,-2.1080374717712402,-0.6685123443603516,-4.0,-33.314876556396484,2.008000135421753,3056.0,-0.17941100895404816,2.0,20.012001037597656,-0.014643391594290733,-0.468090295791626,-1.2169150114059448,9.641942024230957,-0.12279888987541199,-0.05051826685667038,0.20702263712882996,15.388655662536621,53.06257629394531,-92.2071762084961
18.95030379295349,0,-2.1231460571289062,-0.6870215535163879,-4.0,-33.129783630371094,2.004000186920166,2960.0,-0.17941100895404816,2.0,20.016000747680664,-0.015108480118215084,1.5042338371276855,-1.8394391536712646,8.807519912719727,-0.06327634304761887,-0.11297035217285156,0.18704862892627716,16.273061752319336,51.820308685302734,-90.67323303222656
18.970566987991333,0,-2.1391544342041016,-0.7072912454605103,-4.0,-32.92708969116211,2.008000135421753,2952.0,-0.17941100895404816,2.0,20.00800132751465,-0.01600838452577591,0.2609812915325165,-0.8876954913139343,8.296930313110352,-0.02026563510298729,0.002079961821436882,0.08704541623592377,16.62682342529297,51.46537399291992,-91.69586181640625
18.990891933441162,0,-2.155405044555664,-0.7249534726142883,-4.0,-32.750465393066406,2.0280001163482666,2964.0,-0.6981333494186401,2.0,20.00800132751465,-0.01625056006014347,0.9385749101638794,-1.717328667640686,9.10501480102539,0.0018389374017715454,0.031108859926462173,0.05934811756014824,16.62682342529297,52.530174255371094,-91.01410675048828
19.011141777038574,0,-2.171344518661499,-0.7391592264175415,-4.0,-32.6084098815918,2.004000186920166,2952.0,-0.6981333494186401,2.0,20.036001205444336,-0.015939584001898766,0.8254430890083313,-1.189978837966919,8.455554008483887,-0.03238320350646973,0.02045605331659317,0.03684405982494354,14.858013153076172,53.24004364013672,-90.67323303222656
19.03142547607422,0,-2.1882693767547607,-0.7568778395652771,-3.83487868309021,-30.78000831604004,2.01200008392334,2988.0,-0.6981333494186401,2.0,20.00800132751465,-0.016924800351262093,1.2175135612487793,-1.7370818853378296,9.862817764282227,-0.03264952450990677,0.07478536665439606,-0.0051013631746172905,15.388655662536621,52.7076416015625,-90.84367370605469
19.051464319229126,0,-2.2062151432037354,-0.7835233807563782,-3.83487868309021,-30.513553619384766,2.004000186920166,2952.0,-0.6981333494186401,2.0,20.00800132751465,-0.0179457925260067,1.4701147079467773,-2.3212969303131104,8.490870475769043,0.0013062972575426102,0.0831744521856308,-0.06582235544919968,16.62682342529297,53.59497833251953,-93.05937194824219
19.071743965148926,0,-2.225437879562378,-0.8154206871986389,-3.83487868309021,-30.194580078125,2.0320000648498535,2952.0,-0.6981333494186401,2.0,20.016000747680664,-0.019222719594836235,0.5429129004478455,-0.9511451125144958,9.981935501098633,-0.009879149496555328,0.03457102179527283,-0.16143129765987396,16.62682342529297,52.530174255371094,-91.69586181640625
19.09203863143921,0,-2.239140033721924,-0.7880254983901978,-0.0,7.880254745483398,2.008000135421753,2956.0,-0.6981333494186401,2.0,20.012001037597656,-0.013702208176255226,2.072885751724243,-2.761253833770752,9.726341247558594,-0.041304927319288254,0.03909846395254135,-0.25957027077674866,16.44994354248047,53.77244186401367,-91.86630249023438
19.1123263835907,0,-2.235023021697998,-0.6086432933807373,-0.0,6.086432933807373,2.008000135421753,2948.0,-0.6981333494186401,2.0,20.00400161743164,0.004116992000490427,-0.0879913941025734,1.5599018335342407,9.081070899963379,0.07041637599468231,0.1082085445523262,-0.36263617873191833,16.44994354248047,53.77244186401367,-89.13928985595703
19.132599592208862,0,-2.2309885025024414,-0.46473655104637146,-0.0,4.647365570068359,2.004000186920166,2960.0,-0.5655876398086548,2.0,20.00800132751465,0.004034432116895914,0.2412281185388565,6.071406364440918,13.31004524230957,0.21649298071861267,0.10221634060144424,-0.3786153793334961,16.273061752319336,51.820308685302734,-91.35498809814453
19.152873039245605,0,-2.2364320755004883,-0.4311426877975464,-0.0,4.311427116394043,2.0160000324249268,2952.0,-0.5655876398086548,2.0,20.00400161743164,-0.005443456117063761,-0.7422403693199158,5.780496120452881,4.555201053619385,0.21769142150878906,0.07518484443426132,-0.3266829550266266,15.211774826049805,53.24004364013672,-92.0367431640625
19.172938108444214,0,-2.244352340698242,-0.42624592781066895,-1.556206226348877,-11.299602508544922,2.01200008392334,2960.0,-0.0,2.0,20.016000747680664,-0.00792025588452816,0.78473961353302,2.1501026153564453,8.414850234985352,-0.04303600639104843,0.11539918929338455,-0.3337404429912567,15.565537452697754,52.885108947753906,-91.35498809814453
19.193249225616455,0,-2.2681736946105957,-0.5656641721725464,-1.556206226348877,-9.905420303344727,2.008000135421753,2952.0,-0.0,2.0,20.012001037597656,-0.023821312934160233,1.2468440532684326,-0.29988905787467957,7.655849933624268,0.009828541427850723,0.008737965486943722,-0.4141691327095032,15.919299125671387,52.885108947753906,-93.05937194824219
19.21357560157776,0,-2.3022186756134033,-0.769563615322113,-1.556206226348877,-7.86642599105835,2.01200008392334,2960.0,-0.0,2.0,20.00800132751465,-0.03404499217867851,1.5150083303451538,-0.40883076190948486,10.806181907653809,-0.047563452273607254,0.012466447427868843,-0.5719637870788574,14.504250526428223,52.17524337768555,-93.4002456665039
19.23371934890747,0,-2.32869291305542,-0.8661302924156189,-4.0,-31.338695526123047,2.01200008392334,2964.0,-0.0,2.0,20.012001037597656,-0.02647423930466175,1.6053940057754517,-0.8847026228904724,6.962094783782959,-0.2572905719280243,-0.22935225069522858,-0.7115156054496765,14.327369689941406,53.06257629394531,-92.54805755615234
19.25403642654419,0,-2.3555221557617188,-0.9540538191795349,-4.0,-30.459461212158203,2.008000135421753,2956.0,-0.0,2.0,20.00800132751465,-0.026829248294234276,1.715532898902893,-4.002111911773682,9.835283279418945,-0.014273432083427906,0.027380377054214478,-0.8824931383132935,13.79672622680664,52.530174255371094,-92.71849060058594
19.274321794509888,0,-2.3870489597320557,-1.0649627447128296,-4.0,-29.350372314453125,2.01200008392334,2956.0,-0.0,2.0,20.00400161743164,-0.03152691200375557,0.2352423071861267,-2.1417224407196045,6.169573783874512,0.20783758163452148,-0.028546856716275215,-0.9625223278999329,12.912321090698242,53.06257629394531,-93.57068634033203
19.2945237159729,0,-2.4124197959899902,-1.1010303497314453,-4.0,-28.989696502685547,2.01200008392334,2952.0,-0.0,2.0,20.012001037597656,-0.025370687246322632,-1.269590139389038,-1.9190504550933838,8.077251434326172,-0.07233122736215591,-0.14173291623592377,-0.9745067358016968,13.79672622680664,53.59497833251953,-91.69586181640625
19.31469488143921,0,-2.4411230087280273,-1.1616407632827759,-4.0,-28.383594512939453,2.01200008392334,2964.0,-0.0,2.0,20.00400161743164,-0.0287033598870039,-3.2826178073883057,0.1640111804008484,9.565322875976562,-0.09363684058189392,-0.1262863576412201,-0.9207100868225098,12.73543930053711,51.110443115234375,-92.71849060058594
19.334939002990723,0,-2.46889066696167,-1.1992939710617065,-4.0,-28.00705909729004,2.0160000324249268,2980.0,-0.6981333494186401,2.0,20.00400161743164,-0.02776768058538437,-3.012059211730957,-0.9924471974372864,8.645902633666992,-0.08245138823986053,0.04322642832994461,-0.6763613224029541,12.73543930053711,51.820308685302734,-91.69586181640625
19.355191707611084,0,-2.4931881427764893,-1.204422950744629,-4.0,-27.95577049255371,2.008000135421753,2952.0,-0.6981333494186401,2.0,20.00400161743164,-0.024297408759593964,-3.784228563308716,-0.10834314674139023,10.41291332244873,-0.12879109382629395,0.022852934896945953,-0.39645883440971375,13.442963600158691,52.530174255371094,-89.65060424804688
19.375442028045654,0,-2.5176782608032227,-1.1995717287063599,0.03721972927451134,12.367915153503418,2.004000186920166,2956.0,-0.6981333494186401,2.0,20.064001083374023,-0.024490047246217728,-2.505659818649292,-0.9571309089660645,6.953115940093994,0.04924392327666283,-0.016429288312792778,-0.12334751337766647,13.442963600158691,52.885108947753906,-89.9914779663086
19.39569354057312,0,-2.5214953422546387,-1.020914912223816,0.03721972927451134,10.58134651184082,2.0160000324249268,2964.0,-0.6981333494186401,2.0,20.012001037597656,-0.003817023942247033,-2.0609140396118164,-0.02753472328186035,7.9557390213012695,0.049377087503671646,0.10993962734937668,0.06054655835032463,14.150487899780273,52.17524337768555,-91.69586181640625
19.415982246398926,0,-2.5157737731933594,-0.7870060205459595,0.03721972927451134,8.242257118225098,2.008000135421753,2956.0,-0.6981333494186401,2.0,20.00400161743164,0.005721407942473888,-1.8609881401062012,2.1471097469329834,11.395185470581055,0.1472497433423996,0.0794459655880928,0.1829206645488739,12.381677627563477,52.885108947753906,-92.37761688232422
19.436251640319824,0,-2.5174691677093506,-0.6601263880729675,-0.0,6.601263999938965,2.008000135421753,2984.0,-0.6981333494186401,2.0,20.016000747680664,-0.0016952320002019405,0.8020984530448914,1.5808522701263428,5.785284519195557,0.3643006682395935,-0.19166795909404755,0.25828927755355835,13.973607063293457,52.35271072387695,-91.52542877197266
19.456501722335815,0,-2.5171332359313965,-0.5395333170890808,-0.0,5.395333290100098,2.004000186920166,2960.0,-0.6981333494186401,2.0,20.012001037597656,0.0003357440000399947,1.8621852397918701,2.7474863529205322,5.4135661125183105,0.15870150923728943,-0.021489372476935387,0.12366443127393723,15.211774826049805,52.530174255371094,-90.33235931396484
19.476795196533203,0,-2.518944025039673,-0.45947933197021484,-0.13616394996643066,3.233153820037842,2.0199999809265137,2968.0,-0.0,2.0,20.00800132751465,-0.0018108160002157092,1.2300838232040405,3.276632070541382,10.227952003479004,0.032598916441202164,0.14456124603748322,-0.0009734011255204678,13.79672622680664,53.94990921020508,-92.0367431640625
19.496846199035645,0,-2.526960611343384,-0.44978761672973633,-0.13616394996643066,3.1362366676330566,2.01200008392334,2960.0,-0.0,2.0,20.00400161743164,-0.008016576059162617,1.059488296508789,3.1156136989593506,8.54115104675293,0.008763261139392853,0.10647746920585632,-0.08073628693819046,15.211774826049805,53.24004364013672,-92.71849060058594
19.517133474349976,0,-2.537709951400757,-0.46584999561309814,-0.13616394996643066,3.296860456466675,2.0360000133514404,2960.0,-0.0,2.0,20.032001495361328,-0.010749312117695808,2.1512999534606934,1.6083869934082031,9.184625625610352,-0.10508860647678375,-0.017228251323103905,-0.18939492106437683,14.681131362915039,52.7076416015625,-93.22981262207031
19.537360429763794,0,-2.5539276599884033,-0.5289361476898193,-2.877175807952881,-23.482397079467773,2.01200008392334,2964.0,-0.0,2.0,20.012001037597656,-0.016217535361647606,1.799932837486267,1.4150452613830566,11.158745765686035,-0.11693985760211945,-0.005110682919621468,-0.3260171413421631,12.204795837402344,54.127376556396484,-92.88893127441406
19.557658910751343,0,-2.5819814205169678,-0.6877768635749817,-2.877175807952881,-21.89398956298828,2.01200008392334,2952.0,-0.0,2.0,20.012001037597656,-0.0280538871884346,1.4641289710998535,-0.025738980621099472,8.734493255615234,-0.09190575778484344,-0.11270402371883392,-0.4941983222961426,12.73543930053711,52.530174255371094,-92.0367431640625
19.577937841415405,0,-2.610299587249756,-0.8131309747695923,-4.0,-31.868690490722656,2.0320000648498535,3068.0,-0.0,2.0,20.00800132751465,-0.028318079188466072,-0.11253321170806885,-1.2935333251953125,6.6837544441223145,-0.0935036838054657,-0.08766993135213852,-0.6802229285240173,12.558558464050293,51.99777603149414,-91.52542877197266
19.598172903060913,0,-2.630614757537842,-0.8534718155860901,-4.0,-31.465282440185547,2.0160000324249268,2956.0,-0.0,2.0,20.012001037597656,-0.0203152634203434,-0.10355450212955475,0.17777854204177856,12.455870628356934,-0.4626234173774719,-0.08221036940813065,-0.7695733904838562,12.204795837402344,53.77244186401367,-92.54805755615234
19.618420362472534,0,-2.6584348678588867,-0.9504170417785645,-4.0,-30.495830535888672,2.01200008392334,2960.0,-0.0,2.0,20.016000747680664,-0.02781996876001358,-2.4080910682678223,0.32862094044685364,9.768241882324219,-0.0953679233789444,0.06359992176294327,-0.6621131896972656,12.204795837402344,52.7076416015625,-92.54805755615234
19.638663053512573,0,-2.6839182376861572,-1.005943775177002,-2.0845940113067627,-10.786502838134766,2.01200008392334,2968.0,-0.0,2.0,20.00800132751465,-0.025483520701527596,-3.0689244270324707,-0.17478562891483307,8.577066421508789,0.07427802681922913,0.004876323044300079,-0.4412006139755249,11.143509864807129,51.64284133911133,-93.22981262207031
19.658984422683716,0,-2.7078936100006104,-1.0427236557006836,-2.0845940113067627,-10.418703079223633,2.01200008392334,2960.0,-0.0,2.0,20.016000747680664,-0.023975424468517303,-2.848047971725464,-1.1738171577453613,9.31212329864502,0.0240766704082489,-0.009771285578608513,-0.17394834756851196,11.497271537780762,52.35271072387695,-92.54805755615234
19.679240226745605,0,-2.7282447814941406,-1.0282443761825562,-0.0,10.28244400024414,2.01200008392334,3104.0,-0.0,2.0,20.136001586914062,-0.020351039245724678,-2.376366376876831,-1.1037832498550415,7.1470561027526855,0.05789932981133461,-0.06223635375499725,0.0634760782122612,12.73543930053711,53.24004364013672,-92.0367431640625
19.69951605796814,0,-2.7263376712799072,-0.8286119103431702,-0.0,8.28611946105957,2.01200008392334,2960.0,-0.0,2.0,20.00400161743164,0.001907136058434844,-1.956162452697754,-1.1289236545562744,7.660638809204102,-0.0378427654504776,0.02258661389350891,0.2003646343946457,11.674153327941895,52.17524337768555,-91.69586181640625
19.719773769378662,0,-2.7177789211273193,-0.6041764616966248,-0.0,6.041764736175537,2.004000186920166,2964.0,-0.0,2.0,20.032001495361328,0.008558720350265503,-0.702135443687439,1.0020244121551514,11.852500915527344,0.13193632662296295,0.05521083250641823,0.23365464806556702,12.204795837402344,52.35271072387695,-91.52542877197266
19.74002766609192,0,-2.7173991203308105,-0.49180424213409424,-0.0,4.918042182922363,2.008000135421753,2972.0,-0.0,2.0,20.00400161743164,0.0003797760000452399,1.1660356521606445,3.3293070793151855,6.824420928955078,0.31383299827575684,-0.17062866687774658,0.2443074733018875,12.204795837402344,52.35271072387695,-90.16191864013672
19.760287284851074,0,-2.7182412147521973,-0.4121105968952179,-0.0,4.121106147766113,2.0280001163482666,2952.0,-0.0,2.0,20.012001037597656,-0.0008421120001003146,1.4605374336242676,3.7495110034942627,7.365538120269775,0.11955244839191437,-0.12242470681667328,0.16174821555614471,11.143509864807129,52.35271072387695,-91.1845474243164
19.78037118911743,0,-2.7287538051605225,-0.43380454182624817,-3.339515209197998,-29.057106018066406,2.0160000324249268,3040.0,-0.0,2.0,20.00400161743164,-0.01051263976842165,1.4096580743789673,3.0006861686706543,7.55049991607666,-0.04809609055519104,-0.0047112032771110535,0.035112980753183365,13.79672622680664,53.59497833251953,-91.01410675048828
19.800628185272217,0,-2.7540805339813232,-0.5869578123092651,-3.339515209197998,-27.52557373046875,2.008000135421753,2956.0,-0.0,2.0,20.012001037597656,-0.02532665617763996,0.2783401310443878,2.1914048194885254,7.413424968719482,-0.046498171985149384,0.002479441463947296,-0.07048296183347702,11.851034164428711,51.64284133911133,-91.86630249023438
19.820953607559204,0,-2.7846195697784424,-0.7543562054634094,-3.339515209197998,-25.851591110229492,2.0160000324249268,2956.0,-0.0,2.0,20.00800132751465,-0.03053894452750683,0.4555200934410095,0.03531627357006073,7.65345573425293,-0.12932373583316803,-0.09845589846372604,-0.06742028146982193,9.905342102050781,51.820308685302734,-91.35498809814453
19.841338872909546,0,-2.805953025817871,-0.8087571263313293,-4.0,-31.912429809570312,2.008000135421753,2972.0,-0.0,2.0,20.012001037597656,-0.02133350446820259,-0.7512190341949463,-2.5655179023742676,10.059751510620117,-0.2473035752773285,-0.033740103244781494,-0.0316002182662487,10.966628074645996,52.17524337768555,-93.4002456665039
19.861462116241455,0,-2.8330023288726807,-0.9089456796646118,-4.0,-30.910545349121094,2.008000135421753,2952.0,-0.0,2.0,20.02400016784668,-0.027049407362937927,-0.1161246970295906,-1.3875105381011963,8.144890785217285,0.04378436133265495,0.03283993899822235,0.029919736087322235,11.320390701293945,52.530174255371094,-92.71849060058594
19.881687879562378,0,-2.8553898334503174,-0.940726101398468,-0.0,9.40726089477539,2.01200008392334,2968.0,-0.0,2.0,20.016000747680664,-0.022387519478797913,-0.3070720136165619,-1.1019874811172485,10.184255599975586,0.011293303221464157,-0.0011158809065818787,0.05921495333313942,13.442963600158691,53.24004364013672,-92.37761688232422
19.90193462371826,0,-2.854140520095825,-0.7595904469490051,-0.0,7.595904350280762,2.008000135421753,2960.0,-0.0,2.0,20.012001037597656,0.0012494080001488328,0.4321754276752472,-0.9457578659057617,11.075542449951172,0.0010399781167507172,-0.04372710734605789,0.07079988718032837,11.674153327941895,50.75550842285156,-90.67323303222656
19.92223572731018,0,-2.8454084396362305,-0.5454573035240173,-0.0,5.454573154449463,2.008000135421753,2956.0,-0.0,2.0,20.00400161743164,0.008732096292078495,0.7667821645736694,3.5914855003356934,10.336295127868652,0.18706460297107697,0.015928611159324646,0.014606327749788761,11.674153327941895,53.59497833251953,-91.69586181640625
19.9424946308136,0,-2.8452486991882324,-0.44758620858192444,-0.0,4.4758620262146,2.008000135421753,2956.0,-0.0,2.0,20.00400161743164,0.00015961600001901388,0.5878064632415771,4.616854667663574,9.050543785095215,0.28706783056259155,0.027380377054214478,-0.017751570791006088,13.266082763671875,53.77244186401367,-92.54805755615234
19.962745666503906,0,-2.8494977951049805,-0.4058927893638611,-0.0,4.0589280128479,2.0199999809265137,2948.0,-0.0,2.0,20.016000747680664,-0.004249088000506163,-0.11193463206291199,4.117039680480957,9.66408920288086,0.012758065015077591,0.001680482178926468,-0.04371778666973114,12.381677627563477,51.820308685302734,-91.35498809814453
19.982902765274048,0,-2.8586151599884033,-0.4148426353931427,-0.0,4.148426532745361,2.008000135421753,2972.0,-0.0,2.0,20.00400161743164,-0.009117376059293747,0.09218145906925201,2.585869550704956,10.430273056030273,-0.045832373201847076,0.01632808893918991,0.0011571599170565605,13.089201927185059,51.110443115234375,-93.05937194824219
20.003089904785156,0,-2.868940830230713,-0.4333455562591553,-0.0,4.333455562591553,2.01200008392334,2948.0,-0.0,2.0,20.00800132751465,-0.010325504466891289,0.36094430088996887,1.3264553546905518,8.957164764404297,0.0303351953625679,-0.009638125076889992,0.0428362637758255,11.497271537780762,52.35271072387695,-91.86630249023438
20.023346662521362,0,-2.875666618347168,-0.4153398275375366,-0.0,4.153398513793945,2.008000135421753,2952.0,-0.0,2.0,20.00800132751465,-0.006725887767970562,0.11253321170806885,1.1941689252853394,8.683613777160645,-0.006683306768536568,-0.004178563132882118,0.038042500615119934,11.497271537780762,51.287906646728516,-92.88893127441406
20.043636083602905,0,-2.8800642490386963,-0.3802067041397095,-0.0,3.8020670413970947,2.008000135421753,2944.0,-0.0,2.0,20.00800132751465,-0.004397695884108543,0.6740021109580994,1.2953290939331055,9.076282501220703,0.004235818982124329,-0.005110682919621468,0.021796971559524536,12.912321090698242,52.35271072387695,-91.52542877197266
20.063885927200317,0,-2.8849270343780518,-0.3557370603084564,-0.0,3.557370662689209,2.008000135421753,2952.0,-0.0,2.0,20.032001495361328,-0.004862783942371607,0.31365641951560974,1.9825000762939453,7.9174299240112305,0.025674592703580856,-0.02801421470940113,0.013141567818820477,11.320390701293945,52.17524337768555,-92.71849060058594
20.084147691726685,0,-2.8910200595855713,-0.34607353806495667,-0.0,3.460735321044922,2.008000135421753,2968.0,-0.0,2.0,20.016000747680664,-0.006092927884310484,0.09697011113166809,1.847220778465271,9.451592445373535,-0.019067194312810898,-0.0005832407623529434,0.010078885592520237,11.851034164428711,51.99777603149414,-93.91156005859375
20.104400157928467,0,-2.896697521209717,-0.3352493643760681,-0.0,3.3524937629699707,2.008000135421753,2948.0,-0.0,2.0,20.00400161743164,-0.005677375942468643,-0.06644248217344284,1.2480412721633911,9.182230949401855,-0.030385801568627357,-0.018293531611561775,0.023661211133003235,12.204795837402344,53.06257629394531,-93.57068634033203
20.12466025352478,0,-2.9007813930511475,-0.3114239573478699,-0.0,3.1142396926879883,2.008000135421753,2948.0,-0.0,2.0,20.016000747680664,-0.0040839677676558495,0.5195682644844055,1.0864243507385254,8.903292655944824,-0.028122080489993095,-0.010836565867066383,0.019000612199306488,11.851034164428711,53.06257629394531,-93.22981262207031
20.144749879837036,0,-2.9035003185272217,-0.2797078788280487,-0.0,2.797078847885132,2.0160000324249268,2952.0,-0.0,2.0,20.00800132751465,-0.0027189760003238916,0.19274306297302246,1.2330766916275024,9.307334899902344,-0.005218546837568283,0.0184586513787508,-0.005634003784507513,13.442963600158691,51.110443115234375,-93.74112701416016
20.165025234222412,0,-2.9063239097595215,-0.2548888623714447,-0.0,2.548888683319092,2.008000135421753,2956.0,-0.0,2.0,20.00400161743164,-0.002823552116751671,-0.19274306297302246,1.570676326751709,8.935616493225098,0.014355983585119247,-0.001781681552529335,0.0039535220712423325,12.558558464050293,52.35271072387695,-92.2071762084961
20.185275554656982,0,-2.9097418785095215,-0.2396765798330307,-0.0,2.39676570892334,2.004000186920166,2972.0,-0.0,2.0,20.00400161743164,-0.003417984116822481,0.27474865317344666,1.462931752204895,9.084662437438965,-0.014007112011313438,0.006341084837913513,0.013008407317101955,13.266082763671875,53.06257629394531,-92.54805755615234
20.205572843551636,0,-2.9128901958465576,-0.22515738010406494,-0.0,2.2515738010406494,2.004000186920166,2956.0,-0.0,2.0,20.00800132751465,-0.0031482880003750324,0.34059253334999084,1.01698899269104,9.167266845703125,-0.028122080489993095,0.018591811880469322,-0.0037697628140449524,12.912321090698242,52.35271072387695,-92.54805755615234
20.225812435150146,0,-2.914989948272705,-0.20327916741371155,-0.0,2.0327916145324707,2.008000135421753,2956.0,-0.0,2.0,20.012001037597656,-0.00209977594204247,-0.13288496434688568,1.0900158882141113,9.118782043457031,-0.009080188348889351,0.008338484913110733,-0.007498244754970074,13.442963600158691,53.59497833251953,-93.05937194824219
20.246076822280884,0,-2.916679620742798,-0.18211086094379425,-0.0,1.8211085796356201,2.008000135421753,2948.0,-0.0,2.0,20.00800132751465,-0.0016897280002012849,-0.016760265454649925,1.104381799697876,9.072092056274414,-0.0017563849687576294,0.0035447217524051666,0.007815164513885975,13.266082763671875,53.417510986328125,-91.86630249023438
20.26637578010559,0,-2.917062282562256,-0.152673602104187,-0.0,1.5267360210418701,2.008000135421753,2948.0,-0.0,2.0,20.02400016784668,-0.00038252800004556775,0.2460167557001114,0.9810741543769836,9.131950378417969,-0.0018895436078310013,-0.006309123709797859,0.002888241782784462,13.619845390319824,52.35271072387695,-94.25244140625
20.28664207458496,0,-2.914844036102295,-0.10410242527723312,7.0,7.0,2.004000186920166,2984.0,-0.0,1.0,20.016000747680664,0.0022181118838489056,0.3004876375198364,1.4988466501235962,8.820688247680664,0.013423863798379898,0.004343682900071144,-0.01175936684012413,12.027915000915527,53.24004364013672,-92.71849060058594
20.306721448898315,0,-2.909161329269409,-0.03466653451323509,7.0,7.0,2.008000135421753,2952.0,-0.0,1.0,20.00400161743164,0.005682880058884621,0.001197161851450801,2.835477828979492,9.098429679870605,0.023144550621509552,0.017926011234521866,-0.02214585244655609,11.143509864807129,51.99777603149414,-92.2071762084961
20.32697892189026,0,-2.906032085418701,-0.0009204567177221179,7.0,7.0,2.004000186920166,3000.0,-0.0,1.0,20.012001037597656,0.0031290240585803986,0.0909842997789383,3.599865674972534,8.305310249328613,0.04365120455622673,-5.060061812400818e-05,-0.01815105229616165,13.089201927185059,51.110443115234375,-90.67323303222656
20.34725522994995,0,-2.9033901691436768,0.023082759231328964,7.0,7.0,2.008000135421753,2952.0,-0.0,1.0,20.012001037597656,0.0026419200003147125,-0.0610552541911602,2.765443801879883,9.267230033874512,-0.03251636400818825,-0.013766089454293251,-0.010028285905718803,11.674153327941895,53.24004364013672,-91.69586181640625
20.367531299591064,0,-2.9015052318573,0.035933852195739746,7.0,7.0,2.0160000324249268,2956.0,-0.0,1.0,20.012001037597656,0.0018851200584322214,0.3118606507778168,2.3171067237854004,9.032586097717285,-0.012409190647304058,-0.024152575060725212,-0.0001744404435157776,12.204795837402344,51.64284133911133,-92.54805755615234
20.38783288002014,0,-2.8972697257995605,0.06768234074115753,7.0,7.0,2.004000186920166,2976.0,-0.0,1.0,20.00400161743164,0.004235328175127506,0.32083937525749207,1.9860914945602417,8.754844665527344,-0.009346509352326393,0.0003488808870315552,-0.01695261150598526,11.851034164428711,53.417510986328125,-92.54805755615234
20.40811061859131,0,-2.891383409500122,0.10858544707298279,7.0,7.0,2.0199999809265137,2952.0,-0.0,1.0,20.012001037597656,0.005886528175324202,-0.07242829352617264,2.2285168170928955,9.006847381591797,-0.005085386335849762,-0.010836565867066383,-0.015487849712371826,10.966628074645996,53.24004364013672,-91.69586181640625
20.428192615509033,0,-2.8850619792938232,0.14517681300640106,7.0,7.0,2.004000186920166,3080.0,-0.0,1.0,20.00400161743164,0.006321344058960676,0.34358546137809753,2.385943651199341,8.659071922302246,0.03712635859847069,0.010868526995182037,-0.006699284538626671,10.78974723815918,51.287906646728516,-92.54805755615234
20.44848656654358,0,-2.878944158554077,0.174860879778862,7.0,7.0,2.008000135421753,2952.0,-0.0,1.0,20.012001037597656,0.006117695942521095,0.2992904484272003,2.2758047580718994,8.744070053100586,0.0017057769000530243,-0.006175963208079338,-0.008963005617260933,11.143509864807129,52.35271072387695,-91.86630249023438
20.46876835823059,0,-2.871351480484009,0.21177667379379272,7.0,7.0,2.0280001163482666,2952.0,-0.0,1.0,20.00400161743164,0.00759276794269681,0.43097826838493347,1.845425009727478,9.032586097717285,0.004901619628071785,0.03457102179527283,-0.0036366023123264313,10.78974723815918,52.35271072387695,-91.1845474243164
20.490076065063477,0,-2.8622121810913086,0.2555883824825287,7.0,7.0,2.004000186920166,2972.0,-0.0,1.0,20.00800132751465,0.009139391593635082,-0.09697011113166809,2.4104855060577393,9.437227249145508,0.004502139985561371,0.016860730946063995,-0.020547933876514435,12.204795837402344,51.64284133911133,-91.86630249023438
20.509309768676758,0,-2.852266311645508,0.29942837357521057,7.0,7.0,2.01200008392334,2948.0,-0.0,1.0,20.016000747680664,0.00994572788476944,0.2621784508228302,2.215946674346924,8.970932006835938,0.007032182067632675,0.015795450657606125,-0.027605418115854263,11.674153327941895,51.820308685302734,-91.35498809814453
20.529443979263306,0,-2.84132719039917,0.341989129781723,7.0,7.0,2.004000186920166,3104.0,-0.0,1.0,20.00400161743164,0.010939200408756733,-0.04309782758355141,2.5188286304473877,9.588667869567871,-0.00481906533241272,0.02032289281487465,-0.04238618537783623,12.204795837402344,52.7076416015625,-90.50279235839844
20.549661874771118,0,-2.8306796550750732,0.3781665861606598,7.0,7.0,2.0160000324249268,2956.0,-0.0,1.0,20.00400161743164,0.010647487826645374,0.12929348647594452,2.8187174797058105,9.08825397491455,-0.022129876539111137,-0.025351015850901604,-0.054636914283037186,12.204795837402344,53.417510986328125,-91.1845474243164
20.569961071014404,0,-2.8191184997558594,0.4141087532043457,7.0,7.0,2.004000186920166,2948.0,-0.0,1.0,20.00400161743164,0.011561151593923569,-0.0879913941025734,2.7289304733276367,9.487507820129395,-0.01933351531624794,0.04229430481791496,-0.053571633994579315,12.381677627563477,52.885108947753906,-93.05937194824219
20.59019160270691,0,-2.806351900100708,0.4538576304912567,7.0,7.0,2.0199999809265137,2968.0,-0.0,1.0,20.016000747680664,0.012766527943313122,0.16939839720726013,2.557736396789551,9.421065330505371,0.005301099270582199,0.02245345339179039,-0.04651414975523949,10.78974723815918,51.287906646728516,-90.84367370605469
20.610452890396118,0,-2.792746067047119,0.49520593881607056,7.0,7.0,2.01200008392334,2952.0,-0.0,1.0,20.012001037597656,0.01360588800162077,-0.16939839720726013,2.76364803314209,9.139732360839844,-0.0024221856147050858,0.01712705008685589,-0.04771259054541588,12.558558464050293,51.64284133911133,-90.84367370605469
20.630566120147705,0,-2.7781193256378174,0.5355256795883179,7.0,7.0,2.004000186920166,3052.0,-0.0,1.0,20.012001037597656,0.014626880176365376,0.3663315176963806,2.029788017272949,9.241491317749023,-0.010544950142502785,0.0028789211064577103,-0.047313109040260315,12.204795837402344,52.35271072387695,-91.1845474243164
20.6508367061615,0,-2.76346755027771,0.5731909871101379,7.0,7.0,2.01200008392334,2952.0,-0.0,1.0,20.012001037597656,0.0146516477689147,0.48963919281959534,1.7975385189056396,9.629969596862793,-0.0008242633193731308,-0.012434488162398338,-0.03958982229232788,11.851034164428711,54.127376556396484,-91.1845474243164
20.67112898826599,0,-2.7470381259918213,0.6180132627487183,7.0,7.0,2.008000135421753,2952.0,-0.0,1.0,20.036001205444336,0.016429439187049866,0.050879377871751785,2.1471097469329834,8.1664400100708,-0.01001230999827385,-0.007773885503411293,-0.04504938796162605,11.674153327941895,51.820308685302734,-91.01410675048828
20.691362619400024,0,-2.7286713123321533,0.6708222031593323,7.0,7.0,2.004000186920166,2964.0,-0.0,1.0,20.00400161743164,0.018366847187280655,0.4291825294494629,2.2273197174072266,8.43939208984375,0.020215027034282684,-5.060061812400818e-05,-0.010427766479551792,11.320390701293945,52.530174255371094,-89.9914779663086
20.711606740951538,0,-2.709404468536377,0.7242590188980103,7.0,7.0,2.0160000324249268,2956.0,-0.0,1.0,20.00400161743164,0.019266752526164055,0.31365641951560974,1.7544406652450562,9.702398300170898,0.04178696498274803,0.06479836255311966,0.007682004012167454,11.320390701293945,53.24004364013672,-91.69586181640625
20.731871604919434,0,-2.690124034881592,0.7660133838653564,7.0,7.0,2.004000186920166,2964.0,-0.0,1.0,20.00800132751465,0.019280511885881424,0.29749470949172974,2.339254140853882,8.055103302001953,-0.04276968911290169,0.00913744606077671,-0.03772558271884918,12.204795837402344,53.06257629394531,-90.50279235839844
20.752121448516846,0,-2.6711297035217285,0.8002851009368896,7.0,7.0,2.01200008392334,2944.0,-0.0,1.0,20.00800132751465,0.018994303420186043,0.30946633219718933,0.9858627915382385,9.35522174835205,0.007697980850934982,8.255988359451294e-05,-0.04451674968004227,10.612866401672363,52.885108947753906,-91.01410675048828
20.772427558898926,0,-2.650965929031372,0.83760005235672,7.0,7.0,2.01200008392334,2960.0,-0.0,1.0,20.012001037597656,0.02016390487551689,-0.3280223608016968,2.716360330581665,7.335609436035156,0.009029582142829895,-0.04718926548957825,-0.06129491701722145,12.204795837402344,51.64284133911133,-90.84367370605469
20.79265856742859,0,-2.6297149658203125,0.8780427575111389,7.0,7.0,2.01200008392334,2956.0,-0.0,1.0,20.00800132751465,0.021250944584608078,-0.1280963122844696,2.5762922763824463,8.863187789916992,-0.036111682653427124,0.013664888218045235,-0.051574233919382095,10.435985565185547,51.64284133911133,-90.84367370605469
20.81272268295288,0,-2.608018159866333,0.9151557087898254,7.0,7.0,2.008000135421753,2956.0,-0.0,1.0,20.00400161743164,0.021696768701076508,-0.3214379549026489,2.3512258529663086,9.503669738769531,-0.03464692458510399,-0.02082357369363308,-0.04904419183731079,9.374698638916016,50.93297576904297,-90.50279235839844
20.83305597305298,0,-2.5853664875030518,0.9528684616088867,7.0,7.0,2.004000186920166,2972.0,-0.0,1.0,20.00400161743164,0.022651711478829384,0.23584088683128357,1.359975814819336,9.181632995605469,-0.001356903463602066,-0.024552052840590477,-0.03253233805298805,11.674153327941895,53.24004364013672,-91.69586181640625
20.85329270362854,0,-2.5615174770355225,0.9974809885025024,7.0,7.0,2.01200008392334,2956.0,-0.0,1.0,20.00400161743164,0.02384883165359497,0.49682217836380005,1.7909541130065918,7.767186164855957,0.011426463723182678,-0.014165567234158516,-0.030668098479509354,11.320390701293945,52.17524337768555,-91.35498809814453
20.87355875968933,0,-2.5350351333618164,1.0529786348342896,7.0,7.0,2.004000186920166,2952.0,-0.0,1.0,20.00400161743164,0.02648249641060829,0.3352053165435791,1.8346505165100098,8.146686553955078,0.03313155472278595,0.024717174470424652,-0.04664731025695801,11.143509864807129,50.223106384277344,-91.1845474243164
20.89381980895996,0,-2.5084617137908936,1.1062082052230835,7.0,7.0,2.01200008392334,2956.0,-0.0,1.0,20.00800132751465,0.026573311537504196,0.09038572013378143,1.633527398109436,9.540183067321777,0.06482365727424622,-0.06396743655204773,-0.045448869466781616,11.851034164428711,51.99777603149414,-90.84367370605469
20.91407084465027,0,-2.4812912940979004,1.1511725187301636,7.0,7.0,2.008000135421753,2952.0,-0.0,1.0,20.012001037597656,0.027170496061444283,0.12689915299415588,2.5685107707977295,7.348778247833252,0.08120234310626984,-0.08780308812856674,-0.06449075788259506,11.143509864807129,53.06257629394531,-91.1845474243164
20.934359312057495,0,-2.4541702270507812,1.1858676671981812,7.0,7.0,2.008000135421753,2976.0,-0.0,1.0,20.012001037597656,0.027120960876345634,0.7069240808486938,2.4074923992156982,6.3629150390625,0.013024386018514633,0.026847736909985542,-0.0666213184595108,11.143509864807129,52.7076416015625,-91.52542877197266
20.954421758651733,0,-2.427511692047119,1.214393973350525,7.0,7.0,2.01200008392334,2964.0,-0.0,1.0,20.00800132751465,0.026658624410629272,-0.15982110798358917,2.075878620147705,10.168094635009766,-0.06647218763828278,0.06573048233985901,-0.09844657778739929,10.082222938537598,51.64284133911133,-91.52542877197266
20.974733352661133,0,-2.3991854190826416,1.2506362199783325,7.0,7.0,2.01200008392334,2956.0,-0.0,1.0,20.012001037597656,0.028326336294412613,0.1101388931274414,2.0603156089782715,10.472173690795898,-0.0062838271260261536,-0.03107689879834652,-0.0865953266620636,12.027915000915527,51.820308685302734,-91.01410675048828
20.994951725006104,0,-2.368525266647339,1.3016791343688965,7.0,7.0,2.0160000324249268,2952.0,-0.0,1.0,20.012001037597656,0.030660031363368034,1.2588156461715698,1.7352861166000366,7.331418991088867,0.06042937561869621,0.042693786323070526,-0.04797891154885292,10.259103775024414,50.75550842285156,-91.01410675048828
21.01521921157837,0,-2.336456298828125,1.3554818630218506,7.0,7.0,2.01200008392334,2952.0,-0.0,1.0,20.00800132751465,0.03206905722618103,-0.04369640722870827,2.0926389694213867,9.907711029052734,-0.00029162317514419556,0.047753870487213135,-0.03359762206673622,11.851034164428711,51.287906646728516,-91.1845474243164
21.03550958633423,0,-2.3049871921539307,1.3925502300262451,7.0,7.0,2.004000186920166,2976.0,-0.0,1.0,20.00800132751465,0.03146912157535553,0.3573528230190277,1.841833472251892,8.246050834655762,-0.0040201060473918915,-0.06929384171962738,-0.06582235544919968,11.497271537780762,51.64284133911133,-89.48016357421875
21.055737018585205,0,-2.2738757133483887,1.4239752292633057,7.0,7.0,2.01200008392334,2952.0,-0.0,1.0,20.012001037597656,0.03111135959625244,0.26576992869377136,2.2356996536254883,11.332334518432617,0.04298540577292442,0.012066967785358429,-0.08433160930871964,10.435985565185547,50.223106384277344,-89.821044921875
21.07604169845581,0,-2.2412397861480713,1.460317850112915,7.0,7.0,2.0360000133514404,2956.0,-0.0,1.0,20.00800132751465,0.032635968178510666,0.012570199556648731,2.256051540374756,5.8379597663879395,0.021546628326177597,-0.0443929061293602,-0.07461091876029968,10.082222938537598,51.287906646728516,-92.88893127441406
21.096158504486084,0,-2.2073874473571777,1.5030282735824585,7.0,7.0,2.01200008392334,2952.0,-0.0,1.0,20.016000747680664,0.03385235369205475,-0.2430238574743271,2.6038269996643066,9.37677001953125,-0.08151927590370178,-0.015364008024334908,-0.04371778666973114,11.497271537780762,52.35271072387695,-91.52542877197266
21.116400957107544,0,-2.1717710494995117,1.552938461303711,7.0,7.0,2.004000186920166,2956.0,-0.0,1.0,20.00800132751465,0.03561638295650482,0.6518546342849731,1.7346875667572021,11.580146789550781,-0.015072392299771309,-0.03121005930006504,-0.04092142730951309,10.612866401672363,51.46537399291992,-90.33235931396484
21.13668990135193,0,-2.135246515274048,1.599410057067871,7.0,7.0,2.004000186920166,2980.0,-0.0,1.0,20.016000747680664,0.03652454540133476,0.2280593365430832,2.6475234031677246,10.689457893371582,0.06002989038825035,0.0481533482670784,-0.06635499745607376,12.381677627563477,50.04563903808594,-90.33235931396484
21.156946182250977,0,-2.0997154712677,1.6330687999725342,7.0,7.0,2.01200008392334,2956.0,-0.0,1.0,20.012001037597656,0.035531073808670044,0.63629150390625,1.8322561979293823,10.822941780090332,0.042186442762613297,-0.06303531676530838,-0.07021664083003998,10.612866401672363,50.75550842285156,-90.33235931396484
21.177806615829468,0,-2.0635101795196533,1.6614738702774048,7.0,7.0,2.008000135421753,3008.0,-0.0,1.0,20.00800132751465,0.03620531037449837,0.9134345054626465,2.5308001041412354,8.568087577819824,0.008763261139392853,-0.02588365413248539,-0.0865953266620636,10.259103775024414,51.46537399291992,-90.67323303222656
21.197462558746338,0,-2.026003122329712,1.7037594318389893,7.0,7.0,2.01200008392334,2956.0,-0.0,1.0,20.00400161743164,0.037507008761167526,0.7248815298080444,1.9040858745574951,8.55791187286377,-0.0243935976177454,0.053879231214523315,-0.07607568055391312,10.612866401672363,51.110443115234375,-89.9914779663086
21.21759867668152,0,-1.9861266613006592,1.7557891607284546,7.0,7.0,2.008000135421753,2948.0,-0.0,1.0,20.00400161743164,0.03987647965550423,0.16640549898147583,1.8759526014328003,11.590322494506836,-0.027189958840608597,0.14456124603748322,-0.07740728557109833,9.728460311889648,50.93297576904297,-91.86630249023438
21.237952709197998,0,-1.9463602304458618,1.794847011566162,7.0,7.0,2.004000186920166,2972.0,-0.0,1.0,20.00800132751465,0.039766401052474976,-0.7464303970336914,2.3572115898132324,8.25263500213623,-0.028787881135940552,-0.041862860321998596,-0.10577037930488586,9.551579475402832,51.110443115234375,-89.9914779663086
21.258103370666504,0,-1.9074029922485352,1.825057029724121,7.0,7.0,2.01200008392334,2952.0,-0.0,1.0,20.00400161743164,0.03895731270313263,0.38488754630088806,2.0040488243103027,7.308074474334717,-0.03757644444704056,-0.11763094365596771,-0.11895322799682617,10.612866401672363,50.75550842285156,-90.67323303222656
21.278377294540405,0,-1.865569829940796,1.8633280992507935,7.0,7.0,2.01200008392334,3084.0,-0.0,1.0,20.016000747680664,0.04183315113186836,1.2001547813415527,1.3007164001464844,10.287211418151855,0.048045482486486435,0.017526529729366302,-0.08699481189250946,10.78974723815918,51.287906646728516,-90.16191864013672
21.29862880706787,0,-1.8239375352859497,1.9124847650527954,7.0,7.0,2.01200008392334,2956.0,-0.0,1.0,20.00800132751465,0.04163225740194321,0.08918856084346771,2.3889365196228027,7.345785140991211,-0.032116882503032684,0.009803245775401592,-0.09431861340999603,10.259103775024414,50.75550842285156,-90.33235931396484
21.318870782852173,0,-1.7801862955093384,1.9608213901519775,7.0,7.0,2.0400002002716064,2948.0,-0.0,1.0,20.016000747680664,0.043751295655965805,0.12270908802747726,1.5108182430267334,11.356876373291016,-0.05941469967365265,0.027247216552495956,-0.115357905626297,10.259103775024414,51.46537399291992,-90.67323303222656
21.339139223098755,0,-1.7367321252822876,1.9959160089492798,7.0,7.0,2.004000186920166,2972.0,-0.0,1.0,20.00800132751465,0.04345408082008362,-0.4974207580089569,2.001055955886841,9.256455421447754,0.07041637599468231,-0.027747897431254387,-0.13080447912216187,10.259103775024414,51.46537399291992,-89.9914779663086
21.360212326049805,0,-1.6936578750610352,2.02783203125,7.0,7.0,2.0160000324249268,2952.0,-0.0,1.0,20.02400016784668,0.04307430237531662,0.18436291813850403,2.68403697013855,9.225927352905273,0.10996492207050323,-0.10910870134830475,-0.13493244349956512,8.490293502807617,50.04563903808594,-91.69586181640625
21.379499673843384,0,-1.646163821220398,2.0788443088531494,7.0,7.0,2.01200008392334,3088.0,-0.0,1.0,20.00400161743164,0.04749401658773422,1.2869490385055542,2.5296030044555664,6.54847526550293,0.0303351953625679,0.09089773893356323,-0.09578337520360947,10.435985565185547,48.80337142944336,-91.52542877197266
21.399781942367554,0,-1.6008081436157227,2.1232495307922363,7.0,7.0,2.0199999809265137,2952.0,-0.0,1.0,20.012001037597656,0.04535571113228798,1.0852272510528564,1.8262704610824585,11.143780708312988,-0.043568648397922516,0.11273598670959473,-0.08806008845567703,9.905342102050781,50.04563903808594,-91.35498809814453
21.42006516456604,0,-1.5548139810562134,2.154977560043335,7.0,7.0,2.008000135421753,2952.0,-0.0,1.0,20.00400161743164,0.04599417746067047,-0.06763964146375656,2.919877767562866,9.398918151855469,-0.0004247836768627167,-0.024418896064162254,-0.14145728945732117,8.84405517578125,50.40057373046875,-90.33235931396484
21.440325021743774,0,-1.5071024894714355,2.1928675174713135,7.0,7.0,2.004000186920166,2972.0,-0.0,1.0,20.00800132751465,0.04771142452955246,0.9481521844863892,2.002253293991089,9.567717552185059,-0.010811270214617252,-0.03320746123790741,-0.13439980149269104,10.612866401672363,51.46537399291992,-91.01410675048828
21.460610151290894,0,-1.4587883949279785,2.236027479171753,7.0,7.0,2.0320000648498535,2952.0,-0.0,1.0,20.016000747680664,0.048314113169908524,0.5500958561897278,1.677223801612854,7.965914726257324,0.03193311393260956,-0.04239550232887268,-0.11202890425920486,9.374698638916016,50.93297576904297,-91.1845474243164
21.480818033218384,0,-1.408845067024231,2.276149272918701,7.0,7.0,2.01200008392334,3028.0,-0.0,1.0,20.00800132751465,0.04994329437613487,0.5985808968544006,2.505659818649292,8.472314834594727,-0.02865472063422203,0.02138817310333252,-0.12840759754180908,9.374698638916016,50.93297576904297,-92.2071762084961
21.501084566116333,0,-1.3605090379714966,2.307966709136963,7.0,7.0,2.004000186920166,2956.0,-0.0,1.0,20.012001037597656,0.048336129635572433,-0.4561186730861664,3.2113866806030273,10.379393577575684,0.024342991411685944,0.06799419969320297,-0.14398732781410217,8.490293502807617,49.69070816040039,-90.67323303222656
21.521372318267822,0,-1.309822678565979,2.3486852645874023,7.0,7.0,2.004000186920166,2960.0,-0.0,1.0,20.016000747680664,0.05068633705377579,1.2552242279052734,1.567683458328247,10.614036560058594,0.15963362157344818,-0.0587741956114769,-0.09924553334712982,10.259103775024414,50.75550842285156,-91.01410675048828
21.5414981842041,0,-1.2577327489852905,2.3908698558807373,7.0,7.0,2.008000135421753,2984.0,-0.0,1.0,20.00800132751465,0.05208985507488251,1.4108552932739258,1.8795441389083862,8.199959754943848,0.030867833644151688,0.06040407717227936,-0.09857973456382751,8.313411712646484,49.513240814208984,-90.50279235839844
21.561792612075806,0,-1.2074702978134155,2.416036367416382,7.0,7.0,2.01200008392334,2956.0,-0.0,1.0,20.00800132751465,0.05026252940297127,0.7518176436424255,2.212953567504883,8.992481231689453,-0.08777779340744019,0.04708806797862053,-0.11003150045871735,8.313411712646484,50.223106384277344,-92.2071762084961
21.582032918930054,0,-1.1540429592132568,2.4589240550994873,7.0,7.0,2.004000186920166,2960.0,-0.0,1.0,20.00400161743164,0.053427327424287796,-0.06823822855949402,2.2787976264953613,9.170858383178711,-0.02426043711602688,0.004210522398352623,-0.11122994124889374,9.728460311889648,49.86817169189453,-90.84367370605469
21.602328777313232,0,-1.098879098892212,2.515958070755005,7.0,7.0,2.008000135421753,2952.0,-0.0,1.0,20.016000747680664,0.05516384169459343,-0.9655110239982605,2.5631234645843506,10.735548973083496,0.07654173672199249,0.02644825540482998,-0.10310717672109604,7.075243949890137,50.40057373046875,-91.01410675048828
21.62240767478943,0,-1.0445656776428223,2.5505611896514893,7.0,7.0,2.008000135421753,2952.0,-0.0,1.0,20.00800132751465,0.05431347340345383,-0.4273867905139923,3.4274744987487793,8.425026893615723,0.06828582286834717,0.02138817310333252,-0.12015166878700256,8.490293502807617,48.270973205566406,-91.69586181640625
21.64270329475403,0,-0.9910887479782104,2.5732133388519287,7.0,7.0,2.0160000324249268,2952.0,-0.0,1.0,20.012001037597656,0.053476862609386444,0.2071090042591095,2.208763599395752,8.84223747253418,-0.02252935618162155,-0.012833965942263603,-0.09884605556726456,8.490293502807617,49.69070816040039,-91.35498809814453
21.662996292114258,0,-0.9351984262466431,2.6130764484405518,7.0,7.0,2.008000135421753,2952.0,-0.0,1.0,20.00400161743164,0.055890366435050964,0.46390020847320557,0.6249184608459473,10.084891319274902,0.04977656528353691,0.001680482178926468,-0.06502339988946915,8.84405517578125,49.33577346801758,-91.01410675048828
21.683220386505127,0,-0.8780283331871033,2.6528429985046387,7.0,7.0,2.004000186920166,2980.0,-0.0,1.0,20.012001037597656,0.05717004835605621,-0.7326630353927612,3.939859628677368,8.917059898376465,0.08919194340705872,0.013398568145930767,-0.12627702951431274,8.667174339294434,49.86817169189453,-89.821044921875
21.70353078842163,0,-0.8215050101280212,2.6878387928009033,7.0,7.0,2.008000135421753,2952.0,-0.0,1.0,20.012001037597656,0.05652332678437233,0.14844806492328644,2.961778402328491,9.173851013183594,-0.007082788273692131,0.018858131021261215,-0.08406528830528259,8.136530876159668,50.04563903808594,-91.01410675048828
21.723801612854004,0,-0.7654990553855896,2.7017555236816406,-0.13616394996643066,-28.379194259643555,2.008000135421753,2948.0,-0.0,2.0,20.016000747680664,0.05600595101714134,1.6203585863113403,1.0026230812072754,11.012093544006348,-0.03864172846078873,-0.011502368375658989,-0.0747440829873085,10.435985565185547,49.513240814208984,-90.16191864013672
21.743882179260254,0,-0.7284626364707947,2.5503063201904297,-0.13616394996643066,-26.864702224731445,2.008000135421753,2952.0,-0.0,2.0,20.012001037597656,0.03703641518950462,0.712311327457428,-1.1606484651565552,6.531116485595703,0.0509750060737133,-0.0013822000473737717,-0.0865953266620636,9.728460311889648,50.578041076660156,-92.54805755615234
21.76415467262268,0,-0.7012563943862915,2.3367652893066406,-0.13616394996643066,-24.729291915893555,2.01200008392334,2952.0,-0.0,2.0,20.00400161743164,0.02720627188682556,0.1640111804008484,-2.886357307434082,6.896849632263184,-0.13212010264396667,0.006873724982142448,-0.08060312271118164,9.728460311889648,49.15830612182617,-91.86630249023438
21.78445076942444,0,-0.6723659038543701,2.172548532485962,-0.0,-21.72548484802246,2.004000186920166,2972.0,-0.0,2.0,20.00400161743164,0.028890496119856834,0.7685779333114624,-2.8259005546569824,12.776111602783203,-0.21161668002605438,0.023119254037737846,-0.07314616441726685,10.435985565185547,50.578041076660156,-92.2071762084961
21.804686307907104,0,-0.6545852422714233,1.943668007850647,-0.0,-19.43667984008789,2.004000186920166,2956.0,-0.0,2.0,20.012001037597656,0.017780672758817673,-0.05925951153039932,-1.651484727859497,6.902236461639404,0.03765900060534477,-0.09033313393592834,-0.11815426498651505,10.612866401672363,49.33577346801758,-92.37761688232422
21.8249409198761,0,-0.6410013437271118,1.7172635793685913,-0.0,-17.172636032104492,2.004000186920166,2960.0,-0.0,2.0,20.00400161743164,0.013583872467279434,1.2408583164215088,-2.3643946647644043,8.50284194946289,-0.1297232210636139,0.023918215185403824,-0.07048296183347702,10.435985565185547,50.578041076660156,-90.50279235839844
21.845067739486694,0,-0.6268643140792847,1.5346684455871582,-0.0,-15.346684455871582,2.004000186920166,2960.0,-0.0,2.0,20.00400161743164,0.0141370240598917,0.23284797370433807,-2.2398898601531982,11.865071296691895,-0.2747345566749573,-0.03107689879834652,-0.14997953176498413,9.374698638916016,49.86817169189453,-92.54805755615234
21.86534333229065,0,-0.6231518983840942,1.2911320924758911,-0.0,-12.911320686340332,2.008000135421753,2960.0,-0.0,2.0,20.00400161743164,0.0037124480586498976,0.23883378505706787,-1.7658137083053589,6.787309169769287,-0.002954825758934021,0.015795450657606125,-0.15876810252666473,10.259103775024414,50.04563903808594,-91.35498809814453
21.885642290115356,0,-0.620999813079834,1.0776865482330322,-0.0,-10.776865005493164,2.0160000324249268,2972.0,-0.0,2.0,20.00800132751465,0.0021520638838410378,0.017957428470253944,-1.841833472251892,8.061687469482422,-0.10801813006401062,0.004743162542581558,-0.12268171459436417,9.905342102050781,48.62590408325195,-92.0367431640625
21.905890941619873,0,-0.6211126446723938,0.8837069272994995,-0.0,-8.837069511413574,2.004000186920166,2952.0,-0.0,2.0,20.00800132751465,-0.00011283200001344085,0.44474563002586365,-2.755866527557373,10.182459831237793,-0.10575440526008606,-0.019092490896582603,-0.17248359322547913,9.551579475402832,51.110443115234375,-92.37761688232422
21.925976276397705,0,-0.6250727772712708,0.6897801160812378,-0.0,-6.897801399230957,2.01200008392334,2960.0,-0.0,2.0,20.00400161743164,-0.00396012794226408,0.5213639736175537,-1.995070219039917,6.876497745513916,0.01582074537873268,0.025249814614653587,-0.17381519079208374,10.082222938537598,49.86817169189453,-91.52542877197266
21.94627332687378,0,-0.6252681612968445,0.5644485354423523,-0.0,-5.6444854736328125,2.004000186920166,2956.0,-0.0,2.0,20.00400161743164,-0.00019539200002327561,0.5028079748153687,-3.5106770992279053,10.099257469177246,-0.012808671221137047,0.014330688863992691,-0.14585156738758087,8.490293502807617,50.75550842285156,-91.01410675048828
21.96654438972473,0,-0.6252406239509583,0.46339333057403564,-0.0,-4.633933067321777,2.01200008392334,2952.0,-0.0,2.0,20.00400161743164,2.7520000003278255e-05,0.7176985144615173,-2.6175944805145264,6.684353351593018,0.007032182067632675,-0.01576348952949047,-0.21123316884040833,10.435985565185547,49.86817169189453,-91.86630249023438
21.986864805221558,0,-0.6224721074104309,0.40518155694007874,-0.0,-4.051815509796143,2.0160000324249268,2964.0,-0.0,2.0,20.00400161743164,0.0027685118839144707,0.3142549991607666,-2.4350271224975586,7.709722518920898,-0.013074991293251514,0.051881831139326096,-0.2398625910282135,8.136530876159668,50.75550842285156,-90.33235931396484
22.00693106651306,0,-0.6169516444206238,0.38297170400619507,-0.0,-3.8297171592712402,2.004000186920166,2952.0,-0.0,2.0,20.00800132751465,0.005520511884242296,0.23165081441402435,-2.979735851287842,9.767643928527832,-0.009213348850607872,-0.019225651398301125,-0.2542438805103302,10.259103775024414,50.40057373046875,-92.71849060058594
22.02757978439331,0,-0.6076223254203796,0.3959833085536957,-0.0,-3.9598331451416016,2.0160000324249268,3004.0,-0.0,2.0,20.264001846313477,0.009329279884696007,0.8140700459480286,-3.045579671859741,8.20055866241455,0.04977656528353691,-0.04319446533918381,-0.27688106894493103,9.020936012268066,50.93297576904297,-92.88893127441406
22.0478413105011,0,-0.5945338010787964,0.4445142447948456,-0.0,-4.4451422691345215,2.0160000324249268,2956.0,-0.0,2.0,20.00800132751465,0.013088512234389782,1.3623701333999634,-3.387968063354492,8.212530136108398,0.10197530686855316,-0.006042802706360817,-0.23387038707733154,9.551579475402832,50.04563903808594,-91.69586181640625
22.068119764328003,0,-0.5813214778900146,0.4830141067504883,-0.0,-4.830141067504883,2.01200008392334,2956.0,-0.0,2.0,20.00800132751465,0.013212352059781551,0.952940821647644,-1.7143357992172241,7.850389003753662,0.046181242913007736,-0.018027210608124733,-0.23839782178401947,9.728460311889648,51.287906646728516,-90.84367370605469
22.088191747665405,0,-0.5703657865524292,0.4934398829936981,-1.556206226348877,-20.496461868286133,2.008000135421753,2976.0,-0.0,2.0,20.012001037597656,0.01095571182668209,-0.025738980621099472,-2.669072389602661,8.77759075164795,0.039656396955251694,0.020988693460822105,-0.23560146987438202,8.667174339294434,50.93297576904297,-91.1845474243164
22.108657121658325,0,-0.5629023313522339,0.4719233810901642,-1.556206226348877,-20.281295776367188,2.008000135421753,2952.0,-0.0,2.0,20.00800132751465,0.007463424000889063,0.7679793238639832,-2.2321083545684814,10.488334655761719,0.03206627443432808,-0.03014477901160717,-0.21496164798736572,8.490293502807617,49.69070816040039,-90.33235931396484
22.128928899765015,0,-0.5605769157409668,0.40475907921791077,-4.0,-44.04758834838867,2.01200008392334,3108.0,-0.0,2.0,20.168001174926758,0.0023254400584846735,0.5848135352134705,-2.1435182094573975,9.02779769897461,0.17521335184574127,0.05374607443809509,-0.20750468969345093,7.959649562835693,49.86817169189453,-91.86630249023438
22.149276733398438,0,-0.5606071949005127,0.33351409435272217,-4.0,-43.33514404296875,2.008000135421753,2956.0,-0.0,2.0,20.016000747680664,-3.027200000360608e-05,0.06943538784980774,-1.6538790464401245,5.627857685089111,0.08852614462375641,0.0015473216772079468,-0.22628025710582733,9.374698638916016,50.578041076660156,-92.88893127441406
22.1694757938385,0,-0.5609566569328308,0.2705884277820587,-4.0,-42.70588302612305,2.004000186920166,2952.0,-0.0,2.0,20.00400161743164,-0.00034950400004163384,0.47168177366256714,-2.4942867755889893,9.773031234741211,-0.02559203840792179,0.03457102179527283,-0.23373723030090332,6.544600963592529,51.64284133911133,-90.84367370605469
22.189812898635864,0,-0.5609593987464905,0.22158421576023102,-4.0,-42.215843200683594,2.01200008392334,2976.0,-0.0,2.0,20.012001037597656,-2.7520000003278255e-06,-0.17059555649757385,-1.9028887748718262,9.664687156677246,0.002637898549437523,0.002346280962228775,-0.24878431856632233,7.429006576538086,50.40057373046875,-92.37761688232422
22.209978103637695,0,-0.5609593987464905,0.18214480578899384,-4.0,-41.82144546508789,2.008000135421753,2956.0,-0.0,2.0,20.00400161743164,0.0,0.5746377110481262,-2.2213337421417236,10.118412017822266,0.006899021565914154,0.01832549087703228,-0.2461211085319519,8.667174339294434,48.093505859375,-91.86630249023438
22.23008370399475,0,-0.5609593987464905,0.14875546097755432,-4.0,-41.48755645751953,2.01200008392334,3056.0,-0.0,2.0,20.016000747680664,0.0,0.15443387627601624,-2.1058077812194824,8.38731575012207,0.04884444549679756,0.02551613561809063,-0.25517597794532776,7.252125263214111,49.86817169189453,-92.54805755615234
22.250486135482788,0,-0.5609593987464905,0.12265237420797348,-4.0,-41.226524353027344,2.008000135421753,2952.0,-0.0,2.0,20.012001037597656,0.0,-0.3411911129951477,-1.4168410301208496,9.315714836120605,0.037925321608781815,0.0035447217524051666,-0.25451019406318665,7.252125263214111,49.15830612182617,-90.84367370605469
22.270629405975342,0,-0.5609593987464905,0.10065502673387527,-4.0,-41.00654983520508,2.0160000324249268,2948.0,-0.0,2.0,20.02400016784668,0.0,-0.06285099685192108,-1.7281031608581543,8.290346145629883,-0.04636501148343086,-0.10844290256500244,-0.2154942899942398,6.544600963592529,49.86817169189453,-90.84367370605469
22.29090905189514,0,-0.5609593987464905,0.08242801576852798,-4.0,-40.82427978515625,2.01200008392334,2976.0,-0.0,2.0,20.00400161743164,0.0,0.476470410823822,-1.88552987575531,9.841268539428711,-0.024793077260255814,0.05867299437522888,-0.20204512774944305,7.959649562835693,49.15830612182617,-90.50279235839844
22.311179161071777,0,-0.5609593987464905,0.06774080544710159,-4.0,-40.67741012573242,2.0240001678466797,2956.0,-0.0,2.0,20.00400161743164,0.0,-0.10355450212955475,-2.242284059524536,9.732327461242676,0.03339787572622299,-0.00431172177195549,-0.21269793808460236,8.667174339294434,50.578041076660156,-91.1845474243164
22.3313627243042,0,-0.5609593987464905,0.05547603964805603,-4.0,-40.55476379394531,2.004000186920166,2984.0,-0.0,2.0,20.00800132751465,0.0,0.5195682644844055,-1.781376838684082,8.342422485351562,-0.0025553442537784576,-0.08274300396442413,-0.19751767814159393,7.429006576538086,48.270973205566406,-91.35498809814453
22.3515887260437,0,-0.5609593987464905,0.045624736696481705,-4.0,-40.45624542236328,2.01200008392334,2952.0,-0.0,2.0,20.012001037597656,0.0,1.0379393100738525,-2.581080913543701,11.084521293640137,0.04564860090613365,0.05973827838897705,-0.20018088817596436,8.313411712646484,48.093505859375,-92.2071762084961
22.37184190750122,0,-0.5609593987464905,0.03743027523159981,-4.0,-40.37430191040039,2.0199999809265137,2952.0,-0.0,2.0,20.032001495361328,0.0,0.32981809973716736,-2.2273197174072266,8.851814270019531,0.09425203502178192,-0.06303531676530838,-0.2036430537700653,6.013957500457764,49.33577346801758,-92.71849060058594
22.392117977142334,0,-0.5609593987464905,0.030667593702673912,-4.0,-40.306678771972656,2.01200008392334,2968.0,-0.0,2.0,20.016000747680664,0.0,0.4644987881183624,-2.3620002269744873,7.328426361083984,0.05390452966094017,-0.025351015850901604,-0.17767682671546936,8.490293502807617,49.33577346801758,-91.35498809814453
22.412431716918945,0,-0.5609622001647949,0.025178849697113037,-4.0,-40.25178909301758,2.008000135421753,2956.0,-0.0,2.0,20.00800132751465,-2.7520000003278255e-06,-0.0305276270955801,-2.001654624938965,8.20714282989502,0.03313155472278595,0.02245345339179039,-0.18207111954689026,7.959649562835693,47.73857116699219,-91.52542877197266
22.432499647140503,0,-0.5609622001647949,0.020627368241548538,-4.0,-40.206275939941406,2.01200008392334,2984.0,-0.0,2.0,20.00800132751465,0.0,0.41960522532463074,-1.8825370073318481,8.565093994140625,-0.005351707339286804,-0.0084396842867136,-0.1716846227645874,8.667174339294434,49.513240814208984,-92.2071762084961
22.452771186828613,0,-0.5609622001647949,0.01695459894835949,-4.0,-40.1695442199707,2.01200008392334,2940.0,-0.0,2.0,20.012001037597656,0.0,0.06524532288312912,-2.0519354343414307,11.06476879119873,0.008896421641111374,0.021654494106769562,-0.17088566720485687,6.89836311340332,49.513240814208984,-91.1845474243164
22.473028421401978,0,-0.5609622001647949,0.013907293789088726,-4.0,-40.139076232910156,2.01200008392334,2956.0,-0.0,2.0,20.012001037597656,0.0,0.006584390066564083,-1.6544777154922485,7.273955345153809,0.019416067749261856,-0.020424092188477516,-0.165426105260849,7.959649562835693,50.578041076660156,-90.50279235839844
22.49330472946167,0,-0.5609622001647949,0.011415665037930012,-4.0,-40.11415481567383,2.008000135421753,2952.0,-0.0,2.0,20.00400161743164,0.0,0.45372435450553894,-2.042956590652466,9.992111206054688,-0.03238320350646973,0.0265814159065485,-0.14904741942882538,7.075243949890137,47.916038513183594,-91.35498809814453
22.513564109802246,0,-0.5609622001647949,0.00936900731176138,-4.0,-40.09368896484375,2.004000186920166,2948.0,-0.0,2.0,20.02400016784668,0.0,0.1891515702009201,-2.169257164001465,8.691993713378906,0.032598916441202164,0.01925761252641678,-0.13253556191921234,7.605887413024902,48.270973205566406,-91.35498809814453
22.533831357955933,0,-0.5609622001647949,0.0076736267656087875,-4.0,-40.07673645019531,2.008000135421753,2980.0,-0.0,2.0,20.00800132751465,0.0,-0.18675725162029266,-1.6712379455566406,8.736886978149414,0.004635298624634743,0.028845136985182762,-0.12694284319877625,6.367719650268555,48.62590408325195,-92.71849060058594
22.554625272750854,0,-0.5609622001647949,0.006308313924819231,-4.0,-40.063079833984375,2.008000135421753,2948.0,-0.0,2.0,20.00800132751465,0.0,-0.03651343658566475,-1.9178532361984253,9.712574005126953,-0.014539752155542374,0.015262809582054615,-0.11469210684299469,6.013957500457764,48.62590408325195,-92.0367431640625
22.574185371398926,0,-0.5609622001647949,0.005177345592528582,-4.0,-40.05177307128906,2.008000135421753,2944.0,-0.0,2.0,20.00400161743164,0.0,0.1161246970295906,-2.20577073097229,9.53060531616211,0.014888625591993332,0.006607403978705406,-0.08379896730184555,5.837076663970947,49.15830612182617,-92.2071762084961
22.594460487365723,0,-0.5609622001647949,0.00424715643748641,-4.0,-40.04247283935547,2.008000135421753,2952.0,-0.0,2.0,20.00400161743164,0.0,0.17897570133209229,-2.081864356994629,9.462367057800293,-0.013873951509594917,0.022053973749279976,-0.05636799335479736,6.89836311340332,47.383636474609375,-91.86630249023438
22.614750862121582,0,-0.5609622001647949,0.0034852945245802402,-4.0,-40.03485107421875,2.01200008392334,2948.0,-0.0,2.0,20.012001037597656,0.0,0.06045667454600334,-1.8783469200134277,9.7742280960083,-0.01813507452607155,0.00594160333275795,-0.0497099906206131,3.8913843631744385,47.916038513183594,-92.0367431640625
22.634995222091675,0,-0.5609622001647949,0.002855591708794236,-4.0,-40.02855682373047,2.008000135421753,2960.0,-0.0,2.0,20.00400161743164,0.0,-0.20291893184185028,-1.550324559211731,9.28039836883545,0.011160142719745636,-0.02069041319191456,-0.04385094717144966,4.775789737701416,48.44844055175781,-91.52542877197266
22.65526032447815,0,-0.5609622001647949,0.0023470583837479353,-4.0,-40.023468017578125,2.008000135421753,2948.0,-0.0,2.0,20.00800132751465,0.0,-0.30886775255203247,-1.5670849084854126,9.439620971679688,-0.0042864251881837845,-0.02508469484746456,-0.033863939344882965,7.252125263214111,47.73857116699219,-91.52542877197266
22.675389766693115,0,-0.5609622001647949,0.0019261175766587257,-4.0,-40.01926040649414,2.008000135421753,2948.0,-0.0,2.0,20.00400161743164,0.0,0.10295592248439789,-1.9579582214355469,8.73928165435791,0.007831141352653503,-0.010969726368784904,-0.01988213136792183,6.367719650268555,47.56110382080078,-91.01410675048828
22.695594310760498,0,-0.5609649419784546,0.0015564870554953814,-4.0,-40.01556396484375,2.008000135421753,2952.0,-0.0,2.0,20.012001037597656,-2.7520000003278255e-06,0.627911388874054,-2.129750967025757,8.314289093017578,0.017551828175783157,0.002346280962228775,-0.0007070805877447128,7.075243949890137,49.33577346801758,-92.0367431640625
22.715890169143677,0,-0.5609649419784546,0.0012770360335707664,-4.0,-40.01277160644531,2.008000135421753,2952.0,-0.0,2.0,20.00800132751465,0.0,0.1670040786266327,-1.9519723653793335,9.29296875,-0.01946667581796646,0.006207924336194992,-0.023477453738451004,7.605887413024902,48.44844055175781,-92.2071762084961
22.73615860939026,0,-0.5609649419784546,0.0010466700186952949,-4.0,-40.010467529296875,2.01200008392334,2956.0,-0.0,2.0,20.012001037597656,0.0,0.09457578510046005,-1.803524374961853,8.955368995666504,0.015154946595430374,-0.0004500802606344223,-0.011626207269728184,6.544600963592529,49.513240814208984,-92.54805755615234
22.756394624710083,0,-0.5609649419784546,0.000859976455103606,-4.0,-40.008602142333984,2.01200008392334,2948.0,-0.0,2.0,20.012001037597656,0.0,-0.016161685809493065,-1.7670109272003174,8.62255859375,-0.006017506122589111,0.005675284191966057,-0.0001744404435157776,7.075243949890137,47.56110382080078,-93.05937194824219
22.776636123657227,0,-0.560992419719696,0.000441179727204144,-4.0,-40.00440979003906,2.008000135421753,2960.0,-0.0,2.0,20.016000747680664,-2.7520000003278255e-05,0.009577294811606407,-1.9334163665771484,9.465360641479492,-0.012808671221137047,-0.0013822000473737717,0.008081483654677868,7.252125263214111,48.44844055175781,-92.2071762084961
22.796937465667725,0,-0.5610226988792419,0.00010742231825133786,-4.0,-40.00107192993164,2.008000135421753,2952.0,-0.0,2.0,20.00800132751465,-3.027200000360608e-05,0.17059555649757385,-1.7676094770431519,8.864983558654785,0.01355702430009842,0.0018136408179998398,0.00834780465811491,7.429006576538086,48.62590408325195,-92.37761688232422
22.817200183868408,0,-0.5610226988792419,8.814957982394844e-05,-4.0,-40.00088119506836,2.004000186920166,2956.0,-0.0,2.0,20.00800132751465,0.0,-0.002992904745042324,-1.7293002605438232,9.316313743591309,-0.008148068562150002,0.007140044122934341,-0.0020386814139783382,8.136530876159668,48.62590408325195,-89.65060424804688
22.837466955184937,0,-0.5611162781715393,-0.0008114635711535811,-4.0,-39.99188232421875,2.008000135421753,2964.0,-0.0,2.0,20.012001037597656,-9.356800001114607e-05,-0.04429498687386513,-1.3869119882583618,9.113993644714355,0.0021052584052085876,-0.002048000693321228,9.187962859869003e-05,7.429006576538086,48.62590408325195,-92.71849060058594
22.857693195343018,0,-0.5623711943626404,-0.012366410344839096,-4.0,-39.87633514404297,2.004000186920166,2956.0,-0.0,2.0,20.00800132751465,-0.0012549120001494884,0.06883680820465088,-1.0032216310501099,8.939207077026367,0.009295903146266937,-0.008040202781558037,0.0035540414974093437,8.667174339294434,48.093505859375,-92.2071762084961
22.877819776535034,0,-0.5639948844909668,-0.023417899385094643,-0.0,0.23417899012565613,2.004000186920166,3048.0,-0.0,2.0,20.012001037597656,-0.001623680000193417,0.0670410618185997,-1.461135983467102,9.233110427856445,0.002637898549437523,0.004743162542581558,0.0012903204187750816,7.252125263214111,47.73857116699219,-92.54805755615234
22.898057460784912,0,-0.5606071949005127,0.011259482242166996,-0.0,-0.11259482055902481,2.004000186920166,2948.0,-0.0,2.0,20.00800132751465,0.0033877119421958923,0.16640549898147583,-0.0610552541911602,9.671870231628418,0.010094862431287766,-0.010170767083764076,-0.004568723030388355,8.667174339294434,49.15830612182617,-92.54805755615234
22.91832733154297,0,-0.5578771829605103,0.03336687758564949,-0.0,-0.3336687684059143,2.004000186920166,2960.0,-0.0,2.0,20.012001037597656,0.002729984000325203,0.2322493940591812,0.8811111450195312,7.9587321281433105,0.10104319453239441,0.007140044122934341,-0.011493047699332237,7.782768726348877,48.62590408325195,-92.71849060058594
22.93860173225403,0,-0.5565672516822815,0.03910061717033386,-0.0,-0.3910061717033386,2.01200008392334,2964.0,-0.0,2.0,20.012001037597656,0.001309952000156045,0.08918856084346771,0.8104785680770874,9.236701965332031,0.040854837745428085,0.04282694682478905,-0.01602048985660076,8.313411712646484,49.15830612182617,-92.54805755615234
22.958879470825195,0,-0.556363582611084,0.03378669545054436,-0.0,-0.33786696195602417,2.01200008392334,2948.0,-0.0,2.0,20.00400161743164,0.0002036480000242591,-0.3381982147693634,0.892484188079834,9.099627494812012,-0.007748587056994438,0.011933807283639908,0.014872648753225803,8.313411712646484,48.093505859375,-90.50279235839844
22.9791738986969,0,-0.5567296147346497,0.024181071668863297,-0.0,-0.24181070923805237,2.008000135421753,3108.0,-0.0,2.0,20.1200008392334,-0.0003660160000436008,-0.08739281445741653,0.9559337496757507,9.29416561126709,-0.005618026480078697,0.01632808893918991,0.017802171409130096,8.136530876159668,48.270973205566406,-91.69586181640625
22.99952483177185,0,-0.5573983192443848,0.014017166569828987,-0.0,-0.14017166197299957,2.008000135421753,2944.0,-0.0,2.0,20.00800132751465,-0.0006687360000796616,0.2849245071411133,1.1456838846206665,8.639917373657227,0.025807753205299377,0.0007483605295419693,-0.003902922850102186,7.959649562835693,49.513240814208984,-91.52542877197266
23.019695281982422,0,-0.5574231147766113,0.011296887882053852,-0.0,-0.11296887695789337,2.01200008392334,2952.0,-0.0,2.0,20.02800178527832,-2.476800000295043e-05,0.11073747277259827,1.5808522701263428,9.22293472290039,0.019282907247543335,0.007140044122934341,-0.01602048985660076,8.136530876159668,48.270973205566406,-91.01410675048828
23.039953470230103,0,-0.5608135461807251,-0.02287224307656288,-1.8204001188278198,-17.975278854370117,2.004000186920166,2972.0,-0.0,2.0,20.00800132751465,-0.003390464000403881,0.013168780133128166,1.7400747537612915,8.909876823425293,0.016353387385606766,-0.00018375925719738007,0.004486162215471268,8.136530876159668,47.206172943115234,-92.71849060058594
23.060231924057007,0,-0.5766018033027649,-0.1622191220521927,-1.8204001188278198,-16.581809997558594,2.0240001678466797,2952.0,-0.0,2.0,20.016000747680664,-0.01578822359442711,0.12749773263931274,0.1101388931274414,9.166069984436035,-0.007615428417921066,0.018059171736240387,0.014206848107278347,7.075243949890137,48.270973205566406,-90.67323303222656
23.08045530319214,0,-0.5944044589996338,-0.29012271761894226,-4.0,-37.09877395629883,2.0160000324249268,3032.0,-0.0,2.0,20.00400161743164,-0.017802687361836433,-0.4172109067440033,-2.3889365196228027,8.834455490112305,-0.018800875172019005,0.022986093536019325,0.0004913602024316788,6.367719650268555,47.56110382080078,-92.0367431640625
23.10055160522461,0,-0.6048648357391357,-0.3334314823150635,-4.0,-36.66568374633789,2.008000135421753,2956.0,-0.0,2.0,20.00400161743164,-0.010460351593792439,-0.10774456709623337,-2.460766077041626,9.925070762634277,-0.2060239464044571,-0.04945299029350281,0.020598530769348145,4.422027587890625,47.383636474609375,-90.84367370605469
23.120828866958618,0,-0.6226840615272522,-0.43425819277763367,-4.0,-35.65741729736328,2.0240001678466797,2948.0,-0.0,2.0,20.012001037597656,-0.017819199711084366,0.9289975762367249,-2.0615127086639404,7.078219413757324,0.05177396908402443,0.03803318366408348,0.03178397938609123,5.837076663970947,49.513240814208984,-91.86630249023438
23.14111876487732,0,-0.6385163068771362,-0.4966409504413605,-4.0,-35.033592224121094,2.01200008392334,2964.0,-0.0,2.0,20.00800132751465,-0.01583225652575493,0.07661835849285126,-1.336631178855896,8.076652526855469,0.023677192628383636,0.009670086205005646,-0.025474853813648224,6.544600963592529,48.44844055175781,-90.50279235839844
23.16137146949768,0,-0.6529092192649841,-0.5379679203033447,-4.0,-34.62031936645508,2.01200008392334,2944.0,-0.0,2.0,20.012001037597656,-0.014392959885299206,0.10116017609834671,-2.163870096206665,11.023466110229492,-0.05342249572277069,0.02857881784439087,-0.027738578617572784,6.544600963592529,48.093505859375,-91.52542877197266
23.181628704071045,0,-0.6697074770927429,-0.5905978083610535,-3.6037089824676514,-30.13111114501953,2.01200008392334,2980.0,-0.0,2.0,20.012001037597656,-0.01679820753633976,-0.5494973063468933,-0.8404076099395752,7.695356369018555,0.04125432297587395,0.006207924336194992,9.187962859869003e-05,5.483314037322998,47.02870559692383,-91.1845474243164
23.201884269714355,0,-0.6828537583351135,-0.6032405495643616,-3.6037089824676514,-30.004684448242188,2.0160000324249268,2952.0,-0.0,2.0,20.00800132751465,-0.013146303594112396,0.03411911427974701,-2.089047431945801,8.907483100891113,-0.07086646556854248,-0.027348415926098824,0.002355600707232952,6.190838813781738,48.44844055175781,-91.1845474243164
23.222144842147827,0,-0.6956230401992798,-0.6083768010139465,-0.0,6.083767890930176,2.01200008392334,2952.0,-0.0,2.0,20.012001037597656,-0.01276928000152111,0.302283376455307,-2.035773754119873,10.06394100189209,-0.015072392299771309,-0.027614736929535866,0.019799571484327316,5.837076663970947,48.093505859375,-91.86630249023438
23.242423057556152,0,-0.6916353702545166,-0.46142488718032837,-0.0,4.614248752593994,2.01200008392334,2952.0,-0.0,2.0,20.00400161743164,0.00398764805868268,-0.10774456709623337,-0.7637892365455627,9.239096641540527,0.03646055981516838,0.008338484913110733,0.0016898009926080704,6.721481800079346,48.270973205566406,-91.35498809814453
23.262641429901123,0,-0.6833600997924805,-0.30544671416282654,-0.0,3.05446720123291,2.008000135421753,2956.0,-0.0,2.0,20.036001205444336,0.00827526394277811,0.21070048213005066,0.7314658761024475,9.137337684631348,0.17321595549583435,-0.007773885503411293,0.011277326382696629,6.721481800079346,48.62590408325195,-91.01410675048828
23.282922506332397,0,-0.6861781477928162,-0.2770196497440338,-0.0,2.7701964378356934,2.008000135421753,2972.0,-0.0,2.0,20.012001037597656,-0.0028180480003356934,0.5991795063018799,4.78804874420166,11.429304122924805,0.15936730802059174,-0.0029801223427057266,0.036178261041641235,6.367719650268555,47.56110382080078,-92.71849060058594
23.302983283996582,0,-0.6956918239593506,-0.3135600984096527,-0.0,3.135601043701172,2.008000135421753,2960.0,-0.0,2.0,20.016000747680664,-0.009513664059340954,0.27774155139923096,3.527437448501587,7.703736305236816,0.11675608158111572,0.013531728647649288,0.019932731986045837,8.313411712646484,48.44844055175781,-91.86630249023438
23.32325029373169,0,-0.7054256796836853,-0.34415408968925476,-0.0,3.4415409564971924,2.01200008392334,2948.0,-0.0,2.0,20.00800132751465,-0.00973382405936718,-0.04609072953462601,0.8068870902061462,8.5728759765625,-0.07366283237934113,0.05521083250641823,0.0011571599170565605,7.075243949890137,48.62590408325195,-91.69586181640625
23.34352397918701,0,-0.7120580077171326,-0.3413412570953369,-0.0,3.413412570953369,2.008000135421753,2948.0,-0.0,2.0,20.00800132751465,-0.006632320117205381,-0.10654740780591965,-0.053273703902959824,9.465360641479492,-0.07512758672237396,-0.004444882273674011,0.011144165880978107,6.367719650268555,48.980838775634766,-92.37761688232422
23.36381435394287,0,-0.715398907661438,-0.30959656834602356,-0.0,3.095965623855591,2.01200008392334,2948.0,-0.0,2.0,20.00400161743164,-0.0033409278839826584,-0.1819685995578766,0.7590005993843079,7.845001697540283,0.05084184929728508,-0.016429288312792778,0.0284549742937088,7.782768726348877,49.33577346801758,-91.69586181640625
23.384076356887817,0,-0.7157484292984009,-0.2567612826824188,-0.5985032916069031,-3.4174201488494873,2.008000135421753,2968.0,-0.0,2.0,20.012001037597656,-0.00034950400004163384,0.3735145032405853,0.45073142647743225,9.009241104125977,0.03326471522450447,-0.020424092188477516,0.017669010907411575,8.136530876159668,47.916038513183594,-92.0367431640625
23.404329538345337,0,-0.7190205454826355,-0.2409491389989853,-0.5985032916069031,-3.5755414962768555,2.008000135421753,2956.0,-0.0,2.0,20.00800132751465,-0.0032721280585974455,-0.0550694465637207,1.8137001991271973,8.401681900024414,0.02700619399547577,-0.012434488162398338,-0.000840241089463234,9.374698638916016,48.093505859375,-91.1845474243164
23.424585342407227,0,-0.7264702320098877,-0.26553666591644287,-4.0,-37.34463119506836,2.0160000324249268,2952.0,-0.0,2.0,20.00800132751465,-0.0074496641755104065,0.09158287942409515,1.0110031366348267,8.576467514038086,-0.023860957473516464,0.020722372457385063,0.01447316911071539,7.429006576538086,48.62590408325195,-92.71849060058594
23.444843292236328,0,-0.7447324991226196,-0.38339751958847046,-4.0,-36.16602325439453,2.01200008392334,2952.0,-0.0,2.0,20.00400161743164,-0.01826227270066738,-0.10415308177471161,0.7997041344642639,10.033413887023926,-0.04077228903770447,0.007406365126371384,0.012209446169435978,7.252125263214111,48.80337142944336,-90.84367370605469
23.465099573135376,0,-0.7648165822029114,-0.49344441294670105,-4.0,-35.065555572509766,2.008000135421753,2948.0,-0.0,2.0,20.016000747680664,-0.020084096118807793,-0.4160137474536896,-4.317564010620117,4.929314136505127,-0.060346819460392,-0.0029801223427057266,0.02419385313987732,6.89836311340332,47.383636474609375,-91.52542877197266
23.485215663909912,0,-0.7788297533988953,-0.5298889875411987,-4.0,-34.70111083984375,2.01200008392334,2972.0,-0.0,2.0,20.016000747680664,-0.014013184234499931,0.6237213015556335,-4.248128890991211,8.505236625671387,-0.1378459930419922,-0.011102886870503426,0.0572175495326519,6.013957500457764,48.270973205566406,-91.01410675048828
23.505481958389282,0,-0.7992991209030151,-0.6203148365020752,-4.0,-33.796852111816406,2.01200008392334,2956.0,-0.0,2.0,20.00400161743164,-0.02046937681734562,0.733860194683075,-1.4084609746932983,7.824649810791016,0.07334589958190918,-0.04093074053525925,0.05455435439944267,7.252125263214111,48.44844055175781,-90.84367370605469
23.525711059570312,0,-0.814374566078186,-0.6393529772758484,-0.03709123283624649,6.022617340087891,2.01200008392334,2960.0,-0.0,2.0,20.012001037597656,-0.015075456351041794,0.23883378505706787,-1.2707873582839966,10.392561912536621,-0.023594636470079422,0.005675284191966057,0.013674207963049412,7.782768726348877,45.78643798828125,-90.33235931396484
23.545963525772095,0,-0.8100016713142395,-0.48500165343284607,-0.03709123283624649,4.479104042053223,2.01200008392334,2952.0,-0.0,2.0,20.012001037597656,0.004372927825897932,-0.6057639122009277,-0.4854491353034973,11.998554229736328,0.019416067749261856,0.02445085532963276,0.003420881927013397,6.190838813781738,48.093505859375,-90.50279235839844
23.566239595413208,0,-0.8046655654907227,-0.3514729142189026,-0.03709123283624649,3.1438169479370117,2.008000135421753,2956.0,-0.0,2.0,20.00800132751465,0.0053361281752586365,-0.2723543345928192,2.337458610534668,8.786569595336914,0.2079707384109497,0.03976426273584366,-0.011892527341842651,8.313411712646484,48.80337142944336,-91.1845474243164
23.58648681640625,0,-0.8082045912742615,-0.32065537571907043,-0.0,3.2065536975860596,2.01200008392334,2964.0,-0.0,2.0,20.012001037597656,-0.003539071884006262,0.31784647703170776,3.820742130279541,8.82188606262207,0.2122318595647812,0.028845136985182762,-0.014555728994309902,7.252125263214111,47.73857116699219,-92.54805755615234
23.60677695274353,0,-0.816402792930603,-0.3375232219696045,-0.0,3.375232219696045,2.008000135421753,2948.0,-0.0,2.0,20.016000747680664,-0.008198208175599575,-0.17059555649757385,1.9447894096374512,8.504637718200684,0.01888342946767807,0.05973827838897705,-0.015221529640257359,7.252125263214111,48.44844055175781,-91.86630249023438
23.626874685287476,0,-0.8247964382171631,-0.35128283500671387,-0.0,3.5128283500671387,2.008000135421753,2988.0,-0.0,2.0,20.012001037597656,-0.008393599651753902,-0.025738980621099472,0.28372734785079956,9.436029434204102,-0.0703338235616684,0.01273276749998331,0.04616526514291763,7.605887413024902,48.80337142944336,-91.1845474243164
23.647129774093628,0,-0.8300307393074036,-0.3352689743041992,-0.0,3.352689743041992,2.008000135421753,2952.0,-0.0,2.0,20.00800132751465,-0.005234303884208202,0.21189764142036438,0.42678821086883545,9.664687156677246,-0.010544950142502785,0.02152133360505104,0.040173061192035675,9.020936012268066,48.80337142944336,-91.86630249023438
23.66780185699463,0,-0.831981897354126,-0.29192492365837097,-0.0,2.9192492961883545,2.0199999809265137,2952.0,-0.0,2.0,20.020000457763672,-0.0019511680584400892,0.3411911129951477,0.5878064632415771,8.17422103881836,0.035927917808294296,-0.014298727735877037,0.01247576717287302,8.667174339294434,49.513240814208984,-91.1845474243164
23.68765354156494,0,-0.8319764137268066,-0.23924845457077026,-0.0,2.392484664916992,2.004000186920166,2964.0,-0.0,2.0,20.00400161743164,5.504000000655651e-06,0.2663685083389282,1.5712748765945435,9.823909759521484,0.000906817615032196,-0.001914840191602707,-0.017218930646777153,7.429006576538086,48.980838775634766,-92.0367431640625
23.707927227020264,0,-0.8346265554428101,-0.22109827399253845,-0.0,2.2109827995300293,2.01200008392334,2948.0,-0.0,2.0,20.012001037597656,-0.002650175942108035,-0.18556009232997894,2.841463565826416,8.546538352966309,0.040988001972436905,-0.0005832407623529434,-0.017751570791006088,7.252125263214111,48.44844055175781,-91.1845474243164
23.72820496559143,0,-0.8402653932571411,-0.23107917606830597,-0.0,2.3107917308807373,2.004000186920166,3072.0,-0.0,2.0,20.00400161743164,-0.0056388480588793755,-0.03651343658566475,1.6006053686141968,8.278972625732422,-0.009745988994836807,0.010469046421349049,0.014872648753225803,7.075243949890137,49.33577346801758,-90.67323303222656
23.74844241142273,0,-0.8449768424034119,-0.23261913657188416,-0.0,2.3261914253234863,2.008000135421753,2952.0,-0.0,2.0,20.00400161743164,-0.004711424000561237,0.14425800740718842,0.3292195200920105,10.136967658996582,-0.03757644444704056,0.0010146815329790115,0.03271609917283058,6.367719650268555,47.916038513183594,-91.35498809814453
23.76871943473816,0,-0.8473187685012817,-0.21138262748718262,-0.0,2.113826274871826,2.008000135421753,2952.0,-0.0,2.0,20.00800132751465,-0.0023419519420713186,0.22686217725276947,0.656643271446228,8.858997344970703,0.00956222414970398,0.002346280962228775,0.006350403651595116,6.89836311340332,48.80337142944336,-91.52542877197266
23.78880476951599,0,-0.8480508327484131,-0.17965449392795563,-0.0,1.7965449094772339,2.01200008392334,2984.0,-0.0,2.0,20.00800132751465,-0.0007320320000872016,-0.03292195126414299,1.0618826150894165,8.805724143981934,-0.0014900639653205872,-0.005377002060413361,-0.01815105229616165,9.1978178024292,48.270973205566406,-91.69586181640625
23.809247732162476,0,-0.8481444120407104,-0.1484626829624176,-0.0,1.4846267700195312,2.008000135421753,2952.0,-0.0,2.0,20.012001037597656,-9.356800001114607e-05,-0.03830917924642563,1.1618455648422241,9.525816917419434,0.00010785646736621857,0.007140044122934341,0.0030214013531804085,7.782768726348877,47.916038513183594,-91.01410675048828
23.829509496688843,0,-0.8487057685852051,-0.12630769610404968,-0.0,1.2630770206451416,2.01200008392334,3104.0,-0.0,2.0,20.108001708984375,-0.0005614080000668764,0.1310892254114151,1.5078253746032715,8.592629432678223,0.019016586244106293,0.0011478401720523834,0.020998012274503708,7.782768726348877,48.270973205566406,-92.71849060058594
23.849746704101562,0,-0.8504148125648499,-0.1196412444114685,-0.0,1.196412444114685,2.01200008392334,2956.0,-0.0,2.0,20.012001037597656,-0.0017089920584112406,0.001197161851450801,1.3869119882583618,9.121175765991211,0.003969499841332436,0.006607403978705406,0.00941308494657278,7.782768726348877,49.69070816040039,-91.35498809814453
23.86988925933838,0,-0.8519008755683899,-0.111606165766716,-0.0,1.1160616874694824,2.008000135421753,2948.0,-0.0,2.0,20.00400161743164,-0.0014860800001770258,-0.06464674323797226,1.107374668121338,9.308531761169434,-0.014539752155542374,-0.005510162562131882,-0.002171841450035572,8.667174339294434,48.80337142944336,-92.2071762084961
23.890105485916138,0,-0.8532328605651855,-0.10313724726438522,-0.0,1.0313724279403687,2.01200008392334,2964.0,-0.0,2.0,20.012001037597656,-0.0013319680001586676,0.06524532288312912,0.8212530016899109,8.775794982910156,-0.004153266549110413,-0.007640725001692772,-0.005500843748450279,8.136530876159668,48.62590408325195,-91.35498809814453
23.910612106323242,0,-0.8534034490585327,-0.08622021973133087,-0.0,0.8622021675109863,2.0240001678466797,2948.0,-0.0,2.0,20.00400161743164,-0.00017062400002032518,0.180172860622406,0.710515558719635,9.166667938232422,-0.0016232244670391083,-0.002048000693321228,-0.0028376420959830284,7.252125263214111,48.093505859375,-92.2071762084961
23.930633068084717,0,-0.8534034490585327,-0.07047998905181885,-0.0,0.7047998905181885,2.01200008392334,3040.0,-0.0,2.0,20.00800132751465,0.0,0.10116017609834671,0.8835054636001587,8.912870407104492,0.007032182067632675,-0.0011158809065818787,0.00035819970071315765,5.837076663970947,49.15830612182617,-92.2071762084961
23.950894594192505,0,-0.8534034490585327,-0.05806070938706398,-0.0,0.5806071162223816,2.008000135421753,2940.0,-0.0,2.0,20.00400161743164,0.0,-0.022746074944734573,0.828436017036438,9.103816986083984,-0.004685906693339348,0.00900428555905819,0.0012903204187750816,7.429006576538086,47.916038513183594,-92.0367431640625
23.971798419952393,0,-0.8534034490585327,-0.04764765128493309,-0.0,0.4764765202999115,2.01200008392334,2952.0,-0.0,2.0,20.00800132751465,0.0,0.004190066363662481,0.7296701669692993,8.995473861694336,-0.001356903463602066,-0.00018375925719738007,0.0004913602024316788,8.313411712646484,49.15830612182617,-92.2071762084961
23.991481065750122,0,-0.8534034490585327,-0.03904816880822182,-0.0,0.3904816806316376,2.008000135421753,2956.0,-0.0,2.0,20.00400161743164,0.0,0.09038572013378143,0.6883680820465088,9.034381866455078,-2.530403435230255e-05,-0.0005832407623529434,-0.0007070805877447128,6.544600963592529,49.15830612182617,-92.54805755615234
24.01174759864807,0,-0.8534034490585327,-0.03208446130156517,-0.0,0.3208446204662323,2.008000135421753,2952.0,-0.0,2.0,20.00800132751465,0.0,0.11851902306079865,0.5854121446609497,9.11159896850586,-0.002954825758934021,0.0012810006737709045,-0.001506041269749403,7.429006576538086,47.916038513183594,-92.37761688232422
24.03178644180298,0,-0.8534034490585327,-0.02628682740032673,0.0,0.30813702940940857,2.004000186920166,2976.0,-0.0,0.0,20.00400161743164,0.0,0.04190066456794739,0.5261526107788086,9.006847381591797,-0.0005579441785812378,0.0052758026868104935,0.0015566404908895493,7.605887413024902,49.15830612182617,-90.50279235839844
24.05204701423645,0,-0.8534034490585327,-0.02160555124282837,0.0,0.30813702940940857,2.004000186920166,2940.0,-0.0,0.0,20.00400161743164,0.0,-0.007781552150845528,0.44893568754196167,9.131352424621582,-0.0005579441785812378,0.004476843401789665,-0.0009734011255204678,7.429006576538086,48.270973205566406,-92.71849060058594
24.07235312461853,0,-0.8534034490585327,-0.017732731997966766,0.0,0.30813702940940857,2.008000135421753,2948.0,-0.0,0.0,20.016000747680664,0.0,0.024541817605495453,0.4291825294494629,9.027198791503906,-0.0034874659031629562,-0.0004500802606344223,-0.0033702822402119637,7.252125263214111,47.73857116699219,-90.16191864013672
24.09261131286621,0,-0.8534034490585327,-0.014549033716320992,0.0,0.30813702940940857,2.0160000324249268,2944.0,-0.0,0.0,20.00400161743164,0.0,0.054470863193273544,0.3920705020427704,9.021811485290527,-0.004419585689902306,8.255988359451294e-05,-0.002305001951754093,7.782768726348877,51.110443115234375,-93.05937194824219
24.113613843917847,0,-0.8534034490585327,-0.01194018218666315,0.0,0.30813702940940857,2.004000186920166,2948.0,-0.0,0.0,20.012001037597656,0.0,0.048485055565834045,0.3932676613330841,9.091845512390137,-0.0012237448245286942,0.0003488808870315552,-4.127994179725647e-05,7.959649562835693,49.15830612182617,-91.52542877197266
24.132935285568237,0,-0.8534034490585327,-0.009779141284525394,0.0,0.30813702940940857,2.008000135421753,2968.0,-0.0,0.0,20.00400161743164,0.0,0.0550694465637207,0.40583786368370056,8.942200660705566,-0.0040201060473918915,0.001946801319718361,-0.002571322023868561,8.490293502807617,48.980838775634766,-92.0367431640625
24.1532039642334,0,-0.8534034490585327,-0.00803918857127428,0.0,0.30813702940940857,2.008000135421753,2944.0,-0.0,0.0,20.012001037597656,0.0,-0.006584390066564083,0.3591485619544983,9.340256690979004,0.0006404966115951538,0.0015473216772079468,-0.0027044820599257946,8.313411712646484,48.80337142944336,-92.88893127441406
24.173479795455933,0,-0.8534034490585327,-0.00657212408259511,0.0,0.30813702940940857,2.008000135421753,2948.0,-0.0,0.0,20.00800132751465,0.0,0.054470863193273544,0.37590882182121277,8.97572135925293,-0.003354305401444435,-0.002048000693321228,-0.000840241089463234,7.959649562835693,47.73857116699219,-92.2071762084961
24.193746089935303,0,-0.8534034490585327,-0.005413646809756756,0.0,0.30813702940940857,2.004000186920166,2940.0,-0.0,0.0,20.012001037597656,0.0,0.06225241720676422,0.3519655764102936,8.700373649597168,-0.012941830791532993,0.0035447217524051666,-0.002305001951754093,8.84405517578125,49.33577346801758,-92.0367431640625
24.21402072906494,0,-0.8534034490585327,-0.004441515076905489,0.0,0.30813702940940857,2.0240001678466797,2944.0,-0.0,0.0,20.00400161743164,0.0,0.0005985809257254004,0.27953729033470154,9.25885009765625,0.006765861064195633,0.002346280962228775,0.0012903204187750816,8.313411712646484,50.578041076660156,-91.1845474243164
24.23427152633667,0,-0.8534034490585327,-0.003639764850959182,0.0,0.30813702940940857,2.004000186920166,2960.0,-0.0,0.0,20.00800132751465,0.0,0.017358846962451935,0.3723173439502716,9.252863883972168,0.010760664939880371,-0.0036459211260080338,0.0006245197728276253,7.959649562835693,48.093505859375,-92.88893127441406
24.25455594062805,0,-0.8534034490585327,-0.002991358283907175,0.0,0.30813702940940857,2.004000186920166,2944.0,-0.0,0.0,20.012001037597656,0.0,0.03591485694050789,0.3783031404018402,9.122373580932617,-0.013208150863647461,-0.00018375925719738007,-0.0037697628140449524,9.1978178024292,47.56110382080078,-92.0367431640625
24.27466630935669,0,-0.8534034490585327,-0.0024534319527447224,0.0,0.30813702940940857,2.004000186920166,2948.0,-0.0,0.0,20.00400161743164,0.0,0.09697011113166809,0.3310152590274811,8.769808769226074,-0.006550148129463196,0.002213122323155403,-0.0001744404435157776,7.782768726348877,48.980838775634766,-91.69586181640625
24.294896602630615,0,-0.8534034490585327,-0.002014191122725606,0.0,0.30813702940940857,2.008000135421753,2940.0,-0.0,0.0,20.012001037597656,0.0,0.051477961242198944,0.3411911129951477,8.912870407104492,0.007697980850934982,0.0035447217524051666,0.0006245197728276253,7.252125263214111,48.44844055175781,-91.86630249023438
24.315288543701172,0,-0.8534034490585327,-0.0016523073427379131,0.0,0.30813702940940857,2.0160000324249268,2940.0,-0.0,0.0,20.032001495361328,0.0,0.006584390066564083,0.40583786368370056,9.180436134338379,0.000906817615032196,-0.0033796019852161407,-0.0001744404435157776,8.313411712646484,49.15830612182617,-91.52542877197266
24.33546757698059,0,-0.8534034490585327,-0.0013542573433369398,0.0,0.30813702940940857,2.004000186920166,2972.0,-0.0,0.0,20.00800132751465,0.0,0.06883680820465088,0.4219995439052582,9.047551155090332,-0.0036206264048814774,-0.00018375925719738007,9.187962859869003e-05,7.605887413024902,48.44844055175781,-92.2071762084961
24.35571312904358,0,-0.8534034490585327,-0.001112659927457571,0.0,0.30813702940940857,2.008000135421753,2944.0,-0.0,0.0,20.00800132751465,0.0,0.0670410618185997,0.4333725869655609,9.003255844116211,-2.530403435230255e-05,0.0014141611754894257,0.0008908398449420929,7.252125263214111,49.86817169189453,-92.2071762084961
24.37596106529236,0,-0.8534034490585327,-0.000912680639885366,0.0,0.30813702940940857,2.008000135421753,2952.0,-0.0,0.0,20.016000747680664,0.0,0.023943237960338593,0.43157684803009033,9.0289945602417,-0.00029162317514419556,0.0030120816081762314,0.001956121064722538,6.367719650268555,47.916038513183594,-93.05937194824219
24.39622950553894,0,-0.8534034490585327,-0.0007491958094760776,0.0,0.30813702940940857,2.008000135421753,2944.0,-0.0,0.0,20.012001037597656,0.0,0.020950332283973694,0.4405555725097656,9.066106796264648,-0.0009574238210916519,0.00021572038531303406,0.0008908398449420929,7.959649562835693,47.02870559692383,-91.86630249023438
24.41654133796692,0,-0.8534034490585327,-0.0006147591629996896,0.0,0.30813702940940857,2.004000186920166,2944.0,-0.0,0.0,20.00800132751465,0.0,0.06464674323797226,0.4770689904689789,9.026001930236816,0.0018389374017715454,-0.0009827204048633575,0.001024000346660614,7.429006576538086,48.980838775634766,-91.35498809814453
24.43681526184082,0,-0.8534034490585327,-0.00050361268222332,0.0,0.30813702940940857,2.004000186920166,2960.0,-0.0,0.0,20.012001037597656,0.0,0.10594882071018219,0.49083635210990906,8.999664306640625,-0.0008242633193731308,0.002079961821436882,0.00035819970071315765,8.313411712646484,48.093505859375,-91.1845474243164
24.456894397735596,0,-0.8534034490585327,-0.00041389602120034397,0.0,0.30813702940940857,2.004000186920166,2948.0,-0.0,0.0,20.012001037597656,0.0,0.03471769392490387,0.4872448742389679,9.019417762756348,-0.0009574238210916519,0.0030120816081762314,0.0015566404908895493,7.429006576538086,48.270973205566406,-92.37761688232422
24.477803468704224,0,-0.8534034490585327,-0.0003390399506315589,0.0,0.30813702940940857,2.004000186920166,2988.0,-0.0,0.0,20.012001037597656,0.0,0.004788647405803204,0.4920335114002228,9.121175765991211,0.0014394577592611313,0.0015473216772079468,0.0008908398449420929,8.490293502807617,48.270973205566406,-92.37761688232422
24.497387886047363,0,-0.8534034490585327,-0.0002786734839901328,0.0,0.30813702940940857,2.004000186920166,2948.0,-0.0,0.0,20.012001037597656,0.0,0.04549214988946915,0.511786699295044,9.112197875976562,-0.0008242633193731308,-0.001914840191602707,-0.002171841450035572,7.075243949890137,50.40057373046875,-91.35498809814453
24.517684936523438,0,-0.8534034490585327,-0.00022868538508191705,0.0,0.30813702940940857,2.008000135421753,2948.0,-0.0,0.0,20.00400161743164,0.0,0.07781551778316498,0.5046037435531616,8.941601753234863,-0.002954825758934021,0.0014141611754894257,-0.0007070805877447128,8.490293502807617,49.69070816040039,-91.01410675048828
24.537931442260742,0,-0.8534034490585327,-0.00018736843776423484,0.0,0.30813702940940857,2.008000135421753,2960.0,-0.0,0.0,20.012001037597656,0.0,0.047886475920677185,0.48485055565834045,8.998467445373535,0.00010785646736621857,0.0018136408179998398,-0.0001744404435157776,8.313411712646484,48.093505859375,-92.2071762084961
24.558182954788208,0,-0.8534034490585327,-0.0001539656223030761,0.0,0.30813702940940857,2.008000135421753,2952.0,-0.0,0.0,20.00800132751465,0.0,0.0017957427771762013,0.4854491353034973,9.090648651123047,0.002771059051156044,0.0018136408179998398,-0.000840241089463234,7.429006576538086,48.980838775634766,-91.35498809814453
24.578523874282837,0,-0.8534034490585327,-0.00012569957470986992,0.0,0.30813702940940857,2.004000186920166,3080.0,-0.0,0.0,20.016000747680664,0.0,0.048485055565834045,0.4860477149486542,9.101423263549805,-0.0025553442537784576,-5.060061812400818e-05,-0.0007070805877447128,8.490293502807617,48.62590408325195,-92.0367431640625
24.598544120788574,0,-0.8534034490585327,-0.00010368648509029299,0.0,0.30813702940940857,2.008000135421753,2952.0,-0.0,0.0,20.00400161743164,0.0,0.0640481561422348,0.466294527053833,9.02241039276123,-0.0020227041095495224,0.0011478401720523834,-0.0012397211976349354,7.959649562835693,48.80337142944336,-92.2071762084961
24.6188223361969,0,-0.8534034490585327,-8.507066377205774e-05,0.0,0.30813702940940857,2.0320000648498535,2944.0,-0.0,0.0,20.016000747680664,0.0,0.025738980621099472,0.46868887543678284,9.044557571411133,-0.001356903463602066,0.002479441463947296,-4.127994179725647e-05,8.136530876159668,48.980838775634766,-93.05937194824219
24.639073610305786,0,-0.8534034490585327,-6.970606773393229e-05,0.0,0.30813702940940857,2.008000135421753,2968.0,-0.0,0.0,20.00400161743164,0.0,0.019753171131014824,0.46390020847320557,8.962552070617676,-0.0042864251881837845,0.002079961821436882,0.0015566404908895493,7.959649562835693,49.513240814208984,-91.1845474243164
24.659489393234253,0,-0.8534034490585327,-5.729493932449259e-05,0.0,0.30813702940940857,2.004000186920166,2948.0,-0.0,0.0,20.00400161743164,0.0,0.03232337161898613,0.4405555725097656,9.176844596862793,0.0003741774708032608,-0.0008495599031448364,9.187962859869003e-05,7.252125263214111,49.513240814208984,-90.84367370605469
24.679626941680908,0,-0.8534034490585327,-4.6749450120842084e-05,0.0,0.30813702940940857,2.008000135421753,3076.0,-0.0,0.0,20.016000747680664,0.0,0.0820055902004242,0.44893568754196167,9.045156478881836,0.00024101696908473969,-0.0005832407623529434,-4.127994179725647e-05,8.313411712646484,49.513240814208984,-90.50279235839844
24.69986891746521,0,-0.8534034490585327,-3.858037598547526e-05,0.0,0.30813702940940857,2.008000135421753,2948.0,-0.0,0.0,20.016000747680664,0.0,0.04249924421310425,0.4321754276752472,8.85600471496582,-0.005351707339286804,0.0027457624673843384,0.00022504013031721115,8.84405517578125,47.916038513183594,-90.67323303222656
24.72014880180359,0,-0.8534034490585327,-3.16549812851008e-05,0.0,0.30813702940940857,2.004000186920166,2948.0,-0.0,0.0,20.00400161743164,0.0,0.028133302927017212,0.41481658816337585,9.04276180267334,0.005301099270582199,0.002346280962228775,0.0004913602024316788,7.252125263214111,49.15830612182617,-90.50279235839844
24.740237951278687,0,-0.8534034490585327,-2.5930765332304873e-05,0.0,0.30813702940940857,2.008000135421753,2956.0,-0.0,0.0,20.012001037597656,0.0,0.008978714235126972,0.46868887543678284,9.19420337677002,0.004901619628071785,-5.060061812400818e-05,-0.0001744404435157776,6.367719650268555,50.40057373046875,-92.0367431640625
24.76071548461914,0,-0.8534034490585327,-2.131040491804015e-05,0.0,0.30813702940940857,2.0280001163482666,2948.0,-0.0,0.0,20.016000747680664,0.0,0.02753472328186035,0.4483371078968048,9.05652904510498,-0.008281229063868523,-0.001648521050810814,-0.0012397211976349354,9.374698638916016,49.15830612182617,-92.88893127441406
24.780765056610107,0,-0.8534034490585327,-1.7436101188650355e-05,0.0,0.30813702940940857,2.008000135421753,3004.0,-0.0,0.0,20.00800132751465,0.0,0.05925951153039932,0.4411541521549225,8.90568733215332,-0.0021558646112680435,0.0008815210312604904,0.0016898009926080704,9.374698638916016,46.3188362121582,-92.2071762084961
24.801013708114624,0,-0.8534034490585327,-1.4351499885378871e-05,0.0,0.30813702940940857,2.004000186920166,2940.0,-0.0,0.0,20.00800132751465,0.0,0.022746074944734573,0.43576690554618835,9.05533218383789,0.0015726182609796524,0.0027457624673843384,0.001956121064722538,7.605887413024902,49.15830612182617,-91.86630249023438
24.821301698684692,0,-0.8534034490585327,-1.1777599866036326e-05,0.0,0.30813702940940857,2.008000135421753,2940.0,-0.0,0.0,20.00400161743164,0.0,0.004788647405803204,0.4483371078968048,9.081070899963379,0.00024101696908473969,-0.0003169197589159012,-0.002438161987811327,8.313411712646484,47.383636474609375,-91.86630249023438
24.841597318649292,0,-0.8534034490585327,-9.647846127336379e-06,0.0,0.30813702940940857,2.004000186920166,2972.0,-0.0,0.0,20.00400161743164,0.0,0.04309782758355141,0.45791441202163696,9.030191421508789,-0.001090584322810173,-0.0008495599031448364,0.00022504013031721115,7.429006576538086,48.980838775634766,-91.69586181640625
24.861897945404053,0,-0.8534034490585327,-7.930340871098451e-06,0.0,0.30813702940940857,2.0160000324249268,2948.0,-0.0,0.0,20.00400161743164,0.0,0.0640481561422348,0.4453442096710205,9.053536415100098,0.0003741774708032608,0.0011478401720523834,-0.0001744404435157776,7.782768726348877,49.69070816040039,-93.74112701416016
24.881943702697754,0,-0.8534034490585327,-6.4968044171109796e-06,0.0,0.30813702940940857,2.008000135421753,2972.0,-0.0,0.0,20.012001037597656,0.0,0.026337560266256332,0.4585129916667938,9.060120582580566,-0.001090584322810173,0.003811042755842209,0.0022224411368370056,7.782768726348877,47.56110382080078,-92.37761688232422
24.90220832824707,0,-0.8534034490585327,-5.341077667253558e-06,0.0,0.30813702940940857,2.008000135421753,2940.0,-0.0,0.0,20.00800132751465,0.0,0.017358846962451935,0.4513300061225891,9.007445335388184,-0.0022890251129865646,0.0012810006737709045,-0.0003076009452342987,7.605887413024902,48.093505859375,-91.52542877197266
24.92251229286194,0,-0.8534034490585327,-4.3824929889524356e-06,0.0,0.30813702940940857,2.004000186920166,2944.0,-0.0,0.0,20.00400161743164,0.0,0.04309782758355141,0.46868887543678284,9.033782958984375,0.0014394577592611313,-0.0012490395456552505,-0.0017723613418638706,7.429006576538086,49.69070816040039,-91.35498809814453
24.942766666412354,0,-0.8534034490585327,-3.596087481128052e-06,0.0,0.30813702940940857,2.008000135421753,2944.0,-0.0,0.0,20.00800132751465,0.0,0.047886475920677185,0.46090731024742126,9.101423263549805,-0.0009574238210916519,0.0007483605295419693,-0.0016392013058066368,6.190838813781738,48.44844055175781,-91.1845474243164
24.96378779411316,0,-0.8534034490585327,-2.951257329186774e-06,0.0,0.30813702940940857,2.004000186920166,2948.0,-0.0,0.0,20.012001037597656,0.0,0.025140399113297462,0.46390020847320557,9.00864315032959,-0.0025553442537784576,0.0036778822541236877,-0.0011065611615777016,7.959649562835693,48.80337142944336,-90.50279235839844
24.983113765716553,0,-0.8534034490585327,-2.416930556137231e-06,0.0,0.30813702940940857,2.0160000324249268,2976.0,-0.0,0.0,20.00800132751465,0.0,0.019154589623212814,0.476470410823822,9.00984001159668,-0.0022890251129865646,0.0014141611754894257,-4.127994179725647e-05,7.252125263214111,49.513240814208984,-89.821044921875
25.00352430343628,0,-0.8534034490585327,-1.9868218714691466e-06,0.0,0.30813702940940857,2.008000135421753,2944.0,-0.0,0.0,20.00400161743164,0.0,0.052675120532512665,0.47587183117866516,9.096035957336426,0.001173136755824089,8.255988359451294e-05,9.187962859869003e-05,8.136530876159668,48.980838775634766,-90.67323303222656
25.023683786392212,0,-0.8534034490585327,-1.6269149227809976e-06,0.0,0.30813702940940857,2.004000186920166,2944.0,-0.0,0.0,20.016000747680664,0.0,0.051477961242198944,0.4435484707355499,9.082268714904785,-0.0017563849687576294,-0.00018375925719738007,-0.0012397211976349354,7.252125263214111,48.80337142944336,-92.2071762084961
25.043919324874878,0,-0.8534034490585327,-1.337807248091849e-06,0.0,0.30813702940940857,2.008000135421753,2944.0,-0.0,0.0,20.012001037597656,0.0,0.052076540887355804,0.4435484707355499,8.997868537902832,-0.0018895436078310013,0.0018136408179998398,0.0014234809204936028,8.84405517578125,47.916038513183594,-92.37761688232422
25.06420922279358,0,-0.8534034490585327,-1.0976172006849083e-06,0.0,0.30813702940940857,2.0240001678466797,2944.0,-0.0,0.0,20.016000747680664,0.0,0.018556008115410805,0.46270304918289185,9.033782958984375,0.0007736571133136749,0.0014141611754894257,0.0008908398449420929,8.667174339294434,49.513240814208984,-92.54805755615234
25.084511280059814,0,-0.8534034490585327,-8.99306087376317e-07,0.0,0.30813702940940857,2.008000135421753,2960.0,-0.0,0.0,20.012001037597656,0.0,0.013767361640930176,0.4710831940174103,9.103219032287598,-0.00015846267342567444,0.0004820413887500763,-0.0001744404435157776,7.252125263214111,47.73857116699219,-93.57068634033203
25.10470151901245,0,-0.8534034490585327,-7.391561211989028e-07,0.0,0.30813702940940857,2.008000135421753,2948.0,-0.0,0.0,20.012001037597656,0.0,0.04070350155234337,0.45252716541290283,9.034980773925781,-0.0020227041095495224,-0.0004500802606344223,-0.0005739210173487663,7.429006576538086,47.56110382080078,-91.35498809814453
25.124820232391357,0,-0.8534034490585327,-6.064968260943715e-07,0.0,0.30813702940940857,2.004000186920166,2944.0,-0.0,0.0,20.012001037597656,0.0,0.04609072953462601,0.4531257748603821,8.995473861694336,-0.0009574238210916519,0.0006152000278234482,-0.0011065611615777016,9.020936012268066,48.093505859375,-92.54805755615234
25.14506459236145,0,-0.8534034490585327,-4.977046046406031e-07,0.0,0.30813702940940857,2.004000186920166,2948.0,-0.0,0.0,20.00400161743164,0.0,0.03411911427974701,0.45192858576774597,9.095437049865723,-0.00029162317514419556,0.002079961821436882,0.001024000346660614,8.667174339294434,48.093505859375,-91.86630249023438
25.16535758972168,0,-0.8534034490585327,-4.0842672888175e-07,0.0,0.30813702940940857,2.01200008392334,2944.0,-0.0,0.0,20.020000457763672,0.0,0.047287892550230026,0.45192858576774597,9.027198791503906,-0.00029162317514419556,0.0003488808870315552,-0.0005739210173487663,7.429006576538086,48.270973205566406,-92.37761688232422
25.18559718132019,0,-0.8534034490585327,-3.346096377754293e-07,0.0,0.30813702940940857,2.004000186920166,2968.0,-0.0,0.0,20.00800132751465,0.0,0.055668026208877563,0.45372435450553894,9.026001930236816,0.0003741774708032608,0.0011478401720523834,-0.0005739210173487663,7.605887413024902,50.578041076660156,-92.54805755615234
25.2058846950531,0,-0.8534034490585327,-2.749580119143502e-07,0.0,0.30813702940940857,2.004000186920166,2952.0,-0.0,0.0,20.016000747680664,0.0,0.03591485694050789,0.4674917161464691,9.072690963745117,0.0005073361098766327,0.0014141611754894257,-0.0003076009452342987,8.313411712646484,49.15830612182617,-91.52542877197266
25.226152420043945,0,-0.8534034490585327,-2.2568933388811274e-07,0.0,0.30813702940940857,2.008000135421753,2940.0,-0.0,0.0,20.00400161743164,0.0,0.012570199556648731,0.4615058898925781,9.032586097717285,-0.001090584322810173,0.0011478401720523834,0.0004913602024316788,8.667174339294434,48.44844055175781,-91.86630249023438
25.246402978897095,0,-0.8534034490585327,-1.8514121791213256e-07,0.0,0.30813702940940857,2.004000186920166,2948.0,-0.0,0.0,20.016000747680664,0.0,0.017358846962451935,0.4794633090496063,9.012832641601562,-0.0008242633193731308,0.0010146815329790115,0.00022504013031721115,8.667174339294434,49.86817169189453,-92.54805755615234
25.266796350479126,0,-0.8534034490585327,-1.519248513659477e-07,0.0,0.30813702940940857,2.004000186920166,2944.0,-0.0,0.0,20.00400161743164,0.0,0.03890775889158249,0.45372435450553894,9.081070899963379,-0.0004247836768627167,0.0004820413887500763,9.187962859869003e-05,6.721481800079346,48.270973205566406,-91.35498809814453
25.28678321838379,0,-0.8534034490585327,-1.2442794172784488e-07,0.0,0.30813702940940857,2.004000186920166,2968.0,-0.0,0.0,20.012001037597656,0.0,0.06045667454600334,0.45671725273132324,9.058923721313477,-0.0016232244670391083,0.0006152000278234482,-0.0004407605156302452,8.313411712646484,47.73857116699219,-91.1845474243164
25.307027578353882,0,-0.8534034490585327,-1.0229720714960422e-07,0.0,0.30813702940940857,2.008000135421753,2948.0,-0.0,0.0,20.00800132751465,0.0,0.04369640722870827,0.44893568754196167,9.040966033935547,-0.0020227041095495224,0.0018136408179998398,-0.0016392013058066368,7.959649562835693,48.44844055175781,-92.2071762084961
25.327302932739258,0,-0.8534034490585327,-8.339764434595054e-08,0.0,0.30813702940940857,2.008000135421753,3008.0,-0.0,0.0,20.00400161743164,0.0,0.04010492190718651,0.4483371078968048,9.063114166259766,-0.0009574238210916519,-0.00018375925719738007,-0.0012397211976349354,7.782768726348877,48.980838775634766,-92.37761688232422
25.34752368927002,0,-0.8534034490585327,-6.887515979769887e-08,0.0,0.30813702940940857,2.008000135421753,2952.0,-0.0,0.0,20.00800132751465,0.0,0.0580623485147953,0.45372435450553894,9.058324813842773,-0.0008242633193731308,0.0003488808870315552,0.00022504013031721115,7.429006576538086,47.56110382080078,-92.0367431640625
25.367810487747192,0,-0.8534034490585327,-5.6518089763812895e-08,0.0,0.30813702940940857,2.008000135421753,2948.0,-0.0,0.0,20.00800132751465,0.0,0.03471769392490387,0.47168177366256714,9.012234687805176,-0.0016232244670391083,0.0006152000278234482,0.0004913602024316788,7.605887413024902,48.44844055175781,-91.86630249023438
25.388066053390503,0,-0.8534034490585327,-4.6319410529349625e-08,0.0,0.30813702940940857,2.004000186920166,2952.0,-0.0,0.0,20.00400161743164,0.0,0.03711201623082161,0.4543229341506958,9.017023086547852,0.0014394577592611313,0.0007483605295419693,-0.0017723613418638706,6.721481800079346,48.62590408325195,-93.05937194824219
25.408356428146362,0,-0.8534034490585327,-3.8061887863705124e-08,0.0,0.30813702940940857,2.008000135421753,2944.0,-0.0,0.0,20.012001037597656,0.0,0.02873188443481922,0.46090731024742126,9.043959617614746,-0.0004247836768627167,-0.00018375925719738007,-0.001506041269749403,7.782768726348877,48.62590408325195,-92.0367431640625
25.428459405899048,0,-0.8534034490585327,-3.1045548354313723e-08,0.0,0.30813702940940857,2.008000135421753,3100.0,-0.0,0.0,20.012001037597656,0.0,0.03411911427974701,0.4501328468322754,9.042163848876953,-0.0016232244670391083,-0.0003169197589159012,-4.127994179725647e-05,8.313411712646484,48.44844055175781,-91.1845474243164
25.448698043823242,0,-0.8534034490585327,-2.5626514243981546e-08,0.0,0.30813702940940857,2.008000135421753,2948.0,-0.0,0.0,20.00800132751465,0.0,0.051477961242198944,0.45971015095710754,8.983502388000488,-0.0009574238210916519,0.0011478401720523834,-0.0001744404435157776,8.667174339294434,49.15830612182617,-92.2071762084961
25.46899104118347,0,-0.8534034490585327,-2.1028805363698666e-08,0.0,0.30813702940940857,2.004000186920166,2952.0,-0.0,0.0,20.00800132751465,0.0,0.04070350155234337,0.46390020847320557,9.043959617614746,0.00010785646736621857,0.0015473216772079468,0.001956121064722538,6.89836311340332,49.15830612182617,-91.52542877197266
25.48920440673828,0,-0.8534034490585327,-1.7228755311293753e-08,0.0,0.30813702940940857,2.004000186920166,2960.0,-0.0,0.0,20.00800132751465,0.0,0.020950332283973694,0.45971015095710754,9.064909934997559,0.00024101696908473969,0.001946801319718361,-0.0011065611615777016,7.782768726348877,48.270973205566406,-91.01410675048828
25.509533166885376,0,-0.8534034490585327,-1.4162275796536505e-08,0.0,0.30813702940940857,2.008000135421753,2948.0,-0.0,0.0,20.00800132751465,0.0,0.06045667454600334,0.46390020847320557,9.026001930236816,-0.0012237448245286942,0.0006152000278234482,-0.000840241089463234,9.020936012268066,49.513240814208984,-91.86630249023438
25.529832363128662,0,-0.8534034490585327,-1.1555114198813499e-08,0.0,0.30813702940940857,2.0160000324249268,3084.0,-0.0,0.0,20.012001037597656,0.0,0.03830917924642563,0.45492151379585266,9.09124755859375,0.0003741774708032608,-0.0007163994014263153,-0.0001744404435157776,7.959649562835693,47.383636474609375,-91.86630249023438
25.550011157989502,0,-0.8534034490585327,-9.534823597334707e-09,0.0,0.30813702940940857,2.008000135421753,2944.0,-0.0,0.0,20.00800132751465,0.0,0.02933046594262123,0.4603087306022644,9.049345970153809,-0.0018895436078310013,0.0015473216772079468,-0.0005739210173487663,7.429006576538086,46.85123825073242,-92.0367431640625
25.570306301116943,0,-0.8534034490585327,-7.82506859309251e-09,0.0,0.30813702940940857,2.0160000324249268,2944.0,-0.0,0.0,20.00800132751465,0.0,0.04369640722870827,0.4573158323764801,8.979910850524902,-0.0016232244670391083,0.0011478401720523834,0.0016898009926080704,8.136530876159668,48.980838775634766,-91.35498809814453
25.59036159515381,0,-0.8534034490585327,-6.4105618591270286e-09,0.0,0.30813702940940857,2.008000135421753,2968.0,-0.0,0.0,20.012001037597656,0.0,0.03890775889158249,0.47467467188835144,9.021811485290527,-2.530403435230255e-05,0.0003488808870315552,0.0006245197728276253,8.136530876159668,48.270973205566406,-92.0367431640625
25.610876083374023,0,-0.8534034490585327,-5.269367164828509e-09,0.0,0.30813702940940857,2.004000186920166,2952.0,-0.0,0.0,20.020000457763672,0.0,0.04609072953462601,0.4573158323764801,9.07328987121582,-0.0008242633193731308,0.0012810006737709045,-0.000840241089463234,8.84405517578125,48.62590408325195,-91.69586181640625
25.630929231643677,0,-0.8534034490585327,-4.3097205804087935e-09,0.0,0.30813702940940857,2.008000135421753,3016.0,-0.0,0.0,20.00400161743164,0.0,0.04309782758355141,0.4633016288280487,9.02779769897461,-0.0024221856147050858,0.0004820413887500763,-0.0003076009452342987,7.959649562835693,47.383636474609375,-92.2071762084961
25.65116572380066,0,-0.8534034490585327,-3.5475651305461042e-09,0.0,0.30813702940940857,2.008000135421753,2944.0,-0.0,0.0,20.016000747680664,0.0,0.0580623485147953,0.4393584132194519,9.003255844116211,-0.0014900639653205872,0.0011478401720523834,-0.0003076009452342987,7.075243949890137,47.56110382080078,-91.01410675048828
25.671475172042847,0,-0.8534034490585327,-2.9108628840646134e-09,0.0,0.30813702940940857,2.0240001678466797,2944.0,-0.0,0.0,20.00400161743164,0.0,0.014964522793889046,0.43456974625587463,9.095437049865723,0.001173136755824089,0.0012810006737709045,0.00022504013031721115,8.136530876159668,50.40057373046875,-91.01410675048828
25.691728591918945,0,-0.8534034490585327,-2.3849506813888866e-09,0.0,0.30813702940940857,2.004000186920166,2968.0,-0.0,0.0,20.016000747680664,0.0,0.044893570244312286,0.468090295791626,9.072690963745117,-0.0008242633193731308,0.0006152000278234482,-0.0011065611615777016,6.544600963592529,48.44844055175781,-91.86630249023438
25.71200680732727,0,-0.8534034490585327,-1.960311690751837e-09,0.0,0.30813702940940857,2.004000186920166,2944.0,-0.0,0.0,20.012001037597656,0.0,0.050280798226594925,0.4603087306022644,8.909876823425293,-0.0028216652572155,0.0014141611754894257,-4.127994179725647e-05,7.782768726348877,48.980838775634766,-92.37761688232422
25.73205018043518,0,-0.8534034490585327,-1.6055246021551284e-09,0.0,0.30813702940940857,2.0160000324249268,2988.0,-0.0,0.0,20.016000747680664,0.0,0.03531627357006073,0.4591115713119507,9.0786771774292,0.002904217690229416,0.0015473216772079468,0.00022504013031721115,7.605887413024902,48.44844055175781,-90.16191864013672
25.75231099128723,0,-0.8534034490585327,-1.319916176356628e-09,0.0,0.30813702940940857,2.004000186920166,2940.0,-0.0,0.0,20.00800132751465,0.0,0.052675120532512665,0.48365339636802673,9.234906196594238,0.0023715775460004807,-0.0009827204048633575,0.001024000346660614,8.313411712646484,48.80337142944336,-91.86630249023438
25.772598028182983,0,-0.8534034490585327,-1.0829405150403204e-09,0.0,0.30813702940940857,2.008000135421753,2936.0,-0.0,0.0,20.00800132751465,0.0,0.0640481561422348,0.46868887543678284,8.848821640014648,-0.009612828493118286,0.0008815210312604904,-0.001506041269749403,7.075243949890137,48.270973205566406,-91.01410675048828
25.792863607406616,0,-0.8534034490585327,-8.887523494927052e-10,0.0,0.30813702940940857,2.008000135421753,2944.0,-0.0,0.0,20.012001037597656,0.0,0.051477961242198944,0.4261896312236786,8.927834510803223,-0.0018895436078310013,0.002079961821436882,0.00022504013031721115,8.667174339294434,49.15830612182617,-91.86630249023438
25.813798189163208,0,-0.8534034490585327,-7.291872106129915e-10,0.0,0.30813702940940857,2.0199999809265137,2944.0,-0.0,0.0,20.012001037597656,0.0,0.025738980621099472,0.45971015095710754,9.248673439025879,0.008097462356090546,0.0008815210312604904,-0.0003076009452342987,7.782768726348877,48.980838775634766,-91.01410675048828
25.833375453948975,0,-0.8534034490585327,-5.974671313246915e-10,0.0,0.30813702940940857,2.004000186920166,2964.0,-0.0,0.0,20.012001037597656,0.0,0.04309782758355141,0.46569594740867615,9.049345970153809,-0.0061506666243076324,-0.0009827204048633575,-0.0017723613418638706,8.490293502807617,48.62590408325195,-91.01410675048828
25.85366129875183,0,-0.8534034490585327,-4.910312711992049e-10,0.0,0.30813702940940857,2.008000135421753,2940.0,-0.0,0.0,20.012001037597656,0.0,0.07422403246164322,0.45252716541290283,8.84104061126709,-0.005751186981797218,0.001680482178926468,-4.127994179725647e-05,8.667174339294434,50.93297576904297,-91.1845474243164
25.873798608779907,0,-0.8534034490585327,-4.023989474966072e-10,0.0,0.30813702940940857,2.004000186920166,2944.0,-0.0,0.0,20.00800132751465,0.0,0.03890775889158249,0.47287893295288086,9.08825397491455,0.008097462356090546,0.0018136408179998398,0.0012903204187750816,7.605887413024902,49.86817169189453,-90.84367370605469
25.89400625228882,0,-0.8534034490585327,-3.306116214130128e-10,0.0,0.30813702940940857,2.008000135421753,2944.0,-0.0,0.0,20.016000747680664,0.0,0.016760265454649925,0.44893568754196167,9.204977035522461,-0.0018895436078310013,0.0007483605295419693,-0.0009734011255204678,8.84405517578125,49.33577346801758,-91.35498809814453
25.915103435516357,0,-0.8534034490585327,-2.7121166423782483e-10,0.0,0.30813702940940857,2.0360000133514404,2944.0,-0.0,0.0,20.012001037597656,0.0,0.047287892550230026,0.4405555725097656,8.92484188079834,-0.007615428417921066,-0.0013822000473737717,-0.000840241089463234,6.89836311340332,48.80337142944336,-91.86630249023438
25.934548377990723,0,-0.8534034490585327,-2.2234901420059572e-10,0.0,0.30813702940940857,2.008000135421753,2956.0,-0.0,0.0,20.00800132751465,0.0,0.06823822855949402,0.47168177366256714,8.957763671875,0.002637898549437523,0.0012810006737709045,9.187962859869003e-05,6.721481800079346,49.69070816040039,-91.69586181640625
25.95482897758484,0,-0.8534034490585327,-1.8264696699521465e-10,0.0,0.30813702940940857,2.004000186920166,2948.0,-0.0,0.0,20.012001037597656,0.0,0.013168780133128166,0.46390020847320557,9.18881607055664,0.002637898549437523,0.0015473216772079468,0.0018229605630040169,7.252125263214111,48.093505859375,-90.50279235839844
25.97506833076477,0,-0.8534034490585327,-1.4985461482819318e-10,0.0,0.30813702940940857,2.008000135421753,2944.0,-0.0,0.0,20.00800132751465,0.0,0.019753171131014824,0.4543229341506958,9.021811485290527,-0.005085386335849762,0.0003488808870315552,-0.002571322023868561,8.313411712646484,47.73857116699219,-92.2071762084961
25.99530816078186,0,-0.8534034490585327,-1.2298798091059382e-10,0.0,0.30813702940940857,2.004000186920166,2944.0,-0.0,0.0,20.00400161743164,0.0,0.052076540887355804,0.44594278931617737,8.955967903137207,-0.00029162317514419556,8.255988359451294e-05,-0.0003076009452342987,7.429006576538086,47.206172943115234,-92.0367431640625
26.015559911727905,0,-0.8534034490585327,-1.0091871088802051e-10,0.0,0.30813702940940857,2.01200008392334,2948.0,-0.0,0.0,20.012001037597656,0.0,0.048485055565834045,0.46868887543678284,9.125965118408203,0.00436897948384285,0.0008815210312604904,-0.0004407605156302452,8.490293502807617,47.916038513183594,-93.05937194824219
26.035839557647705,0,-0.8534034490585327,-8.267266732309153e-11,0.0,0.30813702940940857,2.004000186920166,2956.0,-0.0,0.0,20.00400161743164,0.0,0.022147493436932564,0.45372435450553894,9.09244441986084,-0.0040201060473918915,0.0012810006737709045,0.0012903204187750816,6.89836311340332,47.73857116699219,-92.54805755615234
26.055934190750122,0,-0.8534034490585327,-6.79659384328346e-11,0.0,0.30813702940940857,2.004000186920166,2944.0,-0.0,0.0,20.012001037597656,0.0,0.07063254714012146,0.4543229341506958,8.959559440612793,-0.004153266549110413,0.0003488808870315552,-0.0009734011255204678,7.605887413024902,49.15830612182617,-91.86630249023438
26.076228380203247,0,-0.8534034490585327,-5.577005177115346e-11,0.0,0.30813702940940857,2.004000186920166,2944.0,-0.0,0.0,20.00800132751465,0.0,0.052076540887355804,0.46988603472709656,9.064909934997559,0.003436857834458351,0.0004820413887500763,0.0007576802745461464,6.89836311340332,47.73857116699219,-91.86630249023438
26.096439838409424,0,-0.8534034490585327,-4.5755423755400315e-11,0.0,0.30813702940940857,2.008000135421753,2948.0,-0.0,0.0,20.00400161743164,0.0,0.050280798226594925,0.4483371078968048,9.118782043457031,-0.0014900639653205872,0.0008815210312604904,-0.0017723613418638706,8.313411712646484,49.513240814208984,-90.84367370605469
26.116795539855957,0,-0.8534034490585327,-3.755218011547434e-11,0.0,0.30813702940940857,2.01200008392334,2944.0,-0.0,0.0,20.02400016784668,0.0,0.04130208492279053,0.45971015095710754,8.972129821777344,-0.0009574238210916519,0.00021572038531303406,-0.0013728812336921692,6.89836311340332,49.513240814208984,-90.84367370605469
26.136967658996582,0,-0.8534034490585327,-3.076044974292813e-11,0.0,0.30813702940940857,2.004000186920166,2976.0,-0.0,0.0,20.012001037597656,0.0,0.01436594221740961,0.46390020847320557,9.038572311401367,0.0013062972575426102,0.0007483605295419693,0.0008908398449420929,9.020936012268066,48.44844055175781,-90.16191864013672
