time,layout.data_offset,data[0],data[1],data[2],data[3],data[4],data[5],data[6],data[7],data[8],data[9],data[10],data[11],data[12],data[13],data[14],data[15],data[16],data[17],data[18]
0.0,0,6.449507236480713,1.5414283107572988e-44,0.0,-3.0509352684020996,2.01200008392334,2948.0,-0.0,0.0,20.00800132751465,0.0,0.1191176027059555,0.25978413224220276,9.12656307220459,-0.0008455701172351837,-0.0006231889128684998,0.00017310772091150284,6.544600963592529,29.99188995361328,-87.09402465820312
0.0199124813079834,0,6.449507236480713,1.5414283107572988e-44,0.0,-3.0509352684020996,2.01200008392334,3060.0,-0.0,0.0,20.016000747680664,0.0,0.1580253690481186,0.25260114669799805,9.108606338500977,-0.0004460904747247696,0.0016405321657657623,3.994721919298172e-05,4.5989089012146,29.104557037353516,-86.24183654785156
0.040262460708618164,0,6.449507236480713,1.5414283107572988e-44,0.0,-3.0509352684020996,2.01200008392334,2944.0,-0.0,0.0,20.00400161743164,0.0,0.11792044341564178,0.2681642472743988,9.125965118408203,-0.0020440109074115753,0.001107892021536827,-0.0002263728529214859,6.013957500457764,28.039756774902344,-85.90095520019531
0.060657501220703125,0,6.449507236480713,1.5414283107572988e-44,0.0,-3.0509352684020996,2.008000135421753,2936.0,-0.0,0.0,20.032001495361328,0.0,0.13647645711898804,0.2591855525970459,9.121774673461914,-0.0009787306189537048,0.0003089308738708496,0.00030626729130744934,5.483314037322998,29.282024383544922,-85.04876708984375
0.08079838752746582,0,6.449507236480713,1.5414283107572988e-44,0.0,-3.0509352684020996,2.01200008392334,2972.0,-0.0,0.0,20.012001037597656,0.0,0.13587787747383118,0.25260114669799805,9.121774673461914,-0.00151137076318264,0.0008415710180997849,0.0009720679372549057,5.660195350646973,30.5242919921875,-85.90095520019531
0.1010434627532959,0,6.449507236480713,1.5414283107572988e-44,0.0,-3.0509352684020996,2.008000135421753,2936.0,-0.0,0.0,20.016000747680664,0.0,0.12749773263931274,0.25858697295188904,9.120577812194824,-0.0003129299730062485,0.0005752518773078918,0.0009720679372549057,5.660195350646973,29.814424514770508,-85.90095520019531
0.12141823768615723,0,6.449507236480713,1.5414283107572988e-44,0.0,-3.0509352684020996,2.01200008392334,2956.0,-0.0,0.0,20.016000747680664,0.0,0.1370750367641449,0.25978413224220276,9.118782043457031,-0.0007124096155166626,-0.00035686977207660675,-0.0014248131774365902,5.483314037322998,29.6369571685791,-85.73052215576172
0.1415424346923828,0,6.449507236480713,1.5414283107572988e-44,0.0,-3.0509352684020996,2.01200008392334,2940.0,-0.0,0.0,20.00800132751465,0.0,0.1400679349899292,0.24182669818401337,9.113993644714355,0.000486031174659729,0.000708412379026413,0.001504708081483841,5.129551887512207,27.862289428710938,-86.07139587402344
0.16170430183410645,0,6.449507236480713,1.5414283107572988e-44,0.0,-3.0509352684020996,2.0199999809265137,2940.0,-0.0,0.0,20.00400161743164,0.0,0.14066651463508606,0.2520025670528412,9.114591598510742,-0.0007124096155166626,0.000708412379026413,-0.0003595328889787197,5.660195350646973,31.23415756225586,-86.58271026611328
0.18320202827453613,0,6.449507236480713,1.5414283107572988e-44,0.0,-3.0509352684020996,2.01200008392334,2960.0,-0.0,0.0,20.012001037597656,0.0,0.13587787747383118,0.25559404492378235,9.111000061035156,-0.0008455701172351837,-0.0006231889128684998,-0.0012916531413793564,5.837076663970947,28.92708969116211,-86.07139587402344
0.20224738121032715,0,6.449507236480713,1.5414283107572988e-44,0.0,-3.0509352684020996,2.004000186920166,2940.0,-0.0,0.0,20.012001037597656,0.0,0.15263813734054565,0.2681642472743988,9.121175765991211,-0.001111891120672226,0.000974731519818306,-0.0002263728529214859,5.660195350646973,29.459489822387695,-86.24183654785156
0.2223963737487793,0,6.449507236480713,1.5414283107572988e-44,0.0,-3.0509352684020996,2.01200008392334,2964.0,-0.0,0.0,20.00400161743164,0.0,0.13468070328235626,0.26157987117767334,9.153499603271484,-0.0003129299730062485,4.2611733078956604e-05,0.0005725882947444916,4.5989089012146,30.87922477722168,-86.58271026611328
0.24259209632873535,0,6.449507236480713,1.5414283107572988e-44,0.0,-3.0509352684020996,2.01200008392334,2940.0,-0.0,0.0,20.012001037597656,0.0,0.14066651463508606,0.2651713490486145,9.121774673461914,0.000752350315451622,0.00044209137558937073,-0.0004926929250359535,3.5376219749450684,29.814424514770508,-85.90095520019531
0.26300930976867676,0,6.449507236480713,1.5414283107572988e-44,0.0,-3.0509352684020996,2.0240001678466797,2948.0,-0.0,0.0,20.00800132751465,0.0,0.12689915299415588,0.25559404492378235,9.118782043457031,0.00021971017122268677,0.0020400118082761765,-0.0006258529610931873,5.837076663970947,28.92708969116211,-88.11666107177734
0.2831714153289795,0,6.449507236480713,1.5414283107572988e-44,0.0,-3.0509352684020996,2.01200008392334,2952.0,-0.0,0.0,20.012001037597656,0.0,0.1340821236371994,0.2561926245689392,9.164274215698242,0.0008855108171701431,0.00017577223479747772,-0.001557973213493824,4.952671051025391,29.459489822387695,-87.60533905029297
0.30333518981933594,0,6.449507236480713,1.5414283107572988e-44,0.0,-3.0509352684020996,2.0280001163482666,2944.0,-0.0,0.0,20.012001037597656,0.0,0.1280963122844696,0.24841108918190002,9.13793659210205,0.0003528706729412079,4.2611733078956604e-05,0.00043942779302597046,5.837076663970947,29.282024383544922,-86.7531509399414
0.3237156867980957,0,6.449507236480713,1.5414283107572988e-44,0.0,-3.0509352684020996,2.01200008392334,2968.0,-0.0,0.0,20.016000747680664,0.0,0.14665232598781586,0.24900966882705688,9.128957748413086,-4.660896956920624e-05,0.00017577223479747772,-0.0007590129971504211,4.5989089012146,29.459489822387695,-85.90095520019531
0.34397053718566895,0,6.449507236480713,1.5414283107572988e-44,0.0,-3.0509352684020996,2.01200008392334,2944.0,-0.0,0.0,20.016000747680664,0.0,0.1580253690481186,0.26277703046798706,9.142126083374023,-4.660896956920624e-05,0.0008415710180997849,0.0008389083668589592,5.483314037322998,28.92708969116211,-86.07139587402344
0.36409950256347656,0,6.449507236480713,1.5414283107572988e-44,0.0,-3.0509352684020996,2.01200008392334,2948.0,-0.0,0.0,20.016000747680664,0.0,0.146053746342659,0.2472139149904251,9.115788459777832,-0.0008455701172351837,0.00017577223479747772,0.0021705087274312973,4.422027587890625,28.57215690612793,-85.38964080810547
0.38445115089416504,0,6.449507236480713,1.5414283107572988e-44,0.0,-3.0509352684020996,2.01200008392334,2940.0,-0.0,0.0,20.00400161743164,0.0,0.1502438187599182,0.2651713490486145,9.11279582977295,-0.0008455701172351837,0.00044209137558937073,-0.0004926929250359535,5.660195350646973,30.169357299804688,-86.92359161376953
0.4046347141265869,0,6.449507236480713,1.5414283107572988e-44,0.0,-3.0509352684020996,2.008000135421753,2936.0,-0.0,0.0,20.036001205444336,0.0,0.14365942776203156,0.26876282691955566,9.123570442199707,-0.001111891120672226,0.000974731519818306,0.00030626729130744934,5.660195350646973,29.104557037353516,-85.90095520019531
0.42498111724853516,0,6.449507236480713,1.5414283107572988e-44,0.0,-3.0509352684020996,2.01200008392334,2968.0,-0.0,0.0,20.016000747680664,0.0,0.15323671698570251,0.25559404492378235,9.148711204528809,-0.00017976947128772736,0.000708412379026413,-0.0006258529610931873,4.775789737701416,31.056692123413086,-86.7531509399414
0.44519829750061035,0,6.449507236480713,1.5414283107572988e-44,0.0,-3.0509352684020996,2.01200008392334,2948.0,-0.0,0.0,20.012001037597656,0.0,0.15144097805023193,0.2514039874076843,9.121774673461914,-0.0012450497597455978,4.2611733078956604e-05,-0.0012916531413793564,4.775789737701416,28.92708969116211,-86.07139587402344
0.46542954444885254,0,6.449507236480713,1.5414283107572988e-44,0.0,-3.0509352684020996,2.01200008392334,2940.0,-0.0,0.0,20.00800132751465,0.0,0.15084239840507507,0.2783401310443878,9.166667938232422,-4.660896956920624e-05,0.0008415710180997849,0.0005725882947444916,5.129551887512207,29.6369571685791,-85.04876708984375
0.486466646194458,0,6.449507236480713,1.5414283107572988e-44,0.0,-3.0509352684020996,2.01200008392334,2948.0,-0.0,0.0,20.00400161743164,0.0,0.11133605241775513,0.26277703046798706,9.14571762084961,-0.0004460904747247696,0.000974731519818306,-0.001557973213493824,5.306433200836182,30.5242919921875,-85.90095520019531
0.5059525966644287,0,6.449507236480713,1.5414283107572988e-44,0.0,-3.0509352684020996,2.008000135421753,2940.0,-0.0,0.0,20.00400161743164,0.0,0.15862394869327545,0.26576992869377136,9.147513389587402,-0.0003129299730062485,0.00017577223479747772,-0.0003595328889787197,6.190838813781738,29.6369571685791,-87.43490600585938
0.5261204242706299,0,6.449507236480713,1.5414283107572988e-44,0.0,-3.0509352684020996,2.01200008392334,3012.0,-0.0,0.0,20.012001037597656,0.0,0.12689915299415588,0.27654439210891724,9.154098510742188,-0.0003129299730062485,0.00017577223479747772,0.00017310772091150284,5.306433200836182,29.459489822387695,-85.21920776367188
0.5464792251586914,0,6.449507236480713,1.5414283107572988e-44,0.0,-3.0509352684020996,2.01200008392334,2948.0,-0.0,0.0,20.00400161743164,0.0,0.13228638470172882,0.24960824847221375,9.12416934967041,-0.00017976947128772736,4.2611733078956604e-05,0.00017310772091150284,5.483314037322998,28.217222213745117,-86.7531509399414
0.5666463375091553,0,6.449507236480713,1.5414283107572988e-44,0.0,-3.0509352684020996,2.01200008392334,3020.0,-0.0,0.0,20.012001037597656,0.0,0.12390625476837158,0.2651713490486145,9.116387367248535,-0.0003129299730062485,4.2611733078956604e-05,0.0013715485110878944,6.013957500457764,29.459489822387695,-85.5600814819336
0.5878810882568359,0,6.449507236480713,1.5414283107572988e-44,0.0,-3.0509352684020996,2.01200008392334,2948.0,-0.0,0.0,20.00400161743164,0.0,0.13767361640930176,0.27055856585502625,9.166069984436035,-0.0007124096155166626,0.0013742130249738693,0.00030626729130744934,7.252125263214111,28.92708969116211,-86.07139587402344
0.6072068214416504,0,6.449507236480713,1.5414283107572988e-44,0.0,-3.0509352684020996,2.008000135421753,2940.0,-0.0,0.0,20.00400161743164,0.0,0.15563103556632996,0.25738978385925293,9.141528129577637,-0.00017976947128772736,0.0005752518773078918,-0.0004926929250359535,4.952671051025391,29.814424514770508,-86.24183654785156
0.6273984909057617,0,6.449507236480713,1.5414283107572988e-44,0.0,-3.0509352684020996,2.01200008392334,2972.0,-0.0,0.0,20.00800132751465,0.0,0.14126509428024292,0.2579883933067322,9.158886909484863,-0.001111891120672226,0.0003089308738708496,0.0009720679372549057,6.89836311340332,29.282024383544922,-86.41226959228516
0.648496150970459,0,6.449507236480713,1.5414283107572988e-44,0.0,-3.0509352684020996,2.01200008392334,2940.0,-0.0,0.0,20.00400161743164,0.0,0.13468070328235626,0.24841108918190002,9.12416934967041,-0.0009787306189537048,0.0015073716640472412,0.0012383880093693733,5.306433200836182,29.814424514770508,-86.58271026611328
0.6679105758666992,0,6.449507236480713,1.5414283107572988e-44,0.0,-3.0509352684020996,2.01200008392334,3100.0,-0.0,0.0,20.00400161743164,0.0,0.1310892254114151,0.2639741897583008,9.157690048217773,0.000486031174659729,0.0016405321657657623,0.0005725882947444916,4.245146751403809,29.459489822387695,-85.90095520019531
0.6881914138793945,0,6.449507236480713,1.5414283107572988e-44,0.0,-3.0509352684020996,2.01200008392334,2940.0,-0.0,0.0,20.00800132751465,0.0,0.1370750367641449,0.24900966882705688,9.147513389587402,-0.0005792509764432907,4.2611733078956604e-05,-0.000892173033207655,5.660195350646973,29.814424514770508,-85.5600814819336
0.708472490310669,0,6.449507236480713,1.5414283107572988e-44,0.0,-3.0509352684020996,2.004000186920166,2948.0,-0.0,0.0,20.02400016784668,0.0,0.13168780505657196,0.2753472328186035,9.14033031463623,-0.0008455701172351837,0.0005752518773078918,-0.0003595328889787197,4.952671051025391,28.749622344970703,-86.92359161376953
0.7286455631256104,0,6.449507236480713,1.5414283107572988e-44,0.0,-3.0509352684020996,2.01200008392334,2984.0,-0.0,0.0,20.00400161743164,0.0,0.13049064576625824,0.24062953889369965,9.12656307220459,-0.0004460904747247696,-9.054876863956451e-05,0.00043942779302597046,5.306433200836182,29.104557037353516,-85.5600814819336
0.7488656044006348,0,6.449507236480713,1.5414283107572988e-44,0.0,-3.0509352684020996,2.008000135421753,2948.0,-0.0,0.0,20.00800132751465,0.0,0.12689915299415588,0.25679120421409607,9.103816986083984,-0.0007124096155166626,0.001107892021536827,3.994721919298172e-05,8.136530876159668,29.459489822387695,-85.90095520019531
0.7690260410308838,0,6.449507236480713,1.5414283107572988e-44,0.0,-3.0509352684020996,2.01200008392334,3044.0,-0.0,0.0,20.00400161743164,0.0,0.1490466445684433,0.2663685083389282,9.150506973266602,-0.00151137076318264,0.0008415710180997849,-0.0010253330692648888,6.190838813781738,29.282024383544922,-86.41226959228516
0.7893168926239014,0,6.449507236480713,1.5414283107572988e-44,0.0,-3.0509352684020996,2.01200008392334,2936.0,-0.0,0.0,20.016000747680664,0.0,0.13348354399204254,0.26277703046798706,9.14452075958252,8.654966950416565e-05,0.000708412379026413,3.994721919298172e-05,4.952671051025391,29.104557037353516,-86.92359161376953
0.8094937801361084,0,6.449507236480713,1.5414283107572988e-44,0.0,-3.0509352684020996,2.008000135421753,2948.0,-0.0,0.0,20.00400161743164,0.0,0.13168780505657196,0.2514039874076843,9.113993644714355,-0.0007124096155166626,0.0013742130249738693,0.00017310772091150284,5.837076663970947,28.57215690612793,-86.41226959228516
0.8296530246734619,0,6.449507236480713,1.5414283107572988e-44,0.0,-3.0509352684020996,2.01200008392334,2956.0,-0.0,0.0,20.012001037597656,0.0,0.11492753773927689,0.24182669818401337,9.170858383178711,-0.0007124096155166626,-0.00035686977207660675,0.00043942779302597046,6.190838813781738,29.6369571685791,-87.43490600585938
0.8500325679779053,0,6.449507236480713,1.5414283107572988e-44,0.0,-3.0509352684020996,2.004000186920166,2948.0,-0.0,0.0,20.02800178527832,0.0,0.1280963122844696,0.25379830598831177,9.137337684631348,-0.0004460904747247696,-0.00022370927035808563,-0.0003595328889787197,6.544600963592529,28.217222213745117,-87.09402465820312
0.8701601028442383,0,6.449507236480713,1.5414283107572988e-44,0.0,-3.0509352684020996,2.01200008392334,3004.0,-0.0,0.0,20.00400161743164,0.0,0.16460976004600525,0.2633756101131439,9.127161979675293,0.0008855108171701431,0.001107892021536827,3.994721919298172e-05,5.837076663970947,28.57215690612793,-85.73052215576172
0.8905537128448486,0,6.449507236480713,1.5414283107572988e-44,0.0,-3.0509352684020996,2.01200008392334,2944.0,-0.0,0.0,20.00800132751465,0.0,0.13827219605445862,0.27175575494766235,9.138534545898438,-0.0008455701172351837,-9.054876863956451e-05,-0.0016911337152123451,5.129551887512207,27.152421951293945,-86.07139587402344
0.9107136726379395,0,6.449507236480713,1.5414283107572988e-44,0.0,-3.0509352684020996,2.0199999809265137,2940.0,-0.0,0.0,20.00400161743164,0.0,0.14964522421360016,0.26876282691955566,9.127760887145996,-0.0007124096155166626,0.0017736926674842834,3.994721919298172e-05,6.013957500457764,29.104557037353516,-87.26446533203125
0.9308943748474121,0,6.449507236480713,1.5414283107572988e-44,0.0,-3.0509352684020996,2.008000135421753,2976.0,-0.0,0.0,20.00400161743164,0.0,0.14964522421360016,0.25080540776252747,9.11159896850586,-0.0023103319108486176,0.000708412379026413,0.0007057478651404381,6.190838813781738,30.346824645996094,-85.38964080810547
0.9512498378753662,0,6.449507236480713,1.5414283107572988e-44,0.0,-3.0509352684020996,2.01200008392334,2936.0,-0.0,0.0,20.00400161743164,0.0,0.14485658705234528,0.26157987117767334,9.130154609680176,8.654966950416565e-05,0.000708412379026413,-0.0002263728529214859,4.5989089012146,30.87922477722168,-87.60533905029297
0.9714221954345703,0,6.449507236480713,1.5414283107572988e-44,0.0,-3.0509352684020996,2.01200008392334,2956.0,-0.0,0.0,20.016000747680664,0.0,0.1610182672739029,0.2621784508228302,9.136140823364258,-4.660896956920624e-05,0.0003089308738708496,0.0009720679372549057,4.952671051025391,29.459489822387695,-86.24183654785156
0.9916636943817139,0,6.449507236480713,1.5414283107572988e-44,0.0,-3.0509352684020996,2.01200008392334,2944.0,-0.0,0.0,20.012001037597656,0.0,0.11732186377048492,0.2789387106895447,9.1253662109375,-0.0004460904747247696,0.00017577223479747772,-0.0002263728529214859,6.190838813781738,29.99188995361328,-85.04876708984375
1.0120022296905518,0,6.449507236480713,1.5414283107572988e-44,0.0,-3.0509352684020996,2.0160000324249268,2944.0,-0.0,0.0,20.00400161743164,0.0,0.15084239840507507,0.26576992869377136,9.133746147155762,-0.00017976947128772736,0.0012410525232553482,0.00017310772091150284,6.190838813781738,28.92708969116211,-86.7531509399414
1.0321636199951172,0,6.449507236480713,1.5414283107572988e-44,0.0,-3.0509352684020996,2.01200008392334,2944.0,-0.0,0.0,20.012001037597656,0.0,0.1161246970295906,0.2514039874076843,9.172654151916504,-4.660896956920624e-05,-0.0006231889128684998,0.0011052284389734268,4.775789737701416,29.282024383544922,-87.7757797241211
1.0523254871368408,0,6.449507236480713,1.5414283107572988e-44,0.0,-3.0509352684020996,2.0160000324249268,2940.0,-0.0,0.0,20.00800132751465,0.0,0.15323671698570251,0.2663685083389282,9.13793659210205,0.000752350315451622,0.0012410525232553482,0.0007057478651404381,6.721481800079346,29.814424514770508,-86.58271026611328
1.0726861953735352,0,6.449507236480713,1.5414283107572988e-44,0.0,-3.0509352684020996,2.01200008392334,2944.0,-0.0,0.0,20.012001037597656,0.0,0.13946935534477234,0.25858697295188904,9.135541915893555,0.0015513114631175995,-9.054876863956451e-05,-0.001557973213493824,5.306433200836182,29.814424514770508,-85.5600814819336
1.0928540229797363,0,6.449507236480713,1.5414283107572988e-44,0.0,-3.0509352684020996,2.01200008392334,2940.0,-0.0,0.0,20.00400161743164,0.0,0.146053746342659,0.26157987117767334,9.13913345336914,-4.660896956920624e-05,0.00017577223479747772,0.0007057478651404381,5.483314037322998,29.6369571685791,-85.38964080810547
1.113055944442749,0,6.449507236480713,1.5414283107572988e-44,0.0,-3.0509352684020996,2.01200008392334,2948.0,-0.0,0.0,20.00800132751465,0.0,0.13887077569961548,0.25379830598831177,9.116986274719238,-4.660896956920624e-05,0.00017577223479747772,-0.001557973213493824,5.129551887512207,29.282024383544922,-86.41226959228516
1.133409023284912,0,6.449507236480713,1.5414283107572988e-44,0.0,-3.0509352684020996,2.01200008392334,2944.0,-0.0,0.0,20.012001037597656,0.0,0.14066651463508606,0.2669670879840851,9.17624568939209,0.0003528706729412079,-0.00035686977207660675,0.00030626729130744934,6.190838813781738,28.92708969116211,-87.09402465820312
1.1535983085632324,0,6.449507236480713,1.5414283107572988e-44,0.0,-3.0509352684020996,2.0320000648498535,2940.0,-0.0,0.0,20.012001037597656,0.0,0.14844806492328644,0.2639741897583008,9.19001293182373,-0.0003129299730062485,0.0021731723099946976,-0.0012916531413793564,5.660195350646973,29.459489822387695,-85.21920776367188
1.1738917827606201,0,6.449504852294922,-2.5417244614800438e-05,-0.0,-2.728151321411133,2.004000186920166,2960.0,-0.0,2.0,20.00800132751465,-2.7520000003278255e-06,0.15084239840507507,0.2651713490486145,9.132549285888672,0.0003528706729412079,0.00017577223479747772,0.00017310772091150284,6.013957500457764,30.5242919921875,-85.5600814819336
1.194533348083496,0,6.449496269226074,-9.005309402709827e-05,-0.0,-2.376145601272583,2.01200008392334,2960.0,-0.0,2.0,20.00800132751465,-8.256000000983477e-06,0.14126509428024292,0.2693614065647125,9.136738777160645,0.0003528706729412079,0.000708412379026413,-0.0010253330692648888,6.89836311340332,29.99188995361328,-85.04876708984375
1.2149336338043213,0,6.449496269226074,-7.387603545794263e-05,-0.0,-2.0671651363372803,2.01200008392334,2948.0,-0.0,2.0,20.00800132751465,0.0,0.14246225357055664,0.2801358699798584,9.1253662109375,8.654966950416565e-05,0.0005752518773078918,0.001504708081483841,5.129551887512207,29.99188995361328,-85.38964080810547
1.2346932888031006,0,6.449496269226074,-6.06569301453419e-05,-0.0,-1.7994667291641235,2.004000186920166,2948.0,-0.0,2.0,20.012001037597656,0.0,0.13228638470172882,0.2561926245689392,9.166069984436035,-0.0009787306189537048,-0.0004900284111499786,-0.0010253330692648888,5.483314037322998,28.57215690612793,-86.41226959228516
1.2549726963043213,0,6.449496269226074,-4.976273703505285e-05,-0.0,-1.5655462741851807,2.0240001678466797,2944.0,-0.0,2.0,20.012001037597656,0.0,0.12989206612110138,0.2753472328186035,9.121774673461914,0.0008855108171701431,0.0005752518773078918,0.00043942779302597046,4.422027587890625,30.701757431030273,-86.41226959228516
1.2751281261444092,0,6.449496269226074,-4.07639927288983e-05,-0.0,-1.3605955839157104,2.01200008392334,2960.0,-0.0,2.0,20.00400161743164,0.0,0.12689915299415588,0.24900966882705688,9.143921852111816,-0.0003129299730062485,0.000708412379026413,0.0011052284389734268,5.660195350646973,29.459489822387695,-86.58271026611328
1.2953596115112305,0,6.449496269226074,-3.3511063520563766e-05,-0.0,-1.1854561567306519,2.004000186920166,2944.0,-0.0,2.0,20.00400161743164,0.0,0.12689915299415588,0.2609812915325165,9.119379997253418,-0.0008455701172351837,0.000708412379026413,-0.0004926929250359535,5.306433200836182,28.394689559936523,-86.24183654785156
1.3156414031982422,0,6.449496269226074,-2.749885243247263e-05,-0.0,-1.0315425395965576,2.008000135421753,2944.0,-0.0,2.0,20.00800132751465,0.0,0.1400679349899292,0.26157987117767334,9.133148193359375,-0.0007124096155166626,-0.0015553086996078491,0.0013715485110878944,5.306433200836182,28.749622344970703,-85.90095520019531
1.336683988571167,0,6.449496269226074,-2.2567848645849153e-05,-0.0,-0.8976882100105286,2.004000186920166,2940.0,-0.0,2.0,20.00800132751465,0.0,0.13587787747383118,0.2609812915325165,9.133746147155762,0.000486031174659729,-0.00022370927035808563,0.0009720679372549057,5.837076663970947,28.92708969116211,-87.09402465820312
1.3561084270477295,0,6.449496269226074,-1.851238266681321e-05,-0.0,-0.780946671962738,2.0280001163482666,2944.0,-0.0,2.0,20.032001495361328,0.0,0.14246225357055664,0.2663685083389282,9.137337684631348,-0.0017776917666196823,-0.00022370927035808563,-9.321235120296478e-05,4.952671051025391,28.394689559936523,-85.21920776367188
1.3774542808532715,0,6.449496269226074,-1.5167091078183148e-05,-0.0,-0.6787970662117004,2.01200008392334,2960.0,-0.0,2.0,20.00800132751465,0.0,0.15383529663085938,0.2514039874076843,9.133746147155762,-0.0004460904747247696,-0.00022370927035808563,-0.0004926929250359535,6.190838813781738,28.217222213745117,-86.7531509399414
1.3965961933135986,0,6.449496269226074,-1.2468039130908437e-05,-0.0,-0.5914120078086853,2.01200008392334,2948.0,-0.0,2.0,20.012001037597656,0.0,0.1400679349899292,0.2681642472743988,9.127760887145996,0.0011518299579620361,0.001107892021536827,-0.0012916531413793564,7.075243949890137,30.169357299804688,-85.90095520019531
1.4167425632476807,0,6.449496269226074,-1.0190644388785586e-05,-0.0,-0.5131839513778687,2.01200008392334,3036.0,-0.0,2.0,20.00800132751465,0.0,0.12091334909200668,0.2741500735282898,9.149908065795898,-0.0009787306189537048,0.00017577223479747772,0.00043942779302597046,7.252125263214111,29.6369571685791,-85.38964080810547
1.4370825290679932,0,6.449496269226074,-8.39365202409681e-06,-0.0,-0.4477401673793793,2.008000135421753,2944.0,-0.0,2.0,20.00800132751465,0.0,0.13887077569961548,0.25738978385925293,9.135541915893555,-0.0012450497597455978,4.2611733078956604e-05,0.00030626729130744934,5.129551887512207,29.99188995361328,-87.09402465820312
1.4573235511779785,0,6.449496269226074,-6.8879999162163585e-06,-0.0,-0.38961735367774963,2.008000135421753,2948.0,-0.0,2.0,20.02400016784668,0.0,0.1340821236371994,0.2621784508228302,9.1253662109375,0.000486031174659729,0.0003089308738708496,0.00030626729130744934,5.660195350646973,29.104557037353516,-86.58271026611328
1.4774866104125977,0,6.449496269226074,-5.6428830248478334e-06,-0.0,-0.3386310040950775,2.01200008392334,2968.0,-0.0,2.0,20.00800132751465,0.0,0.16281400620937347,0.2442210167646408,9.118183135986328,-4.660896956920624e-05,0.00017577223479747772,-0.0002263728529214859,5.660195350646973,29.459489822387695,-86.58271026611328
1.4978811740875244,0,6.449496269226074,-4.637264737539226e-06,-0.0,-0.2949652373790741,2.0160000324249268,2952.0,-0.0,2.0,20.00400161743164,0.0,0.14485658705234528,0.27355149388313293,9.136140823364258,-0.00017976947128772736,0.0005752518773078918,-9.321235120296478e-05,5.306433200836182,28.039756774902344,-85.90095520019531
1.5183372497558594,0,6.449496269226074,-3.7812624213984236e-06,-0.0,-0.2555098831653595,2.0160000324249268,3100.0,-0.0,2.0,20.18400001525879,0.0,0.1251034140586853,0.24661533534526825,9.146316528320312,-0.0007124096155166626,4.2611733078956604e-05,-9.321235120296478e-05,6.544600963592529,30.346824645996094,-85.73052215576172
1.5384211540222168,0,6.449496269226074,-3.117130290775094e-06,-0.0,-0.22305026650428772,2.0160000324249268,2948.0,-0.0,2.0,20.00400161743164,0.0,0.15084239840507507,0.26876282691955566,9.122373580932617,0.0003528706729412079,-0.0006231889128684998,-0.0003595328889787197,2.4763355255126953,29.104557037353516,-85.5600814819336
1.558793306350708,0,6.449496269226074,-2.558271489760955e-06,-0.0,-0.19409991800785065,2.008000135421753,2944.0,-0.0,2.0,20.016000747680664,0.0,0.1430608481168747,0.2579883933067322,9.119379997253418,-0.00017976947128772736,-0.00022370927035808563,-0.0010253330692648888,5.660195350646973,29.459489822387695,-85.90095520019531
1.5789341926574707,0,6.449496269226074,-2.0962243070243858e-06,-0.0,-0.16871041059494019,2.008000135421753,2956.0,-0.0,2.0,20.00400161743164,0.0,0.16760265827178955,0.26457276940345764,9.14571762084961,0.000486031174659729,-9.054876863956451e-05,-0.0006258529610931873,5.837076663970947,28.92708969116211,-85.73052215576172
1.5992968082427979,0,6.449496269226074,-1.7226583395313355e-06,-0.0,-0.1469430774450302,2.0160000324249268,2952.0,-0.0,2.0,20.00800132751465,0.0,0.11313179135322571,0.2669670879840851,9.115190505981445,-0.0005792509764432907,0.0015073716640472412,-0.0003595328889787197,5.129551887512207,29.99188995361328,-86.41226959228516
1.6197824478149414,0,6.449496269226074,-1.4080140999794821e-06,-0.0,-0.12748923897743225,2.004000186920166,3024.0,-0.0,2.0,20.012001037597656,0.0,0.15144097805023193,0.2699599862098694,9.157690048217773,-0.0005792509764432907,-0.0004900284111499786,-0.0002263728529214859,5.483314037322998,29.6369571685791,-85.73052215576172
1.6397414207458496,0,6.449496269226074,-1.160226247520768e-06,-0.0,-0.11124660074710846,2.004000186920166,2948.0,-0.0,2.0,20.00800132751465,0.0,0.13527928292751312,0.2609812915325165,9.160083770751953,-0.0008455701172351837,-9.054876863956451e-05,0.0017710281535983086,6.544600963592529,28.57215690612793,-85.38964080810547
1.6599164009094238,0,6.449496269226074,-9.518479942016711e-07,-0.0,-0.09676714986562729,2.0160000324249268,2940.0,-0.0,2.0,20.00400161743164,0.0,0.13049064576625824,0.2723543345928192,9.161280632019043,-0.0004460904747247696,0.000974731519818306,0.0009720679372549057,4.5989089012146,29.814424514770508,-86.58271026611328
1.6801164150238037,0,6.449496269226074,-7.797538046361296e-07,-0.0,-0.08408109843730927,2.004000186920166,2964.0,-0.0,2.0,20.016000747680664,0.0,0.15323671698570251,0.25080540776252747,9.14332389831543,-0.001378210261464119,0.000708412379026413,3.994721919298172e-05,5.483314037322998,29.282024383544922,-86.7531509399414
1.700437307357788,0,6.449496269226074,-6.409172783605754e-07,-0.0,-0.07322830706834793,2.008000135421753,2944.0,-0.0,2.0,20.020000457763672,0.0,0.15563103556632996,0.2603827118873596,9.122373580932617,-0.0009787306189537048,0.001107892021536827,0.0008389083668589592,6.013957500457764,29.104557037353516,-85.90095520019531
1.7206168174743652,0,6.449496269226074,-5.251016546026221e-07,-0.0,-0.06362611800432205,2.008000135421753,2964.0,-0.0,2.0,20.00800132751465,0.0,0.14186367392539978,0.26576992869377136,9.143921852111816,-0.0003129299730062485,-0.00022370927035808563,-0.0012916531413793564,6.013957500457764,28.749622344970703,-87.26446533203125
1.7408051490783691,0,6.449496269226074,-4.315567991852731e-07,-0.0,-0.05540171638131142,2.004000186920166,2944.0,-0.0,2.0,20.012001037597656,0.0,0.12270908802747726,0.2520025670528412,9.146316528320312,8.654966950416565e-05,0.0008415710180997849,-0.000892173033207655,6.367719650268555,28.039756774902344,-87.60533905029297
1.76119065284729,0,6.449496269226074,-3.5399224884713476e-07,-0.0,-0.0481702946126461,2.0360000133514404,2948.0,-0.0,2.0,20.020000457763672,0.0,0.1370750367641449,0.2472139149904251,9.119978904724121,-0.0004460904747247696,-0.00022370927035808563,0.0005725882947444916,6.367719650268555,29.814424514770508,-87.26446533203125
1.7813518047332764,0,6.449496269226074,-2.901248592479533e-07,-0.0,-0.0418536514043808,2.008000135421753,2960.0,-0.0,2.0,20.00400161743164,0.0,0.15622961521148682,0.2789387106895447,9.134345054626465,-0.0007124096155166626,-0.00035686977207660675,0.00017310772091150284,3.714503288269043,30.346824645996094,-86.7531509399414
1.8017020225524902,0,6.449496269226074,-2.3841248264488968e-07,-0.0,-0.03643013909459114,2.004000186920166,2948.0,-0.0,2.0,20.02800178527832,0.0,0.1502438187599182,0.25379830598831177,9.122373580932617,0.0006191898137331009,0.001107892021536827,0.00030626729130744934,5.660195350646973,29.814424514770508,-85.5600814819336
1.8218955993652344,0,6.449496269226074,-1.953231105744635e-07,-0.0,-0.031636759638786316,2.004000186920166,2972.0,-0.0,2.0,20.00400161743164,0.0,0.13228638470172882,0.25978413224220276,9.146316528320312,0.0006191898137331009,0.000708412379026413,-0.0019574537873268127,5.306433200836182,29.459489822387695,-86.92359161376953
1.8420922756195068,0,6.449496269226074,-1.604956878509256e-07,-0.0,-0.02752813510596752,2.004000186920166,2940.0,-0.0,2.0,20.00800132751465,0.0,0.13587787747383118,0.23883378505706787,9.119978904724121,-0.00017976947128772736,4.2611733078956604e-05,0.0008389083668589592,5.129551887512207,28.92708969116211,-86.07139587402344
1.8624107837677002,0,6.449496269226074,-1.3170073032142682e-07,-0.0,-0.023926015943288803,2.0160000324249268,2952.0,-0.0,2.0,20.00400161743164,0.0,0.13527928292751312,0.2561926245689392,9.170259475708008,8.654966950416565e-05,4.2611733078956604e-05,-0.0010253330692648888,6.544600963592529,29.6369571685791,-86.07139587402344
1.8827288150787354,0,6.449496269226074,-1.0792241766921506e-07,-0.0,-0.020770546048879623,2.01200008392334,2948.0,-0.0,2.0,20.012001037597656,0.0,0.11373037844896317,0.2531997263431549,9.1253662109375,-0.0003129299730062485,-0.0006231889128684998,-0.0014248131774365902,5.837076663970947,29.282024383544922,-87.43490600585938
1.9028408527374268,0,6.449496269226074,-8.872434875684121e-08,-0.0,-0.018069038167595863,2.004000186920166,2952.0,-0.0,2.0,20.016000747680664,0.0,0.13228638470172882,0.2669670879840851,9.119379997253418,-0.0009787306189537048,0.0008415710180997849,0.00043942779302597046,5.129551887512207,29.282024383544922,-88.11666107177734
1.9230961799621582,0,6.449496269226074,-7.264105050808212e-08,-0.0,-0.01566835306584835,2.004000186920166,2972.0,-0.0,2.0,20.00400161743164,0.0,0.1370750367641449,0.27474865317344666,9.128358840942383,0.0003528706729412079,0.001107892021536827,-0.000892173033207655,3.714503288269043,30.701757431030273,-85.04876708984375
1.9433717727661133,0,6.449496269226074,-5.971870109533484e-08,-0.0,-0.013622809201478958,2.01200008392334,2948.0,-0.0,2.0,20.00800132751465,0.0,0.12989206612110138,0.2531997263431549,9.121175765991211,0.0006191898137331009,0.0003089308738708496,0.0007057478651404381,4.245146751403809,29.814424514770508,-85.90095520019531
1.9636647701263428,0,6.449496269226074,-4.901589889527713e-08,-0.0,-0.011826449073851109,2.01200008392334,2940.0,-0.0,2.0,20.00800132751465,0.0,0.1251034140586853,0.2681642472743988,9.141528129577637,-0.0004460904747247696,0.000708412379026413,0.00030626729130744934,5.837076663970947,28.217222213745117,-86.7531509399414
1.9837682247161865,0,6.449496269226074,-4.0217265961928206e-08,-0.0,-0.010260257869958878,2.004000186920166,2944.0,-0.0,2.0,20.00400161743164,0.0,0.1550324559211731,0.25858697295188904,9.133746147155762,-0.0012450497597455978,0.000708412379026413,0.00030626729130744934,6.013957500457764,29.814424514770508,-85.90095520019531
2.004136323928833,0,6.449496269226074,-3.2995380649936124e-08,-0.0,-0.008896810933947563,2.0280001163482666,2952.0,-0.0,2.0,20.020000457763672,0.0,0.15682820975780487,0.24481959640979767,9.11040210723877,-0.0003129299730062485,-9.054876863956451e-05,-0.0012916531413793564,5.660195350646973,29.814424514770508,-85.5600814819336
2.024296522140503,0,6.449496269226074,-2.7031761717921654e-08,-0.0,-0.007702360395342112,2.004000186920166,2964.0,-0.0,2.0,20.012001037597656,0.0,0.13647645711898804,0.26457276940345764,9.11279582977295,-0.0003129299730062485,0.001107892021536827,0.0009720679372549057,6.190838813781738,29.282024383544922,-86.7531509399414
2.044461727142334,0,6.449496269226074,-2.2216980255507224e-08,-0.0,-0.006679682061076164,2.01200008392334,2940.0,-0.0,2.0,20.00800132751465,0.0,0.1310892254114151,0.24541817605495453,9.113993644714355,-4.660896956920624e-05,0.0016405321657657623,0.0009720679372549057,5.129551887512207,28.92708969116211,-85.73052215576172
2.06482195854187,0,6.449496269226074,-1.8198868190211215e-08,-0.0,-0.005774442572146654,2.01200008392334,2948.0,-0.0,2.0,20.00800132751465,0.0,0.15084239840507507,0.2699599862098694,9.121774673461914,-0.0005792509764432907,0.00017577223479747772,0.0008389083668589592,5.306433200836182,29.104557037353516,-86.58271026611328
2.084984064102173,0,6.449496269226074,-1.4959683269921698e-08,-0.0,-0.005000524688512087,2.01200008392334,2948.0,-0.0,2.0,20.00400161743164,0.0,0.12330766767263412,0.26157987117767334,9.15828800201416,0.0003528706729412079,0.0013742130249738693,0.00030626729130744934,5.306433200836182,30.169357299804688,-85.90095520019531
2.1053335666656494,0,6.449496269226074,-1.2277633132384835e-08,-0.0,-0.004321056418120861,2.004000186920166,2940.0,-0.0,2.0,20.02400016784668,0.0,0.13887077569961548,0.2603827118873596,9.115190505981445,-0.0017776917666196823,-0.0007563494145870209,-0.0003595328889787197,4.5989089012146,30.169357299804688,-85.21920776367188
2.125511884689331,0,6.449496269226074,-1.005704675094421e-08,-0.0,-0.003724239533767104,2.008000135421753,2968.0,-0.0,2.0,20.012001037597656,0.0,0.13527928292751312,0.27175575494766235,9.125965118408203,-0.0005792509764432907,0.0008415710180997849,-0.0006258529610931873,5.483314037322998,28.57215690612793,-85.73052215576172
2.1457042694091797,0,6.449496269226074,-8.266394679878886e-09,-0.0,-0.0032138631213456392,2.01200008392334,2944.0,-0.0,2.0,20.012001037597656,0.0,0.1340821236371994,0.2669670879840851,9.14452075958252,8.654966950416565e-05,0.000974731519818306,-0.0003595328889787197,5.837076663970947,29.282024383544922,-86.41226959228516
2.1660706996917725,0,6.449496269226074,-6.768145599522768e-09,-0.0,-0.0027608710806816816,2.0160000324249268,2980.0,-0.0,2.0,20.012001037597656,0.0,0.14485658705234528,0.25379830598831177,9.122373580932617,-0.0017776917666196823,-0.0007563494145870209,-0.0003595328889787197,4.245146751403809,29.104557037353516,-86.24183654785156
2.18623948097229,0,6.449496269226074,-5.565651495231805e-09,-0.0,-0.0023753156419843435,2.0160000324249268,2940.0,-0.0,2.0,20.00400161743164,0.0,0.11971618235111237,0.2609812915325165,9.127760887145996,0.0011518299579620361,4.2611733078956604e-05,0.00030626729130744934,6.013957500457764,29.459489822387695,-85.90095520019531
2.2064473628997803,0,6.449496269226074,-4.567109801456581e-09,-0.0,-0.002035840880125761,2.01200008392334,2944.0,-0.0,2.0,20.012001037597656,0.0,0.14725090563297272,0.24541817605495453,9.117584228515625,-0.0021771714091300964,0.000708412379026413,0.00030626729130744934,6.190838813781738,28.217222213745117,-86.07139587402344
2.2268118858337402,0,6.449496269226074,-3.741223331132915e-09,-0.0,-0.0017379638738930225,2.0160000324249268,2952.0,-0.0,2.0,20.00800132751465,0.0,0.14186367392539978,0.2442210167646408,9.122373580932617,-0.0012450497597455978,-0.00035686977207660675,0.0008389083668589592,5.129551887512207,28.217222213745117,-85.73052215576172
2.2469866275787354,0,6.449496269226074,-3.0758156022159255e-09,-0.0,-0.001483459840528667,2.004000186920166,2940.0,-0.0,2.0,20.012001037597656,0.0,0.14844806492328644,0.25260114669799805,9.150506973266602,-0.0004460904747247696,0.0003089308738708496,-0.0014248131774365902,4.775789737701416,29.99188995361328,-87.09402465820312
2.267354726791382,0,6.449496269226074,-2.510353480644767e-09,-0.0,-0.0012539072195068002,2.0160000324249268,3068.0,-0.0,2.0,20.052000045776367,0.0,0.1550324559211731,0.23943236470222473,9.134943962097168,8.654966950416565e-05,-9.054876863956451e-05,-0.000892173033207655,4.245146751403809,29.459489822387695,-86.58271026611328
2.287536144256592,0,6.449496269226074,-2.069443283403416e-09,-0.0,-0.0010641119442880154,2.0160000324249268,2952.0,-0.0,2.0,20.016000747680664,0.0,0.1340821236371994,0.24182669818401337,9.136738777160645,0.00021971017122268677,0.00044209137558937073,-0.0002263728529214859,4.245146751403809,30.169357299804688,-87.26446533203125
2.3077661991119385,0,6.449496269226074,-1.6982933948028744e-09,-0.0,-0.0008947590249590576,2.008000135421753,2952.0,-0.0,2.0,20.012001037597656,0.0,0.14964522421360016,0.2561926245689392,9.151104927062988,0.000486031174659729,0.00017577223479747772,-0.0006258529610931873,5.660195350646973,29.104557037353516,-86.92359161376953
2.328085422515869,0,6.449496269226074,-1.3915135710362847e-09,-0.0,-0.0007462581270374358,2.004000186920166,2956.0,-0.0,2.0,20.00400161743164,0.0,0.13887077569961548,0.25978413224220276,9.101423263549805,0.0014181509613990784,-0.00022370927035808563,-0.001557973213493824,4.952671051025391,29.459489822387695,-87.60533905029297
2.3483030796051025,0,6.449496269226074,-1.1435326019437753e-09,-0.0,-0.0006189585546962917,2.004000186920166,2948.0,-0.0,2.0,20.012001037597656,0.0,0.13468070328235626,0.25260114669799805,9.130753517150879,0.0008855108171701431,0.0008415710180997849,-0.0006258529610931873,4.952671051025391,28.749622344970703,-86.92359161376953
2.3686561584472656,0,6.449496269226074,-9.328781080952808e-10,-0.0,-0.0005041658878326416,2.004000186920166,3088.0,-0.0,2.0,20.136001586914062,0.0,0.1251034140586853,0.2442210167646408,9.118782043457031,-0.0004460904747247696,-0.00022370927035808563,3.994721919298172e-05,6.544600963592529,28.92708969116211,-86.7531509399414
2.3888211250305176,0,6.449496269226074,-7.691209336080362e-10,-0.0,-0.0004095393233001232,2.004000186920166,2944.0,-0.0,2.0,20.00800132751465,0.0,0.13887077569961548,0.25738978385925293,9.161879539489746,-0.0009787306189537048,0.000708412379026413,-0.0002263728529214859,5.660195350646973,29.459489822387695,-87.26446533203125
2.409193277359009,0,6.449496269226074,-6.310090228112131e-10,-0.0,-0.0003249402216169983,2.01200008392334,2948.0,-0.0,2.0,20.00400161743164,0.0,0.13647645711898804,0.2663685083389282,9.170858383178711,-4.660896956920624e-05,0.0012410525232553482,0.00017310772091150284,4.5989089012146,29.459489822387695,-88.28709411621094
2.429351806640625,0,6.449496269226074,-5.171625350186559e-10,-0.0,-0.00025096122408285737,2.008000135421753,2956.0,-0.0,2.0,20.00400161743164,0.0,0.15862394869327545,0.27055856585502625,9.152302742004395,-0.0012450497597455978,0.0008415710180997849,0.00017310772091150284,6.013957500457764,28.749622344970703,-86.58271026611328
2.4496922492980957,0,6.449496269226074,-4.24999507808721e-10,-0.0,-0.00018745139823295176,2.008000135421753,2944.0,-0.0,2.0,20.020000457763672,0.0,0.14784948527812958,0.2579883933067322,9.133148193359375,-0.0003129299730062485,0.0005752518773078918,-9.321235120296478e-05,7.075243949890137,28.749622344970703,-85.90095520019531
2.4698948860168457,0,6.449496269226074,-3.475838228350625e-10,-0.0,-0.00013084775127936155,2.01200008392334,3000.0,-0.0,2.0,20.00800132751465,0.0,0.14725090563297272,0.2502068281173706,9.133746147155762,-0.0003129299730062485,0.0012410525232553482,-0.0010253330692648888,5.306433200836182,28.394689559936523,-85.90095520019531
2.490062952041626,0,6.449496269226074,-2.861597903081048e-10,-0.0,-8.322452049469575e-05,2.008000135421753,2948.0,-0.0,2.0,20.012001037597656,0.0,0.1502438187599182,0.2759458124637604,9.147513389587402,8.654966950416565e-05,0.0015073716640472412,-0.000892173033207655,3.8913843631744385,29.459489822387695,-85.21920776367188
2.5104284286499023,0,6.449496269226074,-2.348013172781549e-10,-0.0,-4.100819569430314e-05,2.004000186920166,2944.0,-0.0,2.0,20.036001205444336,0.0,0.1580253690481186,0.25978413224220276,9.141528129577637,8.654966950416565e-05,0.000708412379026413,0.0008389083668589592,4.775789737701416,27.862289428710938,-85.73052215576172
2.530637741088867,0,6.449496269226074,-1.923342735077327e-10,-0.0,-3.973505044996273e-06,2.01200008392334,2964.0,-0.0,2.0,20.00400161743164,0.0,0.12570199370384216,0.2591855525970459,9.125965118408203,0.00021971017122268677,0.0008415710180997849,0.0005725882947444916,6.721481800079346,28.749622344970703,-87.26446533203125
2.550762414932251,0,6.449496269226074,-1.580581360238753e-10,-0.0,2.772739935608115e-05,2.0199999809265137,2944.0,-0.0,2.0,20.00400161743164,0.0,0.14186367392539978,0.2609812915325165,9.14033031463623,-0.0012450497597455978,-9.054876863956451e-05,-0.0010253330692648888,6.721481800079346,27.68482208251953,-84.87832641601562
2.5711519718170166,0,6.449496269226074,-1.2953159378437107e-10,-0.0,5.5711367167532444e-05,2.004000186920166,2960.0,-0.0,2.0,20.00400161743164,0.0,0.1221105083823204,0.23943236470222473,9.136738777160645,8.654966950416565e-05,-0.00022370927035808563,0.00030626729130744934,5.660195350646973,30.169357299804688,-86.24183654785156
2.591315746307373,0,6.449496269226074,-1.064604099321187e-10,-0.0,7.97118991613388e-05,2.004000186920166,2944.0,-0.0,2.0,20.00400161743164,0.0,0.14066651463508606,0.25379830598831177,9.129556655883789,-0.00151137076318264,0.001107892021536827,0.00017310772091150284,6.544600963592529,29.282024383544922,-86.41226959228516
2.6115469932556152,0,6.449496269226074,-8.734318823755416e-11,-0.0,0.00010080096399178728,2.0160000324249268,2948.0,-0.0,2.0,20.00800132751465,0.0,0.1400679349899292,0.26157987117767334,9.142126083374023,0.00021971017122268677,-0.0014221500605344772,0.0013715485110878944,5.129551887512207,29.282024383544922,-86.7531509399414
2.6317312717437744,0,6.449496269226074,-7.157645309785465e-11,-0.0,0.00011925275612156838,2.004000186920166,2956.0,-0.0,2.0,20.016000747680664,0.0,0.15443387627601624,0.25260114669799805,9.14332389831543,-0.001378210261464119,0.0013742130249738693,0.0008389083668589592,5.483314037322998,29.99188995361328,-85.73052215576172
2.652076005935669,0,6.449496269226074,-5.880707726335643e-11,-0.0,0.00013510111602954566,2.0160000324249268,2944.0,-0.0,2.0,20.00800132751465,0.0,0.12749773263931274,0.2603827118873596,9.140929222106934,-4.660896956920624e-05,0.00017577223479747772,-0.0022237738594412804,4.422027587890625,29.6369571685791,-85.38964080810547
2.672260284423828,0,6.449496269226074,-4.8178228767570275e-11,-0.0,0.00014909417950548232,2.0160000324249268,2956.0,-0.0,2.0,20.00400161743164,0.0,0.13587787747383118,0.25080540776252747,9.134943962097168,-0.0017776917666196823,0.0005752518773078918,-0.0010253330692648888,5.483314037322998,29.99188995361328,-86.41226959228516
2.6924641132354736,0,6.449496269226074,-3.961388508888497e-11,-0.0,0.00016105062968563288,2.004000186920166,2944.0,-0.0,2.0,20.00800132751465,0.0,0.14545516669750214,0.25439688563346863,9.149908065795898,-0.0008455701172351837,0.00044209137558937073,3.994721919298172e-05,5.306433200836182,28.394689559936523,-86.58271026611328
2.712852716445923,0,6.449496269226074,-3.2496626917177807e-11,-0.0,0.00017158701666630805,2.0320000648498535,2940.0,-0.0,2.0,20.012001037597656,0.0,0.1400679349899292,0.2843259274959564,9.153499603271484,-0.00017976947128772736,0.0005752518773078918,-0.0010253330692648888,5.660195350646973,28.749622344970703,-85.90095520019531
2.733083963394165,0,6.449496269226074,-2.6640850983583597e-11,-0.0,0.00018078312859870493,2.004000186920166,2948.0,-0.0,2.0,20.016000747680664,0.0,0.14545516669750214,0.24781250953674316,9.134943962097168,-0.0004460904747247696,-0.0010226685553789139,-0.0010253330692648888,6.544600963592529,30.346824645996094,-85.73052215576172
2.753192186355591,0,6.449496269226074,-2.1881387327060686e-11,-0.0,0.0001887099933810532,2.004000186920166,2948.0,-0.0,2.0,20.00400161743164,0.0,0.1550324559211731,0.2442210167646408,9.15828800201416,-0.0004460904747247696,0.000708412379026413,3.994721919298172e-05,5.660195350646973,29.104557037353516,-85.90095520019531
2.7735636234283447,0,6.449496269226074,-1.7920368314272572e-11,-0.0,0.00019570847507566214,2.008000135421753,2972.0,-0.0,2.0,20.00800132751465,0.0,0.11492753773927689,0.2651713490486145,9.151104927062988,-0.0004460904747247696,0.0005752518773078918,-9.321235120296478e-05,4.422027587890625,29.282024383544922,-85.04876708984375
2.7937488555908203,0,6.449496269226074,-1.4732435757447426e-11,-0.0,0.00020168173068668693,2.004000186920166,2948.0,-0.0,2.0,20.012001037597656,0.0,0.11971618235111237,0.25858697295188904,9.124767303466797,-4.660896956920624e-05,0.00044209137558937073,0.00030626729130744934,7.252125263214111,28.57215690612793,-85.04876708984375
2.813955068588257,0,6.449496269226074,-1.209160289256106e-11,-0.0,0.00020692845282610506,2.008000135421753,2944.0,-0.0,2.0,20.012001037597656,0.0,0.15323671698570251,0.2520025670528412,9.141528129577637,0.000752350315451622,0.0003089308738708496,-0.0003595328889787197,6.89836311340332,28.92708969116211,-85.04876708984375
2.834285020828247,0,6.449496269226074,-9.919528740076622e-12,-0.0,0.00021150545217096806,2.004000186920166,2948.0,-0.0,2.0,20.012001037597656,0.0,0.15383529663085938,0.2699599862098694,9.143921852111816,-0.00017976947128772736,0.000974731519818306,0.00017310772091150284,5.837076663970947,28.57215690612793,-86.07139587402344
2.8544745445251465,0,6.449496269226074,-8.139202853363336e-12,-0.0,0.00021548444055952132,2.01200008392334,2952.0,-0.0,2.0,20.016000747680664,0.0,0.15742678940296173,0.2723543345928192,9.161879539489746,-4.660896956920624e-05,0.0020400118082761765,-0.0011584931053221226,6.367719650268555,29.104557037353516,-84.87832641601562
2.8746981620788574,0,6.449496269226074,-6.668931466086159e-12,-0.0,0.00021897057013120502,2.004000186920166,2976.0,-0.0,2.0,20.00400161743164,0.0,0.14485658705234528,0.2520025670528412,9.109204292297363,0.0006191898137331009,0.000708412379026413,-0.0002263728529214859,5.660195350646973,28.749622344970703,-86.24183654785156
2.8948774337768555,0,6.449496269226074,-5.481089974251896e-12,-0.0,0.00022195737983565778,2.008000135421753,2948.0,-0.0,2.0,20.00400161743164,0.0,0.1490466445684433,0.2669670879840851,9.113394737243652,-0.0004460904747247696,0.0008415710180997849,-0.0003595328889787197,6.190838813781738,29.6369571685791,-87.43490600585938
2.915234088897705,0,6.449496269226074,-4.4982416229355504e-12,-0.0,0.00022457796148955822,2.008000135421753,2952.0,-0.0,2.0,20.012001037597656,0.0,0.14246225357055664,0.2651713490486145,9.120577812194824,-0.001378210261464119,-0.00035686977207660675,-0.000892173033207655,6.367719650268555,28.394689559936523,-85.90095520019531
2.9354186058044434,0,6.449496269226074,-3.691057442328782e-12,-0.0,0.00022686056036036462,2.008000135421753,2944.0,-0.0,2.0,20.00800132751465,0.0,0.15323671698570251,0.27055856585502625,9.141528129577637,-0.0003129299730062485,4.2611733078956604e-05,-0.0007590129971504211,5.660195350646973,28.394689559936523,-86.58271026611328
2.9557583332061768,0,6.449496269226074,-3.0284850148498688e-12,-0.0,0.00022884778445586562,2.0199999809265137,2948.0,-0.0,2.0,20.00800132751465,0.0,0.13887077569961548,0.2711571455001831,9.149908065795898,-0.001378210261464119,0.000708412379026413,3.994721919298172e-05,5.837076663970947,29.6369571685791,-85.73052215576172
2.9759597778320312,0,6.449496269226074,-2.4822795728629554e-12,-0.0,0.00023058570513967425,2.01200008392334,2956.0,-0.0,2.0,20.00400161743164,0.0,0.13288496434688568,0.24481959640979767,9.128957748413086,8.654966950416565e-05,-0.00022370927035808563,0.0005725882947444916,6.544600963592529,28.57215690612793,-85.73052215576172
2.9961578845977783,0,6.449496269226074,-2.039517426472015e-12,-0.0,0.00023207969206850976,2.008000135421753,2944.0,-0.0,2.0,20.00400161743164,0.0,0.1670040786266327,0.2460167557001114,9.154098510742188,-0.0003129299730062485,0.0008415710180997849,-9.321235120296478e-05,4.775789737701416,30.346824645996094,-86.7531509399414
3.016500234603882,0,6.449496269226074,-1.6640862949765522e-12,-0.0,0.00023342430358752608,2.004000186920166,3028.0,-0.0,2.0,20.11600112915039,0.0,0.15563103556632996,0.2549954652786255,9.130154609680176,-4.660896956920624e-05,4.2611733078956604e-05,0.0007057478651404381,5.483314037322998,29.282024383544922,-86.41226959228516
3.0367703437805176,0,6.449496269226074,-1.371918312460807e-12,-0.0,0.00023453403264284134,2.008000135421753,2944.0,-0.0,2.0,20.012001037597656,0.0,0.1191176027059555,0.2711571455001831,9.120577812194824,-0.0008455701172351837,0.00044209137558937073,-0.0010253330692648888,6.013957500457764,29.459489822387695,-86.58271026611328
3.057192325592041,0,6.449496269226074,-1.1257355724686446e-12,-0.0,0.00023552523634862155,2.004000186920166,2944.0,-0.0,2.0,20.00800132751465,0.0,0.12450483441352844,0.25260114669799805,9.1253662109375,-0.0007124096155166626,0.00044209137558937073,0.00017310772091150284,4.5989089012146,29.104557037353516,-87.26446533203125
3.077317476272583,0,6.449496269226074,-9.224174158870002e-13,-0.0,0.00023639369464945048,2.008000135421753,2964.0,-0.0,2.0,20.012001037597656,0.0,0.14066651463508606,0.26876282691955566,9.11040210723877,-0.00017976947128772736,0.0003089308738708496,0.00043942779302597046,4.422027587890625,28.92708969116211,-86.41226959228516
3.09759521484375,0,6.449496269226074,-7.580630459295967e-13,-0.0,0.00023713819973636419,2.01200008392334,2944.0,-0.0,2.0,20.00800132751465,0.0,0.13887077569961548,0.25738978385925293,9.14571762084961,0.0010186713188886642,0.000974731519818306,-0.0004926929250359535,3.714503288269043,30.346824645996094,-87.09402465820312
3.117938280105591,0,6.449496269226074,-6.179183683827083e-13,-0.0,0.00023781214258633554,2.004000186920166,3104.0,-0.0,2.0,20.21200180053711,0.0,0.13228638470172882,0.25559404492378235,9.103219032287598,-4.660896956920624e-05,-0.00035686977207660675,-0.0004926929250359535,4.952671051025391,28.749622344970703,-86.58271026611328
3.1381030082702637,0,6.449496269226074,-5.094486030948753e-13,-0.0,0.0002383653336437419,2.0160000324249268,2944.0,-0.0,2.0,20.00400161743164,0.0,0.14665232598781586,0.2729529142379761,9.170259475708008,-0.0005792509764432907,0.0012410525232553482,-0.0003595328889787197,4.245146751403809,29.104557037353516,-86.92359161376953
3.158491849899292,0,6.449496269226074,-4.1804740550342723e-13,-0.0,0.00023885947302915156,2.01200008392334,2948.0,-0.0,2.0,20.00800132751465,0.0,0.14485658705234528,0.25559404492378235,9.128957748413086,8.654966950416565e-05,-0.00035686977207660675,0.00017310772091150284,6.190838813781738,29.6369571685791,-87.09402465820312
3.178670644760132,0,6.449496269226074,-3.426500619699291e-13,-0.0,0.00023929186863824725,2.004000186920166,2960.0,-0.0,2.0,20.00400161743164,0.0,0.13348354399204254,0.2549954652786255,9.132549285888672,-0.003242451697587967,-9.054876863956451e-05,0.00043942779302597046,6.013957500457764,29.104557037353516,-85.90095520019531
3.1990866661071777,0,6.449496269226074,-2.814989723525646e-13,-0.0,0.00023966380103956908,2.01200008392334,2944.0,-0.0,2.0,20.02800178527832,0.0,0.1400679349899292,0.25679120421409607,9.128358840942383,-0.0020440109074115753,0.0003089308738708496,0.00043942779302597046,4.952671051025391,29.814424514770508,-84.87832641601562
3.2192249298095703,0,6.449496269226074,-2.2987121646271536e-13,-0.0,0.0002399970544502139,2.008000135421753,3044.0,-0.0,2.0,20.016000747680664,0.0,0.1400679349899292,0.2549954652786255,9.148711204528809,-0.0016445312649011612,0.0013742130249738693,0.00030626729130744934,4.775789737701416,28.92708969116211,-85.04876708984375
3.2393782138824463,0,6.449496269226074,-1.8951195322226833e-13,-0.0,0.00024027330800890923,2.01200008392334,2940.0,-0.0,2.0,20.012001037597656,0.0,0.13587787747383118,0.27474865317344666,9.13913345336914,-0.0004460904747247696,-0.00035686977207660675,3.994721919298172e-05,7.252125263214111,29.282024383544922,-86.41226959228516
3.2597663402557373,0,6.449496269226074,-1.555053557710656e-13,-0.0,0.00024052006483543664,2.008000135421753,2952.0,-0.0,2.0,20.02400016784668,0.0,0.12570199370384216,0.2412281185388565,9.135541915893555,-0.0007124096155166626,0.001107892021536827,3.994721919298172e-05,4.775789737701416,29.99188995361328,-85.73052215576172
3.279933214187622,0,6.449496269226074,-1.274094761985478e-13,-0.0,0.00024073634995147586,2.0160000324249268,2960.0,-0.0,2.0,20.012001037597656,0.0,0.13348354399204254,0.2591855525970459,9.133148193359375,0.000486031174659729,0.0019068531692028046,-0.000892173033207655,6.190838813781738,29.282024383544922,-86.7531509399414
3.3001601696014404,0,6.449496269226074,-1.0466702103553022e-13,-0.0,0.0002409220178378746,2.0280001163482666,2944.0,-0.0,2.0,20.012001037597656,0.0,0.15263813734054565,0.24900966882705688,9.148112297058105,-0.001111891120672226,0.001107892021536827,0.0007057478651404381,6.190838813781738,28.92708969116211,-85.38964080810547
3.3205008506774902,0,6.449496269226074,-8.572989865750225e-14,-0.0,0.00024108604702632874,2.0160000324249268,2972.0,-0.0,2.0,20.012001037597656,0.0,0.1310892254114151,0.2561926245689392,9.146915435791016,8.654966950416565e-05,0.0003089308738708496,-0.0010253330692648888,5.306433200836182,29.459489822387695,-86.24183654785156
3.3407061100006104,0,6.449496269226074,-7.04762244114858e-14,-0.0,0.00024122613831423223,2.0160000324249268,2952.0,-0.0,2.0,20.012001037597656,0.0,0.15742678940296173,0.27055856585502625,9.122373580932617,-0.0012450497597455978,0.00044209137558937073,-0.0007590129971504211,5.306433200836182,30.169357299804688,-85.5600814819336
3.360854148864746,0,6.449496269226074,-5.783625667147088e-14,-0.0,0.00024134923296514899,2.004000186920166,2944.0,-0.0,2.0,20.016000747680664,0.0,0.15682820975780487,0.2639741897583008,9.150506973266602,-0.0007124096155166626,-0.00022370927035808563,-0.0010253330692648888,6.721481800079346,28.394689559936523,-84.5374526977539
3.3812177181243896,0,6.449496269226074,-4.73998248149473e-14,-0.0,0.00024145703355316073,2.008000135421753,2968.0,-0.0,2.0,20.016000747680664,0.0,0.1430608481168747,0.2591855525970459,9.152302742004395,-0.001111891120672226,0.0012410525232553482,0.0009720679372549057,5.660195350646973,28.394689559936523,-85.21920776367188
3.4013781547546387,0,6.449496269226074,-3.8948248651856504e-14,-0.0,0.00024154962738975883,2.01200008392334,2940.0,-0.0,2.0,20.012001037597656,0.0,0.14545516669750214,0.26576992869377136,9.132549285888672,-4.660896956920624e-05,0.0005752518773078918,0.0009720679372549057,7.429006576538086,28.039756774902344,-86.58271026611328
3.42159366607666,0,6.449496269226074,-3.190150034870949e-14,-0.0,0.00024163152556866407,2.0160000324249268,2972.0,-0.0,2.0,20.00800132751465,0.0,0.15563103556632996,0.24661533534526825,9.143921852111816,-0.0004460904747247696,0.0012410525232553482,-9.321235120296478e-05,5.306433200836182,28.749622344970703,-85.5600814819336
3.4419374465942383,0,6.449496269226074,-2.622241209978074e-14,-0.0,0.00024170152028091252,2.004000186920166,2952.0,-0.0,2.0,20.012001037597656,0.0,0.13468070328235626,0.27355149388313293,9.138534545898438,-0.0008455701172351837,0.000708412379026413,-0.0002263728529214859,5.129551887512207,29.282024383544922,-86.07139587402344
3.462114095687866,0,6.449496269226074,-2.1512746282720957e-14,-0.0,0.00024176310398615897,2.0199999809265137,2940.0,-0.0,2.0,20.00400161743164,0.0,0.12330766767263412,0.25978413224220276,9.134943962097168,-0.0012450497597455978,0.001107892021536827,0.00017310772091150284,4.952671051025391,30.5242919921875,-87.26446533203125
3.4822921752929688,0,6.449496269226074,-1.7627318062238967e-14,-0.0,0.00024181697517633438,2.004000186920166,2968.0,-0.0,2.0,20.00400161743164,0.0,0.1430608481168747,0.2520025670528412,9.141528129577637,-0.0012450497597455978,0.00017577223479747772,-9.321235120296478e-05,4.952671051025391,31.589092254638672,-85.5600814819336
3.5026791095733643,0,6.449496269226074,-1.4489293079689332e-14,-0.0,0.0002418631047476083,2.0160000324249268,2944.0,-0.0,2.0,20.00400161743164,0.0,0.14066651463508606,0.25439688563346863,9.115190505981445,-0.0003129299730062485,4.2611733078956604e-05,-0.0006258529610931873,4.952671051025391,29.459489822387695,-85.5600814819336
3.5229272842407227,0,6.449496269226074,-1.187096600896052e-14,-0.0,0.00024190395197365433,2.0160000324249268,2960.0,-0.0,2.0,20.00800132751465,0.0,0.14425800740718842,0.2609812915325165,9.166667938232422,-0.0004460904747247696,0.00044209137558937073,0.0007057478651404381,5.129551887512207,30.346824645996094,-87.7757797241211
3.5430545806884766,0,6.449496269226074,-9.756555779212236e-15,-0.0,0.0002419389202259481,2.0160000324249268,2940.0,-0.0,2.0,20.012001037597656,0.0,0.15862394869327545,0.2849245071411133,9.130753517150879,-0.0005792509764432907,0.00044209137558937073,-0.0007590129971504211,5.660195350646973,29.104557037353516,-86.07139587402344
3.563403367996216,0,6.449496269226074,-8.005176247360621e-15,-0.0,0.00024196963931899518,2.004000186920166,2948.0,-0.0,2.0,20.00400161743164,0.0,0.1251034140586853,0.25679120421409607,9.14571762084961,-0.0004460904747247696,0.000708412379026413,0.0007057478651404381,6.190838813781738,29.282024383544922,-85.38964080810547
3.583595037460327,0,6.449496269226074,-6.5697044294510745e-15,-0.0,0.00024199634208343923,2.0160000324249268,2944.0,-0.0,2.0,20.012001037597656,0.0,0.14425800740718842,0.26457276940345764,9.14033031463623,0.00021971017122268677,-0.00022370927035808563,-0.0012916531413793564,5.129551887512207,28.57215690612793,-87.43490600585938
3.6037726402282715,0,6.449496269226074,-5.391019966864089e-15,-0.0,0.00024201959604397416,2.008000135421753,2952.0,-0.0,2.0,20.00800132751465,0.0,0.14784948527812958,0.25978413224220276,9.114591598510742,-0.0003129299730062485,-9.054876863956451e-05,-0.0002263728529214859,6.544600963592529,29.99188995361328,-85.04876708984375
3.624112129211426,0,6.449496269226074,-4.416662721044417e-15,-0.0,0.00024203995417337865,2.004000186920166,2968.0,-0.0,2.0,20.012001037597656,0.0,0.13468070328235626,0.2633756101131439,9.12416934967041,-0.001378210261464119,0.00017577223479747772,0.0008389083668589592,4.952671051025391,30.169357299804688,-86.24183654785156
3.6442747116088867,0,6.449496269226074,-3.6305555831366975e-15,-0.0,0.00024205740191973746,2.004000186920166,2944.0,-0.0,2.0,20.00800132751465,0.0,0.15862394869327545,0.2801358699798584,9.151104927062988,0.00021971017122268677,-0.00022370927035808563,-0.0007590129971504211,6.190838813781738,28.57215690612793,-85.38964080810547
3.6644814014434814,0,6.449496269226074,-2.966864399623248e-15,-0.0,0.00024207304522860795,2.0160000324249268,2948.0,-0.0,2.0,20.00400161743164,0.0,0.14545516669750214,0.25559404492378235,9.099028587341309,-0.00017976947128772736,0.0003089308738708496,-0.0012916531413793564,3.360740900039673,29.282024383544922,-87.09402465820312
3.684824228286743,0,6.449496269226074,-2.444358573582277e-15,-0.0,0.0002420860982965678,2.004000186920166,2952.0,-0.0,2.0,20.00400161743164,0.0,0.12689915299415588,0.25439688563346863,9.136738777160645,-4.660896956920624e-05,-0.00035686977207660675,-0.0002263728529214859,5.660195350646973,28.749622344970703,-85.90095520019531
3.7051234245300293,0,6.449496269226074,-2.0057325144837677e-15,-0.0,0.0002420976961730048,2.008000135421753,2948.0,-0.0,2.0,20.012001037597656,0.0,0.13767361640930176,0.2723543345928192,9.142126083374023,-0.0007124096155166626,-0.0006231889128684998,-9.321235120296478e-05,6.721481800079346,28.039756774902344,-87.26446533203125
3.725389242172241,0,6.449496269226074,-1.6437986183746758e-15,-0.0,0.00024210783885791898,2.004000186920166,2952.0,-0.0,2.0,20.00800132751465,0.0,0.14066651463508606,0.25978413224220276,9.118782043457031,0.000486031174659729,-9.054876863956451e-05,-0.0007590129971504211,6.013957500457764,29.814424514770508,-86.58271026611328
3.745544195175171,0,6.449496269226074,-1.3505976342870077e-15,-0.0,0.00024211661366280168,2.01200008392334,2948.0,-0.0,2.0,20.012001037597656,0.0,0.1280963122844696,0.25379830598831177,9.164872169494629,0.00021971017122268677,0.0008415710180997849,0.0007057478651404381,7.252125263214111,30.346824645996094,-85.38964080810547
3.765723705291748,0,6.449496269226074,-1.1071738118941595e-15,-0.0,0.0002421243116259575,2.004000186920166,2960.0,-0.0,2.0,20.012001037597656,0.0,0.15144097805023193,0.24900966882705688,9.139732360839844,-0.0016445312649011612,0.000974731519818306,-0.0020906138233840466,5.129551887512207,29.6369571685791,-86.7531509399414
3.786121129989624,0,6.449496269226074,-9.094792866203212e-16,-0.0,0.00024213094729930162,2.01200008392334,2940.0,-0.0,2.0,20.012001037597656,0.0,0.14844806492328644,0.2669670879840851,9.13913345336914,8.654966950416565e-05,0.000974731519818306,-0.0016911337152123451,5.306433200836182,30.87922477722168,-85.21920776367188
3.80625581741333,0,6.449496269226074,-7.461343296378089e-16,-0.0,0.00024213676806539297,2.01200008392334,2948.0,-0.0,2.0,20.012001037597656,0.0,0.13767361640930176,0.2741500735282898,9.129556655883789,-0.001378210261464119,0.00017577223479747772,0.0011052284389734268,6.367719650268555,29.814424514770508,-85.90095520019531
3.826441526412964,0,6.449496269226074,-6.112341154526353e-16,-0.0,0.00024214184668380767,2.01200008392334,2976.0,-0.0,2.0,20.00400161743164,0.0,0.13348354399204254,0.25738978385925293,9.135541915893555,-0.001111891120672226,0.000708412379026413,0.00017310772091150284,5.660195350646973,29.459489822387695,-87.60533905029297
3.8468177318573,0,6.449496269226074,-5.024208219769997e-16,-0.0,0.00024214619770646095,2.01200008392334,2940.0,-0.0,2.0,20.012001037597656,0.0,0.13587787747383118,0.2609812915325165,9.116986274719238,-0.0007124096155166626,0.001107892021536827,-9.321235120296478e-05,6.544600963592529,28.92708969116211,-86.41226959228516
3.8669824600219727,0,6.449496269226074,-4.103532110499039e-16,-0.0,0.00024215008306782693,2.008000135421753,3056.0,-0.0,2.0,20.00800132751465,0.0,0.15383529663085938,0.2699599862098694,9.158886909484863,0.0010186713188886642,0.0012410525232553482,-0.000892173033207655,6.190838813781738,29.6369571685791,-87.43490600585938
3.8871867656707764,0,6.449496269226074,-3.3831917340501367e-16,-0.0,0.00024215334269683808,2.01200008392334,2944.0,-0.0,2.0,20.00800132751465,0.0,0.14665232598781586,0.27355149388313293,9.15589427947998,-0.00017976947128772736,0.0003089308738708496,0.0008389083668589592,3.8913843631744385,29.459489822387695,-84.5374526977539
3.9075567722320557,0,6.449496269226074,-2.776422329262479e-16,-0.0,0.00024215623852796853,2.004000186920166,2948.0,-0.0,2.0,20.016000747680664,0.0,0.15144097805023193,0.25679120421409607,9.136140823364258,-0.0004460904747247696,0.0008415710180997849,-0.0010253330692648888,4.775789737701416,28.92708969116211,-86.07139587402344
3.927767038345337,0,6.449699878692627,0.001974394079297781,1.5,6.375920295715332,2.004000186920166,2964.0,-0.0,2.0,20.012001037597656,0.0002036480000242591,0.1101388931274414,0.2789387106895447,9.125965118408203,-0.0004460904747247696,0.000708412379026413,-0.001824293751269579,4.245146751403809,29.459489822387695,-86.58271026611328
3.948110818862915,0,6.458374500274658,0.08142685145139694,1.5,13.207149505615234,2.008000135421753,2948.0,-0.0,2.0,20.00400161743164,0.008674304001033306,0.14066651463508606,0.27355149388313293,9.103219032287598,-0.0009787306189537048,0.0013742130249738693,0.00030626729130744934,5.660195350646973,28.039756774902344,-85.21920776367188
3.968449831008911,0,6.476399898529053,0.22743774950504303,1.5,18.770265579223633,2.004000186920166,3112.0,-0.0,2.0,20.23200035095215,0.018025599420070648,0.1861586719751358,1.5048325061798096,10.251296997070312,-0.009900455363094807,-0.011142836883664131,0.0019041886553168297,3.5376219749450684,28.749622344970703,-84.5374526977539
3.9886953830718994,0,6.486386775970459,0.27565985918045044,1.5,22.922517776489258,2.004000186920166,2948.0,-0.0,2.0,20.016000747680664,0.009987007826566696,0.5650603771209717,3.222161054611206,7.3260321617126465,0.18331481516361237,0.01895134337246418,-0.027923669666051865,3.714503288269043,29.99188995361328,-85.73052215576172
4.0090391635894775,0,6.489706039428711,0.2552758455276489,1.5,26.689573287963867,2.0199999809265137,2952.0,-0.0,2.0,20.00400161743164,0.0033189118839800358,-0.13228638470172882,5.403389930725098,9.601238250732422,0.06946295499801636,-0.054819345474243164,-0.05655308812856674,4.5989089012146,29.459489822387695,-85.21920776367188
4.029212713241577,0,6.491370677947998,0.22447873651981354,1.5,30.22686767578125,2.008000135421753,2960.0,-0.0,2.0,20.016000747680664,0.0016649600584059954,0.6698120832443237,2.6517136096954346,9.318707466125488,-0.07634733617305756,-0.03284792602062225,-0.0007590129971504211,3.5376219749450684,26.97495460510254,-85.5600814819336
4.049580812454224,0,6.495859146118164,0.22514699399471283,1.5,33.394432067871094,2.0199999809265137,2952.0,-0.0,2.0,20.00400161743164,0.0044885119423270226,0.2579883933067322,1.8178902864456177,9.765249252319336,-0.05797124654054642,0.003238452598452568,-0.005419615656137466,4.5989089012146,30.5242919921875,-84.87832641601562
4.06971549987793,0,6.5033392906188965,0.2511651813983917,1.5,36.2145881652832,2.004000186920166,3048.0,-0.0,2.0,20.00800132751465,0.007479935884475708,0.14784948527812958,1.8190873861312866,8.804527282714844,-0.0012450497597455978,0.000708412379026413,-0.022863585501909256,4.775789737701416,28.57215690612793,-86.07139587402344
4.089973449707031,0,6.511127471923828,0.2768992483615875,1.5,38.495452880859375,2.004000186920166,2948.0,-0.0,2.0,20.00400161743164,0.0077881598845124245,-0.09697011113166809,2.373971939086914,8.730302810668945,0.041499339044094086,0.006167975254356861,-0.030986350029706955,4.068265438079834,28.217222213745117,-86.07139587402344
4.110156774520874,0,6.518420219421387,0.29257744550704956,1.5,40.49537658691406,2.004000186920166,2944.0,-0.0,2.0,20.00400161743164,0.0072928001172840595,0.12689915299415588,2.503265380859375,9.44560718536377,0.016332080587744713,0.008165376260876656,-0.02446150779724121,3.5376219749450684,28.039756774902344,-86.24183654785156
4.130307912826538,0,6.526230335235596,0.3097379505634308,1.5,42.24336624145508,2.008000135421753,2964.0,-0.0,2.0,20.00800132751465,0.007810175884515047,-0.025140399113297462,2.255452871322632,9.22832202911377,-0.03653247281908989,0.003371613100171089,-0.048563484102487564,3.714503288269043,28.57215690612793,-86.41226959228516
4.150674819946289,0,6.535650730133057,0.3394984006881714,1.5,43.6790657043457,2.0199999809265137,2956.0,-0.0,2.0,20.00400161743164,0.009420095942914486,0.1861586719751358,1.7622222900390625,9.053536415100098,-0.025746505707502365,-0.03604377061128616,-0.050694044679403305,5.129551887512207,28.57215690612793,-85.38964080810547
4.170837879180908,0,6.546983242034912,0.3798936903476715,1.5,44.823707580566406,2.008000135421753,2960.0,-0.0,2.0,20.00400161743164,0.011332736350595951,0.49083635210990906,1.929824948310852,8.981706619262695,0.019661081954836845,-0.005550112575292587,-0.04084019735455513,4.952671051025391,28.394689559936523,-84.5374526977539
4.191042423248291,0,6.558566570281982,0.4161699712276459,1.5,45.66472244262695,2.008000135421753,2948.0,-0.0,2.0,20.00800132751465,0.011583168059587479,0.31485357880592346,2.58227801322937,10.101652145385742,0.02725120820105076,-0.026056764647364616,-0.04097335785627365,4.775789737701416,28.92708969116211,-85.73052215576172
4.211435794830322,0,6.5700836181640625,0.4446556568145752,1.5,46.30229187011719,2.01200008392334,2952.0,-0.0,2.0,20.02800178527832,0.011517119593918324,0.33879679441452026,2.5242156982421875,9.58028793334961,-0.00457405298948288,0.04238751530647278,-0.02619258686900139,2.653216600418091,29.6369571685791,-85.73052215576172
4.2315990924835205,0,6.58221435546875,0.47288718819618225,1.5,46.77950668334961,2.01200008392334,2968.0,-0.0,2.0,20.00400161743164,0.012130815535783768,0.053273703902959824,2.0549283027648926,10.280028343200684,-0.04199203476309776,0.06715529412031174,-0.023129906505346298,3.360740900039673,28.57215690612793,-86.07139587402344
4.251785039901733,0,6.595311164855957,0.5066916346549988,1.5,47.08461380004883,2.008000135421753,2944.0,-0.0,2.0,20.00400161743164,0.013096768409013748,-0.07482261210680008,1.7526448965072632,9.697609901428223,-0.03240450844168663,0.06302732974290848,-0.037511195987463,5.129551887512207,28.57215690612793,-87.09402465820312
4.271976947784424,0,6.60969877243042,0.543874979019165,1.5,47.221473693847656,2.0199999809265137,2964.0,-0.0,2.0,20.00400161743164,0.014387455768883228,0.12570199370384216,1.8490164279937744,9.796375274658203,0.01819632016122341,0.027739908546209335,-0.0337827131152153,5.306433200836182,29.104557037353516,-85.21920776367188
4.292340040206909,0,6.624273300170898,0.5781411528587341,1.5,47.20849609375,2.004000186920166,2944.0,-0.0,2.0,20.012001037597656,0.014574592001736164,0.31245923042297363,2.3242897987365723,9.464761734008789,0.01806315965950489,-0.013273397460579872,-0.03804383426904678,4.5989089012146,30.169357299804688,-85.90095520019531
4.312548398971558,0,6.639516353607178,0.6111074090003967,1.5,47.076759338378906,2.0160000324249268,2952.0,-0.0,2.0,20.012001037597656,0.015243328176438808,-0.09218145906925201,2.0674984455108643,7.555887222290039,-0.01083257608115673,-0.04390021413564682,-0.04363656044006348,2.4763355255126953,27.32988929748535,-84.19657135009766
4.332727909088135,0,6.65576171875,0.6460195183753967,1.5,46.834686279296875,2.004000186920166,2972.0,-0.0,2.0,20.00800132751465,0.016245055943727493,0.1580253690481186,2.2704174518585205,10.977375984191895,0.0038150325417518616,-0.032315291464328766,-0.03178531304001808,4.422027587890625,27.152421951293945,-84.36701202392578
4.353066682815552,0,6.67315673828125,0.6875466704368591,1.5,46.479671478271484,2.01200008392334,2948.0,-0.0,2.0,20.00400161743164,0.017395392060279846,0.9050543308258057,1.207337737083435,7.548704147338867,0.007676674053072929,-0.012607594951987267,-0.044568680226802826,3.1838598251342773,27.68482208251953,-84.87832641601562
4.373242378234863,0,6.692409992218018,0.7359475493431091,1.5,45.97152328491211,2.004000186920166,2972.0,-0.0,2.0,20.016000747680664,0.019252991303801537,0.30886775255203247,2.504462480545044,9.02121353149414,0.009274596348404884,0.02813938818871975,-0.06467585265636444,4.952671051025391,26.265087127685547,-85.5600814819336
4.393594026565552,0,6.711902141571045,0.7798776626586914,1.5,45.339290618896484,2.004000186920166,2948.0,-0.0,2.0,20.012001037597656,0.019492415711283684,0.5848135352134705,1.0564953088760376,7.823452472686768,0.029248608276247978,0.023345625028014183,-0.07160016894340515,3.5376219749450684,28.039756774902344,-84.5374526977539
4.413784027099609,0,6.731823921203613,0.8184911608695984,1.5,44.61333084106445,2.004000186920166,2948.0,-0.0,2.0,20.012001037597656,0.01992172747850418,0.2292564958333969,2.416471242904663,9.752080917358398,0.010206716135144234,-0.012607594951987267,-0.07905713468790054,3.714503288269043,27.862289428710938,-85.04876708984375
4.433971405029297,0,6.7527008056640625,0.8592040538787842,1.5,43.819679260253906,2.004000186920166,2948.0,-0.0,2.0,20.00400161743164,0.020876672118902206,-0.011373037472367287,2.1836233139038086,9.193005561828613,0.06120702624320984,0.03666163235902786,-0.08771254122257233,3.1838598251342773,28.749622344970703,-84.5374526977539
4.454317092895508,0,6.774733066558838,0.9026527404785156,1.5,42.94219970703125,2.008000135421753,2948.0,-0.0,2.0,20.00800132751465,0.022032512351870537,0.10594882071018219,2.042358160018921,8.681818008422852,0.07518883794546127,0.01775290258228779,-0.09170734137296677,3.8913843631744385,28.039756774902344,-83.51482391357422
4.474505662918091,0,6.797225475311279,0.9409152269363403,-0.0,35.61348342895508,2.004000186920166,2960.0,-0.0,2.0,20.00800132751465,0.022492095828056335,0.048485055565834045,1.9465851783752441,9.87838077545166,0.014734158292412758,-0.027921004220843315,-0.07679341733455658,5.306433200836182,26.97495460510254,-84.5374526977539
4.494720458984375,0,6.819860458374023,0.976643979549408,-0.0,27.628780364990234,2.004000186920166,2956.0,-0.0,2.0,20.00400161743164,0.02263519912958145,0.2933046519756317,1.8340519666671753,8.65548038482666,0.07332459837198257,-0.010477034375071526,-0.07479601353406906,3.8913843631744385,27.68482208251953,-84.19657135009766
4.5151426792144775,0,6.844034194946289,1.018640398979187,-0.0,20.369529724121094,2.004000186920166,2948.0,-0.0,2.0,20.012001037597656,0.024173568934202194,0.6063624620437622,2.3099238872528076,8.099398612976074,0.0609407052397728,-0.02432568185031414,-0.049628764390945435,4.775789737701416,28.92708969116211,-84.7078857421875
4.535290241241455,0,6.869187355041504,1.061570405960083,-0.0,13.761560440063477,2.004000186920166,2956.0,-0.0,2.0,20.00800132751465,0.025153279304504395,-0.23883378505706787,2.1943976879119873,10.209396362304688,-0.08606801927089691,0.03865903615951538,-0.09090838581323624,4.068265438079834,27.507354736328125,-84.02613830566406
4.555454969406128,0,6.895334243774414,1.105646014213562,-0.0,7.721497058868408,2.004000186920166,2948.0,-0.0,2.0,20.00800132751465,0.026146752759814262,-0.5022094249725342,1.5886337757110596,10.69903564453125,0.04269777983427048,-0.0023542698472738266,-0.10848551243543625,4.775789737701416,27.862289428710938,-84.7078857421875
4.575770378112793,0,6.921357154846191,1.1380414962768555,-0.0,2.1380372047424316,2.004000186920166,2964.0,-0.0,2.0,20.00800132751465,0.026022911071777344,0.36453577876091003,2.4326329231262207,5.73500394821167,0.05521482229232788,-0.10928181558847427,-0.09663426876068115,5.306433200836182,28.749622344970703,-84.87832641601562
4.595950365066528,0,6.938931465148926,1.0922298431396484,-0.0,-2.6372733116149902,2.008000135421753,2956.0,-0.0,2.0,20.016000747680664,0.01757427118718624,0.7817466855049133,0.6656219959259033,7.524760723114014,-0.034934550523757935,0.06782109290361404,-0.06014841049909592,6.89836311340332,29.99188995361328,-84.7078857421875
4.616478204727173,0,6.953230857849121,1.016335129737854,1.5,-0.11398550868034363,2.0160000324249268,2996.0,-0.0,2.0,20.37200164794922,0.014299391768872738,0.2430238574743271,-0.24481959640979767,12.89103889465332,-0.16330087184906006,0.08499874174594879,-0.07519549131393433,6.721481800079346,30.5242919921875,-85.90095520019531
4.6368043422698975,0,6.967331886291504,0.9646023511886597,1.5,3.768237829208374,2.01200008392334,2972.0,-0.0,2.0,20.012001037597656,0.014101248234510422,-0.06165383383631706,-0.5351313352584839,7.926408767700195,-0.01482737809419632,-0.0775897204875946,-0.08864466100931168,6.190838813781738,29.6369571685791,-86.07139587402344
4.657054424285889,0,6.990878105163574,1.0049097537994385,1.5,7.281542778015137,2.004000186920166,2972.0,-0.0,2.0,20.012001037597656,0.023546112701296806,-0.005985809490084648,-1.0481152534484863,6.595763206481934,-0.1541128307580948,-0.12166570872068405,-0.03977491706609726,4.775789737701416,28.92708969116211,-84.7078857421875
4.677197217941284,0,7.029477596282959,1.1711657047271729,1.5,9.784575462341309,2.0160000324249268,2988.0,-0.0,2.0,20.00400161743164,0.03859955072402954,0.5453072190284729,0.20950332283973694,10.437455177307129,-0.016425300389528275,-0.042435452342033386,-0.06986909359693527,4.775789737701416,29.282024383544922,-85.38964080810547
4.6975321769714355,0,7.073938846588135,1.3613982200622559,1.5,10.942159652709961,2.0160000324249268,2972.0,-0.0,2.0,20.00800132751465,0.044461313635110855,-0.007182971108704805,1.929226279258728,9.100225448608398,0.06546815484762192,0.01429073978215456,-0.10449071228504181,5.129551887512207,31.056692123413086,-85.38964080810547
4.718069314956665,0,7.110903739929199,1.4383280277252197,1.5,11.31411361694336,2.004000186920166,3124.0,-0.0,2.0,20.2760009765625,0.036964863538742065,-0.20591184496879578,2.5601305961608887,9.526415824890137,0.27945637702941895,0.017486581578850746,-0.125663161277771,3.714503288269043,29.282024383544922,-84.7078857421875
4.73826265335083,0,7.1432013511657715,1.4753954410552979,1.5,11.389537811279297,2.008000135421753,2972.0,-0.0,2.0,20.012001037597656,0.03229747340083122,-0.20052461326122284,3.85905122756958,8.902095794677734,0.07492251694202423,0.08952618390321732,-0.1251305341720581,5.660195350646973,30.169357299804688,-85.90095520019531
4.758586168289185,0,7.173189640045166,1.478590965270996,1.5,11.348888397216797,2.0240001678466797,2972.0,-0.0,2.0,20.016000747680664,0.029988544061779976,1.4515587091445923,2.7798097133636475,10.978572845458984,-0.10364515334367752,0.001107892021536827,-0.06387688964605331,4.952671051025391,29.814424514770508,-84.5374526977539
4.778748989105225,0,7.201414108276367,1.464652419090271,1.5,11.376168251037598,2.01200008392334,2992.0,-0.0,2.0,20.00800132751465,0.028224512934684753,0.06225241720676422,2.9935030937194824,7.938978672027588,0.022457445040345192,0.012559658847749233,-0.07666025310754776,4.5989089012146,29.814424514770508,-84.19657135009766
4.799139499664307,0,7.231435775756836,1.4734795093536377,1.5,11.411588668823242,2.008000135421753,2968.0,-0.0,2.0,20.00400161743164,0.03002156876027584,0.42678821086883545,1.5622962713241577,9.051740646362305,-0.05743860453367233,0.0025726519525051117,-0.039375435560941696,4.5989089012146,30.169357299804688,-84.19657135009766
4.819345951080322,0,7.264749050140381,1.5023874044418335,1.5,11.329981803894043,2.01200008392334,3056.0,-0.0,2.0,20.012001037597656,0.03331296145915985,0.2220735251903534,2.005246162414551,8.017991065979004,-0.1353372484445572,-0.062009990215301514,-0.06480900943279266,6.721481800079346,29.814424514770508,-85.21920776367188
4.839532375335693,0,7.297178268432617,1.529218077659607,1.5,11.110882759094238,2.008000135421753,2980.0,-0.0,2.0,20.00400161743164,0.032429568469524384,0.04190066456794739,2.1459126472473145,9.629371643066406,0.021924803033471107,0.04451807588338852,-0.055887285619974136,4.775789737701416,31.411624908447266,-85.38964080810547
4.859724521636963,0,7.3293962478637695,1.5435853004455566,1.5,10.813562393188477,2.0160000324249268,2968.0,-0.0,2.0,20.00400161743164,0.032217662781476974,0.5500958561897278,2.581679582595825,10.392561912536621,0.007676674053072929,-0.013539718464016914,-0.07905713468790054,4.952671051025391,30.87922477722168,-86.92359161376953
4.879897832870483,0,7.362065315246582,1.5578941106796265,1.5,10.484724998474121,2.008000135421753,2976.0,-0.0,2.0,20.016000747680664,0.03266899287700653,0.45073142647743225,2.5313987731933594,10.051370620727539,-0.07448309659957886,0.01682078093290329,-0.0781250149011612,4.952671051025391,30.169357299804688,-86.58271026611328
4.900259494781494,0,7.396313667297363,1.587632656097412,1.5,10.08359432220459,2.0320000648498535,2968.0,-0.0,2.0,20.02800178527832,0.03424863889813423,-0.04070350155234337,0.7853381633758545,9.787396430969238,-0.034135591238737106,0.022679824382066727,-0.10156118869781494,7.075243949890137,30.169357299804688,-86.58271026611328
4.920442342758179,0,7.433341979980469,1.6326706409454346,1.5,9.516840934753418,2.004000186920166,2996.0,-0.0,2.0,20.00800132751465,0.03702815994620323,-0.27355149388313293,2.0579211711883545,9.704792976379395,-0.015626339241862297,-0.18291933834552765,-0.10888499766588211,5.483314037322998,30.701757431030273,-85.38964080810547
4.940794229507446,0,7.470554351806641,1.6753263473510742,1.5,8.789735794067383,2.0160000324249268,2968.0,-0.0,2.0,20.00800132751465,0.037212543189525604,0.2639741897583008,2.714564561843872,6.516750335693359,0.027650685980916023,-0.08664460480213165,-0.1295248121023178,5.483314037322998,30.701757431030273,-87.43490600585938
4.96100115776062,0,7.50740909576416,1.7049287557601929,1.5,7.9589409828186035,2.004000186920166,2976.0,-0.0,2.0,20.016000747680664,0.036854784935712814,0.8942798972129822,2.9557926654815674,8.786569595336914,-0.006704613566398621,0.05090976133942604,-0.08158718049526215,3.714503288269043,29.6369571685791,-85.38964080810547
4.981186389923096,0,7.544707298278809,1.7312498092651367,1.5,7.082627773284912,2.004000186920166,2988.0,-0.0,2.0,20.00800132751465,0.03729785606265068,0.9385749101638794,1.6873996257781982,11.10427474975586,0.02512064389884472,0.11602503806352615,-0.07199965417385101,4.068265438079834,31.411624908447266,-86.7531509399414
5.001572132110596,0,7.5832624435424805,1.7689875364303589,1.5,6.151522636413574,2.01200008392334,2972.0,-0.0,2.0,20.02800178527832,0.03855552151799202,-0.46689313650131226,1.9226419925689697,11.143780708312988,0.04003457725048065,0.055570363998413086,-0.1163419559597969,5.483314037322998,30.346824645996094,-85.73052215576172
5.0217390060424805,0,7.623067378997803,1.806488037109375,1.5,5.103017807006836,2.004000186920166,2984.0,-0.0,2.0,20.00800132751465,0.03980492800474167,-0.20950332283973694,1.7484549283981323,7.1117401123046875,0.033110253512859344,-0.11753774434328079,-0.10435755550861359,5.306433200836182,31.23415756225586,-87.60533905029297
5.041909456253052,0,7.656985759735107,1.7873584032058716,1.5,4.139129638671875,2.0160000324249268,2972.0,-0.0,2.0,20.00400161743164,0.03391839936375618,0.5165753364562988,2.41467547416687,8.095208168029785,-0.0478510782122612,0.010695417411625385,-0.10236015170812607,7.782768726348877,30.5242919921875,-88.62797546386719
5.062287092208862,0,7.687343120574951,1.7387775182724,1.5,3.494492530822754,2.0160000324249268,2972.0,-0.0,2.0,20.032001495361328,0.03035731241106987,0.48963919281959534,0.1610182672739029,11.647187232971191,-0.1116347536444664,0.09591786563396454,-0.0906420648097992,7.429006576538086,31.589092254638672,-89.65060424804688
5.082474231719971,0,7.71765661239624,1.69612455368042,1.5,3.1534337997436523,2.008000135421753,2988.0,-0.0,2.0,20.00400161743164,0.03031327947974205,-0.22686217725276947,0.03711201623082161,10.55298137664795,-0.07621417194604874,0.07048429548740387,-0.12153520435094833,7.075243949890137,29.104557037353516,-88.9688491821289
5.102649211883545,0,7.748533725738525,1.6715949773788452,1.5,3.0289506912231445,2.008000135421753,2972.0,-0.0,2.0,20.00400161743164,0.03087743930518627,-0.25379830598831177,-0.33759963512420654,8.374147415161133,0.044428855180740356,-0.023926204070448875,-0.10528967529535294,6.721481800079346,29.459489822387695,-88.9688491821289
5.12302041053772,0,7.783877849578857,1.686574101448059,1.5,2.920619010925293,2.004000186920166,2984.0,-0.0,2.0,20.00800132751465,0.03534393757581711,0.39685913920402527,-2.982130289077759,9.783206939697266,-0.003508772701025009,-0.0850466787815094,-0.09117470681667328,7.429006576538086,29.104557037353516,-90.33235931396484
5.143235921859741,0,7.821619033813477,1.7248247861862183,1.5,2.658371686935425,2.01200008392334,2976.0,-0.0,2.0,20.016000747680664,0.03774092718958855,0.5716447830200195,-1.1175506114959717,10.284218788146973,-0.04878319799900055,-0.011142836883664131,-0.1312558948993683,7.605887413024902,29.6369571685791,-89.48016357421875
5.163407325744629,0,7.859948635101318,1.758987545967102,1.5,2.2190141677856445,2.01200008392334,2968.0,-0.0,2.0,20.00400161743164,0.03832985460758209,0.37590882182121277,-0.7961126565933228,8.580657958984375,0.06813134998083115,0.10470642894506454,-0.14803406596183777,7.075243949890137,28.749622344970703,-88.62797546386719
5.183593511581421,0,7.897064685821533,1.7763097286224365,1.5,1.6938049793243408,2.004000186920166,2976.0,-0.0,2.0,20.00800132751465,0.03711622580885887,-0.053872283548116684,1.16543710231781,9.027198791503906,0.04682573676109314,0.024810386821627617,-0.1557573527097702,8.313411712646484,28.92708969116211,-89.821044921875
5.20395302772522,0,7.932736396789551,1.7774096727371216,1.5,1.1793830394744873,2.008000135421753,2968.0,-0.0,2.0,20.012001037597656,0.0356714241206646,0.2412281185388565,0.07182971388101578,10.50090503692627,0.009274596348404884,-0.07572547346353531,-0.14470505714416504,6.367719650268555,28.394689559936523,-87.60533905029297
5.22416877746582,0,7.96706485748291,1.7637962102890015,1.5,0.7520296573638916,2.004000186920166,2976.0,-0.0,2.0,20.00400161743164,0.03432844951748848,1.5245856046676636,-0.29988905787467957,8.126933097839355,-0.015759499743580818,-0.13151954114437103,-0.13791389763355255,6.013957500457764,27.32988929748535,-88.9688491821289
5.244335889816284,0,7.9994282722473145,1.7395342588424683,1.5,0.4741128385066986,2.008000135421753,2972.0,-0.0,2.0,20.012001037597656,0.032363519072532654,0.4064364433288574,0.16041968762874603,9.602435111999512,-0.05996864289045334,0.09298834204673767,-0.13791389763355255,5.306433200836182,28.749622344970703,-86.92359161376953
5.264735698699951,0,8.031420707702637,1.7100844383239746,1.5,0.36096981167793274,2.008000135421753,2968.0,-0.0,2.0,20.00800132751465,0.031991999596357346,0.8781182169914246,-0.797908365726471,10.32791519165039,8.654966950416565e-05,0.023345625028014183,-0.1281932145357132,7.252125263214111,28.57215690612793,-86.7531509399414
5.284923076629639,0,8.063431739807129,1.6945908069610596,1.5,0.3717347979545593,2.008000135421753,2972.0,-0.0,2.0,20.012001037597656,0.03201126307249069,0.14964522421360016,-0.7332616448402405,10.408124923706055,0.002749752253293991,0.05423876643180847,-0.12273364514112473,7.429006576538086,30.169357299804688,-84.5374526977539
5.305172681808472,0,8.09775161743164,1.6983660459518433,1.5,0.39151880145072937,2.01200008392334,2964.0,-0.0,2.0,20.02400016784668,0.03432019054889679,0.2514039874076843,-1.0552982091903687,10.208797454833984,-0.09152758121490479,-0.08837568014860153,-0.12806004285812378,7.605887413024902,28.57215690612793,-85.73052215576172
5.32545804977417,0,8.132891654968262,1.7057775259017944,1.5,0.356239378452301,2.01200008392334,2984.0,-0.0,2.0,20.00400161743164,0.03514028713107109,0.8230487704277039,-0.9822713136672974,7.912042617797852,0.06693290919065475,-0.06387422978878021,-0.12899217009544373,7.429006576538086,30.5242919921875,-85.21920776367188
5.34567928314209,0,8.166364669799805,1.7025158405303955,1.5,0.304776132106781,2.01200008392334,2972.0,-0.0,2.0,20.00400161743164,0.03347257524728775,0.29270607233047485,0.29450181126594543,8.629741668701172,0.06320443004369736,0.06648948788642883,-0.15122990310192108,6.544600963592529,31.411624908447266,-86.7531509399414
5.365961313247681,0,8.199069023132324,1.6875046491622925,1.5,0.3001697361469269,2.01200008392334,3016.0,-0.0,2.0,20.012001037597656,0.03270476683974266,0.6327000260353088,-1.1319165229797363,9.31092643737793,0.028982287272810936,0.01895134337246418,-0.15402626991271973,6.190838813781738,32.83135986328125,-87.09402465820312
5.386260986328125,0,8.230095863342285,1.6653815507888794,1.5,0.38936305046081543,2.004000186920166,2968.0,-0.0,2.0,20.00800132751465,0.031026048585772514,-0.41062650084495544,-0.16760265827178955,10.115419387817383,0.047225221991539,0.010429097339510918,-0.175731360912323,6.013957500457764,31.23415756225586,-85.90095520019531
5.406599283218384,0,8.261534690856934,1.6477965116500854,1.5,0.5644003748893738,2.0160000324249268,2980.0,-0.0,2.0,20.00800132751465,0.03143884986639023,-0.12989206612110138,-0.5890036225318909,8.898504257202148,0.0940975695848465,-0.062542624771595,-0.15935267508029938,4.952671051025391,32.653892517089844,-86.58271026611328
5.4266462326049805,0,8.293785095214844,1.6395310163497925,1.5,0.7718926072120667,2.008000135421753,2988.0,-0.0,2.0,20.00800132751465,0.03225068747997284,0.6859737634658813,-0.38788044452667236,7.424798011779785,-0.0003129299730062485,-0.08890832215547562,-0.1439061015844345,7.605887413024902,31.411624908447266,-86.41226959228516
5.446979522705078,0,8.325658798217773,1.633687973022461,1.5,0.9729602336883545,2.008000135421753,2980.0,-0.0,2.0,20.012001037597656,0.0318736657500267,0.8362175822257996,-0.4369640648365021,7.898275375366211,-0.0703551322221756,0.09498574584722519,-0.15935267508029938,6.721481800079346,33.36376190185547,-87.26446533203125
5.467214584350586,0,8.357763290405273,1.6209417581558228,1.5,1.1941242218017578,2.004000186920166,3084.0,-0.0,2.0,20.080001831054688,0.03210483118891716,-0.17179273068904877,-0.32083937525749207,8.751852035522461,-0.02201802283525467,0.01322545949369669,-0.1689402014017105,6.89836311340332,32.83135986328125,-88.79840850830078
5.487513542175293,0,8.387290000915527,1.600563645362854,1.5,1.461345911026001,2.0199999809265137,2972.0,-0.0,2.0,20.012001037597656,0.029526207596063614,0.9122373461723328,-0.12749773263931274,11.25272274017334,0.031246008351445198,0.08340082317590714,-0.17147023975849152,5.660195350646973,33.008827209472656,-87.94622039794922
5.508481025695801,0,8.416749954223633,1.577863335609436,1.5,1.8105732202529907,2.004000186920166,2972.0,-0.0,2.0,20.00400161743164,0.029460160061717033,0.1502438187599182,-0.28253018856048584,9.855634689331055,-0.011098896153271198,0.020682424306869507,-0.15682263672351837,5.660195350646973,31.589092254638672,-88.28709411621094
5.527888774871826,0,8.446952819824219,1.5633466243743896,1.5,2.209092617034912,2.004000186920166,2992.0,-0.0,2.0,20.00400161743164,0.0302032008767128,0.10535024106502533,-0.8960756659507751,7.6660261154174805,-0.07608101516962051,-0.09796320647001266,-0.14909934997558594,5.129551887512207,31.766559600830078,-87.7757797241211
5.548252105712891,0,8.477415084838867,1.55826735496521,1.5,2.5921733379364014,2.004000186920166,2980.0,-0.0,2.0,20.012001037597656,0.030461888760328293,0.11253321170806885,-0.9373777508735657,6.836392879486084,0.06799819320440292,-0.021928800269961357,-0.1439061015844345,5.129551887512207,33.18629455566406,-89.13928985595703
5.568631410598755,0,8.509261131286621,1.5552188158035278,1.5,2.9518747329711914,2.008000135421753,3140.0,-0.0,2.0,20.244001388549805,0.031846143305301666,0.7967112064361572,0.018556008115410805,9.175048828125,0.016465241089463234,0.045183878391981125,-0.13911233842372894,5.129551887512207,33.18629455566406,-89.821044921875
5.588979721069336,0,8.539155960083008,1.5498020648956299,1.5,3.2677078247070312,2.004000186920166,2964.0,-0.0,2.0,20.012001037597656,0.029894975945353508,0.4004506468772888,-0.017358846962451935,9.734123229980469,-0.08686698228120804,0.002838972955942154,-0.14470505714416504,5.129551887512207,32.47642517089844,-88.79840850830078
5.609213829040527,0,8.569268226623535,1.5418459177017212,1.5,3.583012580871582,2.004000186920166,2968.0,-0.0,2.0,20.02800178527832,0.030112383887171745,0.21788345277309418,-0.4992164969444275,9.522225379943848,-0.007903054356575012,0.021614544093608856,-0.15429258346557617,5.483314037322998,30.346824645996094,-89.821044921875
5.6293535232543945,0,8.599625587463379,1.5347176790237427,1.5,3.897233724594116,2.008000135421753,2988.0,-0.0,2.0,20.00400161743164,0.03035731241106987,0.238235205411911,0.19274306297302246,9.955597877502441,0.04589361697435379,-0.0019547902047634125,-0.15549102425575256,5.660195350646973,30.169357299804688,-89.9914779663086
5.649725675582886,0,8.629685401916504,1.5312180519104004,1.5,4.191336631774902,2.004000186920166,2976.0,-0.0,2.0,20.00800132751465,0.030060095712542534,-0.29749470949172974,0.38668328523635864,8.685409545898438,-0.011897857300937176,-0.10328961163759232,-0.14150922000408173,5.837076663970947,31.056692123413086,-88.79840850830078
5.669928789138794,0,8.661064147949219,1.5335577726364136,1.5,4.453011512756348,2.008000135421753,3036.0,-0.0,2.0,20.012001037597656,0.03137830272316933,0.8775196075439453,-0.48963919281959534,9.226526260375977,-0.04505471885204315,-0.017934000119566917,-0.14417243003845215,5.306433200836182,30.87922477722168,-90.33235931396484
5.690052270889282,0,8.692117691040039,1.5413707494735718,1.5,4.64329719543457,2.008000135421753,2972.0,-0.0,2.0,20.00400161743164,0.031053567305207253,0.468090295791626,0.11552611738443375,7.6582441329956055,-0.05344380438327789,0.07048429548740387,-0.1237989217042923,5.306433200836182,29.814424514770508,-90.33235931396484
5.71041202545166,0,8.723404884338379,1.5452594757080078,1.5,4.771512031555176,2.0240001678466797,2972.0,-0.0,2.0,20.02800178527832,0.03128748759627342,0.5734405517578125,-0.002394323702901602,10.12739086151123,-0.012164177373051643,0.001107892021536827,-0.10116171091794968,3.714503288269043,28.57215690612793,-91.1845474243164
5.7305779457092285,0,8.75295352935791,1.5307453870773315,1.5,4.917246341705322,2.008000135421753,2988.0,-0.0,2.0,20.016000747680664,0.029548224061727524,0.5429129004478455,0.9792783856391907,8.317281723022461,0.0734577551484108,0.08087077736854553,-0.1119476780295372,4.952671051025391,29.814424514770508,-89.30972290039062
5.750935077667236,0,8.781725883483887,1.5153415203094482,1.5,5.126601696014404,2.0360000133514404,2972.0,-0.0,2.0,20.016000747680664,0.028772160410881042,0.15682820975780487,0.33161383867263794,8.298127174377441,0.025919606909155846,0.03639531135559082,-0.09210682660341263,4.245146751403809,28.749622344970703,-91.01410675048828
5.771179437637329,0,8.812190055847168,1.515561819076538,1.5,5.353829860687256,2.004000186920166,2996.0,-0.0,2.0,20.00400161743164,0.030464639887213707,0.3172478973865509,0.0790126845240593,11.102478981018066,-0.0703551322221756,-0.10901550203561783,-0.07213281095027924,5.660195350646973,28.039756774902344,-90.67323303222656
5.791322708129883,0,8.844991683959961,1.5400446653366089,1.5,5.46943473815918,2.008000135421753,2972.0,-0.0,2.0,20.00400161743164,0.03280108794569969,0.16760265827178955,0.9307933449745178,7.379904270172119,0.052684783935546875,-0.03923961520195007,-0.05974892899394035,4.422027587890625,28.92708969116211,-89.821044921875
5.812481641769409,0,8.878130912780762,1.5607044696807861,1.5,5.435711860656738,2.01200008392334,2972.0,-0.0,2.0,20.00400161743164,0.033139582723379135,0.6123482584953308,1.9417965412139893,9.865212440490723,0.0641365498304367,0.050377123057842255,-0.06800485402345657,4.5989089012146,28.394689559936523,-89.65060424804688
5.831862449645996,0,8.909292221069336,1.5574733018875122,1.5,5.3686347007751465,2.01200008392334,2988.0,-0.0,2.0,20.00400161743164,0.03116089664399624,0.3340081572532654,3.2113866806030273,7.129697322845459,-0.0209527425467968,-0.020863519981503487,-0.06733905524015427,4.952671051025391,26.265087127685547,-88.62797546386719
5.852033853530884,0,8.939274787902832,1.5487182140350342,1.5,5.350600242614746,2.0440001487731934,2972.0,-0.0,2.0,20.00800132751465,0.029983039945364,-0.28791743516921997,1.5982110500335693,8.382527351379395,0.0034155528992414474,0.03533003479242325,-0.07998925447463989,4.775789737701416,26.087621688842773,-89.48016357421875
5.872248888015747,0,8.971186637878418,1.555684208869934,1.5,5.338015079498291,2.008000135421753,2984.0,-0.0,2.0,20.012001037597656,0.031912192702293396,0.32682517170906067,0.6428759098052979,11.707045555114746,-0.00017976947128772736,0.00909749697893858,-0.1019606739282608,3.8913843631744385,24.845354080200195,-89.9914779663086
5.892575979232788,0,9.004068374633789,1.5736361742019653,1.5,5.245983123779297,2.008000135421753,2968.0,-0.0,2.0,20.012001037597656,0.03288089483976364,0.40763360261917114,0.8739281296730042,10.457208633422852,0.014467837288975716,-0.10102589428424835,-0.08331825584173203,4.422027587890625,24.66788673400879,-87.43490600585938
5.912804365158081,0,9.035796165466309,1.5753004550933838,1.5,5.105332374572754,2.004000186920166,2976.0,-0.0,2.0,20.020000457763672,0.031727809458971024,0.6961495876312256,1.6371188163757324,9.488106727600098,0.007144033908843994,-0.06134418398141861,-0.07732605934143066,5.660195350646973,25.200286865234375,-88.62797546386719
5.933119297027588,0,9.065624237060547,1.5576047897338867,1.5,5.034740924835205,2.008000135421753,2988.0,-0.0,2.0,20.00400161743164,0.029828928411006927,0.06763964146375656,1.5185998678207397,5.923556804656982,-0.025613345205783844,0.017087101936340332,-0.0650753304362297,6.544600963592529,25.73268699645996,-87.09402465820312
5.95329213142395,0,9.095235824584961,1.5463515520095825,1.5,5.054419040679932,2.008000135421753,2968.0,-0.0,2.0,20.00400161743164,0.02961152046918869,0.17478562891483307,-0.10774456709623337,9.31092643737793,-0.06889037042856216,0.03652847185730934,-0.07719289511442184,3.8913843631744385,25.910154342651367,-87.26446533203125
5.973468542098999,0,9.12777042388916,1.5586888790130615,1.5,5.059695720672607,2.004000186920166,2988.0,-0.0,2.0,20.00400161743164,0.032534144818782806,0.5578774213790894,-0.1221105083823204,8.034751892089844,-0.01536001916974783,0.05996464937925339,-0.08771254122257233,5.483314037322998,24.312952041625977,-87.7757797241211
5.993711948394775,0,9.161556243896484,1.58449125289917,1.5,4.949213981628418,2.008000135421753,2972.0,-0.0,2.0,20.00400161743164,0.03378630429506302,-0.22566500306129456,0.8110771775245667,10.854666709899902,-0.057704925537109375,0.030669428408145905,-0.1082191914319992,4.775789737701416,25.37775421142578,-85.38964080810547
6.014044761657715,0,9.19507884979248,1.600497841835022,1.5,4.729351997375488,2.008000135421753,2972.0,-0.0,2.0,20.016000747680664,0.0335221104323864,0.9978343844413757,0.41960522532463074,10.29619026184082,-0.028542866930365562,-0.06826850771903992,-0.11847252398729324,6.721481800079346,24.490419387817383,-85.5600814819336
6.034253358840942,0,9.225686073303223,1.5868574380874634,1.5,4.537352085113525,2.008000135421753,2976.0,-0.0,2.0,20.00400161743164,0.030607743188738823,1.1049803495407104,0.05866093188524246,9.814931869506836,0.12432491034269333,0.05583668500185013,-0.12113571912050247,4.775789737701416,25.73268699645996,-84.02613830566406
6.054601192474365,0,9.255044937133789,1.565642237663269,1.5,4.47227668762207,2.01200008392334,2972.0,-0.0,2.0,20.012001037597656,0.029358336701989174,0.6793893575668335,0.22566500306129456,7.44455099105835,0.0015513114631175995,0.012027018703520298,-0.14430558681488037,5.837076663970947,25.37775421142578,-85.73052215576172
6.07479453086853,0,9.285242080688477,1.5533723831176758,1.5,4.4985785484313965,2.0160000324249268,2984.0,0.1044587716460228,2.0,20.012001037597656,0.03019769676029682,1.039136528968811,-1.1456838846206665,11.982393264770508,-0.05837072432041168,0.11908771842718124,-0.16028478741645813,5.837076663970947,25.73268699645996,-84.36701202392578
6.094995498657227,0,9.315899848937988,1.5517852306365967,1.5,4.54767370223999,2.0160000324249268,2968.0,0.1044587716460228,2.0,20.016000747680664,0.03065728023648262,0.16879981756210327,-0.5213639736175537,9.816128730773926,0.07132719457149506,-0.010210713371634483,-0.18864789605140686,5.837076663970947,25.73268699645996,-84.7078857421875
6.115345239639282,0,9.347941398620605,1.5612907409667969,1.5,4.56402587890625,2.004000186920166,2968.0,0.6289673447608948,2.0,20.016000747680664,0.032041534781455994,0.42858394980430603,0.2011231929063797,8.580657958984375,0.09569548815488815,-0.0762581154704094,-0.17466607689857483,4.952671051025391,24.845354080200195,-84.19657135009766
6.135525465011597,0,9.380992889404297,1.5770583152770996,1.5,4.505418300628662,2.008000135421753,2980.0,0.6289673447608948,2.0,20.00800132751465,0.033051520586013794,2.0190134048461914,-1.3444128036499023,9.680849075317383,-0.006837774068117142,-0.13165269792079926,-0.22340266406536102,5.660195350646973,27.32988929748535,-84.19657135009766
6.155743837356567,0,9.414228439331055,1.5917960405349731,1.5,4.364201545715332,2.0320000648498535,2968.0,0.6289673447608948,2.0,20.016000747680664,0.033235903829336166,2.7271347045898438,-0.7422403693199158,10.866039276123047,0.02219112403690815,0.009496976621448994,-0.39624443650245667,5.483314037322998,27.507354736328125,-83.3443832397461
6.175909996032715,0,9.44589900970459,1.5872584581375122,1.5,4.210060119628906,2.0160000324249268,2980.0,0.680841863155365,2.0,20.00400161743164,0.031670015305280685,1.7933484315872192,0.2531997263431549,10.369815826416016,0.05521482229232788,0.0035047736018896103,-0.5310024619102478,5.660195350646973,26.62002182006836,-83.85569763183594
6.196244478225708,0,9.475579261779785,1.5714142322540283,1.5,4.138553142547607,2.01200008392334,2968.0,0.680841863155365,2.0,20.016000747680664,0.029680319130420685,2.9384336471557617,-1.0397350788116455,9.924471855163574,0.07438987493515015,-0.07399439811706543,-0.6428568959236145,5.129551887512207,27.152421951293945,-83.68525695800781
6.216639041900635,0,9.506316184997559,1.557068109512329,1.5,4.152093410491943,2.01200008392334,3052.0,0.6923694610595703,2.0,20.160001754760742,0.03073708713054657,3.355644702911377,-1.3893063068389893,9.733524322509766,-0.031072907149791718,-0.1794571727514267,-0.8219572305679321,6.190838813781738,26.442554473876953,-83.68525695800781
6.239770889282227,0,9.53557300567627,1.5458240509033203,1.5,4.223901748657227,2.0160000324249268,2968.0,0.6923694610595703,2.0,20.00800132751465,0.029256511479616165,3.0282208919525146,-1.099593162536621,10.585904121398926,-0.011498376727104187,-0.10768388956785202,-1.019433617591858,5.483314037322998,26.797489166259766,-85.04876708984375
6.257863759994507,0,9.56559944152832,1.537569522857666,1.5,4.334921836853027,2.0160000324249268,2972.0,0.6923694610595703,2.0,20.016000747680664,0.030027072876691818,3.6357805728912354,-2.118377923965454,9.406100273132324,0.08131419867277145,-0.12046726793050766,-1.1435388326644897,5.306433200836182,25.555221557617188,-84.5374526977539
6.2778003215789795,0,9.596070289611816,1.5321159362792969,1.5,4.466137409210205,2.004000186920166,3008.0,0.5770928859710693,2.0,20.016000747680664,0.030470144003629684,3.8087704181671143,-1.485079288482666,9.205575942993164,0.03723821043968201,-0.14843086898326874,-1.2764326333999634,5.306433200836182,27.68482208251953,-84.87832641601562
6.301015615463257,0,9.626226425170898,1.5303322076797485,1.5,4.593454360961914,2.0160000324249268,2968.0,0.5770928859710693,2.0,20.016000747680664,0.030156416818499565,2.421858310699463,-0.7320644855499268,8.182600975036621,-0.013229457661509514,-0.054686181247234344,-1.4265040159225464,5.483314037322998,25.37775421142578,-83.3443832397461
6.318195819854736,0,9.657780647277832,1.533848524093628,1.5,4.699147701263428,2.008000135421753,3064.0,-0.0,2.0,20.012001037597656,0.03155443072319031,2.9809329509735107,-0.8529778122901917,10.542805671691895,-0.028542866930365562,-0.0042185112833976746,-1.5161207914352417,6.013957500457764,25.910154342651367,-84.5374526977539
6.339697360992432,0,9.688377380371094,1.5378332138061523,1.5,4.76204252243042,2.01200008392334,2968.0,-0.0,2.0,20.00800132751465,0.030596736818552017,2.9881160259246826,-1.277970314025879,10.24531078338623,-0.10271302610635757,-0.08651144057512283,-1.614392876625061,5.306433200836182,25.200286865234375,-82.15131378173828
6.358764410018921,0,9.718314170837402,1.5298978090286255,1.5,4.825376033782959,2.01200008392334,2972.0,-0.0,2.0,20.016000747680664,0.029936255887150764,3.8404951095581055,-1.21212637424469,9.285785675048828,-0.035999830812215805,-0.10289013385772705,-1.7029443979263306,6.89836311340332,23.248151779174805,-84.02613830566406
6.378904342651367,0,9.747308731079102,1.5120967626571655,1.5,4.957260608673096,2.008000135421753,3004.0,-0.0,2.0,20.00400161743164,0.028995072469115257,2.5679121017456055,0.3274237811565399,9.74669361114502,0.025653285905718803,0.05370612442493439,-1.7423597574234009,6.89836311340332,25.37775421142578,-83.3443832397461
6.399147272109985,0,9.775506019592285,1.4968639612197876,1.5,5.157839775085449,2.008000135421753,2976.0,-0.0,2.0,20.00800132751465,0.028196992352604866,0.31964221596717834,1.737680435180664,6.148623466491699,0.0010186713188886642,0.16236475110054016,-1.6442207098007202,7.252125263214111,26.087621688842773,-81.98087310791016
6.41969108581543,0,9.805964469909668,1.5005308389663696,1.5,5.367110729217529,2.01200008392334,2996.0,-0.0,2.0,20.012001037597656,0.03045913577079773,-0.23643946647644043,1.9016915559768677,11.792044639587402,-0.09392446279525757,0.11788927763700485,-1.403999924659729,8.136530876159668,25.555221557617188,-84.19657135009766
6.440028429031372,0,9.838862419128418,1.5280344486236572,1.5,5.450860977172852,2.008000135421753,2976.0,-0.0,2.0,20.00800132751465,0.03289740905165672,0.11253321170806885,1.2612099647521973,8.013801574707031,-0.0585038885474205,0.07674282044172287,-1.1944060325622559,6.544600963592529,25.37775421142578,-84.36701202392578
6.4603986740112305,0,9.872411727905273,1.5546705722808838,1.5,5.3701629638671875,2.008000135421753,2968.0,-0.0,2.0,20.00800132751465,0.033549632877111435,-0.708719789981842,2.544567584991455,8.33942985534668,0.04349673539400101,0.18553461134433746,-1.0174362659454346,8.136530876159668,25.200286865234375,-82.4921875
6.479810953140259,0,9.904133796691895,1.5554742813110352,1.5,5.224812030792236,2.01200008392334,3024.0,0.6981333494186401,2.0,20.012001037597656,0.0317223034799099,-2.1393282413482666,4.58872127532959,9.500676155090332,0.01619892008602619,0.15184511244297028,-0.7897324562072754,7.075243949890137,25.910154342651367,-82.4921875
6.500133514404297,0,9.932466506958008,1.5342532396316528,1.5,5.1707763671875,2.01200008392334,2972.0,0.6981333494186401,2.0,20.036001205444336,0.02833184041082859,-0.9469550251960754,2.245277166366577,10.098060607910156,-0.06875721365213394,0.1795424073934555,-0.5007750988006592,7.959649562835693,26.442554473876953,-82.66262817382812
6.520487546920776,0,9.9627046585083,1.5216357707977295,1.5,5.223676681518555,2.004000186920166,3104.0,0.6981333494186401,2.0,20.23200035095215,0.030238976702094078,-0.5123852491378784,0.20232035219669342,10.359041213989258,-0.023749103769659996,0.13240373134613037,-0.2946433126926422,7.959649562835693,25.73268699645996,-83.00350189208984
6.540838241577148,0,9.99443531036377,1.5388330221176147,1.5,5.240994453430176,2.01200008392334,2976.0,0.6981333494186401,2.0,20.016000747680664,0.03173055872321129,0.7176985144615173,0.0700339674949646,8.55252456665039,-0.0728851705789566,-0.023793043568730354,-0.20316234230995178,7.429006576538086,23.78055191040039,-82.4921875
6.561009645462036,0,10.028070449829102,1.5642472505569458,1.5,5.125120639801025,2.01200008392334,2972.0,0.6981333494186401,2.0,20.032001495361328,0.03363494575023651,1.633527398109436,-0.03352053090929985,10.175276756286621,-0.080342136323452,-0.06640426814556122,-0.2883847653865814,8.490293502807617,25.200286865234375,-83.17394256591797
6.581351280212402,0,10.060260772705078,1.5693366527557373,1.5,4.9412384033203125,2.004000186920166,2988.0,0.6981333494186401,2.0,20.00800132751465,0.032190144062042236,2.9976933002471924,-0.18436291813850403,10.406329154968262,0.08237948268651962,-0.15402360260486603,-0.4041008949279785,9.728460311889648,24.66788673400879,-83.68525695800781
6.60153603553772,0,10.090764045715332,1.5632274150848389,1.5,4.797269821166992,2.0199999809265137,2972.0,0.6981333494186401,2.0,20.032001495361328,0.03050316870212555,2.886357307434082,-0.4411541521549225,10.114221572875977,0.10741358250379562,-0.14656662940979004,-0.5686867237091064,8.313411712646484,25.02281951904297,-83.00350189208984
6.621745586395264,0,10.121624946594238,1.557098150253296,1.5,4.698204517364502,2.008000135421753,2992.0,-0.0,2.0,20.00800132751465,0.03086092881858349,2.8145275115966797,-1.2677943706512451,8.63632583618164,-0.009900455363094807,-0.19716745615005493,-0.7475207448005676,9.728460311889648,23.958019256591797,-84.36701202392578
6.642085552215576,0,10.152059555053711,1.5525949001312256,1.5,4.63815450668335,2.008000135421753,2992.0,-0.0,2.0,20.00800132751465,0.030434368178248405,2.9994890689849854,-0.8613579273223877,7.982675075531006,-0.12947821617126465,-0.2626822292804718,-0.918764591217041,10.78974723815918,25.37775421142578,-83.3443832397461
6.662243366241455,0,10.182989120483398,1.5514967441558838,1.5,4.596996784210205,2.004000186920166,2992.0,-0.0,2.0,20.012001037597656,0.030929727479815483,3.105437755584717,-1.7137372493743896,8.694986343383789,-0.10670783370733261,-0.05095770210027695,-1.0812199115753174,8.490293502807617,25.555221557617188,-83.85569763183594
6.682610034942627,0,10.214388847351074,1.5520645380020142,1.5,4.557756423950195,2.01200008392334,3008.0,-0.0,2.0,20.016000747680664,0.03140031918883324,1.9687327146530151,-0.6219255924224854,8.965544700622559,-0.044122595340013504,0.055570363998413086,-1.1854842901229858,9.728460311889648,25.02281951904297,-82.66262817382812
6.702826023101807,0,10.245420455932617,1.5545254945755005,1.5,4.511419773101807,2.008000135421753,2992.0,-0.0,2.0,20.012001037597656,0.031031552702188492,-0.345979779958725,1.0744527578353882,8.131721496582031,-0.008568855002522469,0.17608024179935455,-1.1147762537002563,9.020936012268066,24.66788673400879,-83.68525695800781
6.72296929359436,0,10.277019500732422,1.5561630725860596,1.5,4.455148696899414,2.01200008392334,3028.0,-0.0,2.0,20.00800132751465,0.03159846365451813,-1.021777629852295,0.9349834322929382,9.252863883972168,-4.660896956920624e-05,0.11229655891656876,-0.9549841284751892,9.374698638916016,23.603086471557617,-82.3217544555664
6.743305683135986,0,10.307514190673828,1.5526477098464966,1.5,4.408290386199951,2.008000135421753,2996.0,-0.0,2.0,20.012001037597656,0.03049491159617901,-0.9397720694541931,1.6029996871948242,9.32469367980957,-0.006970933638513088,0.0981815904378891,-0.7608367204666138,11.143509864807129,24.66788673400879,-84.02613830566406
6.76346755027771,0,10.337728500366211,1.544739007949829,1.5,4.397499084472656,2.01200008392334,2996.0,-0.0,2.0,20.00800132751465,0.030214207246899605,-1.8196860551834106,1.7981370687484741,9.974752426147461,-0.04998163878917694,0.14665186405181885,-0.5479137897491455,13.089201927185059,24.845354080200195,-84.19657135009766
6.783677101135254,0,10.367777824401855,1.5372942686080933,1.5,4.429135799407959,2.008000135421753,2992.0,-0.0,2.0,20.00800132751465,0.03004908747971058,-0.9541379809379578,0.8200558423995972,8.261613845825195,-0.025613345205783844,0.09405362606048584,-0.2593558728694916,12.558558464050293,24.66788673400879,-84.02613830566406
6.804019451141357,0,10.398272514343262,1.5345916748046875,1.5,4.479254245758057,2.0160000324249268,2996.0,-0.0,2.0,20.00800132751465,0.03049491159617901,-0.022147493436932564,-0.3531627357006073,10.247705459594727,-0.01589265838265419,0.05210820212960243,-0.1269947737455368,12.204795837402344,23.958019256591797,-83.3443832397461
6.82421088218689,0,10.429474830627441,1.5375807285308838,1.5,4.518321514129639,2.008000135421753,3000.0,-0.0,2.0,20.00800132751465,0.031202176585793495,-0.16580691933631897,0.0035914855543524027,8.415449142456055,0.08530900627374649,-0.031116848811507225,-0.07373073697090149,11.674153327941895,24.490419387817383,-83.85569763183594
6.844381809234619,0,10.460745811462402,1.544094443321228,1.5,4.522663593292236,2.01200008392334,2992.0,-0.0,2.0,20.00400161743164,0.03127097710967064,-0.2831287682056427,0.09218145906925201,8.609389305114746,0.07545515894889832,-0.0303178858011961,-0.06148001179099083,13.089201927185059,24.490419387817383,-83.51482391357422
6.864739656448364,0,10.49225902557373,1.5470110177993774,1.5,4.496010780334473,2.008000135421753,2992.0,-0.0,2.0,20.016000747680664,0.03151315078139305,0.4884420335292816,-0.13887077569961548,9.346840858459473,0.034042373299598694,-0.10262381285429001,-0.06827117502689362,13.089201927185059,24.845354080200195,-84.87832641601562
6.884934425354004,0,10.522112846374512,1.5393874645233154,1.5,4.485519886016846,2.01200008392334,2996.0,-0.0,2.0,20.00800132751465,0.02985369600355625,0.06644248217344284,1.0666712522506714,7.424199104309082,0.005013473331928253,0.06848689168691635,-0.09277262538671494,12.558558464050293,25.37775421142578,-84.36701202392578
6.905315399169922,0,10.551467895507812,1.526504397392273,1.5,4.534463882446289,2.004000186920166,2992.0,-0.0,2.0,20.02800178527832,0.02935558371245861,0.8547735810279846,-0.6021724343299866,9.121774673461914,0.028183327987790108,0.026541467756032944,-0.07373073697090149,11.674153327941895,24.845354080200195,-84.19657135009766
6.92547082901001,0,10.581478118896484,1.5191819667816162,1.5,4.630967140197754,2.01200008392334,3008.0,-0.0,2.0,20.012001037597656,0.030010560527443886,0.2951003909111023,0.08619565516710281,10.497313499450684,0.024854326620697975,0.025343026965856552,-0.09636794775724411,11.674153327941895,24.135486602783203,-83.85569763183594
6.945650100708008,0,10.611905097961426,1.521960735321045,1.5,4.719101428985596,2.008000135421753,2988.0,-0.0,2.0,20.012001037597656,0.030426111072301865,-0.20830616354942322,0.17538420855998993,9.234308242797852,0.006877714768052101,0.05703512579202652,-0.12433156371116638,12.204795837402344,25.37775421142578,-82.66262817382812
6.965986728668213,0,10.64339828491211,1.5287331342697144,1.5,4.764239311218262,2.008000135421753,3036.0,-0.0,2.0,20.00800132751465,0.031493887305259705,0.35256415605545044,0.19334164261817932,8.315485954284668,0.0328439325094223,0.00763273611664772,-0.11980412155389786,12.912321090698242,25.73268699645996,-85.04876708984375
6.986240386962891,0,10.673444747924805,1.5257768630981445,1.5,4.790414810180664,2.008000135421753,2996.0,-0.0,2.0,20.016000747680664,0.030046336352825165,0.48963919281959534,0.5836163759231567,10.89955997467041,-0.021352222189307213,0.043186478316783905,-0.11847252398729324,13.266082763671875,27.507354736328125,-83.68525695800781
7.006591320037842,0,10.702901840209961,1.516323208808899,1.5,4.853627681732178,2.0199999809265137,2992.0,-0.0,2.0,20.036001205444336,0.02945740893483162,0.9936443567276001,0.17179273068904877,7.994647026062012,0.00261659175157547,-0.015803439542651176,-0.10875183343887329,11.143509864807129,24.845354080200195,-82.4921875
7.026752233505249,0,10.733162879943848,1.5129673480987549,1.5,4.9427170753479,2.0160000324249268,3016.0,-0.0,2.0,20.00400161743164,0.03026099130511284,0.05925951153039932,0.4674917161464691,10.13277816772461,-0.044122595340013504,0.12654468417167664,-0.1332532912492752,13.619845390319824,26.087621688842773,-84.02613830566406
7.046936511993408,0,10.7636137008667,1.5172076225280762,1.5,5.011395454406738,2.01200008392334,2988.0,-0.0,2.0,20.00400161743164,0.030450880527496338,-0.47587183117866516,0.22386926412582397,8.194572448730469,0.048689983785152435,0.027473587542772293,-0.14350661635398865,12.381677627563477,25.200286865234375,-84.19657135009766
7.067352533340454,0,10.79555892944336,1.5242809057235718,1.5,5.037734031677246,2.008000135421753,3116.0,-0.0,2.0,20.128000259399414,0.03194521740078926,-0.28791743516921997,1.0989946126937866,9.976548194885254,0.04376305639743805,-0.022594602778553963,-0.12553000450134277,13.266082763671875,25.73268699645996,-84.7078857421875
7.087661504745483,0,10.825740814208984,1.5265930891036987,1.5,5.032709121704102,2.01200008392334,2996.0,-0.0,2.0,20.012001037597656,0.03018118441104889,-0.2723543345928192,1.5138111114501953,13.31004524230957,-0.032937150448560715,-0.0419028177857399,-0.1163419559597969,11.143509864807129,25.02281951904297,-84.02613830566406
7.107824325561523,0,10.85595703125,1.5234720706939697,1.5,5.033675670623779,2.008000135421753,2992.0,-0.0,2.0,20.00800132751465,0.030216960236430168,0.35675424337387085,0.38069745898246765,7.217689037322998,0.009674075990915298,0.008431696332991123,-0.10209383070468903,11.497271537780762,25.73268699645996,-83.68525695800781
7.128053665161133,0,10.886210441589355,1.5191248655319214,1.5,5.056977272033691,2.01200008392334,3012.0,-0.0,2.0,20.012001037597656,0.030252736061811447,-0.3471769392490387,0.9283990263938904,7.928802967071533,-0.02308330312371254,0.060630448162555695,-0.09796586632728577,13.973607063293457,25.73268699645996,-85.38964080810547
7.148344278335571,0,10.916421890258789,1.519704818725586,1.5,5.083092212677002,2.01200008392334,2992.0,-0.0,2.0,20.020000457763672,0.03021145612001419,0.5471029877662659,0.3872818648815155,10.78403377532959,-0.07714629918336868,0.03746059536933899,-0.10489019006490707,12.558558464050293,27.152421951293945,-85.73052215576172
7.168715238571167,0,10.948603630065918,1.5274344682693481,1.5,5.080458641052246,2.008000135421753,3140.0,-0.0,2.0,20.224000930786133,0.032181888818740845,0.3489726781845093,0.09637153148651123,8.616572380065918,0.01699787937104702,0.01881818287074566,-0.12832637131214142,12.204795837402344,25.37775421142578,-83.3443832397461
7.189079761505127,0,10.979365348815918,1.5346157550811768,1.5,5.035531997680664,2.01200008392334,2992.0,-0.0,2.0,20.012001037597656,0.030761856585741043,-0.009577294811606407,0.8188586831092834,9.153499603271484,0.01593259908258915,0.016421301290392876,-0.12339944392442703,12.027915000915527,25.910154342651367,-84.87832641601562
7.209246635437012,0,11.009998321533203,1.5335136651992798,1.5,4.978143215179443,2.0280001163482666,2992.0,-0.0,2.0,20.016000747680664,0.030632512643933296,0.4674917161464691,0.9511451125144958,9.507859230041504,-0.06689296662807465,0.040922753512859344,-0.11940464377403259,12.204795837402344,27.152421951293945,-84.7078857421875
7.2294721603393555,0,11.039947509765625,1.5244981050491333,1.5,4.958697319030762,2.008000135421753,3008.0,-0.0,2.0,20.00400161743164,0.029950015246868134,0.04309782758355141,0.3310152590274811,8.420836448669434,-0.007503574714064598,-0.0284536462277174,-0.10688759386539459,13.619845390319824,27.862289428710938,-86.7531509399414
7.249817609786987,0,11.069735527038574,1.5209802389144897,1.5,4.977530479431152,2.01200008392334,2996.0,-0.0,2.0,20.012001037597656,0.02978764846920967,0.6746007204055786,0.3531627357006073,7.047691822052002,-0.02840970642864704,0.016554461792111397,-0.09370474517345428,14.504250526428223,26.265087127685547,-86.58271026611328
7.270009517669678,0,11.101397514343262,1.5279598236083984,1.5,4.979080677032471,2.008000135421753,3048.0,-0.2082301676273346,2.0,20.00800132751465,0.031661760061979294,0.6075596213340759,0.08020984381437302,12.094327926635742,-0.035999830812215805,0.12974053621292114,-0.09423738718032837,12.204795837402344,24.312952041625977,-86.07139587402344
7.290207862854004,0,11.13292407989502,1.5403783321380615,1.5,4.9236016273498535,2.01200008392334,2988.0,-0.2082301676273346,2.0,20.016000747680664,0.03152691200375557,-0.15323671698570251,0.2933046519756317,9.475536346435547,0.0384366512298584,0.019350823014974594,-0.08970994502305984,12.912321090698242,23.603086471557617,-86.41226959228516
7.310528039932251,0,11.164935111999512,1.5505173206329346,1.5,4.808614253997803,2.008000135421753,3000.0,-0.2082301676273346,2.0,20.016000747680664,0.03201126307249069,-0.9876585006713867,1.319870948791504,6.215065956115723,0.01912843994796276,-0.09530000388622284,-0.0500282421708107,12.558558464050293,25.02281951904297,-84.7078857421875
7.330701112747192,0,11.19555950164795,1.5445306301116943,1.5,4.695866584777832,2.01200008392334,3000.0,-0.6578089594841003,2.0,20.00400161743164,0.030624255537986755,-0.9786798357963562,0.6069610714912415,8.663261413574219,-0.03946199268102646,0.030536269769072533,0.005898990668356419,12.381677627563477,26.265087127685547,-86.92359161376953
7.351054430007935,0,11.2243070602417,1.5273959636688232,1.5,4.671293258666992,2.0240001678466797,2992.0,-0.6578089594841003,2.0,20.00800132751465,0.02874739281833172,-1.8753540515899658,1.1486767530441284,8.217318534851074,-0.03027394786477089,0.12201724201440811,0.17474596202373505,13.266082763671875,25.37775421142578,-87.09402465820312
7.371222734451294,0,11.254119873046875,1.519166350364685,1.5,4.713630199432373,2.004000186920166,2996.0,-0.6981333494186401,2.0,20.00400161743164,0.029812416061758995,-2.411682605743408,0.7590005993843079,9.62697696685791,-0.09419078379869461,0.1344011276960373,0.3397313356399536,12.558558464050293,24.66788673400879,-86.41226959228516
7.3913891315460205,0,11.284741401672363,1.5230175256729126,1.5,4.755384922027588,2.004000186920166,2988.0,-0.6981333494186401,2.0,20.012001037597656,0.03062150441110134,-2.7067830562591553,0.6344957947731018,10.11482048034668,-0.024548064917325974,0.19245892763137817,0.5175000429153442,11.674153327941895,25.200286865234375,-88.62797546386719
7.411770820617676,0,11.31649398803711,1.534623622894287,1.5,4.746764183044434,2.0160000324249268,2992.0,-0.6981333494186401,2.0,20.02400016784668,0.0317525751888752,-2.8169219493865967,0.532138466835022,9.963379859924316,0.008741956204175949,0.14332285523414612,0.6689030528068542,12.912321090698242,23.603086471557617,-88.79840850830078
7.431939601898193,0,11.348755836486816,1.5467844009399414,1.5,4.667146682739258,2.004000186920166,2988.0,-0.6981333494186401,2.0,20.00800132751465,0.032261695712804794,-2.59604549407959,0.26277703046798706,8.150278091430664,0.014867318794131279,0.11482659727334976,0.8390816450119019,13.266082763671875,23.603086471557617,-87.7757797241211
7.45213770866394,0,11.379021644592285,1.5415370464324951,1.5,4.579810619354248,2.0320000648498535,2988.0,-0.6981333494186401,2.0,20.012001037597656,0.030266495421528816,-3.054558515548706,0.8972728252410889,9.36300277709961,0.01713103987276554,0.07634333521127701,0.977168619632721,11.674153327941895,24.845354080200195,-86.58271026611328
7.472464084625244,0,11.407879829406738,1.5219495296478271,1.5,4.578460693359375,2.004000186920166,2992.0,-0.6981333494186401,2.0,20.016000747680664,0.02885747142136097,-2.63315749168396,0.702135443687439,7.720496654510498,-0.034934550523757935,0.14305654168128967,1.0927515029907227,12.204795837402344,24.66788673400879,-87.43490600585938
7.4927191734313965,0,11.436299324035645,1.5059263706207275,1.5,4.672236442565918,2.008000135421753,2976.0,-0.6981333494186401,2.0,20.00800132751465,0.02841990441083908,-3.393953800201416,-0.050280798226594925,9.975351333618164,-0.0666266530752182,0.24345923960208893,1.2205852270126343,11.143509864807129,25.02281951904297,-87.43490600585938
7.513014793395996,0,11.465827941894531,1.5002917051315308,1.5,4.807663917541504,2.0240001678466797,2976.0,-0.6981333494186401,2.0,20.00800132751465,0.029528960585594177,-3.4083197116851807,-0.7931197285652161,9.852043151855469,-0.0397283136844635,0.13373532891273499,1.3731865882873535,13.442963600158691,22.71575164794922,-87.26446533203125
7.5332300662994385,0,11.497297286987305,1.5114587545394897,1.5,4.910610198974609,2.0160000324249268,3004.0,-0.6981333494186401,2.0,20.012001037597656,0.03146912157535553,-3.2502944469451904,-0.5650603771209717,8.763224601745605,0.0446951761841774,0.0362621545791626,1.4767851829528809,10.78974723815918,24.66788673400879,-88.11666107177734
7.553570508956909,0,11.529718399047852,1.5333315134048462,1.5,4.896888732910156,2.0160000324249268,2976.0,-0.6981333494186401,2.0,20.02800178527832,0.03242131322622299,-3.274237632751465,-0.10355450212955475,8.787766456604004,0.0011518299579620361,-0.027122044935822487,1.5203285217285156,10.78974723815918,25.37775421142578,-85.38964080810547
7.573728799819946,0,11.560956954956055,1.5355063676834106,1.5,4.816223621368408,2.01200008392334,3000.0,-0.6981333494186401,2.0,20.00800132751465,0.031237952411174774,-3.2802233695983887,0.6356929540634155,6.715479373931885,-0.06675980985164642,-0.011542314663529396,1.511007308959961,9.374698638916016,25.02281951904297,-86.07139587402344
7.593894958496094,0,11.589211463928223,1.5155608654022217,1.5,4.807915210723877,2.004000186920166,2984.0,-0.6981333494186401,2.0,20.00800132751465,0.028254784643650055,-2.244678497314453,-0.19154590368270874,9.850846290588379,-0.05943600833415985,0.03919167444109917,1.5267201662063599,8.313411712646484,24.66788673400879,-85.04876708984375
7.614263534545898,0,11.61768627166748,1.4987801313400269,1.5,4.905185222625732,2.008000135421753,2988.0,-0.6981333494186401,2.0,20.012001037597656,0.028474943712353706,-2.6870298385620117,-0.9744897484779358,8.2592191696167,-0.059569165110588074,-0.020464042201638222,1.5308481454849243,6.367719650268555,25.555221557617188,-86.92359161376953
7.634413957595825,0,11.647598266601562,1.498629093170166,1.5,5.0270609855651855,2.008000135421753,2976.0,-0.6981333494186401,2.0,20.012001037597656,0.02991148829460144,-2.630164623260498,-0.2621784508228302,10.24830436706543,-0.07514889538288116,0.00869801640510559,1.5450962781906128,7.605887413024902,25.37775421142578,-85.73052215576172
7.654612302780151,0,11.6781644821167,1.5037167072296143,1.5,5.111528396606445,2.004000186920166,2980.0,-0.6981333494186401,2.0,20.00400161743164,0.030566463246941566,-3.192232131958008,-0.017957428470253944,10.970192909240723,-0.03679879009723663,0.04052327573299408,1.5574802160263062,7.252125263214111,26.442554473876953,-84.36701202392578
7.67498517036438,0,11.708843231201172,1.5068427324295044,1.5,5.1660895347595215,2.008000135421753,2996.0,-0.6981333494186401,2.0,20.00400161743164,0.03067929670214653,-2.2698187828063965,0.5530887842178345,6.459286689758301,-0.04718527942895889,-0.05082453787326813,1.5446968078613281,6.013957500457764,27.32988929748535,-84.87832641601562
7.695127487182617,0,11.739484786987305,1.5136760473251343,1.5,5.185501575469971,2.008000135421753,2972.0,-0.6981333494186401,2.0,20.00400161743164,0.030640767887234688,-2.3470358848571777,0.019154589623212814,8.697978973388672,-0.0810079351067543,0.1575709879398346,1.5545506477355957,5.660195350646973,28.039756774902344,-85.90095520019531
7.715310335159302,0,11.770421981811523,1.5197278261184692,1.5,5.165563583374023,2.004000186920166,2976.0,-0.6981333494186401,2.0,20.00400161743164,0.030937984585762024,-3.1150150299072266,0.16281400620937347,10.630797386169434,-0.07168672978878021,0.05090976133942604,1.5813158750534058,6.013957500457764,27.32988929748535,-85.90095520019531
7.735675573348999,0,11.80068588256836,1.5181804895401,1.5,5.134762763977051,2.004000186920166,2972.0,-0.6981333494186401,2.0,20.016000747680664,0.030263744294643402,-2.801957368850708,-0.02753472328186035,10.831321716308594,0.011405156925320625,-0.02752152644097805,1.5827805995941162,4.952671051025391,29.459489822387695,-85.21920776367188
7.75600528717041,0,11.829928398132324,1.5072698593139648,1.5,5.146786689758301,2.0240001678466797,2968.0,-0.6981333494186401,2.0,20.036001205444336,0.029242752119898796,-2.50266695022583,0.42798537015914917,7.454128265380859,0.02618592418730259,-0.04310125857591629,1.581449031829834,4.952671051025391,28.749622344970703,-84.87832641601562
7.776156663894653,0,11.85972785949707,1.501882553100586,1.5,5.205752372741699,2.008000135421753,3000.0,-0.6981333494186401,2.0,20.012001037597656,0.029798656702041626,-2.8995261192321777,1.0427279472351074,8.38611888885498,-0.11909171938896179,0.03865903615951538,1.5521538257598877,3.360740900039673,30.701757431030273,-84.7078857421875
7.796352386474609,0,11.890880584716797,1.5141959190368652,1.5,5.231842041015625,2.004000186920166,2992.0,-0.6981333494186401,2.0,20.012001037597656,0.031152639538049698,-2.7893872261047363,-0.37171876430511475,10.347668647766113,-0.12508392333984375,0.08806142210960388,1.5739920139312744,3.1838598251342773,31.23415756225586,-85.5600814819336
7.816716194152832,0,11.924005508422852,1.5344325304031372,1.5,5.155629634857178,2.0160000324249268,3076.0,-0.6981333494186401,2.0,20.00400161743164,0.033125825226306915,-3.092268943786621,-0.08679423481225967,10.284218788146973,-0.04039411246776581,0.03240051120519638,1.593966007232666,4.5989089012146,30.87922477722168,-85.21920776367188
7.83698034286499,0,11.954825401306152,1.5402100086212158,1.5,5.020782947540283,2.004000186920166,2992.0,-0.6981333494186401,2.0,20.016000747680664,0.030819648876786232,-2.7923800945281982,0.30168479681015015,9.116986274719238,0.02512064389884472,-0.05415353924036026,1.6047520637512207,3.8913843631744385,33.36376190185547,-85.90095520019531
7.857083320617676,0,11.984048843383789,1.5257806777954102,1.5,4.933868885040283,2.004000186920166,2980.0,-0.6981333494186401,2.0,20.036001205444336,0.02922348864376545,-2.7474863529205322,0.2980932891368866,8.420836448669434,-0.00976729579269886,0.06635633111000061,1.5885064601898193,3.006978750228882,33.18629455566406,-85.73052215576172
7.878177881240845,0,12.013365745544434,1.5124244689941406,1.5,4.940517902374268,2.004000186920166,2992.0,-0.6981333494186401,2.0,20.00800132751465,0.029317056760191917,-2.9587855339050293,-0.25439688563346863,7.55049991607666,-0.08646749705076218,0.05370612442493439,1.564271330833435,3.5376219749450684,32.29895782470703,-87.94622039794922
7.897802352905273,0,12.043720245361328,1.51585853099823,1.5,4.9660210609436035,2.004000186920166,2988.0,-0.6981333494186401,2.0,20.00800132751465,0.030354559421539307,-3.4603962898254395,-0.6937552690505981,13.018536567687988,-0.03746459260582924,0.11336183547973633,1.601689338684082,3.714503288269043,32.83135986328125,-87.09402465820312
7.918149709701538,0,12.077044486999512,1.5333610773086548,1.5,4.9211225509643555,2.0160000324249268,3136.0,-0.6981333494186401,2.0,20.284000396728516,0.033323969691991806,-3.5896897315979004,0.14066651463508606,9.616801261901855,0.04003457725048065,-0.04429969936609268,1.6389741897583008,3.006978750228882,34.60602951049805,-87.09402465820312
7.938324928283691,0,12.108530044555664,1.5458651781082153,1.5,4.799175262451172,2.004000186920166,2992.0,-0.6981333494186401,2.0,20.012001037597656,0.03148563206195831,-2.7816054821014404,-0.08619565516710281,7.714510917663574,0.060807548463344574,-0.04722921550273895,1.6401726007461548,1.9456921815872192,36.38069534301758,-87.7757797241211
7.958694934844971,0,12.138444900512695,1.5362881422042847,1.5,4.682857990264893,2.0160000324249268,2984.0,-0.6981333494186401,2.0,20.016000747680664,0.029914239421486855,-2.4392173290252686,0.5093923807144165,7.499022006988525,-0.05171272158622742,0.010828577913343906,1.597827672958374,2.2994544506073,36.025760650634766,-88.45753479003906
7.9788737297058105,0,12.166534423828125,1.5106393098831177,1.5,4.687558174133301,2.004000186920166,2984.0,-0.6981333494186401,2.0,20.016000747680664,0.02808966487646103,-2.1530954837799072,-0.6530517935752869,9.942429542541504,-0.16010503470897675,0.07461225241422653,1.582114815711975,3.5376219749450684,36.9130973815918,-88.9688491821289
7.999269247055054,0,12.194558143615723,1.4926587343215942,1.5,4.808655261993408,2.008000135421753,2976.0,-0.6981333494186401,2.0,20.00800132751465,0.0280236154794693,-3.0755088329315186,-0.5584760308265686,10.338689804077148,-0.126681849360466,0.057834088802337646,1.606083631515503,4.068265438079834,38.155364990234375,-89.48016357421875
8.019420146942139,0,12.225347518920898,1.495790958404541,1.5,4.954407215118408,2.004000186920166,3064.0,-0.6981333494186401,2.0,20.020000457763672,0.03078937530517578,-3.1640987396240234,-0.4962235987186432,8.94519329071045,-0.0044408924877643585,0.057434603571891785,1.6427026987075806,3.8913843631744385,37.622962951660156,-88.9688491821289
8.039602041244507,0,12.257367134094238,1.5197654962539673,1.5,4.993342399597168,2.004000186920166,2992.0,-0.6981333494186401,2.0,20.00800132751465,0.032019518315792084,-2.884561538696289,-0.6309043169021606,7.523563861846924,-0.024947544559836388,0.05796724557876587,1.6405720710754395,5.483314037322998,39.22016525268555,-88.45753479003906
8.05979061126709,0,12.289708137512207,1.5370373725891113,1.5,4.905933856964111,2.01200008392334,2976.0,-0.6981333494186401,2.0,20.012001037597656,0.032341502606868744,-2.666079521179199,0.15682820975780487,8.584249496459961,-0.0334697887301445,-0.009411754086613655,1.6445668935775757,3.714503288269043,40.994834899902344,-88.11666107177734
8.080201864242554,0,12.319685935974121,1.527847409248352,1.5,4.817667484283447,2.004000186920166,2988.0,-0.6981333494186401,2.0,20.016000747680664,0.02997753582894802,-1.6820124387741089,0.03411911427974701,6.573017120361328,-0.09685398638248444,0.000974731519818306,1.6088799238204956,4.775789737701416,39.930030822753906,-90.50279235839844
8.10035228729248,0,12.348268508911133,1.511887550354004,1.5,4.818808078765869,2.0160000324249268,2972.0,-0.6981333494186401,2.0,20.016000747680664,0.028582271188497543,-3.271244764328003,-0.5441100597381592,10.561960220336914,-0.107906274497509,0.05090976133942604,1.594765067100525,5.306433200836182,36.9130973815918,-90.33235931396484
8.120677471160889,0,12.378344535827637,1.5075745582580566,1.5,4.873045444488525,2.0160000324249268,3004.0,-0.6981333494186401,2.0,20.012001037597656,0.030076608061790466,-3.103043556213379,-0.5069980621337891,9.181034088134766,-0.06236552447080612,0.0023063328117132187,1.6038198471069336,6.544600963592529,39.57509994506836,-89.821044921875
8.140867710113525,0,12.408966064453125,1.5145635604858398,1.5,4.902495384216309,2.004000186920166,2984.0,-0.6981333494186401,2.0,20.00800132751465,0.03062150441110134,-2.8342807292938232,-0.4441470503807068,8.449568748474121,-0.02920866757631302,-0.05348774045705795,1.6086136102676392,4.952671051025391,38.33283233642578,-89.65060424804688
8.161011219024658,0,12.439593315124512,1.5169999599456787,1.5,4.897809028625488,2.008000135421753,2992.0,-0.6981333494186401,2.0,20.012001037597656,0.03062700852751732,-2.0663013458251953,0.22566500306129456,7.600780487060547,-0.009900455363094807,0.026408307254314423,1.5996919870376587,6.721481800079346,39.7525634765625,-90.33235931396484
8.181357622146606,0,12.469245910644531,1.5089648962020874,1.5,4.913822174072266,2.004000186920166,2980.0,-0.6981333494186401,2.0,20.00800132751465,0.029652800410985947,-2.749282121658325,-0.5566802620887756,8.912271499633789,-0.07901053875684738,0.052507683634757996,1.573193073272705,6.190838813781738,39.930030822753906,-88.79840850830078
8.201575756072998,0,12.498285293579102,1.5004243850708008,1.5,4.975888729095459,2.01200008392334,2976.0,-0.6981333494186401,2.0,20.012001037597656,0.029039103537797928,-3.313145399093628,0.2992904484272003,10.56315803527832,-0.0909949392080307,0.04039011523127556,1.5625402927398682,7.075243949890137,42.23710250854492,-86.92359161376953
8.221975803375244,0,12.528636932373047,1.5013598203659058,1.5,5.049188613891602,2.008000135421753,3012.0,-0.6981333494186401,2.0,20.012001037597656,0.030351808294653893,-2.637347459793091,-0.5764334201812744,8.37354850769043,-0.07142041623592377,0.012692819349467754,1.5861096382141113,7.252125263214111,40.994834899902344,-90.84367370605469
8.242076635360718,0,12.559170722961426,1.5077672004699707,1.5,5.0850114822387695,2.008000135421753,2988.0,-0.6981333494186401,2.0,20.00400161743164,0.03053344041109085,-2.6966071128845215,0.19992603361606598,8.562101364135742,-0.07461625337600708,0.02414458617568016,1.597161889076233,9.020936012268066,41.7047004699707,-90.16191864013672
8.2622709274292,0,12.58961009979248,1.5096999406814575,1.5,5.093241214752197,2.0320000648498535,2996.0,-0.6981333494186401,2.0,20.00400161743164,0.030439872294664383,-1.9507752656936646,-0.6662205457687378,8.872764587402344,0.012337276712059975,0.01482338085770607,1.6107442378997803,9.374698638916016,40.994834899902344,-89.48016357421875
8.282644987106323,0,12.61954116821289,1.5060683488845825,1.5,5.1083083152771,2.008000135421753,2976.0,-0.6981333494186401,2.0,20.020000457763672,0.029930751770734787,-2.3608031272888184,0.1550324559211731,6.085173606872559,-0.04172571748495102,0.07168273627758026,1.585310697555542,8.84405517578125,41.5272331237793,-87.94622039794922
8.302836894989014,0,12.649301528930664,1.5036982297897339,1.5,5.139980316162109,2.0360000133514404,2988.0,-0.6981333494186401,2.0,20.00400161743164,0.029760127887129784,-2.930652141571045,-0.24242527782917023,12.374463081359863,-0.042258355766534805,0.14185810089111328,1.5923681259155273,9.020936012268066,42.059635162353516,-88.11666107177734
8.323007345199585,0,12.680123329162598,1.5090105533599854,1.5,5.157838821411133,2.004000186920166,3004.0,-0.6981333494186401,2.0,20.00400161743164,0.030822400003671646,-3.008467674255371,-0.8009012937545776,7.610357761383057,0.008342474699020386,-0.04363389313220978,1.6087467670440674,8.667174339294434,43.83430099487305,-87.7757797241211
8.34328842163086,0,12.710981369018555,1.5174741744995117,1.5,5.1308274269104,2.004000186920166,2972.0,-0.6981333494186401,2.0,20.00800132751465,0.030858175829052925,-2.596644163131714,0.43995699286460876,8.55910873413086,0.01193779893219471,-0.06374106556177139,1.616869568824768,11.497271537780762,42.41456604003906,-88.79840850830078
8.36356806755066,0,12.741500854492188,1.5182650089263916,1.5,5.081719398498535,2.008000135421753,2972.0,-0.6981333494186401,2.0,20.00400161743164,0.030519679188728333,-2.4446043968200684,0.08619565516710281,7.119521617889404,-0.029608147218823433,0.010562257841229439,1.606083631515503,12.73543930053711,41.5272331237793,-89.30972290039062
8.38375210762024,0,12.77119255065918,1.5121887922286987,1.5,5.057889938354492,2.008000135421753,2980.0,-0.6981333494186401,2.0,20.00800132751465,0.02969132736325264,-3.1090292930603027,0.29270607233047485,8.472912788391113,-0.05717228353023529,0.049445003271102905,1.5960966348648071,11.497271537780762,43.83430099487305,-89.48016357421875
8.404088258743286,0,12.800966262817383,1.5077630281448364,1.5,5.067117214202881,2.0160000324249268,2968.0,-0.6981333494186401,2.0,20.00800132751465,0.029773887246847153,-3.05096697807312,-0.04190066456794739,12.683929443359375,-0.07994265854358673,0.05410560220479965,1.5942323207855225,12.204795837402344,43.83430099487305,-89.48016357421875
8.424277067184448,0,12.831634521484375,1.5104928016662598,1.5,5.076409339904785,2.004000186920166,2984.0,-0.6981333494186401,2.0,20.012001037597656,0.030668288469314575,-3.146739959716797,-0.49562501907348633,7.589407444000244,-0.008435694500803947,0.02933782897889614,1.6197991371154785,13.619845390319824,43.83430099487305,-86.41226959228516
8.444445610046387,0,12.862088203430176,1.5145795345306396,1.5,5.061886310577393,2.004000186920166,2968.0,-0.6981333494186401,2.0,20.012001037597656,0.030453631654381752,-2.9875173568725586,0.408232182264328,9.115788459777832,-0.0016445312649011612,0.036794792860746384,1.6225954294204712,12.381677627563477,43.301902770996094,-88.62797546386719
8.464802742004395,0,12.892390251159668,1.5112019777297974,1.5,5.04815149307251,2.004000186920166,2968.0,-0.6981333494186401,2.0,20.012001037597656,0.030302271246910095,-1.8388406038284302,-0.7697750926017761,7.99704122543335,-0.005106693133711815,0.011228058487176895,1.6014230251312256,15.211774826049805,42.23710250854492,-87.26446533203125
8.484999418258667,0,12.921919822692871,1.5076501369476318,1.5,5.057621479034424,2.008000135421753,2992.0,-0.6981333494186401,2.0,20.00400161743164,0.029528960585594177,-3.217372417449951,0.007781552150845528,5.614688873291016,-0.11110211163759232,0.001107892021536827,1.568665623664856,13.619845390319824,43.12443542480469,-89.13928985595703
8.505342245101929,0,12.952439308166504,1.511168360710144,1.5,5.06503963470459,2.0160000324249268,2972.0,-0.6981333494186401,2.0,20.016000747680664,0.030519679188728333,-2.9791371822357178,-0.2310522347688675,11.271278381347656,-0.09831874817609787,0.06955217570066452,1.608480453491211,13.442963600158691,44.366703033447266,-87.26446533203125
8.525513410568237,0,12.984010696411133,1.5203514099121094,1.5,5.032435417175293,2.01200008392334,3004.0,-0.6981333494186401,2.0,20.00800132751465,0.03157094493508339,-3.049769878387451,-0.9355819821357727,8.70635986328125,-0.011098896153271198,-0.010876515880227089,1.6549533605575562,14.150487899780273,45.076568603515625,-87.94622039794922
8.54569149017334,0,13.014540672302246,1.5236506462097168,1.5,4.966893196105957,2.008000135421753,2988.0,-0.6981333494186401,2.0,20.00800132751465,0.030530687421560287,-3.013256311416626,0.37950029969215393,9.316911697387695,0.03670556843280792,-0.07466019690036774,1.65242338180542,15.74241828918457,44.54417037963867,-86.7531509399414
8.565941333770752,0,13.04415225982666,1.513171911239624,1.5,4.931671619415283,2.004000186920166,3024.0,-0.6981333494186401,2.0,20.012001037597656,0.02961152046918869,-1.6999698877334595,-0.13647645711898804,5.617681980133057,0.02219112403690815,-0.012607594951987267,1.6377756595611572,16.096179962158203,44.89910125732422,-87.09402465820312
8.586276769638062,0,13.072550773620605,1.499031662940979,1.5,4.972786903381348,2.008000135421753,2976.0,-0.6981333494186401,2.0,20.00400161743164,0.02839788794517517,-2.9869189262390137,-0.19872887432575226,8.067673683166504,-0.1091047152876854,0.029870469123125076,1.615671157836914,14.504250526428223,42.23710250854492,-86.24183654785156
8.606441497802734,0,13.102293968200684,1.4967584609985352,1.5,5.052882194519043,2.004000186920166,2992.0,-0.6981333494186401,2.0,20.016000747680664,0.02974361553788185,-2.8546323776245117,-0.16760265827178955,10.257283210754395,-0.1798127293586731,-0.0284536462277174,1.6143395900726318,15.919299125671387,45.78643798828125,-88.28709411621094
8.626612186431885,0,13.133881568908691,1.5094408988952637,1.5,5.087801456451416,2.0160000324249268,2996.0,-0.6981333494186401,2.0,20.016000747680664,0.03158745542168617,-3.264660358428955,-0.8404076099395752,9.3641996383667,-0.11589587479829788,0.011228058487176895,1.6405720710754395,18.74939727783203,47.206172943115234,-86.92359161376953
8.646973133087158,0,13.165229797363281,1.5219042301177979,1.5,5.042563438415527,2.004000186920166,2976.0,-0.6981333494186401,2.0,20.012001037597656,0.031348031014204025,-2.7738239765167236,0.2759458124637604,9.19120979309082,-0.020686421543359756,-0.03830748796463013,1.639639973640442,16.62682342529297,46.1413688659668,-86.92359161376953
8.667326211929321,0,13.195908546447754,1.5159168243408203,1.5,4.984866142272949,2.0160000324249268,3116.0,-0.6981333494186401,2.0,20.160001754760742,0.03067929670214653,-1.6891953945159912,-0.5315398573875427,6.876497745513916,-0.009500975720584393,-0.006215913221240044,1.6098121404647827,16.980587005615234,45.076568603515625,-87.26446533203125
8.687597513198853,0,13.223586082458496,1.4976056814193726,1.5,5.012683391571045,2.004000186920166,2972.0,-0.6981333494186401,2.0,20.00400161743164,0.027676863595843315,-2.7486836910247803,0.936180591583252,7.2793426513671875,-0.1503843516111374,0.06489156931638718,1.5578796863555908,18.041872024536133,45.78643798828125,-86.24183654785156
8.707932472229004,0,13.252646446228027,1.4898229837417603,1.5,5.111826419830322,2.008000135421753,2980.0,-0.6981333494186401,2.0,20.02400016784668,0.029061120003461838,-2.8318862915039062,-1.0541009902954102,10.793012619018555,-0.14812062680721283,0.07048429548740387,1.583313226699829,17.511228561401367,45.25403594970703,-88.11666107177734
8.728070974349976,0,13.284404754638672,1.5057010650634766,1.5,5.167585372924805,2.004000186920166,3004.0,-0.6981333494186401,2.0,20.00400161743164,0.031758081167936325,-3.055156946182251,-0.4992164969444275,8.304113388061523,-0.10630834847688675,-0.01300707645714283,1.6114100217819214,18.3956356048584,47.56110382080078,-87.26446533203125
8.748433351516724,0,13.316605567932129,1.5254566669464111,1.5,5.107397556304932,2.0160000324249268,2992.0,-0.6981333494186401,2.0,20.00800132751465,0.03220115229487419,-2.213552236557007,0.11313179135322571,9.033185005187988,-0.02308330312371254,-0.07346175611019135,1.6131410598754883,18.74939727783203,46.1413688659668,-86.24183654785156
8.768771648406982,0,13.347896575927734,1.523654818534851,1.5,5.004537105560303,2.004000186920166,3124.0,-0.6981333494186401,2.0,20.260000228881836,0.031290240585803986,-2.4475975036621094,1.0846285820007324,8.027568817138672,-0.0791436955332756,0.04158855602145195,1.5819816589355469,19.987564086914062,47.73857116699219,-85.38964080810547
8.789099216461182,0,13.375707626342773,1.5045851469039917,1.5,4.988391399383545,2.0199999809265137,2968.0,-0.6981333494186401,2.0,20.012001037597656,0.02781171165406704,-2.5200257301330566,-0.31964221596717834,10.603860855102539,-0.1297445297241211,0.07248169183731079,1.5955640077590942,19.456920623779297,45.78643798828125,-86.24183654785156
8.809293508529663,0,13.404601097106934,1.4938026666641235,1.5,5.058423042297363,2.0199999809265137,2976.0,-0.6981333494186401,2.0,20.00400161743164,0.02889324724674225,-3.3394830226898193,-1.3414198160171509,7.803101062774658,-0.09419078379869461,0.015222860500216484,1.608480453491211,19.810684204101562,48.270973205566406,-85.90095520019531
8.829447746276855,0,13.435437202453613,1.500666856765747,1.5,5.122369289398193,2.004000186920166,2992.0,-0.6981333494186401,2.0,20.012001037597656,0.030836159363389015,-2.809738874435425,-0.34059253334999084,10.356647491455078,-0.0003129299730062485,-0.0022211093455553055,1.6328487396240234,21.048851013183594,49.513240814208984,-84.7078857421875
8.849851369857788,0,13.466675758361816,1.5136009454727173,1.5,5.115139961242676,2.004000186920166,2972.0,-0.6981333494186401,2.0,20.00400161743164,0.031237952411174774,-2.6014328002929688,0.4231967031955719,8.882941246032715,-0.0005792509764432907,0.014690220355987549,1.626989722251892,20.871971130371094,47.206172943115234,-86.24183654785156
8.870002031326294,0,13.497739791870117,1.516238808631897,1.5,5.066510200500488,2.004000186920166,3028.0,-0.6981333494186401,2.0,20.00400161743164,0.031064575538039207,-2.679248332977295,0.8996671438217163,9.606026649475098,-0.08873122185468674,0.03572951257228851,1.585310697555542,20.341327667236328,47.02870559692383,-85.04876708984375
8.89018440246582,0,13.527031898498535,1.510915756225586,1.5,5.039077281951904,2.008000135421753,2968.0,-0.6981333494186401,2.0,20.00400161743164,0.029292287304997444,-2.670868158340454,0.006584390066564083,10.375203132629395,-0.09206022322177887,0.1426570564508438,1.5972950458526611,21.225732803344727,48.270973205566406,-83.85569763183594
8.910544395446777,0,13.556990623474121,1.5088695287704468,1.5,5.037731647491455,2.008000135421753,2972.0,-0.6981333494186401,2.0,20.012001037597656,0.029958272352814674,-3.5483877658843994,-0.6644248366355896,10.227952003479004,-0.021751703694462776,0.038792192935943604,1.6357783079147339,21.40261459350586,47.73857116699219,-85.04876708984375
8.930718898773193,0,13.588277816772461,1.5166606903076172,1.5,5.016231060028076,2.01200008392334,2992.0,-0.6981333494186401,2.0,20.00400161743164,0.03128748759627342,-2.418267011642456,-0.2711571455001831,10.141158103942871,0.05401638150215149,0.04771392047405243,1.6634756326675415,22.110137939453125,47.73857116699219,-85.38964080810547
8.950921773910522,0,13.619370460510254,1.5253775119781494,1.5,4.949038505554199,2.008000135421753,2968.0,-0.6981333494186401,2.0,20.00400161743164,0.031092096120119095,-2.16865873336792,-0.12390625476837158,8.498053550720215,0.014201520010828972,0.04478439688682556,1.6645408868789673,23.52518653869629,47.73857116699219,-84.02613830566406
8.971279859542847,0,13.650189399719238,1.5256351232528687,1.5,4.864759922027588,2.004000186920166,2992.0,-0.6981333494186401,2.0,20.00800132751465,0.030819648876786232,-2.9067089557647705,0.7524162530899048,8.049715995788574,-0.10404463112354279,0.002705812454223633,1.6241934299468994,21.57949447631836,48.62590408325195,-84.87832641601562
8.991466283798218,0,13.679361343383789,1.515918254852295,1.5,4.82135009765625,2.004000186920166,2968.0,-0.6981333494186401,2.0,20.016000747680664,0.029171200469136238,-2.7277333736419678,-0.4615058898925781,9.992111206054688,-0.13933205604553223,0.003371613100171089,1.607282042503357,22.463899612426758,47.383636474609375,-84.02613830566406
9.01182746887207,0,13.708884239196777,1.5085474252700806,1.5,4.83362340927124,2.01200008392334,2972.0,-0.6981333494186401,2.0,20.00800132751465,0.0295234564691782,-2.9522011280059814,-0.8882941007614136,7.354165077209473,-0.10644151270389557,-0.033247411251068115,1.599825143814087,23.171424865722656,48.80337142944336,-82.3217544555664
9.031981945037842,0,13.739797592163086,1.5129860639572144,1.5,4.846922397613525,2.008000135421753,2996.0,-0.6981333494186401,2.0,20.00400161743164,0.03091321513056755,-2.424851417541504,-0.47287893295288086,9.92926025390625,-0.09272602200508118,-0.03271476924419403,1.6110105514526367,23.171424865722656,49.513240814208984,-84.36701202392578
9.052162647247314,0,13.770763397216797,1.5210996866226196,1.5,4.81689977645874,2.0240001678466797,2972.0,-0.6981333494186401,2.0,20.02800178527832,0.030965503305196762,-2.7857956886291504,0.12330766767263412,9.925668716430664,-0.10684099048376083,0.035862673074007034,1.618067979812622,21.225732803344727,47.916038513183594,-83.17394256591797
9.072534084320068,0,13.801122665405273,1.518170714378357,1.5,4.773952484130859,2.004000186920166,2984.0,-0.6981333494186401,2.0,20.00400161743164,0.030360063537955284,-3.3712077140808105,0.9978343844413757,9.094240188598633,-0.16250191628932953,0.07461225241422653,1.6027545928955078,24.232711791992188,49.15830612182617,-83.00350189208984
9.092708587646484,0,13.829540252685547,1.5025943517684937,1.5,4.794486999511719,2.004000186920166,2972.0,-0.6981333494186401,2.0,20.00400161743164,0.028417151421308517,-2.7726268768310547,-0.06644248217344284,9.888556480407715,-0.11243371665477753,0.07274801284074783,1.6255249977111816,24.763355255126953,48.980838775634766,-82.83306884765625
9.112923622131348,0,13.858964920043945,1.4969466924667358,1.5,4.873764514923096,2.0240001678466797,2968.0,-0.6981333494186401,2.0,20.016000747680664,0.029424384236335754,-2.514039993286133,-1.207337737083435,10.93008804321289,-0.07048828899860382,0.01016277726739645,1.6540212631225586,24.232711791992188,48.093505859375,-83.68525695800781
9.133281469345093,0,13.890524864196777,1.5092922449111938,1.5,4.917201995849609,2.0160000324249268,2992.0,-0.6981333494186401,2.0,20.016000747680664,0.031559936702251434,-3.2071967124938965,-0.39266908168792725,9.237300872802734,-0.004174571484327316,-0.05308826267719269,1.6725305318832397,24.055830001831055,50.04563903808594,-82.4921875
9.153481006622314,0,13.922246932983398,1.525002360343933,1.5,4.870927810668945,2.01200008392334,2980.0,-0.6981333494186401,2.0,20.00800132751465,0.0317223034799099,-3.008467674255371,0.16161684691905975,8.67044448852539,-0.01908850111067295,-0.018732959404587746,1.678389549255371,25.64776039123535,50.223106384277344,-81.98087310791016
9.173612594604492,0,13.953179359436035,1.525786280632019,1.5,4.785876750946045,2.01200008392334,2992.0,-0.6981333494186401,2.0,20.00800132751465,0.030932480469346046,-2.928856372833252,0.5626660585403442,7.900669574737549,-0.08873122185468674,0.037860073149204254,1.645365834236145,24.940235137939453,49.513240814208984,-82.66262817382812
9.19396424293518,0,13.981918334960938,1.5118238925933838,1.5,4.754942893981934,2.0160000324249268,2976.0,-0.6981333494186401,2.0,20.00400161743164,0.028739135712385178,-2.2668259143829346,-0.8398090600967407,8.513017654418945,-0.1378672868013382,0.06142941117286682,1.6321829557418823,25.824642181396484,50.04563903808594,-83.51482391357422
9.214176416397095,0,14.010825157165527,1.500142216682434,1.5,4.802474021911621,2.008000135421753,2972.0,-0.6981333494186401,2.0,20.012001037597656,0.028907008469104767,-3.015052080154419,-0.4513300061225891,10.303373336791992,-0.12508392333984375,0.07900653779506683,1.6312508583068848,27.062808990478516,49.86817169189453,-83.00350189208984
9.234340906143188,0,14.04147720336914,1.5063745975494385,1.5,4.854717254638672,2.004000186920166,2980.0,-0.6981333494186401,2.0,20.016000747680664,0.030651776120066643,-3.0832903385162354,-1.2719844579696655,9.075085639953613,-0.049448996782302856,-0.0419028177857399,1.6461647748947144,27.23969078063965,47.56110382080078,-83.17394256591797
9.254707336425781,0,14.073312759399414,1.521285057067871,1.5,4.829975605010986,2.0320000648498535,2968.0,-0.6981333494186401,2.0,20.02800178527832,0.03183513507246971,-3.262864589691162,0.014964522793889046,7.725883960723877,-0.01802322082221508,-0.04310125857591629,1.683982253074646,26.355283737182617,49.513240814208984,-83.3443832397461
9.274889707565308,0,14.103774070739746,1.519304871559143,1.5,4.771974563598633,2.004000186920166,2988.0,-0.6981333494186401,2.0,20.00400161743164,0.030461888760328293,-2.454780340194702,0.3160507380962372,7.853980541229248,-0.09885139018297195,0.08393345773220062,1.6255249977111816,27.947214126586914,48.980838775634766,-84.19657135009766
9.29515290260315,0,14.13227367401123,1.5040587186813354,1.5,4.780921936035156,2.004000186920166,2972.0,-0.6981333494186401,2.0,20.00400161743164,0.02849971130490303,-2.8282949924468994,-0.7009382843971252,9.783206939697266,-0.09791926294565201,0.0218808650970459,1.6193996667861938,27.59345245361328,48.270973205566406,-85.21920776367188
9.315494537353516,0,14.161995887756348,1.5008915662765503,1.5,4.840521812438965,2.008000135421753,2976.0,-0.6981333494186401,2.0,20.00800132751465,0.02972159907221794,-3.194027900695801,-0.6494603157043457,10.734352111816406,-0.09951718896627426,0.010429097339510918,1.6154048442840576,28.47785758972168,47.73857116699219,-84.36701202392578
9.335789442062378,0,14.193792343139648,1.517147421836853,1.5,4.848788261413574,2.01200008392334,2980.0,-0.6981333494186401,2.0,20.012001037597656,0.03179660812020302,-2.7881898880004883,-1.3545886278152466,8.331647872924805,-0.015093699097633362,0.00603481475263834,1.6697341203689575,28.300975799560547,46.1413688659668,-85.21920776367188
9.355821132659912,0,14.225451469421387,1.528091311454773,1.5,4.7689714431762695,2.0240001678466797,2972.0,-0.6981333494186401,2.0,20.00400161743164,0.03165900707244873,-3.433460235595703,0.6674177050590515,8.454955101013184,-0.02002062276005745,-0.07585863769054413,1.682783842086792,29.008501052856445,47.206172943115234,-83.85569763183594
9.3761887550354,0,14.254264831542969,1.5095432996749878,1.5,4.727963924407959,2.0160000324249268,2996.0,-0.6981333494186401,2.0,20.00400161743164,0.0288134403526783,-2.113589286804199,0.360345721244812,6.620903491973877,-0.02201802283525467,-0.016735559329390526,1.6496269702911377,28.831619262695312,46.3188362121582,-84.02613830566406
9.396367311477661,0,14.281575202941895,1.4862844944000244,1.5,4.819894790649414,2.004000186920166,2976.0,-0.6981333494186401,2.0,20.012001037597656,0.027310848236083984,-2.71695876121521,-0.49502643942832947,9.157690048217773,-0.1273476481437683,0.06648948788642883,1.6293866634368896,30.600431442260742,47.02870559692383,-85.04876708984375
9.41657280921936,0,14.312034606933594,1.4879231452941895,1.5,4.956876754760742,2.004000186920166,3068.0,-0.6981333494186401,2.0,20.016000747680664,0.03045913577079773,-3.485536813735962,-0.6452702283859253,11.724404335021973,-0.15144962072372437,0.06249468773603439,1.6280549764633179,28.300975799560547,45.78643798828125,-85.90095520019531
9.436911344528198,0,14.343969345092773,1.5128921270370483,1.5,4.989692687988281,2.004000186920166,2972.0,-0.6981333494186401,2.0,20.00400161743164,0.031934209167957306,-2.4422101974487305,-1.717328667640686,7.1943440437316895,-0.016158979386091232,-0.026988884434103966,1.6513580083847046,30.24666976928711,45.608970642089844,-85.04876708984375
9.457089185714722,0,14.377204895019531,1.5390357971191406,1.5,4.869681358337402,2.01200008392334,2976.0,-0.6981333494186401,2.0,20.00400161743164,0.033235903829336166,-2.254255771636963,-0.28672027587890625,9.365397453308105,0.07878416031599045,-0.03138316422700882,1.6526896953582764,28.831619262695312,44.89910125732422,-85.38964080810547
9.477287769317627,0,14.407867431640625,1.5348069667816162,1.5,4.707337856292725,2.0160000324249268,3000.0,-0.6981333494186401,2.0,20.012001037597656,0.030662784352898598,-2.2638330459594727,0.7649863958358765,6.76576042175293,0.023789042606949806,0.07234853506088257,1.5968955755233765,29.008501052856445,44.366703033447266,-85.21920776367188
9.497685432434082,0,14.434867858886719,1.5036784410476685,1.5,4.681611061096191,2.008000135421753,2976.0,-0.6981333494186401,2.0,20.00400161743164,0.02699987217783928,-3.014453649520874,-0.24362243711948395,9.267230033874512,-0.05916968733072281,0.0594320073723793,1.5934333801269531,30.069787979125977,43.65683364868164,-85.21920776367188
9.518044233322144,0,14.463383674621582,1.4810614585876465,1.5,4.8122663497924805,2.0160000324249268,3124.0,-0.6981333494186401,2.0,20.304000854492188,0.028516223654150963,-3.0342066287994385,-0.6823822259902954,10.64695930480957,-0.07261884957551956,-0.0060827527195215225,1.6184674501419067,30.954193115234375,43.4793701171875,-86.41226959228516
9.538395166397095,0,14.492548942565918,1.4827078580856323,1.5,4.968051910400391,2.004000186920166,2952.0,-0.6981333494186401,2.0,20.016000747680664,0.02916569635272026,-2.4314358234405518,-1.4467700719833374,9.917288780212402,-0.0044408924877643585,-0.04150333255529404,1.6534886360168457,29.892906188964844,42.41456604003906,-86.41226959228516
9.558582782745361,0,14.52529239654541,1.5101608037948608,1.5,5.019500255584717,2.0360000133514404,2952.0,-0.6981333494186401,2.0,20.02800178527832,0.03274329751729965,-2.584073781967163,-0.46689313650131226,8.484286308288574,0.031246008351445198,-0.04949294030666351,1.6550865173339844,30.600431442260742,41.7047004699707,-85.73052215576172
9.578827142715454,0,14.559785842895508,1.5458921194076538,1.5,4.878496170043945,2.0160000324249268,2984.0,-0.6981333494186401,2.0,20.012001037597656,0.034493569284677505,-2.634354591369629,-0.3633386194705963,9.411487579345703,-0.06556136906147003,0.05770092457532883,1.6148722171783447,29.716026306152344,40.462432861328125,-85.21920776367188
9.599106550216675,0,14.59020709991455,1.5428998470306396,1.5,4.668433666229248,2.004000186920166,2952.0,-0.6981333494186401,2.0,20.012001037597656,0.030420608818531036,-2.758859395980835,0.7278743982315063,10.9007568359375,0.010606197640299797,0.05011080205440521,1.6205980777740479,31.307954788208008,41.7047004699707,-85.38964080810547
9.619306802749634,0,14.61725902557373,1.5021449327468872,1.5,4.629559516906738,2.008000135421753,3036.0,-0.6981333494186401,2.0,20.060001373291016,0.02705216035246849,-2.8612167835235596,0.005985809490084648,8.949383735656738,-0.0012450497597455978,0.005502174608409405,1.6309845447540283,32.72300338745117,39.930030822753906,-85.04876708984375
9.639660596847534,0,14.643383979797363,1.472625970840454,1.5,4.782989025115967,2.0160000324249268,2948.0,-0.6981333494186401,2.0,20.00800132751465,0.026124736294150352,-3.089874744415283,-1.0307563543319702,6.917799949645996,-0.14492477476596832,4.2611733078956604e-05,1.6276555061340332,32.54612350463867,39.04269790649414,-84.19657135009766
9.659842729568481,0,14.672356605529785,1.4682682752609253,1.5,5.006011486053467,2.004000186920166,2972.0,-0.6981333494186401,2.0,20.02400016784668,0.028973056003451347,-2.673861026763916,-1.0618826150894165,9.799367904663086,-0.10364515334367752,0.11935403943061829,1.6148722171783447,33.25364685058594,39.39763259887695,-83.51482391357422
9.680063962936401,0,14.704646110534668,1.49251127243042,1.5,5.137843608856201,2.004000186920166,2992.0,-0.6981333494186401,2.0,20.016000747680664,0.03228921443223953,-3.089874744415283,-0.6243199110031128,8.578862190246582,-0.048383720219135284,-0.010210713371634483,1.62339448928833,33.07676696777344,37.80043029785156,-83.68525695800781
9.700443506240845,0,14.739189147949219,1.5369203090667725,1.5,5.057528018951416,2.004000186920166,2964.0,-0.6981333494186401,2.0,20.012001037597656,0.034543104469776154,-2.590059757232666,-0.46090731024742126,10.493721961975098,-0.019754301756620407,0.009763297624886036,1.6300524473190308,32.72300338745117,38.155364990234375,-84.36701202392578
9.720602035522461,0,14.772895812988281,1.5606321096420288,1.5,4.7934651374816895,2.0160000324249268,2976.0,-0.6981333494186401,2.0,20.00800132751465,0.03370649740099907,-2.161475658416748,0.5243569016456604,10.256085395812988,0.11793322116136551,0.038126394152641296,1.6506922245025635,32.015480041503906,37.80043029785156,-82.66262817382812
9.740782022476196,0,14.801827430725098,1.5415050983428955,1.5,4.5680646896362305,2.01200008392334,2960.0,-0.6981333494186401,2.0,20.012001037597656,0.02893177606165409,-2.415872573852539,0.5836163759231567,6.323409080505371,0.046559423208236694,-0.03164948523044586,1.6299192905426025,34.668697357177734,37.622962951660156,-83.85569763183594
9.761125564575195,0,14.828654289245605,1.5059202909469604,1.5,4.535252571105957,2.004000186920166,2956.0,-0.6981333494186401,2.0,20.012001037597656,0.026826495304703712,-2.757662296295166,0.007781552150845528,7.771376132965088,-0.1798127293586731,0.03319947049021721,1.5918354988098145,31.131074905395508,37.622962951660156,-83.85569763183594
9.781323432922363,0,14.856267929077148,1.4809107780456543,1.5,4.665462017059326,2.01200008392334,2968.0,-0.6981333494186401,2.0,20.00400161743164,0.02761356718838215,-2.928257942199707,-1.463530421257019,10.13277816772461,-0.2123037874698639,0.0209487434476614,1.607282042503357,33.6074104309082,36.9130973815918,-82.83306884765625
9.801686763763428,0,14.884554862976074,1.4710679054260254,1.5,4.864173889160156,2.0280001163482666,2956.0,-0.6981333494186401,2.0,20.02800178527832,0.02828780747950077,-2.6582977771759033,-0.700339674949646,10.438054084777832,-0.05184587836265564,0.04651547968387604,1.637642502784729,32.72300338745117,38.865230560302734,-83.3443832397461
9.821875810623169,0,14.91585636138916,1.4867199659347534,1.5,5.019930839538574,2.0160000324249268,2952.0,-0.6981333494186401,2.0,20.00400161743164,0.03130124881863594,-2.3554160594940186,-0.9272018671035767,9.433635711669922,0.01713103987276554,0.03373211249709129,1.6397731304168701,32.89988708496094,36.9130973815918,-81.81044006347656
9.842043399810791,0,14.949606895446777,1.5245349407196045,1.5,5.003757476806641,2.0160000324249268,2960.0,-0.6981333494186401,2.0,20.012001037597656,0.03375052660703659,-3.56634521484375,-0.15323671698570251,7.922817230224609,-0.055574364960193634,0.00909749697893858,1.5887727737426758,32.36924362182617,35.67082977294922,-82.3217544555664
9.862396240234375,0,14.98337173461914,1.5532288551330566,1.5,4.795516490936279,2.004000186920166,2956.0,-0.6981333494186401,2.0,20.012001037597656,0.03376428782939911,-2.3997108936309814,0.3232336938381195,9.231913566589355,-0.09445710480213165,0.06089676916599274,1.5843784809112549,33.6074104309082,35.848297119140625,-81.46955871582031
9.882633924484253,0,15.012487411499023,1.531874179840088,1.5,4.603610038757324,2.0160000324249268,2984.0,-0.6981333494186401,2.0,20.016000747680664,0.029116159304976463,-3.1096279621124268,1.0954030752182007,9.347439765930176,-0.029075507074594498,0.02813938818871975,1.5786526203155518,33.7842903137207,37.0905647277832,-80.61737060546875
9.902973890304565,0,15.038130760192871,1.489915132522583,1.5,4.634465217590332,2.01200008392334,2944.0,-0.6981333494186401,2.0,20.02400016784668,0.025643136352300644,-2.722346067428589,-0.9032586216926575,8.498053550720215,-0.04079359397292137,-0.024991484358906746,1.5823811292648315,34.13805389404297,34.251094818115234,-80.95824432373047
9.923148155212402,0,15.065268516540527,1.4637259244918823,1.5,4.840840816497803,2.01200008392334,2992.0,-0.5425323247909546,2.0,20.016000747680664,0.027137471362948418,-3.0743117332458496,-0.8523792624473572,10.585305213928223,-0.03440190851688385,0.055037721991539,1.6244597434997559,32.89988708496094,35.49336242675781,-82.15131378173828
9.943303346633911,0,15.094738960266113,1.4678013324737549,1.5,5.070494651794434,2.0160000324249268,2948.0,-0.5425323247909546,2.0,20.012001037597656,0.02947116829454899,-2.8618154525756836,-1.168429970741272,9.326489448547363,0.05068738013505936,-0.006748553365468979,1.660546064376831,32.54612350463867,36.20322799682617,-82.4921875
9.963654518127441,0,15.127790451049805,1.5012387037277222,1.5,5.162454128265381,2.01200008392334,2968.0,-0.0,2.0,20.00400161743164,0.033051520586013794,-2.118976593017578,-0.5423142910003662,5.50694465637207,-0.038130395114421844,0.02294614538550377,1.6564180850982666,30.777311325073242,34.78349304199219,-81.1286849975586
9.983829736709595,0,15.162851333618164,1.5464694499969482,1.5,5.013876914978027,2.008000135421753,2968.0,-0.0,2.0,20.00800132751465,0.03506048023700714,-3.1144165992736816,-0.48185765743255615,9.944225311279297,-0.09672082215547562,0.11522607505321503,1.6407052278518677,32.36924362182617,35.67082977294922,-82.66262817382812
10.00404691696167,0,15.194722175598145,1.553118348121643,1.5,4.7469587326049805,2.0320000648498535,2976.0,-0.0,2.0,20.00400161743164,0.03187091276049614,-1.9226419925689697,0.21249623596668243,9.501873970031738,0.0168647188693285,0.01588866114616394,1.6295198202133179,33.6074104309082,35.49336242675781,-81.46955871582031
10.024383783340454,0,15.222528457641602,1.5219029188156128,1.5,4.6020073890686035,2.008000135421753,2988.0,-0.0,2.0,20.012001037597656,0.027806207537651062,-1.8292633295059204,-0.414218008518219,8.742274284362793,0.02645224519073963,-0.05242246389389038,1.5461615324020386,31.838598251342773,35.138427734375,-81.46955871582031
10.044558048248291,0,15.249285697937012,1.4908630847930908,1.5,4.652191162109375,2.01200008392334,2972.0,-0.0,2.0,20.012001037597656,0.026757696643471718,-0.20651042461395264,-0.7997041344642639,8.771604537963867,-0.1273476481437683,-0.18225353956222534,1.3329722881317139,33.7842903137207,35.315895080566406,-81.29911804199219
10.064747333526611,0,15.277623176574707,1.4757423400878906,1.5,4.813157558441162,2.01200008392334,2968.0,-0.0,2.0,20.00800132751465,0.028337344527244568,1.2031476497650146,-1.8310590982437134,9.327686309814453,-0.10084878653287888,-0.09649844467639923,1.0934172868728638,32.54612350463867,34.07362747192383,-81.81044006347656
10.085079669952393,0,15.307694435119629,1.4834214448928833,1.5,4.968133926391602,2.004000186920166,2968.0,-0.0,2.0,20.00400161743164,0.03007110394537449,0.8619565367698669,-1.3815248012542725,10.674493789672852,-0.046119995415210724,-0.01620291732251644,0.8703742623329163,32.89988708496094,35.49336242675781,-81.81044006347656
10.105294466018677,0,15.340883255004883,1.514732003211975,1.5,4.989306449890137,2.0240001678466797,2968.0,-0.0,2.0,20.016000747680664,0.03318912163376808,0.7673807740211487,-1.3102936744689941,10.355449676513672,0.008875114843249321,-0.16614116728305817,0.6290881633758545,33.25364685058594,35.138427734375,-80.44692993164062
10.125469446182251,0,15.37476634979248,1.5447221994400024,1.5,4.831895351409912,2.004000186920166,2976.0,-0.0,2.0,20.00400161743164,0.03388262540102005,1.3623701333999634,-0.02992904558777809,9.235505104064941,0.041099853813648224,-0.17666080594062805,0.400718629360199,33.7842903137207,35.315895080566406,-81.63999938964844
10.1459059715271,0,15.40531063079834,1.5430210828781128,1.5,4.624035358428955,2.01200008392334,2960.0,-0.0,2.0,20.012001037597656,0.030544448643922806,2.242284059524536,-0.3142549991607666,10.736745834350586,0.04669257998466492,-0.18558253347873688,0.2445218414068222,31.48483657836914,33.36376190185547,-81.46955871582031
10.16601014137268,0,15.433259963989258,1.5143499374389648,1.5,4.541515827178955,2.008000135421753,3000.0,-0.0,2.0,20.012001037597656,0.027949312701821327,1.974718451499939,-0.43456974625587463,7.178182601928711,0.005146633833646774,-0.16361111402511597,0.046379655599594116,31.661718368530273,35.315895080566406,-81.98087310791016
10.18623423576355,0,15.46071720123291,1.4913369417190552,1.5,4.611129283905029,2.01200008392334,2956.0,-0.0,2.0,20.00800132751465,0.027456704527139664,1.2348724603652954,-0.8122743368148804,6.443125247955322,-0.053710125386714935,0.014956540428102016,-0.07519549131393433,32.015480041503906,35.315895080566406,-80.2764892578125
10.206540584564209,0,15.489720344543457,1.4838863611221313,1.5,4.745996952056885,2.0160000324249268,2948.0,-0.0,2.0,20.012001037597656,0.02900332771241665,0.6225241422653198,-1.0535024404525757,10.792413711547852,-0.03999463468790054,0.021747704595327377,-0.13937866687774658,32.72300338745117,37.44549560546875,-80.95824432373047
10.22670865058899,0,15.520597457885742,1.4925028085708618,1.5,4.85952615737915,2.0160000324249268,2976.0,0.6232035160064697,2.0,20.00800132751465,0.03087743930518627,0.16281400620937347,0.10894172638654709,8.411258697509766,0.048556819558143616,-0.008612792938947678,-0.1650785505771637,33.4305305480957,34.960960388183594,-80.95824432373047
10.247053146362305,0,15.553409576416016,1.5215867757797241,1.5,4.850478649139404,2.01200008392334,2964.0,0.6232035160064697,2.0,20.00800132751465,0.03281209617853165,0.20890474319458008,-0.43456974625587463,8.546538352966309,0.0641365498304367,0.03985747694969177,-0.1644127517938614,32.015480041503906,35.67082977294922,-82.3217544555664
10.267410278320312,0,15.587451934814453,1.5464295148849487,1.5,4.675325870513916,2.004000186920166,3104.0,0.6981333494186401,2.0,20.104000091552734,0.03404223918914795,0.169996976852417,-0.03292195126414299,9.893345832824707,0.039235614240169525,-0.035377971827983856,-0.1676086038351059,33.07676696777344,34.60602951049805,-83.00350189208984
10.287593603134155,0,15.616106033325195,1.5312092304229736,1.5,4.516264915466309,2.01200008392334,2972.0,0.6981333494186401,2.0,20.016000747680664,0.02865382470190525,0.6656219959259033,0.7709722518920898,8.966143608093262,0.06746555119752884,-0.12912265956401825,-0.2613532841205597,32.89988708496094,37.268028259277344,-81.46955871582031
10.307750940322876,0,15.643064498901367,1.497851014137268,1.5,4.523824214935303,2.008000135421753,2972.0,0.6981333494186401,2.0,20.012001037597656,0.026958592236042023,2.1363353729248047,-0.49562501907348633,8.330451011657715,0.03936877101659775,-0.07466019690036774,-0.3521684408187866,32.89988708496094,35.848297119140625,-82.4921875
10.32813024520874,0,15.670821189880371,1.4758708477020264,1.5,4.677504062652588,2.008000135421753,2992.0,0.6981333494186401,2.0,20.00400161743164,0.027756672352552414,2.8606183528900146,-1.5886337757110596,9.65989875793457,-0.06782509386539459,-0.09410157054662704,-0.5007750988006592,32.72300338745117,36.38069534301758,-82.3217544555664
10.348541736602783,0,15.699634552001953,1.4718060493469238,1.5,4.872237682342529,2.0160000324249268,2976.0,0.6981333494186401,2.0,20.02800178527832,0.0288134403526783,2.5355887413024902,-1.1175506114959717,11.37243938446045,0.0056792739778757095,-0.1225978210568428,-0.686267077922821,31.48483657836914,36.20322799682617,-83.17394256591797
10.368839979171753,0,15.732259750366211,1.4925607442855835,1.5,4.9977803230285645,2.008000135421753,3116.0,0.6981333494186401,2.0,20.20800018310547,0.03262495994567871,2.3428456783294678,-1.0451222658157349,9.532401084899902,0.01087251491844654,-0.15269199013710022,-0.8549808859825134,31.661718368530273,35.67082977294922,-81.98087310791016
10.389034986495972,0,15.765814781188965,1.5316115617752075,1.5,4.935797691345215,2.004000186920166,2964.0,0.6981333494186401,2.0,20.00400161743164,0.03355513513088226,3.13476824760437,-1.8532065153121948,9.927464485168457,0.004880312830209732,-0.23711548745632172,-1.0002585649490356,31.48483657836914,35.848297119140625,-82.15131378173828
10.40920114517212,0,15.798538208007812,1.5494223833084106,1.5,4.711330890655518,2.0160000324249268,2968.0,0.6981333494186401,2.0,20.00800132751465,0.03272403031587601,3.355644702911377,-0.5165753364562988,9.717362403869629,0.01619892008602619,-0.19357213377952576,-1.1746983528137207,30.954193115234375,38.865230560302734,-83.00350189208984
10.429561614990234,0,15.826449394226074,1.5186593532562256,1.5,4.57386589050293,2.01200008392334,2992.0,0.6981333494186401,2.0,20.016000747680664,0.027910783886909485,2.082463026046753,1.5221912860870361,7.750425815582275,0.1047503724694252,-0.12419574707746506,-1.2892160415649414,32.015480041503906,38.155364990234375,-82.66262817382812
10.449751615524292,0,15.85270881652832,1.4842112064361572,1.5,4.643338680267334,2.004000186920166,2968.0,0.6981333494186401,2.0,20.016000747680664,0.026259584352374077,3.475959539413452,-1.057692527770996,8.49027156829834,0.014867318794131279,-0.06387422978878021,-1.2737693786621094,31.131074905395508,39.04269790649414,-82.83306884765625
10.469943523406982,0,15.88072395324707,1.4649207592010498,1.5,4.845077037811279,2.008000135421753,3040.0,0.6981333494186401,2.0,20.012001037597656,0.028015360236167908,2.843259334564209,-1.2797659635543823,11.858487129211426,-0.13507093489170074,-0.03178264945745468,-1.5053348541259766,30.069787979125977,40.462432861328125,-82.66262817382812
10.490330219268799,0,15.910192489624023,1.4707775115966797,1.5,5.04509973526001,2.004000186920166,2972.0,0.6981333494186401,2.0,20.012001037597656,0.029468415305018425,3.568140983581543,-2.0579211711883545,10.850476264953613,-0.051446400582790375,0.016288140788674355,-1.6560720205307007,30.069787979125977,39.04269790649414,-82.83306884765625
10.510493755340576,0,15.942852973937988,1.5001736879348755,1.5,5.120189666748047,2.008000135421753,2964.0,0.6981333494186401,2.0,20.00800132751465,0.03266073763370514,2.722944736480713,-1.2642029523849487,8.182003021240234,0.01606575958430767,0.03945799544453621,-1.7520804405212402,31.838598251342773,38.68776321411133,-84.87832641601562
10.530675411224365,0,15.975324630737305,1.5190399885177612,1.5,5.038624286651611,2.008000135421753,2984.0,0.6981333494186401,2.0,20.00400161743164,0.03247084841132164,2.7851970195770264,-0.4112251102924347,8.188587188720703,0.03151232749223709,-0.003020070493221283,-1.8382350206375122,32.015480041503906,39.22016525268555,-83.00350189208984
10.551016330718994,0,16.003446578979492,1.5007916688919067,1.5,4.984646320343018,2.008000135421753,2972.0,0.6981333494186401,2.0,20.012001037597656,0.028122687712311745,2.7271347045898438,0.8499849438667297,8.729105949401855,0.08810536563396454,-0.09729740768671036,-1.855013132095337,29.892906188964844,40.63990020751953,-84.7078857421875
10.571211338043213,0,16.03065299987793,1.4737831354141235,1.5,5.074824810028076,2.008000135421753,2976.0,0.15633325278759003,2.0,20.00400161743164,0.02720627188682556,2.249467134475708,0.15742678940296173,8.256226539611816,-0.07821157574653625,-0.08997360616922379,-1.8270496129989624,30.600431442260742,40.994834899902344,-84.7078857421875
10.591351509094238,0,16.05919647216797,1.4672980308532715,1.5,5.24086856842041,2.008000135421753,2980.0,0.15633325278759003,2.0,20.00800132751465,0.02854374423623085,2.5224199295043945,-0.8942798972129822,11.592118263244629,-0.23826999962329865,-0.01820032112300396,-1.85328209400177,30.600431442260742,41.34976577758789,-82.66262817382812
10.611732006072998,0,16.090564727783203,1.4860209226608276,1.5,5.341298580169678,2.004000186920166,2972.0,0.15633325278759003,2.0,20.012001037597656,0.03136729449033737,2.881568670272827,-1.4324041604995728,10.289606094360352,-0.038929350674152374,0.1288084089756012,-1.8752535581588745,29.716026306152344,42.59203338623047,-83.17394256591797
10.631902933120728,0,16.1229248046875,1.5074623823165894,1.5,5.314998149871826,2.0160000324249268,2968.0,-0.0,2.0,20.00800132751465,0.03236076980829239,1.039136528968811,1.1007903814315796,8.949981689453125,0.14256782829761505,0.08872722089290619,-1.885640025138855,30.069787979125977,43.65683364868164,-83.17394256591797
10.652120113372803,0,16.153921127319336,1.5162763595581055,1.5,5.215090751647949,2.0320000648498535,2968.0,-0.0,2.0,20.00400161743164,0.030995776876807213,-0.4555200934410095,3.268251895904541,8.778787612915039,0.11740057915449142,0.06675580888986588,-1.7562084197998047,29.716026306152344,42.23710250854492,-84.5374526977539
10.672457695007324,0,16.183752059936523,1.5099085569381714,1.5,5.126384735107422,2.004000186920166,2968.0,-0.0,2.0,20.00800132751465,0.02983167953789234,0.052675120532512665,2.673861026763916,10.873222351074219,-0.005905653350055218,0.06968533247709274,-1.5089300870895386,28.654739379882812,43.65683364868164,-83.85569763183594
10.692795991897583,0,16.21246337890625,1.4986950159072876,1.5,5.1018242835998535,2.004000186920166,2964.0,-0.0,2.0,20.016000747680664,0.02871161513030529,-0.39266908168792725,1.1774086952209473,6.367105484008789,-0.16210243105888367,0.09178990125656128,-1.2820253372192383,29.008501052856445,44.01176834106445,-83.17394256591797
10.712847709655762,0,16.241792678833008,1.4924776554107666,1.5,5.1276750564575195,2.008000135421753,2964.0,-0.0,2.0,20.00400161743164,0.029328063130378723,-1.3509970903396606,1.9411979913711548,9.055931091308594,-0.13626937568187714,0.1589025855064392,-1.0274232625961304,29.008501052856445,45.43150329589844,-83.17394256591797
10.733257532119751,0,16.272708892822266,1.5000375509262085,1.5,5.144883155822754,2.004000186920166,2976.0,-0.0,2.0,20.016000747680664,0.030915968120098114,-2.215946674346924,1.9208462238311768,8.691394805908203,-0.07368413358926773,0.20564177632331848,-0.7583066821098328,29.185382843017578,44.18923568725586,-83.00350189208984
10.753400802612305,0,16.30449867248535,1.5182924270629883,1.5,5.083605766296387,2.01200008392334,2960.0,-0.0,2.0,20.00800132751465,0.03179110586643219,-1.8801426887512207,2.208164930343628,10.46259593963623,0.0078098345547914505,0.17301756143569946,-0.505702018737793,30.069787979125977,45.43150329589844,-84.19657135009766
10.773598909378052,0,16.33704376220703,1.5350154638290405,1.5,4.9309773445129395,2.008000135421753,3004.0,-0.05837055668234825,2.0,20.00400161743164,0.03254515305161476,-1.4659247398376465,1.8142987489700317,9.523422241210938,0.024588005617260933,0.06782109290361404,-0.2726718783378601,30.069787979125977,46.1413688659668,-84.5374526977539
10.793919324874878,0,16.367965698242188,1.5393881797790527,1.5,4.7478928565979,2.01200008392334,2952.0,-0.05837055668234825,2.0,20.016000747680664,0.03092147223651409,-0.8086828589439392,1.4288126230239868,12.466046333312988,-0.012430497445166111,0.008165376260876656,-0.09836535155773163,29.362262725830078,45.43150329589844,-83.51482391357422
10.814111948013306,0,16.397520065307617,1.5274505615234375,1.5,4.611330032348633,2.01200008392334,2976.0,-0.6808642745018005,2.0,20.012001037597656,0.0295537281781435,-0.18077144026756287,0.9571309089660645,7.1470561027526855,0.002483431249856949,0.056502483785152435,-0.022996746003627777,29.892906188964844,45.608970642089844,-84.02613830566406
10.834441900253296,0,16.426895141601562,1.5175237655639648,1.5,4.556399822235107,2.01200008392334,2948.0,-0.6808642745018005,2.0,20.00800132751465,0.029374847188591957,-1.398883581161499,0.7835424542427063,8.925439834594727,-0.09485658258199692,0.11748979985713959,0.026671960949897766,30.069787979125977,44.366703033447266,-82.15131378173828
10.854647636413574,0,16.457347869873047,1.518349289894104,1.5,4.527928352355957,2.004000186920166,2956.0,-0.6808642745018005,2.0,20.012001037597656,0.030453631654381752,-2.1961934566497803,0.5213639736175537,10.849279403686523,-0.04372311383485794,0.10204323381185532,0.13746114075183868,29.716026306152344,45.076568603515625,-84.19657135009766
10.874801397323608,0,16.48906707763672,1.5281553268432617,1.5,4.468871593475342,2.01200008392334,2960.0,-0.6981333494186401,2.0,20.00400161743164,0.031719550490379333,-2.1818275451660156,0.5465043783187866,8.665057182312012,0.08517584204673767,0.030669428408145905,0.2715533673763275,30.069787979125977,45.43150329589844,-84.5374526977539
10.895142793655396,0,16.52100944519043,1.5427240133285522,1.5,4.349311351776123,2.008000135421753,2948.0,-0.6981333494186401,2.0,20.012001037597656,0.0319424644112587,-2.3141138553619385,0.8374147415161133,8.119152069091797,0.060807548463344574,0.009496976621448994,0.4084419310092926,29.362262725830078,44.01176834106445,-84.19657135009766
10.915396690368652,0,16.553298950195312,1.5554198026657104,1.5,4.167222023010254,2.008000135421753,2948.0,-0.6981333494186401,2.0,20.00400161743164,0.03228921443223953,-2.373971939086914,0.5578774213790894,6.629283905029297,-0.03773090988397598,0.05916568636894226,0.5726283192634583,28.654739379882812,43.301902770996094,-83.85569763183594
10.935498476028442,0,16.584054946899414,1.5518829822540283,1.5,3.981661081314087,2.01200008392334,2948.0,-0.6981333494186401,2.0,20.00800132751465,0.030756352469325066,-2.6122071743011475,0.5578774213790894,10.313549041748047,-0.012963137589395046,0.14625237882137299,0.7715694308280945,30.24666976928711,45.25403594970703,-83.68525695800781
10.955837965011597,0,16.61293601989746,1.5323585271835327,1.5,3.89034104347229,2.004000186920166,2952.0,-0.6981333494186401,2.0,20.016000747680664,0.02887948788702488,-3.091071844100952,0.7314658761024475,10.021441459655762,-0.024947544559836388,0.12334883958101273,0.9095233082771301,31.131074905395508,44.366703033447266,-84.19657135009766
10.976043224334717,0,16.64171028137207,1.5134590864181519,1.5,3.9124906063079834,2.008000135421753,2968.0,-0.6981333494186401,2.0,20.016000747680664,0.028774911537766457,-3.4550092220306396,0.19394022226333618,8.268198013305664,-0.027877066284418106,0.13520009815692902,1.0653204917907715,30.069787979125977,44.72163772583008,-84.19657135009766
10.996248483657837,0,16.670242309570312,1.4990613460540771,1.5,4.015456199645996,2.01200008392334,2948.0,-0.6981333494186401,2.0,20.00400161743164,0.028532736003398895,-3.0844874382019043,0.03591485694050789,9.233110427856445,-0.007769894786179066,0.08180289715528488,1.2312380075454712,31.661718368530273,43.83430099487305,-83.68525695800781
11.016640186309814,0,16.69980812072754,1.4899213314056396,1.5,4.169191837310791,2.01200008392334,3028.0,-0.6981333494186401,2.0,20.036001205444336,0.029564736410975456,-3.3275113105773926,-0.7685779333114624,7.328426361083984,-0.02840970642864704,0.06901953369379044,1.3440245389938354,29.185382843017578,43.12443542480469,-83.00350189208984
11.036781072616577,0,16.728755950927734,1.4875483512878418,1.5,4.325088024139404,2.008000135421753,2956.0,-0.6981333494186401,2.0,20.012001037597656,0.028948288410902023,-3.7141945362091064,0.6225241422653198,8.997269630432129,-0.15304754674434662,0.15211142599582672,1.4050118923187256,32.192359924316406,43.301902770996094,-83.85569763183594
11.05709457397461,0,16.758697509765625,1.4896036386489868,1.5,4.463120937347412,2.004000186920166,2948.0,-0.6981333494186401,2.0,20.016000747680664,0.029941760003566742,-3.518458604812622,-1.039136528968811,8.709951400756836,-0.11922487616539001,0.03146839141845703,1.5006208419799805,30.777311325073242,43.65683364868164,-85.21920776367188
11.077322006225586,0,16.78949737548828,1.4963659048080444,1.5,4.559707164764404,2.01200008392334,2972.0,-0.6981333494186401,2.0,20.016000747680664,0.030800383538007736,-2.917483329772949,-0.8212530016899109,8.569883346557617,-0.014694218523800373,-0.031915806233882904,1.5572139024734497,31.661718368530273,42.059635162353516,-84.36701202392578
11.097676038742065,0,16.820476531982422,1.5077662467956543,1.5,4.593803405761719,2.008000135421753,2948.0,-0.6981333494186401,2.0,20.00800132751465,0.03097926452755928,-2.8600196838378906,-0.8691394925117493,8.748858451843262,0.05201898515224457,-0.024059364572167397,1.573193073272705,33.25364685058594,42.94696807861328,-84.19657135009766
11.118028163909912,0,16.852636337280273,1.515821933746338,1.5,4.565210342407227,2.01200008392334,3100.0,-0.6981333494186401,2.0,20.288000106811523,0.032159872353076935,-2.7857956886291504,-0.2759458124637604,8.37235164642334,-0.0004460904747247696,0.00017577223479747772,1.5710625648498535,30.777311325073242,42.23710250854492,-84.19657135009766
11.138370275497437,0,16.88102149963379,1.5035382509231567,1.5,4.557361125946045,2.01200008392334,2948.0,-0.6981333494186401,2.0,20.00400161743164,0.028384128585457802,-2.5768909454345703,0.3441840410232544,9.972956657409668,-0.06369712948799133,0.04385227710008621,1.544031023979187,31.838598251342773,41.172298431396484,-82.83306884765625
11.158532619476318,0,16.90875244140625,1.4820259809494019,1.5,4.649877071380615,2.0240001678466797,2952.0,-0.6981333494186401,2.0,20.032001495361328,0.02773190476000309,-2.367387533187866,-0.6087567806243896,8.839842796325684,-0.08513589948415756,0.019483983516693115,1.5387046337127686,30.777311325073242,43.65683364868164,-83.51482391357422
11.178902626037598,0,16.93703269958496,1.4677097797393799,1.5,4.828632354736328,2.004000186920166,2972.0,-0.6981333494186401,2.0,20.00800132751465,0.02827955223619938,-2.5804824829101562,-0.3244308531284332,12.232600212097168,-0.07901053875684738,0.03373211249709129,1.5335114002227783,33.6074104309082,41.5272331237793,-84.5374526977539
11.199077606201172,0,16.96670150756836,1.4729108810424805,1.5,5.002744197845459,2.008000135421753,2952.0,-0.6981333494186401,2.0,20.00400161743164,0.02966931276023388,-2.5170328617095947,-1.2654000520706177,8.640515327453613,-0.030939748510718346,-0.018333477899432182,1.5536185503005981,31.131074905395508,40.81736755371094,-83.17394256591797
11.219301223754883,0,16.998056411743164,1.484218955039978,1.5,5.100804805755615,2.008000135421753,3040.0,-0.6981333494186401,2.0,20.020000457763672,0.03135353699326515,-3.179063320159912,0.08380132913589478,10.06394100189209,-0.007370414212346077,-0.010477034375071526,1.5578796863555908,33.07676696777344,41.7047004699707,-85.38964080810547
11.239625692367554,0,17.026926040649414,1.4820988178253174,1.5,5.163697719573975,2.01200008392334,2948.0,-0.6981333494186401,2.0,20.012001037597656,0.028871232643723488,-2.2644317150115967,0.1729898899793625,6.12108850479126,-0.044388916343450546,0.019483983516693115,1.522592306137085,31.661718368530273,40.63990020751953,-85.38964080810547
11.259815692901611,0,17.056087493896484,1.4771959781646729,1.5,5.249360084533691,2.0280001163482666,2948.0,-0.6981333494186401,2.0,20.02800178527832,0.029160192236304283,-2.708578586578369,0.7955140471458435,11.043818473815918,-0.05650648474693298,0.061296246945858,1.5004876852035522,32.72300338745117,39.930030822753906,-85.73052215576172
11.279995203018188,0,17.086885452270508,1.4865846633911133,1.5,5.311929702758789,2.008000135421753,2972.0,-0.6981333494186401,2.0,20.00800132751465,0.030797632411122322,-2.4894981384277344,-0.6644248366355896,7.296701431274414,-0.024814384058117867,-0.014471838250756264,1.529516577720642,32.54612350463867,40.462432861328125,-86.58271026611328
11.300370454788208,0,17.118446350097656,1.5051525831222534,1.5,5.282381057739258,2.008000135421753,2952.0,-0.6981333494186401,2.0,20.040000915527344,0.031562689691782,-2.244079828262329,0.5411171317100525,10.821744918823242,0.034042373299598694,0.004570053890347481,1.5711957216262817,32.72300338745117,38.51029586791992,-85.73052215576172
11.320535659790039,0,17.149620056152344,1.5117746591567993,1.5,5.18648624420166,2.01200008392334,2964.0,-0.6981333494186401,2.0,20.012001037597656,0.031171904876828194,-2.040562391281128,0.47168177366256714,7.993449687957764,0.05188582092523575,-0.027255205437541008,1.5830469131469727,31.661718368530273,38.51029586791992,-87.7757797241211
11.340898513793945,0,17.17829704284668,1.499392032623291,1.5,5.128656387329102,2.01200008392334,2960.0,-0.6981333494186401,2.0,20.012001037597656,0.028678592294454575,-2.9180819988250732,1.468319058418274,9.543774604797363,-0.03866303339600563,0.12800945341587067,1.5572139024734497,32.89988708496094,38.68776321411133,-86.7531509399414
11.361038446426392,0,17.206640243530273,1.484554648399353,1.5,5.160871982574463,2.004000186920166,2952.0,-0.6981333494186401,2.0,20.00400161743164,0.028342848643660545,-3.144944190979004,-0.4094293415546417,10.323126792907715,-0.12614920735359192,0.09684998542070389,1.561208724975586,32.72300338745117,39.22016525268555,-87.43490600585938
11.381239175796509,0,17.237104415893555,1.4895548820495605,1.5,5.213178634643555,2.008000135421753,2984.0,-0.6981333494186401,2.0,20.00800132751465,0.030464639887213707,-3.3700106143951416,0.19274306297302246,11.211421012878418,-0.05291116237640381,0.06928585469722748,1.6047520637512207,34.13805389404297,37.44549560546875,-88.11666107177734
11.40158724784851,0,17.26919937133789,1.5126711130142212,1.5,5.173585891723633,2.008000135421753,2956.0,-0.6981333494186401,2.0,20.00400161743164,0.032093822956085205,-2.540976047515869,-0.1819685995578766,8.730302810668945,0.027517525479197502,0.005502174608409405,1.6285877227783203,33.4305305480957,38.155364990234375,-88.11666107177734
11.421797037124634,0,17.301593780517578,1.529869794845581,1.5,5.020759582519531,2.008000135421753,2960.0,-0.6981333494186401,2.0,20.00800132751465,0.032393790781497955,-1.8154959678649902,-0.13587787747383118,6.285698413848877,0.042431458830833435,-0.04603077471256256,1.621263861656189,32.015480041503906,37.0905647277832,-87.7757797241211
11.441946506500244,0,17.331233978271484,1.522593379020691,1.5,4.870143413543701,2.01200008392334,2948.0,-0.6981333494186401,2.0,20.012001037597656,0.02964179217815399,-3.1533243656158447,0.9732925891876221,9.476733207702637,-0.06263184547424316,0.11495976150035858,1.569331407546997,31.661718368530273,36.38069534301758,-88.11666107177734
11.462392568588257,0,17.359811782836914,1.5054150819778442,1.5,4.813910961151123,2.008000135421753,2952.0,-0.6981333494186401,2.0,20.00800132751465,0.028576768934726715,-3.3843765258789062,-0.3860847055912018,11.192864418029785,-0.11230055242776871,0.02507670596241951,1.5818485021591187,33.25364685058594,36.9130973815918,-89.30972290039062
11.482527256011963,0,17.389095306396484,1.4965368509292603,1.5,4.8380279541015625,2.01200008392334,2952.0,-0.6981333494186401,2.0,20.00400161743164,0.029284032061696053,-3.053959846496582,-0.345979779958725,10.706218719482422,-0.03173870965838432,-0.007680673152208328,1.6186007261276245,32.015480041503906,34.251094818115234,-90.50279235839844
11.502883195877075,0,17.420007705688477,1.5075314044952393,1.5,4.84634256362915,2.004000186920166,2948.0,-0.6981333494186401,2.0,20.016000747680664,0.03091321513056755,-2.937835216522217,-0.6195312738418579,8.907483100891113,0.04922261834144592,0.008431696332991123,1.644700050354004,33.96117401123047,33.718692779541016,-89.30972290039062
11.523040294647217,0,17.452743530273438,1.5280840396881104,1.5,4.757287979125977,2.008000135421753,2956.0,-0.6981333494186401,2.0,20.012001037597656,0.03273503854870796,-2.7822041511535645,-0.34777551889419556,5.8780646324157715,-0.005239853635430336,-0.03963909298181534,1.633514642715454,31.131074905395508,34.78349304199219,-89.9914779663086
11.543227434158325,0,17.483537673950195,1.5317350625991821,1.5,4.614552974700928,2.008000135421753,2956.0,-0.6981333494186401,2.0,20.00800132751465,0.03079487942159176,-3.1090292930603027,0.8188586831092834,9.749686241149902,-0.08739961683750153,0.04545019939541817,1.6176685094833374,32.89988708496094,33.36376190185547,-89.65060424804688
11.56354570388794,0,17.5120792388916,1.512129306793213,1.5,4.540234565734863,2.01200008392334,2944.0,-0.6981333494186401,2.0,20.00800132751465,0.028540991246700287,-3.3251171112060547,-0.234045147895813,10.511080741882324,-0.14505793154239655,0.029737308621406555,1.601689338684082,30.954193115234375,32.12149429321289,-90.16191864013672
11.583779096603394,0,17.53959083557129,1.4880684614181519,1.5,4.599970817565918,2.008000135421753,2952.0,-0.6981333494186401,2.0,20.00800132751465,0.02751174382865429,-3.4184956550598145,-0.1771799474954605,9.72993278503418,-0.1648987978696823,-0.003552710637450218,1.6273891925811768,30.777311325073242,30.87922477722168,-90.67323303222656
11.60394549369812,0,17.567829132080078,1.4741575717926025,1.5,4.750321865081787,2.0280001163482666,2948.0,-0.6981333494186401,2.0,20.00800132751465,0.028238272294402122,-2.757063627243042,-0.7691764831542969,8.820688247680664,-0.10431095212697983,0.004570053890347481,1.6725305318832397,32.015480041503906,30.701757431030273,-89.48016357421875
11.624384880065918,0,17.597837448120117,1.4769501686096191,1.5,4.911969184875488,2.008000135421753,2972.0,-0.6981333494186401,2.0,20.016000747680664,0.030007807537913322,-2.4050981998443604,-1.3210680484771729,6.0486602783203125,-0.03426875174045563,0.011228058487176895,1.6618777513504028,30.954193115234375,30.701757431030273,-91.52542877197266
11.644487857818604,0,17.62986183166504,1.5017974376678467,1.5,4.968925476074219,2.01200008392334,2948.0,-0.6981333494186401,2.0,20.00400161743164,0.03202502429485321,-2.4811179637908936,-0.39685913920402527,7.088994026184082,-0.09818558394908905,0.09418678283691406,1.615671157836914,29.362262725830078,30.169357299804688,-89.9914779663086
11.664669036865234,0,17.662397384643555,1.5200914144515991,1.5,4.889570236206055,2.01200008392334,2956.0,-0.6981333494186401,2.0,20.016000747680664,0.032534144818782806,-3.7171876430511475,0.4214009642601013,12.902411460876465,-0.1160290390253067,0.07341381162405014,1.583845853805542,28.300975799560547,29.104557037353516,-88.62797546386719
11.6849045753479,0,17.69137191772461,1.510352373123169,1.5,4.812918663024902,2.01200008392334,2948.0,-0.6981333494186401,2.0,20.00400161743164,0.02897580713033676,-2.8211119174957275,0.3735145032405853,9.835283279418945,0.023789042606949806,-0.10555333644151688,1.5633392333984375,29.008501052856445,30.169357299804688,-90.33235931396484
11.70525050163269,0,17.720142364501953,1.4974713325500488,1.5,4.817593574523926,2.0280001163482666,2948.0,-0.6981333494186401,2.0,20.00400161743164,0.02876940742135048,-2.585271120071411,-0.049083635210990906,8.20714282989502,-0.012696817517280579,-0.05135717988014221,1.5550832748413086,28.47785758972168,27.862289428710938,-89.13928985595703
11.725442171096802,0,17.750314712524414,1.4977741241455078,1.5,4.850305557250977,2.01200008392334,2960.0,-0.6981333494186401,2.0,20.012001037597656,0.03017292730510235,-2.540976047515869,-0.37171876430511475,8.67044448852539,-0.13067665696144104,-0.0038190316408872604,1.5588117837905884,28.300975799560547,27.68482208251953,-88.62797546386719
11.745617151260376,0,17.780546188354492,1.5019282102584839,1.5,4.857646942138672,2.004000186920166,2952.0,-0.6981333494186401,2.0,20.00400161743164,0.030230719596147537,-2.759458065032959,-0.31245923042297363,9.546767234802246,-0.09965034574270248,0.0012410525232553482,1.576388955116272,26.885927200317383,27.32988929748535,-88.9688491821289
11.765966415405273,0,17.810260772705078,1.4969803094863892,1.5,4.867891788482666,2.0160000324249268,2980.0,-0.6981333494186401,2.0,20.016000747680664,0.029716096818447113,-2.9575884342193604,0.5991795063018799,8.574671745300293,-0.059569165110588074,0.01575550064444542,1.5789189338684082,27.23969078063965,26.62002182006836,-87.94622039794922
11.786171436309814,0,17.839305877685547,1.4905917644500732,1.5,4.912577152252197,2.01200008392334,2948.0,-0.6981333494186401,2.0,20.016000747680664,0.029044607654213905,-2.7295289039611816,-0.24062953889369965,8.838645935058594,-0.09951718896627426,0.014557059854269028,1.5741251707077026,27.947214126586914,27.68482208251953,-89.9914779663086
11.806516408920288,0,17.869462966918945,1.493790626525879,1.5,4.95994234085083,2.0160000324249268,2948.0,-0.6981333494186401,2.0,20.00800132751465,0.030156416818499565,-3.2945895195007324,-0.3800988793373108,10.022639274597168,-0.11736063659191132,-0.02858680672943592,1.5711957216262817,26.001522064208984,28.217222213745117,-89.13928985595703
11.826707363128662,0,17.90049934387207,1.50148606300354,1.5,4.965663909912109,2.01200008392334,2968.0,-0.6981333494186401,2.0,20.00400161743164,0.03103705681860447,-2.072885751724243,-0.8954770565032959,9.540183067321777,-0.06023496389389038,-0.03777485340833664,1.5936996936798096,25.29399871826172,26.087621688842773,-89.13928985595703
11.846866607666016,0,17.930116653442383,1.4998425245285034,1.5,4.954159736633301,2.01200008392334,2952.0,-0.6981333494186401,2.0,20.012001037597656,0.029617024585604668,-1.951373815536499,0.06285099685192108,7.508599281311035,-0.08580169826745987,0.08779510110616684,1.592101812362671,25.64776039123535,24.312952041625977,-88.45753479003906
11.867284297943115,0,17.95964241027832,1.4893033504486084,1.5,4.981863021850586,2.004000186920166,3068.0,-0.6981333494186401,2.0,20.036001205444336,0.029526207596063614,-2.6409389972686768,-0.18496151268482208,9.387544631958008,-0.09272602200508118,0.05730144679546356,1.5922349691390991,25.64776039123535,27.862289428710938,-88.79840850830078
11.887407302856445,0,17.98802375793457,1.4821959733963013,1.5,5.056354999542236,2.01200008392334,2956.0,-0.6981333494186401,2.0,20.012001037597656,0.02838137559592724,-2.631960391998291,-0.5207654237747192,10.280028343200684,-0.06462924927473068,-0.027122044935822487,1.5962297916412354,25.47087860107422,25.200286865234375,-89.30972290039062
11.907749891281128,0,18.018516540527344,1.4900423288345337,1.5,5.118558883666992,2.01200008392334,2948.0,-0.6981333494186401,2.0,20.012001037597656,0.030492160469293594,-2.641537666320801,-0.32682517170906067,10.735548973083496,0.05148634314537048,0.07341381162405014,1.641504168510437,26.709047317504883,25.73268699645996,-89.48016357421875
11.927961826324463,0,18.05034065246582,1.5058809518814087,1.5,5.101286888122559,2.01200008392334,2964.0,-0.6981333494186401,2.0,20.00800132751465,0.031824126839637756,-2.2805933952331543,0.04549214988946915,7.520570755004883,-0.014028418809175491,-0.020730359479784966,1.6293866634368896,25.824642181396484,23.42561912536621,-87.94622039794922
11.948272228240967,0,18.080862045288086,1.5112627744674683,1.5,5.028774261474609,2.004000186920166,2948.0,-0.6981333494186401,2.0,20.00800132751465,0.030522432178258896,-2.5601305961608887,0.6907624006271362,9.942429542541504,-0.11829275637865067,0.055570363998413086,1.5883733034133911,25.47087860107422,24.490419387817383,-89.65060424804688
11.968669891357422,0,18.11114501953125,1.5030934810638428,1.5,4.97972297668457,2.008000135421753,3116.0,-0.6981333494186401,2.0,20.220001220703125,0.03028300777077675,-2.9575884342193604,-0.06823822855949402,9.671870231628418,-0.11616219580173492,0.0008415710180997849,1.5721278190612793,24.409591674804688,22.36081886291504,-87.94622039794922
11.988921165466309,0,18.139923095703125,1.4970148801803589,1.5,4.981616497039795,2.0160000324249268,2948.0,-0.6981333494186401,2.0,20.00400161743164,0.02877766452729702,-3.0330095291137695,-0.2771429717540741,9.539584159851074,-0.08500273525714874,0.02001662366092205,1.5797178745269775,24.055830001831055,22.005884170532227,-88.62797546386719
12.009200096130371,0,18.17026138305664,1.5009561777114868,1.5,4.987267971038818,2.008000135421753,2952.0,-0.6981333494186401,2.0,20.00800132751465,0.030338048934936523,-2.6984028816223145,-0.5016108155250549,9.215751647949219,-0.0262791458517313,-0.034046366810798645,1.6090131998062134,22.64078140258789,23.78055191040039,-88.28709411621094
12.029387950897217,0,18.201457977294922,1.5088120698928833,1.5,4.953183650970459,2.0160000324249268,2976.0,-0.6981333494186401,2.0,20.00400161743164,0.031196672469377518,-2.426647186279297,-0.20052461326122284,7.9563374519348145,0.0011518299579620361,-0.0014221500605344772,1.6211307048797607,22.817663192749023,24.66788673400879,-86.7531509399414
12.04969835281372,0,18.231502532958984,1.5099228620529175,1.5,4.8997626304626465,2.008000135421753,2948.0,-0.6981333494186401,2.0,20.02800178527832,0.0300435833632946,-2.502068281173706,0.5195682644844055,9.553351402282715,-0.08646749705076218,0.12521308660507202,1.5895717144012451,22.64078140258789,22.005884170532227,-85.90095520019531
12.069912672042847,0,18.261455535888672,1.5032639503479004,1.5,4.87302827835083,2.004000186920166,3008.0,-0.6981333494186401,2.0,20.00800132751465,0.029952768236398697,-3.522648811340332,-0.0035914855543524027,10.875018119812012,-0.08633434027433395,0.058766208589076996,1.586509108543396,23.702068328857422,23.42561912536621,-85.5600814819336
12.090125560760498,0,18.29094696044922,1.5024504661560059,1.5,4.872290134429932,2.01200008392334,2948.0,-0.6981333494186401,2.0,20.00800132751465,0.029493184760212898,-2.593651056289673,-0.733860194683075,7.689969062805176,-0.026412304490804672,-0.05521882325410843,1.6096789836883545,20.69508934020996,22.538284301757812,-86.7531509399414
12.11024284362793,0,18.322124481201172,1.5124435424804688,1.5,4.843543529510498,2.008000135421753,2952.0,-0.6981333494186401,2.0,20.012001037597656,0.031177407130599022,-2.2638330459594727,-0.6494603157043457,9.765249252319336,0.04163249582052231,0.0506434440612793,1.6401726007461548,21.048851013183594,23.958019256591797,-86.41226959228516
12.130649089813232,0,18.353445053100586,1.5193970203399658,1.5,4.764472961425781,2.008000135421753,2964.0,-0.6981333494186401,2.0,20.00800132751465,0.03132051229476929,-2.1764402389526367,-0.5830178260803223,7.315257549285889,0.003948193043470383,0.002838972955942154,1.6399062871932983,21.756376266479492,25.02281951904297,-87.43490600585938
12.150791645050049,0,18.382253646850586,1.5071096420288086,1.5,4.71274995803833,2.008000135421753,2944.0,-0.6981333494186401,2.0,20.00800132751465,0.02880793623626232,-2.6618893146514893,0.8984699845314026,10.344077110290527,-0.06236552447080612,0.07141641527414322,1.6026214361190796,21.933256149291992,24.135486602783203,-86.92359161376953
12.170977354049683,0,18.41015625,1.484606146812439,1.5,4.772134780883789,2.004000186920166,2980.0,-0.6981333494186401,2.0,20.00400161743164,0.027902528643608093,-2.6576993465423584,-0.6835794448852539,8.946989059448242,-0.08420377969741821,0.10763595253229141,1.617402195930481,19.987564086914062,22.893218994140625,-86.7531509399414
12.191367864608765,0,18.439027786254883,1.4797608852386475,1.5,4.8977179527282715,2.01200008392334,2952.0,-0.6981333494186401,2.0,20.012001037597656,0.028871232643723488,-3.3664190769195557,-0.44294989109039307,10.247106552124023,-0.10777311027050018,0.04039011523127556,1.626989722251892,19.987564086914062,23.248151779174805,-86.07139587402344
12.211496829986572,0,18.470748901367188,1.4992860555648804,1.5,4.959963798522949,2.004000186920166,2948.0,-0.6981333494186401,2.0,20.00400161743164,0.0317223034799099,-2.505061149597168,-1.0319535732269287,9.753875732421875,-0.05930284410715103,-0.03444585204124451,1.635245680809021,20.518207550048828,24.135486602783203,-86.92359161376953
12.231715440750122,0,18.503828048706055,1.5242414474487305,1.5,4.882096290588379,2.004000186920166,2968.0,-0.6981333494186401,2.0,20.00800132751465,0.03307903930544853,-2.296755075454712,0.3423883020877838,6.647839546203613,-0.05890336632728577,-0.061876825988292694,1.6056841611862183,17.334348678588867,25.910154342651367,-130.21495056152344
12.252124071121216,0,18.534421920776367,1.5270706415176392,1.5,4.7401862144470215,2.008000135421753,2960.0,-0.6981333494186401,2.0,20.00800132751465,0.030593983829021454,-2.712768793106079,0.5369271039962769,9.553351402282715,-0.06942301243543625,0.12148460000753403,1.5652034282684326,19.987564086914062,23.958019256591797,-88.11666107177734
12.272250175476074,0,18.561721801757812,1.4960089921951294,1.5,4.705158233642578,2.008000135421753,2960.0,-0.6981333494186401,2.0,20.00800132751465,0.02729984000325203,-3.2054009437561035,-0.4453442096710205,11.225786209106445,-0.07301833480596542,0.004170574247837067,1.5640050172805786,18.926279067993164,23.958019256591797,-88.79840850830078
12.292429685592651,0,18.588380813598633,1.4683191776275635,1.5,4.845694541931152,2.008000135421753,2956.0,-0.6981333494186401,2.0,20.012001037597656,0.026658624410629272,-2.6535091400146484,-0.6249184608459473,9.449796676635742,-0.03453507274389267,-0.022860923781991005,1.6042194366455078,19.987564086914062,23.603086471557617,-89.48016357421875
12.312781810760498,0,18.617738723754883,1.468794345855713,1.5,5.034183025360107,2.004000186920166,2948.0,-0.6981333494186401,2.0,20.00800132751465,0.029358336701989174,-2.502068281173706,-0.6368901133537292,6.5197434425354,-0.0353340320289135,-0.009544914588332176,1.6351125240325928,17.157466888427734,22.538284301757812,-89.48016357421875
12.332931518554688,0,18.650279998779297,1.4958717823028564,1.5,5.115886211395264,2.0160000324249268,2956.0,-0.6981333494186401,2.0,20.00400161743164,0.032539647072553635,-2.0261964797973633,-0.538722813129425,7.145260334014893,-0.08806542307138443,-0.036176927387714386,1.6208643913269043,18.041872024536133,23.42561912536621,-88.9688491821289
12.35334062576294,0,18.683752059936523,1.5285429954528809,1.5,5.009230136871338,2.0400002002716064,2948.0,-0.6981333494186401,2.0,20.012001037597656,0.03347257524728775,-2.7893872261047363,-0.6051653027534485,8.513017654418945,-0.09259286522865295,0.04371911659836769,1.6015561819076538,15.388655662536621,23.603086471557617,-88.79840850830078
12.373482704162598,0,18.7141170501709,1.5247490406036377,1.5,4.842569828033447,2.004000186920166,2960.0,-0.6981333494186401,2.0,20.00400161743164,0.03036556765437126,-2.751676559448242,1.0026230812072754,11.072549819946289,0.000486031174659729,0.08313450217247009,1.5919686555862427,17.334348678588867,23.0706844329834,-90.67323303222656
12.393672466278076,0,18.74127197265625,1.496368408203125,1.5,4.80721378326416,2.01200008392334,2948.0,-0.6981333494186401,2.0,20.00800132751465,0.02715398371219635,-2.04355525970459,-0.6530517935752869,7.912042617797852,-0.07954318076372147,0.032799988985061646,1.575856328010559,17.334348678588867,24.135486602783203,-91.01410675048828
12.41401195526123,0,18.769351959228516,1.4794529676437378,1.5,4.902886867523193,2.0160000324249268,2952.0,-0.6981333494186401,2.0,20.012001037597656,0.028081407770514488,-2.889948606491089,-0.4854491353034973,8.550129890441895,-0.16436615586280823,0.05796724557876587,1.5685324668884277,16.096179962158203,23.248151779174805,-90.84367370605469
12.434187650680542,0,18.799819946289062,1.4875459671020508,1.5,4.998354434967041,2.0320000648498535,2956.0,-0.6981333494186401,2.0,20.00800132751465,0.03046739287674427,-2.459568977355957,-0.9074487090110779,9.25885009765625,-0.08859805762767792,0.03026995062828064,1.5999583005905151,14.504250526428223,23.0706844329834,-91.01410675048828
12.454388856887817,0,18.831523895263672,1.5053588151931763,1.5,5.000751972198486,2.0160000324249268,2948.0,-0.6981333494186401,2.0,20.00800132751465,0.03170304000377655,-2.9061102867126465,0.1610182672739029,7.552295684814453,-0.06556136906147003,0.10896755754947662,1.5926344394683838,15.919299125671387,21.650951385498047,-92.37761688232422
12.474581480026245,0,18.8622989654541,1.5087615251541138,1.5,4.946442604064941,2.004000186920166,2964.0,-0.6981333494186401,2.0,20.00800132751465,0.030775615945458412,-3.226351261138916,0.3172478973865509,11.2886381149292,-0.04358995705842972,-0.03644324839115143,1.5774542093276978,14.681131362915039,21.47348403930664,-93.22981262207031
12.494924068450928,0,18.891450881958008,1.5020278692245483,1.5,4.919056415557861,2.004000186920166,2944.0,-0.6981333494186401,2.0,20.00800132751465,0.029151935130357742,-2.667276620864868,-0.12869489192962646,7.3631439208984375,-0.03999463468790054,-0.10102589428424835,1.5644044876098633,15.388655662536621,22.538284301757812,-93.57068634033203
12.515139818191528,0,18.921491622924805,1.5014625787734985,1.5,4.917470455169678,2.0160000324249268,2952.0,-0.6981333494186401,2.0,20.00400161743164,0.030040832236409187,-3.053361415863037,-0.12689915299415588,10.29499340057373,-0.003242451697587967,0.01602182164788246,1.5875743627548218,15.388655662536621,21.82841682434082,-93.91156005859375
12.535468578338623,0,18.9525089263916,1.5109003782272339,1.5,4.885622978210449,2.008000135421753,2952.0,-0.6981333494186401,2.0,20.012001037597656,0.031017791479825974,-2.3105223178863525,-0.5818206667900085,8.38731575012207,-0.059569165110588074,-0.03830748796463013,1.600490927696228,14.681131362915039,21.47348403930664,-92.54805755615234
12.555702209472656,0,18.98333740234375,1.515040397644043,1.5,4.81619930267334,2.052000045776367,2956.0,-0.6981333494186401,2.0,20.00800132751465,0.030827904120087624,-2.0944347381591797,-0.27774155139923096,6.881885051727295,-0.0459868386387825,0.037860073149204254,1.6095458269119263,15.919299125671387,20.941083908081055,-91.69586181640625
12.575848817825317,0,19.012569427490234,1.5030728578567505,1.5,4.7803449630737305,2.004000186920166,2964.0,-0.6981333494186401,2.0,20.00800132751465,0.02923174388706684,-2.666677951812744,0.18077144026756287,8.529778480529785,-0.08753278106451035,0.08446609973907471,1.6015561819076538,14.150487899780273,20.586149215698242,-91.69586181640625
12.596197128295898,0,19.040773391723633,1.489350438117981,1.5,4.827872276306152,2.008000135421753,2948.0,-0.6981333494186401,2.0,20.012001037597656,0.028205247595906258,-2.887554407119751,-0.8457948565483093,9.516838073730469,-0.11283319443464279,0.014423899352550507,1.6066162586212158,15.211774826049805,20.231216430664062,-92.37761688232422
12.616568088531494,0,19.072084426879883,1.4942845106124878,1.5,4.893212795257568,2.004000186920166,3016.0,-0.6981333494186401,2.0,20.23200035095215,0.03130950406193733,-2.9815316200256348,-0.7973098158836365,11.222195625305176,-0.07248569279909134,-0.0375085324048996,1.6160706281661987,14.150487899780273,20.231216430664062,-92.0367431640625
12.6368989944458,0,19.103410720825195,1.5127286911010742,1.5,4.873639106750488,2.0160000324249268,2952.0,-0.6981333494186401,2.0,20.00800132751465,0.031326014548540115,-2.0244007110595703,-0.5231597423553467,7.965914726257324,-0.007237253710627556,-0.019531918689608574,1.640838384628296,13.619845390319824,19.343881607055664,-91.1845474243164
12.657139539718628,0,19.134592056274414,1.5207425355911255,1.5,4.77884578704834,2.0160000324249268,2956.0,-0.6981333494186401,2.0,20.00800132751465,0.031182911247015,-2.0932374000549316,0.3944648206233978,8.518404960632324,-0.0903291404247284,0.07581069320440292,1.6068825721740723,12.912321090698242,20.76361656188965,-90.50279235839844
12.677257537841797,0,19.163040161132812,1.500324010848999,1.5,4.737782955169678,2.008000135421753,2968.0,-0.6981333494186401,2.0,20.012001037597656,0.02844742313027382,-2.9061102867126465,-0.2609812915325165,11.269482612609863,-0.03520087152719498,0.12041932344436646,1.601023554801941,11.674153327941895,19.52134895324707,-90.33235931396484
12.69765019416809,0,19.19048309326172,1.4796321392059326,1.5,4.827487468719482,2.004000186920166,2956.0,-0.6981333494186401,2.0,20.00800132751465,0.027442943304777145,-3.3640248775482178,-0.5453072190284729,9.645532608032227,0.03590661287307739,-0.09117204695940018,1.607947826385498,12.912321090698242,19.698816299438477,-89.13928985595703
12.718178272247314,0,19.221778869628906,1.4858366250991821,1.5,4.942741394042969,2.0160000324249268,3108.0,-0.6981333494186401,2.0,20.284000396728516,0.031295742839574814,-2.300346612930298,-0.9086458683013916,7.728278160095215,0.03231129050254822,0.011094897985458374,1.636444091796875,12.381677627563477,19.87628173828125,-87.60533905029297
12.738377094268799,0,19.253801345825195,1.512376308441162,1.5,4.939597129821777,2.0160000324249268,2952.0,-0.6981333494186401,2.0,20.012001037597656,0.03202227130532265,-3.065931558609009,-0.146053746342659,10.320134162902832,-0.05650648474693298,0.0443849191069603,1.5797178745269775,10.612866401672363,20.941083908081055,-86.58271026611328
12.758520364761353,0,19.286027908325195,1.5293664932250977,1.5,4.810494422912598,2.0199999809265137,2944.0,-0.6981333494186401,2.0,20.00800132751465,0.032225921750068665,-1.828664779663086,-0.08380132913589478,8.222107887268066,-0.05530804395675659,-0.07106487452983856,1.6003577709197998,9.905342102050781,20.941083908081055,-86.24183654785156
12.778859615325928,0,19.315277099609375,1.5149364471435547,1.5,4.700433254241943,2.004000186920166,2968.0,-0.6981333494186401,2.0,20.016000747680664,0.029251007363200188,-2.3895349502563477,0.3902747631072998,8.461540222167969,0.03058020956814289,0.0656905323266983,1.6119426488876343,9.374698638916016,22.538284301757812,-88.45753479003906
12.799214363098145,0,19.34263801574707,1.4906370639801025,1.5,4.723259449005127,2.004000186920166,2956.0,-0.6981333494186401,2.0,20.032001495361328,0.027360383421182632,-2.9935030937194824,-0.29270607233047485,10.042391777038574,-0.03173870965838432,0.1100328341126442,1.6091463565826416,8.490293502807617,20.231216430664062,-84.87832641601562
12.819419384002686,0,19.37189483642578,1.4797425270080566,1.5,4.838927745819092,2.004000186920166,3036.0,-0.6981333494186401,2.0,20.00400161743164,0.029256511479616165,-2.6499178409576416,-0.8445976972579956,10.503299713134766,-0.11909171938896179,0.01429073978215456,1.6112768650054932,9.374698638916016,21.47348403930664,-85.73052215576172
12.839562177658081,0,19.402252197265625,1.4923762083053589,1.5,4.924339771270752,2.004000186920166,2952.0,-0.6981333494186401,2.0,20.012001037597656,0.03035731241106987,-2.2781989574432373,-1.0056159496307373,7.47747278213501,-0.03653247281908989,-0.051756665110588074,1.6341804265975952,6.190838813781738,23.248151779174805,-84.02613830566406
12.859766960144043,0,19.434640884399414,1.5149070024490356,1.5,4.891781330108643,2.01200008392334,2956.0,-0.6981333494186401,2.0,20.00800132751465,0.03238828852772713,-2.594249725341797,-0.12151192873716354,7.18356990814209,-0.09898454695940018,0.03919167444109917,1.5986266136169434,7.959649562835693,23.603086471557617,-85.73052215576172
12.880136013031006,0,19.4652099609375,1.5149002075195312,1.5,4.804327011108398,2.008000135421753,2968.0,-0.6981333494186401,2.0,20.012001037597656,0.03056921623647213,-3.7566938400268555,-0.03890775889158249,11.378424644470215,-0.042391516268253326,0.01016277726739645,1.5742583274841309,6.544600963592529,25.73268699645996,-85.73052215576172
12.90029263496399,0,19.49373435974121,1.5011231899261475,1.5,4.7797956466674805,2.004000186920166,2948.0,-0.6981333494186401,2.0,20.02800178527832,0.028524480760097504,-2.7349162101745605,0.5453072190284729,9.44141674041748,0.05375006049871445,-0.10808337479829788,1.577054738998413,6.013957500457764,25.555221557617188,-83.85569763183594
12.920486211776733,0,19.523271560668945,1.494093894958496,1.5,4.818377494812012,2.008000135421753,2968.0,-0.6981333494186401,2.0,20.00800132751465,0.02953721582889557,-2.1518983840942383,-0.5973837375640869,8.337035179138184,-0.03733143210411072,-0.004351671785116196,1.585976481437683,3.360740900039673,26.797489166259766,-84.36701202392578
12.940831422805786,0,19.553754806518555,1.5018149614334106,1.5,4.841890335083008,2.004000186920166,2944.0,-0.6981333494186401,2.0,20.016000747680664,0.030483903363347054,-2.0531325340270996,-0.27953729033470154,9.737714767456055,-0.12335284054279327,0.05730144679546356,1.606749415397644,4.422027587890625,27.862289428710938,-85.38964080810547
12.961079597473145,0,19.58468246459961,1.5092525482177734,1.5,4.813243389129639,2.008000135421753,2948.0,-0.6981333494186401,2.0,20.012001037597656,0.03092697635293007,-2.494885206222534,-0.772767961025238,8.998467445373535,-0.05504172295331955,0.06102992594242096,1.6199322938919067,3.8913843631744385,28.039756774902344,-84.87832641601562
12.981430530548096,0,19.61419677734375,1.500738263130188,1.5,4.794295310974121,2.004000186920166,2980.0,-0.6981333494186401,2.0,20.016000747680664,0.02951519936323166,-3.005474805831909,0.592595100402832,8.42562484741211,-0.02015378139913082,0.026807786896824837,1.611143708229065,3.8913843631744385,30.87922477722168,-86.58271026611328
13.001656770706177,0,19.642311096191406,1.4854391813278198,1.5,4.851736545562744,2.01200008392334,2948.0,-0.6981333494186401,2.0,20.016000747680664,0.028114432469010353,-2.883962869644165,0.055668026208877563,8.856603622436523,-0.056772805750370026,0.028405707329511642,1.5911697149276733,4.952671051025391,29.104557037353516,-85.90095520019531
13.02177381515503,0,19.671199798583984,1.4754542112350464,-0.0,-1.4149190187454224,2.008000135421753,2976.0,-0.6981333494186401,2.0,20.00800132751465,0.02888774313032627,-3.0006861686706543,-0.49562501907348633,9.623984336853027,-0.11323267221450806,0.007499575614929199,1.5817153453826904,4.422027587890625,31.411624908447266,-85.38964080810547
13.04209852218628,0,19.695560455322266,1.4301979541778564,-0.0,-8.208422660827637,2.0160000324249268,2952.0,-0.6981333494186401,2.0,20.016000747680664,0.02436070330440998,-2.4362244606018066,-1.2211050987243652,9.96098518371582,-0.02308330312371254,-0.02232828177511692,1.6187338829040527,4.5989089012146,30.5242919921875,-86.24183654785156
13.062272787094116,0,19.707679748535156,1.2803800106048584,-0.0,-13.718719482421875,2.008000135421753,2952.0,-0.6981333494186401,2.0,20.032001495361328,0.012119808234274387,-2.5176312923431396,-0.7320644855499268,6.0456671714782715,-0.06050128489732742,0.04331963509321213,1.6216633319854736,3.360740900039673,31.411624908447266,-86.7531509399414
13.082640647888184,0,19.71613121032715,1.124875783920288,-0.0,-17.76151466369629,2.008000135421753,2972.0,-0.0,2.0,20.00800132751465,0.008451391942799091,-2.6870298385620117,-3.022235155105591,14.337210655212402,-0.2305467128753662,0.015089699998497963,1.6178016662597656,3.8913843631744385,32.653892517089844,-88.11666107177734
13.102813959121704,0,19.723861694335938,0.9928791522979736,-0.0,-20.594011306762695,2.004000186920166,2952.0,-0.0,2.0,20.00400161743164,0.007730368059128523,-2.2799947261810303,-4.709036350250244,9.776023864746094,-0.06023496389389038,-0.1594831645488739,1.6862460374832153,3.714503288269043,33.54122543334961,-88.79840850830078
13.122997999191284,0,19.726539611816406,0.8377475738525391,0.0,-21.031768798828125,2.0160000324249268,2968.0,-0.0,0.0,20.00400161743164,0.002677696058526635,-0.8499849438667297,-4.398372650146484,6.113905429840088,0.1604112833738327,-0.04323441535234451,1.7818548679351807,4.245146751403809,34.78349304199219,-89.30972290039062
13.143399238586426,0,19.735809326171875,0.7728647589683533,0.0,-21.031768798828125,2.0160000324249268,2956.0,-0.0,0.0,20.016000747680664,0.009268736466765404,0.944560706615448,-3.896761894226074,6.726253986358643,0.012736758217215538,-0.05734938383102417,1.7059537172317505,3.8913843631744385,33.36376190185547,-89.65060424804688
13.163531303405762,0,19.74999237060547,0.7617812752723694,0.0,-21.031768798828125,2.01200008392334,2952.0,-0.0,0.0,20.012001037597656,0.014183808118104935,1.3456099033355713,-3.7195818424224854,8.811111450195312,-0.021884862333536148,-0.04509865492582321,1.5231249332427979,4.775789737701416,34.251094818115234,-89.13928985595703
13.183733224868774,0,19.7677059173584,0.7846845388412476,0.0,-21.031768798828125,2.01200008392334,2948.0,-0.0,0.0,20.012001037597656,0.017714623361825943,1.5790565013885498,-3.1946263313293457,9.036776542663574,-0.05730544775724411,-0.000889509916305542,1.2072691917419434,5.129551887512207,33.54122543334961,-88.45753479003906
13.204091310501099,0,19.790298461914062,0.8470461964607239,0.0,-21.031768798828125,2.0199999809265137,2944.0,-0.0,0.0,20.02800178527832,0.02259116806089878,0.944560706615448,-3.194027900695801,11.218005180358887,-0.05610700696706772,-0.07359491288661957,0.8494681119918823,4.245146751403809,33.36376190185547,-88.62797546386719
13.224274635314941,0,19.814876556396484,0.9143471717834473,0.0,-21.031768798828125,2.01200008392334,2960.0,-0.0,0.0,20.00800132751465,0.024578111246228218,0.22386926412582397,-2.037569522857666,9.319905281066895,0.056812748312950134,-0.051623500883579254,0.47422298789024353,4.068265438079834,36.73563003540039,-89.48016357421875
13.244483709335327,0,19.838611602783203,0.9639386534690857,0.0,-21.031768798828125,2.01200008392334,2956.0,-0.0,0.0,20.00800132751465,0.023736000061035156,0.24661533534526825,-1.0798399448394775,9.750285148620605,0.05494850128889084,-0.16494272649288177,0.14052382111549377,4.068265438079834,34.251094818115234,-90.84367370605469
13.264663934707642,0,19.861169815063477,0.991578221321106,0.0,-21.031768798828125,2.0160000324249268,2948.0,-0.0,0.0,20.00400161743164,0.022558143362402916,0.6871709227561951,-0.7362545132637024,9.70958137512207,-0.0009787306189537048,-0.2444392889738083,-0.07293177396059036,3.5376219749450684,35.138427734375,-88.62797546386719
13.28506088256836,0,19.88178825378418,0.9995067715644836,0.0,-21.031768798828125,2.01200008392334,2952.0,-0.0,0.0,20.00800132751465,0.020617984235286713,1.0786428451538086,-0.8344218134880066,8.870969772338867,-0.02508070506155491,-0.2239326387643814,-0.19224321842193604,4.775789737701416,33.18629455566406,-88.45753479003906
13.305241346359253,0,19.901222229003906,0.9943795204162598,0.0,-21.031768798828125,2.01200008392334,2948.0,-0.0,0.0,20.020000457763672,0.019434623420238495,0.5572788715362549,-0.27055856585502625,7.0632548332214355,-0.04398943483829498,-0.075059674680233,-0.20968718826770782,4.068265438079834,33.89616012573242,-87.09402465820312
13.325411558151245,0,19.92014503479004,0.9844875931739807,0.0,-21.031768798828125,2.01200008392334,2964.0,-0.0,0.0,20.016000747680664,0.018922751769423485,-0.16580691933631897,-0.3244308531284332,7.372122764587402,-0.0691566914319992,0.04584968090057373,-0.16933967173099518,3.714503288269043,33.54122543334961,-89.13928985595703
13.345817804336548,0,19.9392147064209,0.9799384474754333,0.0,-21.031768798828125,2.01200008392334,2948.0,-0.0,0.0,20.012001037597656,0.019068608060479164,-0.2292564958333969,-0.9266032576560974,8.730901718139648,-0.03626615181565285,-0.005150631070137024,-0.12965796887874603,3.006978750228882,34.251094818115234,-88.45753479003906
13.36606764793396,0,19.959375381469727,0.9835408926010132,0.0,-21.031768798828125,2.01200008392334,2984.0,-0.0,0.0,20.012001037597656,0.020161151885986328,-0.08679423481225967,-0.8954770565032959,8.776991844177246,0.046559423208236694,-0.03591061383485794,-0.1075533926486969,5.129551887512207,32.47642517089844,-87.43490600585938
13.38621473312378,0,19.979459762573242,0.9887444972991943,0.0,-21.031768798828125,2.01200008392334,2952.0,-0.0,0.0,20.012001037597656,0.020084096118807793,0.46988603472709656,-0.5129838585853577,10.04358959197998,0.04070037603378296,0.03413159400224686,-0.10662127286195755,3.8913843631744385,32.653892517089844,-87.94622039794922
13.406555652618408,0,19.99939727783203,0.9900225400924683,0.0,-21.031768798828125,2.004000186920166,2948.0,-0.0,0.0,20.00800132751465,0.019938239827752113,-0.14425800740718842,0.2531997263431549,10.960615158081055,0.01593259908258915,-0.026056764647364616,-0.09903115034103394,6.190838813781738,34.251094818115234,-87.7757797241211
13.426717519760132,0,20.018569946289062,0.9829299449920654,0.0,-21.031768798828125,2.01200008392334,2956.0,-0.0,0.0,20.012001037597656,0.019173184409737587,-0.2849245071411133,-0.03352053090929985,8.712345123291016,0.01300307922065258,-0.04922661930322647,-0.08238613605499268,4.5989089012146,35.138427734375,-87.94622039794922
13.447072982788086,0,20.036659240722656,0.9698119759559631,0.0,-21.031768798828125,2.01200008392334,2948.0,-0.0,0.0,20.012001037597656,0.018088895827531815,0.10594882071018219,-0.42080238461494446,7.4068403244018555,-0.00870201550424099,-0.06334158778190613,-0.06134685128927231,4.068265438079834,33.89616012573242,-88.11666107177734
13.467296600341797,0,20.054840087890625,0.9544234275817871,0.0,-21.031768798828125,2.008000135421753,3072.0,-0.0,0.0,20.00800132751465,0.01817971281707287,0.8206544518470764,-0.6386858224868774,9.780213356018066,-0.02934182807803154,-0.028054164722561836,-0.06587429344654083,2.4763355255126953,33.36376190185547,-87.60533905029297
13.487470865249634,0,20.072132110595703,0.9426248669624329,0.0,-21.031768798828125,2.01200008392334,2948.0,-0.0,0.0,20.00800132751465,0.017293568700551987,0.38967618346214294,0.03292195126414299,9.860424041748047,-0.001378210261464119,0.01895134337246418,-0.07905713468790054,4.5989089012146,33.36376190185547,-88.62797546386719
13.507744550704956,0,20.0900821685791,0.934408962726593,0.0,-21.031768798828125,2.004000186920166,2952.0,-0.0,0.0,20.012001037597656,0.017948543652892113,0.35256415605545044,-1.3019134998321533,8.917658805847168,0.025786446407437325,0.04185487702488899,-0.07892397791147232,6.544600963592529,34.251094818115234,-89.48016357421875
13.528016328811646,0,20.107969284057617,0.925594687461853,0.0,-21.031768798828125,2.0160000324249268,2964.0,-0.0,0.0,20.00800132751465,0.01788800023496151,-0.028133302927017212,0.049083635210990906,8.932024955749512,0.011405156925320625,0.00763273611664772,-0.08291877806186676,5.660195350646973,31.94402503967285,-88.62797546386719
13.548194169998169,0,20.125125885009766,0.9146818518638611,0.0,-21.031768798828125,2.01200008392334,2940.0,-0.0,0.0,20.00400161743164,0.0171559676527977,0.13348354399204254,-0.4261896312236786,8.986495018005371,0.020326880738139153,0.05144239962100983,-0.09077522158622742,4.245146751403809,34.42856216430664,-86.92359161376953
13.56846022605896,0,20.142358779907227,0.900090754032135,0.0,-21.031768798828125,2.004000186920166,3100.0,-0.0,0.0,20.00800132751465,0.017233023419976234,0.32083937525749207,-1.0211790800094604,8.94100284576416,0.0446951761841774,0.036794792860746384,-0.09650110453367233,5.306433200836182,34.78349304199219,-89.30972290039062
13.589394092559814,0,20.158279418945312,0.8863495588302612,0.0,-21.031768798828125,2.004000186920166,2940.0,-0.0,0.0,20.00400161743164,0.01592032052576542,-0.204116091132164,0.3202407956123352,10.125595092773438,0.016731558367609978,0.03226735070347786,-0.10209383070468903,4.775789737701416,34.960960388183594,-87.7757797241211
13.608947277069092,0,20.174480438232422,0.8726432919502258,0.0,-21.031768798828125,2.008000135421753,2948.0,-0.0,0.0,20.012001037597656,0.016201024875044823,0.13887077569961548,-1.0720584392547607,8.567488670349121,-0.007903054356575012,0.018551861867308617,-0.10901815444231033,5.660195350646973,33.718692779541016,-88.28709411621094
13.629119873046875,0,20.19076919555664,0.8595062494277954,0.0,-21.031768798828125,2.008000135421753,3004.0,-0.0,0.0,20.00800132751465,0.016289088875055313,-0.02873188443481922,-0.04130208492279053,9.234308242797852,0.021525321528315544,0.012160178273916245,-0.10968395322561264,6.190838813781738,32.47642517089844,-87.7757797241211
13.649482250213623,0,20.206300735473633,0.8468934297561646,0.0,-21.031768798828125,2.01200008392334,2944.0,-0.0,0.0,20.00400161743164,0.015532287769019604,0.20591184496879578,-0.6099539399147034,8.161650657653809,0.020992683246731758,0.00044209137558937073,-0.10515651106834412,5.129551887512207,33.54122543334961,-88.11666107177734
13.66967487335205,0,20.221935272216797,0.8322826623916626,0.0,-21.031768798828125,2.004000186920166,3024.0,-0.0,0.0,20.00800132751465,0.015634112060070038,-0.1921444833278656,-0.38249319791793823,10.302176475524902,0.017530521377921104,-0.0303178858011961,-0.09743322432041168,5.129551887512207,34.251094818115234,-88.45753479003906
13.689871788024902,0,20.23654556274414,0.8166170120239258,0.0,-21.031768798828125,2.0160000324249268,2952.0,-0.0,0.0,20.00800132751465,0.014610367827117443,-0.10774456709623337,0.37770456075668335,9.104415893554688,-0.00976729579269886,-0.0023542698472738266,-0.10156118869781494,4.5989089012146,34.78349304199219,-87.60533905029297
13.710235118865967,0,20.250938415527344,0.7991288304328918,0.0,-21.031768798828125,2.004000186920166,2944.0,-0.0,0.0,20.00400161743164,0.014392959885299206,0.6123482584953308,-1.1941689252853394,7.388883113861084,-0.019354822114109993,0.011494378559291363,-0.08025557547807693,4.245146751403809,33.36376190185547,-88.28709411621094
13.730419397354126,0,20.264995574951172,0.7805526852607727,0.0,-21.031768798828125,2.01200008392334,2968.0,-0.0,0.0,20.00800132751465,0.014057216234505177,-0.18256717920303345,-0.046689312905073166,10.708014488220215,-0.04292415827512741,0.025343026965856552,-0.08970994502305984,4.952671051025391,33.36376190185547,-88.9688491821289
13.750578165054321,0,20.278486251831055,0.7626515626907349,0.0,-21.031768798828125,2.008000135421753,2948.0,-0.0,0.0,20.012001037597656,0.013490304350852966,-0.04309782758355141,-0.04429498687386513,9.623385429382324,-0.009367815218865871,0.008964336477220058,-0.09370474517345428,4.068265438079834,33.89616012573242,-87.7757797241211
13.770742654800415,0,20.292009353637695,0.7457577586174011,0.0,-21.031768798828125,2.01200008392334,2964.0,-0.0,0.0,20.00400161743164,0.013523328118026257,0.19932745397090912,-0.8332246541976929,8.58664321899414,0.03231129050254822,-0.02139616198837757,-0.09197366237640381,5.306433200836182,33.36376190185547,-86.92359161376953
13.791109561920166,0,20.30526351928711,0.7319443821907043,0.0,-21.031768798828125,2.01200008392334,2948.0,-0.0,0.0,20.00400161743164,0.013253632001578808,0.0005985809257254004,-0.11971618235111237,9.934048652648926,0.005013473331928253,0.00869801640510559,-0.10422439128160477,4.952671051025391,33.008827209472656,-87.94622039794922
13.811283588409424,0,20.318464279174805,0.7189699411392212,0.0,-21.031768798828125,2.0199999809265137,2944.0,-0.0,0.0,20.012001037597656,0.013201343826949596,0.2933046519756317,-0.7536134123802185,9.609618186950684,0.004480833187699318,0.018152382224798203,-0.10355859249830246,5.483314037322998,34.960960388183594,-87.43490600585938
13.831469774246216,0,20.33143424987793,0.7053464651107788,0.0,-21.031768798828125,2.0160000324249268,2956.0,-0.0,0.0,20.00800132751465,0.012970175594091415,-0.004190066363662481,-0.34478262066841125,9.797572135925293,0.028050167486071587,0.03319947049021721,-0.09809903055429459,6.367719650268555,34.07362747192383,-87.94622039794922
13.851832866668701,0,20.343860626220703,0.6911365389823914,0.0,-21.031768798828125,2.004000186920166,2948.0,-0.0,0.0,20.00400161743164,0.012425280176103115,0.049083635210990906,-0.4022463858127594,8.394498825073242,0.026984887197613716,-0.02965208701789379,-0.08970994502305984,5.660195350646973,34.42856216430664,-88.28709411621094
13.871998310089111,0,20.356130599975586,0.6764557361602783,0.0,-21.031768798828125,2.01200008392334,2960.0,-0.0,0.0,20.00800132751465,0.01227116771042347,-0.2831287682056427,-0.11792044341564178,8.522595405578613,0.03497449308633804,-0.045498140156269073,-0.07559497654438019,5.483314037322998,32.47642517089844,-88.11666107177734
13.89221715927124,0,20.368038177490234,0.6624319553375244,0.0,-21.031768798828125,2.01200008392334,2944.0,-0.0,0.0,20.00800132751465,0.011907904408872128,-0.4842519760131836,0.22446784377098083,8.098201751708984,-0.00457405298948288,-0.05947994440793991,-0.06933645159006119,6.013957500457764,31.589092254638672,-87.94622039794922
13.912555694580078,0,20.379737854003906,0.6482692360877991,0.0,-21.031768798828125,2.01200008392334,2948.0,-0.0,0.0,20.00800132751465,0.011698751710355282,-0.06165383383631706,-0.4202038049697876,8.825477600097656,-0.013762097805738449,-0.04429969936609268,-0.05508832633495331,4.422027587890625,34.60602951049805,-87.43490600585938
13.932760238647461,0,20.391103744506836,0.6334037184715271,0.0,-21.031768798828125,2.01200008392334,2956.0,-0.0,0.0,20.00400161743164,0.011365760117769241,0.05925951153039932,-0.19992603361606598,9.615604400634766,-0.006837774068117142,-0.008346473798155785,-0.05695256590843201,5.660195350646973,33.36376190185547,-88.9688491821289
13.952920913696289,0,20.402103424072266,0.6189884543418884,0.0,-21.031768798828125,2.004000186920166,2944.0,-0.0,0.0,20.012001037597656,0.010999743826687336,-0.08080842345952988,-0.3340081572532654,9.748489379882812,0.0075435154139995575,0.015089699998497963,-0.06121369078755379,5.660195350646973,33.008827209472656,-88.28709411621094
13.973305702209473,0,20.41290283203125,0.6037980318069458,0.0,-21.031768798828125,2.0160000324249268,2956.0,-0.0,0.0,20.012001037597656,0.010798848234117031,-0.07123112678527832,-0.2130948156118393,10.222564697265625,-0.026811785995960236,0.037993233650922775,-0.0713338553905487,4.422027587890625,32.12149429321289,-88.11666107177734
13.993672609329224,0,20.423095703125,0.5874806046485901,0.0,-21.031768798828125,2.01200008392334,2948.0,-0.0,0.0,20.00800132751465,0.010193407535552979,0.2992904484272003,-0.5058009028434753,8.678226470947266,-0.01389525830745697,0.0036379341036081314,-0.05974892899394035,4.5989089012146,33.718692779541016,-87.94622039794922
14.013723373413086,0,20.432966232299805,0.5705206990242004,0.0,-21.031768798828125,2.0160000324249268,2948.0,-0.0,0.0,20.012001037597656,0.009871424175798893,0.14545516669750214,-0.5650603771209717,8.771604537963867,0.003016071394085884,-0.007414354011416435,-0.058816809207201004,3.8913843631744385,33.718692779541016,-88.9688491821289
14.034037113189697,0,20.44256019592285,0.5542757511138916,0.0,-21.031768798828125,2.01200008392334,2948.0,-0.0,0.0,20.012001037597656,0.009593471884727478,0.40284496545791626,-0.8332246541976929,8.230487823486328,0.041499339044094086,-0.025790443643927574,-0.041505999863147736,5.660195350646973,31.94402503967285,-88.62797546386719
14.054226398468018,0,20.452117919921875,0.54032963514328,0.0,-21.031768798828125,2.0320000648498535,2944.0,-0.0,0.0,20.00400161743164,0.009557696059346199,0.5447086691856384,-0.9218146204948425,8.979312896728516,0.03177864849567413,0.006833774968981743,-0.04510132223367691,3.8913843631744385,34.07362747192383,-88.62797546386719
14.074412822723389,0,20.46157455444336,0.5273826122283936,0.0,-21.031768798828125,2.01200008392334,2976.0,-0.0,0.0,20.00800132751465,0.009455871768295765,0.180172860622406,-0.6440730690956116,9.389939308166504,0.035240814089775085,0.008032215759158134,-0.05522148683667183,5.129551887512207,33.89616012573242,-89.48016357421875
14.094771146774292,0,20.470544815063477,0.5139536261558533,0.0,-21.031768798828125,2.01200008392334,2948.0,-0.0,0.0,20.00400161743164,0.008971519768238068,-0.18735583126544952,-0.14844806492328644,9.27800464630127,0.023922203108668327,0.04491755738854408,-0.0669395700097084,6.190838813781738,34.251094818115234,-90.50279235839844
14.11493730545044,0,20.47919464111328,0.499266117811203,0.0,-21.031768798828125,2.008000135421753,2944.0,-0.0,0.0,20.00800132751465,0.008649536408483982,-0.31664931774139404,-0.0580623485147953,10.120207786560059,-0.006438293494284153,0.025343026965856552,-0.06946961581707001,6.013957500457764,33.008827209472656,-89.30972290039062
14.13511037826538,0,20.487459182739258,0.4837664067745209,0.0,-21.031768798828125,2.01200008392334,2948.0,-0.0,0.0,20.012001037597656,0.008264255709946156,0.1221105083823204,-0.45791441202163696,8.490870475769043,-0.013362618163228035,-0.0027537494897842407,-0.051759324967861176,4.775789737701416,32.83135986328125,-88.79840850830078
14.155499696731567,0,20.495481491088867,0.46887513995170593,0.0,-21.031768798828125,2.01200008392334,2944.0,-0.0,0.0,20.00800132751465,0.008022080175578594,0.022147493436932564,-0.46090731024742126,8.826075553894043,-0.02308330312371254,0.01695394143462181,-0.047631360590457916,4.068265438079834,32.47642517089844,-88.45753479003906
14.175663948059082,0,20.503368377685547,0.45479950308799744,0.0,-21.031768798828125,2.01200008392334,2956.0,-0.0,0.0,20.012001037597656,0.00788723211735487,-0.1370750367641449,-0.4770689904689789,9.540183067321777,0.0035487115383148193,-0.003020070493221283,-0.04416919872164726,6.013957500457764,33.008827209472656,-88.62797546386719
14.195847034454346,0,20.51090431213379,0.44135698676109314,0.0,-21.031768798828125,2.01200008392334,2944.0,-0.0,0.0,20.00400161743164,0.007534976117312908,-0.03830917924642563,-0.27055856585502625,9.224132537841797,0.01193779893219471,0.021614544093608856,-0.041905477643013,6.013957500457764,34.78349304199219,-89.30972290039062
14.21618127822876,0,20.518342971801758,0.42803245782852173,0.0,-21.031768798828125,2.004000186920166,2996.0,-0.0,0.0,20.00400161743164,0.0074386559426784515,0.001197161851450801,-0.5866093039512634,9.0786771774292,-0.011365216225385666,-0.0007563494145870209,-0.046566080302000046,4.5989089012146,33.36376190185547,-88.62797546386719
14.236449003219604,0,20.525156021118164,0.41303661465644836,0.0,-21.031768798828125,2.01200008392334,2948.0,-0.0,0.0,20.00400161743164,0.006813951767981052,-0.1819685995578766,-0.29988905787467957,9.39592456817627,0.008741956204175949,-0.00887911394238472,-0.04510132223367691,5.129551887512207,34.251094818115234,-88.79840850830078
14.256747722625732,0,20.53156852722168,0.3962245583534241,0.0,-21.031768798828125,2.0240001678466797,2952.0,-0.0,0.0,20.032001495361328,0.006412160117179155,0.007182971108704805,-0.23165081441402435,8.531574249267578,0.02019372396171093,-0.005683271214365959,-0.03657907620072365,4.245146751403809,33.36376190185547,-89.30972290039062
14.276883125305176,0,20.537729263305664,0.37996378540992737,0.0,-21.031768798828125,2.01200008392334,2956.0,-0.0,0.0,20.012001037597656,0.0061617279425263405,0.13168780505657196,-0.36154288053512573,9.337862014770508,-0.004307731986045837,0.0039042532444000244,-0.03231795132160187,5.483314037322998,33.89616012573242,-89.48016357421875
14.297283172607422,0,20.543617248535156,0.3649362325668335,0.0,-21.031768798828125,2.01200008392334,2940.0,-0.0,0.0,20.012001037597656,0.005886528175324202,0.007182971108704805,-0.339993953704834,9.704194068908691,-0.014294737949967384,-0.0015553086996078491,-0.03138583153486252,4.952671051025391,33.008827209472656,-90.33235931396484
14.31747555732727,0,20.54960823059082,0.3513520658016205,0.0,-21.031768798828125,2.0160000324249268,3088.0,-0.0,0.0,20.012001037597656,0.005991104058921337,-0.1340821236371994,-0.2681642472743988,8.927834510803223,0.00261659175157547,0.004969533532857895,-0.029122110456228256,5.660195350646973,31.23415756225586,-88.62797546386719
14.337773323059082,0,20.554800033569336,0.3366602063179016,0.0,-21.031768798828125,2.008000135421753,2940.0,-0.0,0.0,20.012001037597656,0.005193023942410946,-0.10295592248439789,-0.28791743516921997,9.348038673400879,-0.013229457661509514,0.0012410525232553482,-0.02725786715745926,4.245146751403809,34.42856216430664,-88.9688491821289
14.357842922210693,0,20.559898376464844,0.3217649459838867,0.0,-21.031768798828125,2.0320000648498535,2940.0,-0.0,0.0,20.020000457763672,0.005096703767776489,-0.009577294811606407,-0.4070350229740143,8.981706619262695,-0.0024434905499219894,-0.00475115142762661,-0.02845630794763565,5.129551887512207,33.18629455566406,-90.16191864013672
14.378182649612427,0,20.564605712890625,0.30585578083992004,0.0,-21.031768798828125,2.004000186920166,2956.0,-0.0,0.0,20.00400161743164,0.004708671942353249,-0.05686518922448158,-0.41481658816337585,9.462965965270996,0.005279792472720146,-0.004617990925908089,-0.020733024924993515,4.068265438079834,32.83135986328125,-90.84367370605469
14.398571968078613,0,20.56899642944336,0.29071974754333496,0.0,-21.031768798828125,2.01200008392334,2948.0,-0.0,0.0,20.032001495361328,0.0043894401751458645,-0.022147493436932564,-0.43995699286460876,8.82427978515625,0.01699787937104702,-0.007281193509697914,-0.01087917946279049,5.483314037322998,31.766559600830078,-88.79840850830078
14.418602228164673,0,20.57326316833496,0.2752053439617157,0.0,-21.031768798828125,2.004000186920166,3084.0,-0.0,0.0,20.00800132751465,0.0042683519423007965,0.048485055565834045,-0.4100279211997986,9.236701965332031,-0.001111891120672226,0.005369015038013458,-0.013276061043143272,4.068265438079834,32.47642517089844,-88.11666107177734
14.439952611923218,0,20.577016830444336,0.2608194351196289,0.0,-21.031768798828125,2.01200008392334,2940.0,-0.0,0.0,20.012001037597656,0.003753728000447154,0.002394323702901602,-0.23883378505706787,9.166667938232422,-0.008968335576355457,-0.003020070493221283,-0.022064626216888428,4.5989089012146,33.36376190185547,-87.60533905029297
14.459134578704834,0,20.58060073852539,0.24599096179008484,0.0,-21.031768798828125,2.008000135421753,2944.0,-0.0,0.0,20.00800132751465,0.003583103884011507,-0.09517436474561691,-0.27175575494766235,9.130154609680176,-0.005373012274503708,0.007499575614929199,-0.02033354341983795,5.129551887512207,31.766559600830078,-89.13928985595703
14.479323625564575,0,20.583864212036133,0.23058538138866425,0.0,-21.031768798828125,2.004000186920166,2976.0,-0.0,0.0,20.012001037597656,0.003263872116804123,0.014964522793889046,-0.40164780616760254,9.216350555419922,-0.012031016871333122,0.000974731519818306,-0.011411819607019424,5.306433200836182,32.653892517089844,-90.33235931396484
14.499700546264648,0,20.5867977142334,0.2159205675125122,0.0,-21.031768798828125,2.008000135421753,2948.0,-0.0,0.0,20.00400161743164,0.002933632116764784,-0.0580623485147953,-0.4064364433288574,9.212759017944336,0.0008855108171701431,0.0023063328117132187,-0.016471901908516884,4.952671051025391,31.94402503967285,-88.62797546386719
14.520653247833252,0,20.589597702026367,0.2017962634563446,0.0,-21.031768798828125,2.004000186920166,3012.0,-0.0,0.0,20.012001037597656,0.0027987840585410595,-0.12570199370384216,-0.34178972244262695,9.003255844116211,0.004480833187699318,0.0035047736018896103,-0.012876579537987709,4.952671051025391,31.23415756225586,-88.28709411621094
14.54013991355896,0,20.591785430908203,0.1855241358280182,0.0,-21.031768798828125,2.008000135421753,2944.0,-0.0,0.0,20.00800132751465,0.0021878399420529604,-0.011971618980169296,-0.42080238461494446,9.08825397491455,-0.004840372130274773,-0.0019547902047634125,-0.002490093931555748,6.190838813781738,32.47642517089844,-88.45753479003906
14.560322761535645,0,20.594030380249023,0.1723739504814148,0.0,-21.031768798828125,2.0280001163482666,2944.0,-0.0,0.0,20.00400161743164,0.0022456320002675056,0.10654740780591965,-0.4830548167228699,9.206174850463867,0.000486031174659729,0.004836374893784523,-0.003954854793846607,4.068265438079834,32.83135986328125,-87.43490600585938
14.580484867095947,0,20.595478057861328,0.15400411188602448,0.0,-21.031768798828125,2.0160000324249268,2968.0,-0.0,0.0,20.012001037597656,0.0014475520001724362,-0.023344656452536583,-0.29150891304016113,9.020614624023438,-0.0008455701172351837,0.0035047736018896103,-0.01700454205274582,5.129551887512207,32.83135986328125,-90.16191864013672
14.600865125656128,0,20.597496032714844,0.14468078315258026,0.0,-21.031768798828125,2.004000186920166,2944.0,-0.0,0.0,20.00800132751465,0.002017216058447957,-0.14425800740718842,-0.2939032316207886,9.325292587280273,-0.010166776366531849,0.0015073716640472412,-0.02113250643014908,5.129551887512207,29.6369571685791,-89.48016357421875
14.621047019958496,0,20.598752975463867,0.1295657753944397,0.0,-21.031768798828125,2.004000186920166,2960.0,-0.0,0.0,20.012001037597656,0.0012576640583574772,-0.10774456709623337,-0.21369339525699615,9.224132537841797,0.006211914122104645,-0.0022211093455553055,-0.009014938026666641,4.952671051025391,33.008827209472656,-88.28709411621094
14.641224384307861,0,20.598865509033203,0.1074664369225502,0.0,-21.031768798828125,2.01200008392334,2944.0,-0.0,0.0,20.00400161743164,0.00011283200001344085,0.06464674323797226,-0.3914719223976135,8.818294525146484,0.0038150325417518616,-0.0015553086996078491,-0.000892173033207655,4.422027587890625,33.54122543334961,-88.11666107177734
14.661596298217773,0,20.600236892700195,0.10080297291278839,0.0,-21.031768798828125,2.008000135421753,2944.0,-0.0,0.0,20.00800132751465,0.0013704960001632571,0.03232337161898613,-0.6973468065261841,9.49349308013916,-0.014028418809175491,0.004969533532857895,-0.001824293751269579,5.660195350646973,33.008827209472656,-87.60533905029297
14.681801795959473,0,20.60201072692871,0.09833605587482452,0.0,-21.031768798828125,2.0160000324249268,2964.0,-0.0,0.0,20.012001037597656,0.0017750400584191084,0.019154589623212814,-0.17837712168693542,9.019417762756348,0.010606197640299797,-0.0012889895588159561,-0.0010253330692648888,4.775789737701416,32.12149429321289,-89.821044921875
14.702006816864014,0,20.60198974609375,0.08040411025285721,0.0,-21.031768798828125,2.01200008392334,2944.0,-0.0,0.0,20.00400161743164,-2.2016000002622604e-05,-0.07242829352617264,0.07422403246164322,8.885933876037598,0.009274596348404884,0.0021731723099946976,-0.0038216947577893734,4.422027587890625,32.83135986328125,-89.821044921875
14.722214698791504,0,20.601858139038086,0.06477852910757065,0.0,-21.031768798828125,2.004000186920166,2956.0,-0.0,0.0,20.00400161743164,-0.00013209600001573563,-0.08260416984558105,-0.14844806492328644,9.689229011535645,-0.009101495146751404,0.000974731519818306,0.0005725882947444916,5.129551887512207,31.766559600830078,-88.11666107177734
14.742575883865356,0,20.601858139038086,0.05322803556919098,0.0,-21.031768798828125,2.01200008392334,2948.0,-0.0,0.0,20.00400161743164,0.0,0.03771059960126877,-0.08918856084346771,8.992481231689453,-0.003109291195869446,-0.005150631070137024,-0.000892173033207655,4.952671051025391,31.589092254638672,-89.30972290039062
14.762731790542603,0,20.601858139038086,0.04369005933403969,0.0,-21.031768798828125,2.004000186920166,2940.0,-0.0,0.0,20.02800178527832,0.0,-0.005985809490084648,-0.008978714235126972,9.093042373657227,-0.0007124096155166626,0.001107892021536827,-0.0036885347217321396,5.129551887512207,32.83135986328125,-89.13928985595703
14.782934188842773,0,20.601858139038086,0.03579103574156761,0.0,-21.031768798828125,2.0199999809265137,2964.0,-0.0,0.0,20.00400161743164,0.0,-0.025738980621099472,0.0820055902004242,9.337264060974121,0.006611393764615059,-0.0006231889128684998,0.002037349157035351,5.306433200836182,34.42856216430664,-90.33235931396484
14.803314208984375,0,20.601858139038086,0.029417268931865692,0.0,-21.031768798828125,2.008000135421753,2932.0,-0.0,0.0,20.00400161743164,0.0,0.006584390066564083,0.19932745397090912,9.00984001159668,0.0016844719648361206,-0.0015553086996078491,0.0023036692291498184,4.775789737701416,32.83135986328125,-90.50279235839844
14.823507070541382,0,20.601858139038086,0.02411165088415146,0.0,-21.031768798828125,2.004000186920166,2944.0,-0.0,0.0,20.00800132751465,0.0,-0.0017957427771762013,0.19872887432575226,9.218146324157715,-0.0023103319108486176,-0.0010226685553789139,-0.0010253330692648888,4.5989089012146,32.29895782470703,-89.9914779663086
14.84373426437378,0,20.601858139038086,0.019805535674095154,0.0,-21.031768798828125,2.008000135421753,2948.0,-0.0,0.0,20.00800132751465,0.0,0.006584390066564083,0.3184450566768646,9.054733276367188,0.004214512184262276,-0.0018216297030448914,0.001504708081483841,4.952671051025391,32.653892517089844,-88.62797546386719
14.864029169082642,0,20.601858139038086,0.01624958962202072,0.0,-21.031768798828125,2.01200008392334,2936.0,-0.0,0.0,20.016000747680664,0.0,0.01436594221740961,0.33879679441452026,9.154696464538574,0.003149231895804405,0.0005752518773078918,0.003235789015889168,3.8913843631744385,33.36376190185547,-88.28709411621094
14.884236097335815,0,20.601858139038086,0.013335736468434334,0.0,-21.031768798828125,2.01200008392334,2940.0,-0.0,0.0,20.016000747680664,0.0,-0.03771059960126877,0.3651343584060669,9.149309158325195,0.0038150325417518616,0.00017577223479747772,0.002569989301264286,4.5989089012146,31.589092254638672,-88.9688491821289
14.904479026794434,0,20.601858139038086,0.010942286811769009,0.0,-21.031768798828125,2.01200008392334,2940.0,-0.0,0.0,20.016000747680664,0.0,-0.03292195126414299,0.3944648206233978,9.085860252380371,0.002882912755012512,-0.0018216297030448914,0.002436828799545765,5.660195350646973,34.42856216430664,-88.9688491821289
14.924803495407104,0,20.601858139038086,0.008964264765381813,0.0,-21.031768798828125,2.004000186920166,2960.0,-0.0,0.0,20.016000747680664,0.0,0.0005985809257254004,0.37770456075668335,9.193604469299316,0.0034155528992414474,-0.001155829057097435,0.005233190953731537,4.775789737701416,32.47642517089844,-89.48016357421875
14.944999694824219,0,20.601858139038086,0.0073690349236130714,0.0,-21.031768798828125,2.01200008392334,2936.0,-0.0,0.0,20.016000747680664,0.0,0.022746074944734573,0.38249319791793823,9.10501480102539,0.004214512184262276,-0.0024874303489923477,0.00603215117007494,4.422027587890625,32.47642517089844,-90.16191864013672
14.965179920196533,0,20.601858139038086,0.006047204602509737,0.0,-21.031768798828125,2.01200008392334,2940.0,-0.0,0.0,20.016000747680664,0.0,0.01436594221740961,0.36453577876091003,9.150506973266602,0.0035487115383148193,0.0017736926674842834,0.004700549878180027,4.245146751403809,34.07362747192383,-88.9688491821289
14.98555040359497,0,20.601858139038086,0.004960346966981888,0.0,-21.031768798828125,2.01200008392334,2936.0,-0.0,0.0,20.00800132751465,0.0,-0.023943237960338593,0.3800988793373108,9.164872169494629,0.003149231895804405,0.000708412379026413,0.0012383880093693733,6.190838813781738,32.47642517089844,-89.821044921875
15.005761623382568,0,20.601858139038086,0.004070403520017862,0.0,-21.031768798828125,2.008000135421753,2944.0,-0.0,0.0,20.00400161743164,0.0,-0.013168780133128166,0.37770456075668335,9.134345054626465,0.0018176306039094925,0.00017577223479747772,0.0021705087274312973,4.775789737701416,31.056692123413086,-88.11666107177734
15.025915622711182,0,20.601858139038086,0.0033347359858453274,0.0,-21.031768798828125,2.004000186920166,2948.0,-0.0,0.0,20.00400161743164,0.0,-0.001197161851450801,0.39266908168792725,9.16247844696045,-4.660896956920624e-05,-0.0020879507064819336,0.003368949517607689,5.660195350646973,31.589092254638672,-89.30972290039062
15.04612398147583,0,20.601858139038086,0.0027409784961491823,0.0,-21.031768798828125,2.01200008392334,2940.0,-0.0,0.0,20.00800132751465,0.0,0.014964522793889046,0.38069745898246765,9.115190505981445,0.0003528706729412079,-0.0023542698472738266,0.0021705087274312973,4.422027587890625,32.83135986328125,-87.7757797241211
15.0664701461792,0,20.601858139038086,0.0022365956101566553,0.0,-21.031768798828125,2.0160000324249268,3008.0,-0.0,0.0,20.012001037597656,0.0,0.004788647405803204,0.38967618346214294,9.12656307220459,-0.0005792509764432907,-0.0006231889128684998,0.00017310772091150284,4.5989089012146,33.718692779541016,-87.60533905029297
15.086666107177734,0,20.601858139038086,0.0018460579449310899,0.0,-21.031768798828125,2.008000135421753,2940.0,-0.0,0.0,20.012001037597656,0.0,0.005985809490084648,0.3453812003135681,9.134345054626465,0.002749752253293991,0.0003089308738708496,0.001637868583202362,6.544600963592529,32.12149429321289,-89.48016357421875
15.106878757476807,0,20.601858139038086,0.0015140887117013335,0.0,-21.031768798828125,2.008000135421753,2940.0,-0.0,0.0,20.020000457763672,0.0,0.004788647405803204,0.3304166793823242,9.11159896850586,0.0010186713188886642,0.0013742130249738693,-9.321235120296478e-05,4.422027587890625,33.54122543334961,-89.48016357421875
15.127216577529907,0,20.601858139038086,0.001241017715074122,0.0,-21.031768798828125,2.004000186920166,2960.0,-0.0,0.0,20.00400161743164,0.0,-0.004190066363662481,0.38488754630088806,9.142126083374023,-0.0005792509764432907,-0.00035686977207660675,-0.0027564140036702156,6.190838813781738,32.12149429321289,-89.13928985595703
15.147477626800537,0,20.601858139038086,0.0010196187067776918,0.0,-21.031768798828125,2.004000186920166,2944.0,-0.0,0.0,20.00400161743164,0.0,0.018556008115410805,0.38967618346214294,9.116387367248535,8.654966950416565e-05,-0.0019547902047634125,-0.0014248131774365902,6.544600963592529,31.056692123413086,-89.48016357421875
15.16761302947998,0,20.601858139038086,0.0008315689046867192,0.0,-21.031768798828125,2.004000186920166,3096.0,-0.0,0.0,20.016000747680664,0.0,0.014964522793889046,0.3800988793373108,9.128957748413086,0.000752350315451622,0.00044209137558937073,0.0011052284389734268,4.952671051025391,30.5242919921875,-88.28709411621094
15.187821626663208,0,20.601858139038086,0.0006865764735266566,0.0,-21.031768798828125,2.004000186920166,2940.0,-0.0,0.0,20.00400161743164,0.0,0.008978714235126972,0.37950029969215393,9.138534545898438,-0.00017976947128772736,0.00044209137558937073,0.0012383880093693733,6.190838813781738,32.83135986328125,-87.43490600585938
15.208175420761108,0,20.601858139038086,0.0005634172121062875,0.0,-21.031768798828125,2.004000186920166,2940.0,-0.0,0.0,20.012001037597656,0.0,0.005985809490084648,0.36274003982543945,9.153499603271484,-0.0003129299730062485,0.00044209137558937073,0.0007057478651404381,5.129551887512207,33.54122543334961,-88.11666107177734
15.228352546691895,0,20.601858139038086,0.0004616936494130641,0.0,-21.031768798828125,2.004000186920166,2964.0,-0.0,0.0,20.00800132751465,0.0,0.019753171131014824,0.36094430088996887,9.146316528320312,-0.0003129299730062485,4.2611733078956604e-05,0.00030626729130744934,5.483314037322998,31.766559600830078,-88.45753479003906
15.248733043670654,0,20.601858139038086,0.0003794156655203551,0.0,-21.031768798828125,2.004000186920166,2944.0,-0.0,0.0,20.02400016784668,0.0,-0.007781552150845528,0.3693244457244873,9.137337684631348,-0.0004460904747247696,0.001107892021536827,-9.321235120296478e-05,5.660195350646973,31.589092254638672,-90.33235931396484
15.268901824951172,0,20.601858139038086,0.0003097721200902015,0.0,-21.031768798828125,2.004000186920166,3068.0,-0.0,0.0,20.016000747680664,0.0,0.014964522793889046,0.3681272566318512,9.133746147155762,-0.00017976947128772736,4.2611733078956604e-05,-0.0004926929250359535,4.422027587890625,32.12149429321289,-88.11666107177734
15.289107322692871,0,20.601858139038086,0.00025547455879859626,0.0,-21.031768798828125,2.004000186920166,2948.0,-0.0,0.0,20.012001037597656,0.0,0.0005985809257254004,0.37770456075668335,9.115190505981445,-0.0007124096155166626,0.0015073716640472412,-9.321235120296478e-05,4.5989089012146,32.29895782470703,-87.94622039794922
15.309480905532837,0,20.601858139038086,0.00020962396229151636,0.0,-21.031768798828125,2.008000135421753,2944.0,-0.0,0.0,20.012001037597656,0.0,0.002992904745042324,0.3441840410232544,9.12416934967041,-4.660896956920624e-05,0.0015073716640472412,-0.0006258529610931873,5.483314037322998,32.83135986328125,-89.13928985595703
15.329611539840698,0,20.601858139038086,0.00017173754167743027,0.0,-21.031768798828125,2.004000186920166,2968.0,-0.0,0.0,20.00400161743164,0.0,0.008380132727324963,0.35854998230934143,9.142126083374023,-0.001111891120672226,0.0005752518773078918,-0.0007590129971504211,4.952671051025391,32.653892517089844,-89.65060424804688
15.349994659423828,0,20.601858139038086,0.00014113218639977276,0.0,-21.031768798828125,2.008000135421753,2940.0,-0.0,0.0,20.00400161743164,0.0,0.005985809490084648,0.3639371991157532,9.173851013183594,-0.0007124096155166626,0.00017577223479747772,-0.0012916531413793564,5.483314037322998,31.766559600830078,-89.13928985595703
15.370163202285767,0,20.601858139038086,0.00011549199552973732,0.0,-21.031768798828125,2.004000186920166,3004.0,-0.0,0.0,20.012001037597656,0.0,0.002394323702901602,0.3591485619544983,9.167865753173828,0.000752350315451622,0.00017577223479747772,-0.0019574537873268127,4.5989089012146,30.87922477722168,-88.62797546386719
15.390331745147705,0,20.601858139038086,9.503475303063169e-05,0.0,-21.031768798828125,2.004000186920166,2948.0,-0.0,0.0,20.00800132751465,0.0,0.005387228447943926,0.3519655764102936,9.153499603271484,0.00021971017122268677,0.000708412379026413,-0.0003595328889787197,2.653216600418091,32.83135986328125,-88.11666107177734
15.410521030426025,0,20.601858139038086,7.798443402862176e-05,0.0,-21.031768798828125,2.008000135421753,2944.0,-0.0,0.0,20.012001037597656,0.0,0.013168780133128166,0.3471769392490387,9.156492233276367,-0.001111891120672226,-0.00035686977207660675,-0.0007590129971504211,6.013957500457764,33.36376190185547,-87.60533905029297
15.430866718292236,0,20.601858139038086,6.390227645169944e-05,0.0,-21.031768798828125,2.004000186920166,2956.0,-0.0,0.0,20.012001037597656,0.0,0.02753472328186035,0.3262265920639038,9.143921852111816,-0.0021771714091300964,0.00044209137558937073,-0.0010253330692648888,5.129551887512207,32.47642517089844,-89.13928985595703
15.451058864593506,0,20.601858139038086,5.250618778518401e-05,0.0,-21.031768798828125,2.008000135421753,2944.0,-0.0,0.0,20.012001037597656,0.0,0.020351750776171684,0.33759963512420654,9.139732360839844,-4.660896956920624e-05,0.000708412379026413,0.0008389083668589592,5.483314037322998,32.12149429321289,-89.13928985595703
15.471228122711182,0,20.601858139038086,4.302139495848678e-05,0.0,-21.031768798828125,2.004000186920166,2956.0,-0.0,0.0,20.012001037597656,0.0,0.004788647405803204,0.32682517170906067,9.116387367248535,-0.0016445312649011612,-0.00035686977207660675,-0.0004926929250359535,5.129551887512207,31.766559600830078,-88.11666107177734
15.492395877838135,0,20.601858139038086,3.535596624715254e-05,0.0,-21.031768798828125,2.004000186920166,2948.0,-0.0,0.0,20.00400161743164,0.0,-0.0005985809257254004,0.3262265920639038,9.133746147155762,-0.0007124096155166626,4.2611733078956604e-05,-0.0004926929250359535,5.483314037322998,33.89616012573242,-88.45753479003906
15.511778116226196,0,20.601858139038086,2.9009308491367847e-05,0.0,-21.031768798828125,2.01200008392334,2944.0,-0.0,0.0,20.00400161743164,0.0,0.02933046594262123,0.31784647703170776,9.163675308227539,8.654966950416565e-05,-0.0006231889128684998,-0.0020906138233840466,4.775789737701416,31.766559600830078,-89.821044921875
15.531978368759155,0,20.601858139038086,2.3766287995385937e-05,0.0,-21.031768798828125,2.004000186920166,2964.0,-0.0,0.0,20.00800132751465,0.0,0.025738980621099472,0.3232336938381195,9.157690048217773,-0.00017976947128772736,0.0003089308738708496,-0.000892173033207655,5.483314037322998,32.47642517089844,-89.821044921875
15.55236530303955,0,20.601858139038086,1.9537699699867517e-05,0.0,-21.031768798828125,2.004000186920166,2944.0,-0.0,0.0,20.00400161743164,0.0,0.008380132727324963,0.3274237811565399,9.142724990844727,0.0006191898137331009,0.00017577223479747772,-0.0002263728529214859,5.129551887512207,32.83135986328125,-89.821044921875
15.572657108306885,0,20.601858139038086,1.601333133294247e-05,0.0,-21.031768798828125,2.004000186920166,2948.0,-0.0,0.0,20.00400161743164,0.0,-0.002992904745042324,0.2951003909111023,9.128957748413086,-0.00017976947128772736,0.0008415710180997849,0.0012383880093693733,3.5376219749450684,31.94402503967285,-88.9688491821289
15.592787265777588,0,20.601858139038086,1.315656027145451e-05,0.0,-21.031768798828125,2.004000186920166,2944.0,-0.0,0.0,20.00800132751465,0.0,-0.010175875388085842,0.3160507380962372,9.136738777160645,-0.001111891120672226,0.00044209137558937073,-0.0004926929250359535,4.5989089012146,32.653892517089844,-87.60533905029297
15.612919092178345,0,20.601858139038086,1.0796960850711912e-05,0.0,-21.031768798828125,2.004000186920166,2940.0,-0.0,0.0,20.00400161743164,0.0,0.015563104301691055,0.3214379549026489,9.134345054626465,-0.0003129299730062485,0.0008415710180997849,-9.321235120296478e-05,5.306433200836182,33.36376190185547,-87.60533905029297
15.633291721343994,0,20.601858139038086,8.859186891641002e-06,0.0,-21.031768798828125,2.004000186920166,2948.0,-0.0,0.0,20.012001037597656,0.0,0.022147493436932564,0.3070720136165619,9.10740852355957,-0.0009787306189537048,-0.001155829057097435,0.00017310772091150284,4.245146751403809,33.36376190185547,-88.62797546386719
15.653476476669312,0,20.601858139038086,7.270311016327469e-06,0.0,-21.031768798828125,2.004000186920166,2940.0,-0.0,0.0,20.00400161743164,0.0,0.010774456895887852,0.34178972244262695,9.145119667053223,-0.001378210261464119,-0.00022370927035808563,-0.0014248131774365902,5.483314037322998,31.766559600830078,-89.48016357421875
15.673671245574951,0,20.601858139038086,5.954222615400795e-06,0.0,-21.031768798828125,2.004000186920166,2972.0,-0.0,0.0,20.016000747680664,0.0,0.0017957427771762013,0.32862094044685364,9.133148193359375,0.0014181509613990784,0.0016405321657657623,-9.321235120296478e-05,5.660195350646973,32.653892517089844,-89.65060424804688
15.694047212600708,0,20.601858139038086,4.8951978897093795e-06,0.0,-21.031768798828125,2.004000186920166,2940.0,-0.0,0.0,20.00400161743164,0.0,0.024541817605495453,0.32862094044685364,9.117584228515625,0.0008855108171701431,-0.0004900284111499786,0.0011052284389734268,5.306433200836182,31.589092254638672,-87.94622039794922
15.714219331741333,0,20.601858139038086,4.0180466385209e-06,0.0,-21.031768798828125,2.004000186920166,2944.0,-0.0,0.0,20.00400161743164,0.0,0.011373037472367287,0.3334095776081085,9.133148193359375,-0.0004460904747247696,0.001107892021536827,-0.0011584931053221226,5.660195350646973,33.718692779541016,-88.62797546386719
15.734395980834961,0,20.601858139038086,3.296404429420363e-06,0.0,-21.031768798828125,2.004000186920166,2944.0,-0.0,0.0,20.00800132751465,0.0,0.02753472328186035,0.3244308531284332,9.140929222106934,-0.0009787306189537048,-9.054876863956451e-05,-0.0014248131774365902,6.190838813781738,30.701757431030273,-88.11666107177734
15.754767656326294,0,20.601858139038086,2.7052055884269066e-06,0.0,-21.031768798828125,2.01200008392334,2948.0,-0.0,0.0,20.016000747680664,0.0,-0.0035914855543524027,0.33281099796295166,9.171457290649414,0.0006191898137331009,0.0005752518773078918,0.00017310772091150284,4.952671051025391,34.07362747192383,-87.94622039794922
15.774945974349976,0,20.601858139038086,2.216791017417563e-06,0.0,-21.031768798828125,2.004000186920166,2952.0,-0.0,0.0,20.012001037597656,0.0,0.017358846962451935,0.3483740985393524,9.11279582977295,0.0006191898137331009,0.00044209137558937073,-0.0012916531413793564,5.837076663970947,34.251094818115234,-87.09402465820312
15.79514479637146,0,20.601858139038086,1.8213878547612694e-06,0.0,-21.031768798828125,2.004000186920166,2940.0,-0.0,0.0,20.012001037597656,0.0,-0.004190066363662481,0.31784647703170776,9.124767303466797,0.0011518299579620361,0.0020400118082761765,-0.0010253330692648888,6.190838813781738,32.83135986328125,-88.11666107177734
15.815495252609253,0,20.601858139038086,1.4942020243324805e-06,0.0,-21.031768798828125,2.004000186920166,2940.0,-0.0,0.0,20.012001037597656,0.0,0.0005985809257254004,0.339993953704834,9.123570442199707,-0.0008455701172351837,-0.00035686977207660675,0.0009720679372549057,6.367719650268555,33.008827209472656,-86.92359161376953
15.835696697235107,0,20.601858139038086,1.2262657946848776e-06,0.0,-21.031768798828125,2.01200008392334,2940.0,-0.0,0.0,20.00800132751465,0.0,0.015563104301691055,0.3411911129951477,9.116387367248535,0.0006191898137331009,0.00044209137558937073,-0.0011584931053221226,5.129551887512207,32.83135986328125,-89.48016357421875
15.855868339538574,0,20.601858139038086,1.0062982482850202e-06,0.0,-21.031768798828125,2.008000135421753,2940.0,-0.0,0.0,20.00800132751465,0.0,-0.0005985809257254004,0.345979779958725,9.14033031463623,0.000752350315451622,-0.0004900284111499786,-0.0010253330692648888,5.306433200836182,31.589092254638672,-89.65060424804688
15.87621545791626,0,20.601858139038086,8.244577429650235e-07,0.0,-21.031768798828125,2.004000186920166,2972.0,-0.0,0.0,20.016000747680664,0.0,0.021548913791775703,0.31964221596717834,9.138534545898438,8.654966950416565e-05,0.001107892021536827,0.0023036692291498184,4.5989089012146,30.87922477722168,-88.62797546386719
15.896420955657959,0,20.601858139038086,6.775576366635505e-07,0.0,-21.031768798828125,2.004000186920166,2944.0,-0.0,0.0,20.00400161743164,0.0,0.007182971108704805,0.32383227348327637,9.133746147155762,-0.0007124096155166626,0.0008415710180997849,-9.321235120296478e-05,6.190838813781738,31.766559600830078,-88.45753479003906
15.916584491729736,0,20.601858139038086,5.539695280276646e-07,0.0,-21.031768798828125,2.004000186920166,3032.0,-0.0,0.0,20.00400161743164,0.0,-0.020950332283973694,0.33759963512420654,9.155295372009277,-0.0008455701172351837,-9.054876863956451e-05,-0.000892173033207655,4.952671051025391,32.653892517089844,-88.28709411621094
15.936933279037476,0,20.601858139038086,4.562666617857758e-07,0.0,-21.031768798828125,2.004000186920166,2940.0,-0.0,0.0,20.00800132751465,0.0,-0.010175875388085842,0.3340081572532654,9.130753517150879,0.0006191898137331009,0.0005752518773078918,0.0021705087274312973,4.245146751403809,32.653892517089844,-87.94622039794922
15.9571213722229,0,20.601858139038086,3.744803507288452e-07,0.0,-21.031768798828125,2.0160000324249268,2940.0,-0.0,0.0,20.020000457763672,0.0,-0.016161685809493065,0.3214379549026489,9.121175765991211,0.00021971017122268677,0.000974731519818306,0.0013715485110878944,4.245146751403809,33.36376190185547,-89.65060424804688
15.97736406326294,0,20.601858139038086,3.066800218221033e-07,0.0,-21.031768798828125,2.004000186920166,2964.0,-0.0,0.0,20.00400161743164,0.0,-0.007182971108704805,0.3250294327735901,9.129556655883789,-4.660896956920624e-05,0.000708412379026413,0.0005725882947444916,4.422027587890625,32.12149429321289,-89.13928985595703
15.997685194015503,0,20.601858139038086,2.520947077755409e-07,0.0,-21.031768798828125,2.004000186920166,2944.0,-0.0,0.0,20.00800132751465,0.0,0.02873188443481922,0.3340081572532654,9.114591598510742,-0.00017976947128772736,0.000708412379026413,-9.321235120296478e-05,4.245146751403809,32.29895782470703,-88.9688491821289
16.01783299446106,0,20.601858139038086,2.055527374977828e-07,0.0,-21.031768798828125,2.004000186920166,3096.0,-0.0,0.0,20.00800132751465,0.0,-0.002992904745042324,0.3393953740596771,9.141528129577637,-0.0005792509764432907,0.0021731723099946976,-0.0012916531413793564,5.129551887512207,32.83135986328125,-88.11666107177734
16.038029670715332,0,20.601858139038086,1.697588061233546e-07,0.0,-21.031768798828125,2.004000186920166,2940.0,-0.0,0.0,20.00800132751465,0.0,0.009577294811606407,0.3370010554790497,9.148112297058105,0.000486031174659729,0.00044209137558937073,0.0012383880093693733,4.068265438079834,33.89616012573242,-88.79840850830078
16.058369159698486,0,20.601858139038086,1.3930203124346008e-07,0.0,-21.031768798828125,2.0199999809265137,2940.0,-0.0,0.0,20.00800132751465,0.0,0.004190066363662481,0.3100649118423462,9.131352424621582,0.0003528706729412079,0.00044209137558937073,0.0013715485110878944,5.129551887512207,32.83135986328125,-89.821044921875
16.078566312789917,0,20.601858139038086,1.1418291734344166e-07,0.0,-21.031768798828125,2.004000186920166,2968.0,-0.0,0.0,20.016000747680664,0.0,-0.002394323702901602,0.3423883020877838,9.13793659210205,0.0012849904596805573,0.0012410525232553482,0.001637868583202362,4.775789737701416,32.12149429321289,-89.48016357421875
16.09892773628235,0,20.601858139038086,9.381660248664048e-08,0.0,-21.031768798828125,2.01200008392334,2940.0,-0.0,0.0,20.00400161743164,0.0,-0.013767361640930176,0.32981809973716736,9.13793659210205,-0.0008455701172351837,0.00044209137558937073,0.00043942779302597046,4.952671051025391,31.94402503967285,-88.62797546386719
16.119122743606567,0,20.601858139038086,7.659247103219968e-08,0.0,-21.031768798828125,2.004000186920166,3052.0,-0.0,0.0,20.00800132751465,0.0,0.01436594221740961,0.34358546137809753,9.145119667053223,-0.0005792509764432907,0.000708412379026413,-0.0002263728529214859,5.306433200836182,30.169357299804688,-87.94622039794922
16.139274835586548,0,20.601858139038086,6.317693390656132e-08,0.0,-21.031768798828125,2.004000186920166,2944.0,-0.0,0.0,20.00800132751465,0.0,-0.016161685809493065,0.3214379549026489,9.14332389831543,-0.00151137076318264,0.0003089308738708496,-0.0012916531413793564,4.775789737701416,34.251094818115234,-87.43490600585938
16.15965723991394,0,20.601858139038086,5.183639473216317e-08,0.0,-21.031768798828125,2.008000135421753,2940.0,-0.0,0.0,20.016000747680664,0.0,-0.023344656452536583,0.32862094044685364,9.113394737243652,0.0003528706729412079,0.0005752518773078918,-0.0010253330692648888,4.5989089012146,31.94402503967285,-88.62797546386719
16.179826974868774,0,20.601858139038086,4.2481026696350455e-08,0.0,-21.031768798828125,2.004000186920166,2968.0,-0.0,0.0,20.016000747680664,0.0,0.005985809490084648,0.33281099796295166,9.128957748413086,-0.00017976947128772736,0.0005752518773078918,-0.0004926929250359535,6.367719650268555,31.94402503967285,-89.30972290039062
16.20001459121704,0,20.601858139038086,3.489436295467385e-08,0.0,-21.031768798828125,2.01200008392334,2952.0,-0.0,0.0,20.00800132751465,0.0,0.004190066363662481,0.339993953704834,9.142724990844727,0.0010186713188886642,0.000708412379026413,-0.0003595328889787197,4.775789737701416,31.411624908447266,-89.13928985595703
16.22039556503296,0,20.601858139038086,2.8581174760233807e-08,0.0,-21.031768798828125,2.004000186920166,2972.0,-0.0,0.0,20.012001037597656,0.0,-0.012570199556648731,0.3202407956123352,9.139732360839844,8.654966950416565e-05,0.00044209137558937073,0.0011052284389734268,4.5989089012146,31.589092254638672,-88.9688491821289
16.240569591522217,0,20.601858139038086,2.349774419485584e-08,0.0,-21.031768798828125,2.004000186920166,2952.0,-0.0,0.0,20.00400161743164,0.0,-0.026337560266256332,0.339993953704834,9.151703834533691,0.0003528706729412079,0.0015073716640472412,-9.321235120296478e-05,4.775789737701416,33.54122543334961,-87.7757797241211
16.260764598846436,0,20.601858139038086,1.928196446954189e-08,0.0,-21.031768798828125,2.0199999809265137,2944.0,-0.0,0.0,20.00800132751465,0.0,-0.016760265454649925,0.3172478973865509,9.118782043457031,-0.0009787306189537048,-9.054876863956451e-05,-9.321235120296478e-05,5.837076663970947,34.251094818115234,-89.821044921875
16.280940771102905,0,20.601858139038086,1.5800706520963104e-08,0.0,-21.031768798828125,2.0160000324249268,2952.0,-0.0,0.0,20.00800132751465,0.0,-0.004788647405803204,0.3154521584510803,9.10501480102539,-0.0004460904747247696,0.000708412379026413,0.00017310772091150284,5.306433200836182,33.36376190185547,-88.9688491821289
16.30133628845215,0,20.601858139038086,1.2985394981512854e-08,0.0,-21.031768798828125,2.0160000324249268,2940.0,-0.0,0.0,20.012001037597656,0.0,0.004788647405803204,0.3190436363220215,9.139732360839844,-0.0004460904747247696,0.0008415710180997849,-0.0006258529610931873,5.660195350646973,30.87922477722168,-88.62797546386719
16.321497917175293,0,20.601858139038086,1.0641339365236036e-08,0.0,-21.031768798828125,2.004000186920166,2944.0,-0.0,0.0,20.016000747680664,0.0,0.012570199556648731,0.31485357880592346,9.121774673461914,8.654966950416565e-05,-9.054876863956451e-05,-0.001824293751269579,4.775789737701416,32.12149429321289,-87.7757797241211
16.341721773147583,0,20.601858139038086,8.74294148189847e-09,0.0,-21.031768798828125,2.004000186920166,2944.0,-0.0,0.0,20.00800132751465,0.0,0.010774456895887852,0.3082691729068756,9.163076400756836,-0.00017976947128772736,0.00044209137558937073,0.0007057478651404381,5.129551887512207,32.83135986328125,-87.7757797241211
16.362069368362427,0,20.601858139038086,7.17183690213119e-09,0.0,-21.031768798828125,2.0320000648498535,2944.0,-0.0,0.0,20.012001037597656,0.0,0.008380132727324963,0.3112620711326599,9.131352424621582,-0.0003129299730062485,0.001107892021536827,-9.321235120296478e-05,4.775789737701416,33.54122543334961,-88.45753479003906
16.382243871688843,0,20.601858139038086,5.879054576496401e-09,0.0,-21.031768798828125,2.004000186920166,2964.0,-0.0,0.0,20.012001037597656,0.0,0.002394323702901602,0.3190436363220215,9.09124755859375,-0.0016445312649011612,0.001107892021536827,0.00030626729130744934,6.013957500457764,33.008827209472656,-88.62797546386719
16.40245246887207,0,20.601858139038086,4.829476374368369e-09,0.0,-21.031768798828125,2.0240001678466797,2936.0,-0.0,0.0,20.00800132751465,0.0,0.016161685809493065,0.3274237811565399,9.127161979675293,-0.0003129299730062485,0.0012410525232553482,-0.0002263728529214859,4.952671051025391,33.008827209472656,-89.65060424804688
16.422770023345947,0,20.601858139038086,3.956601268839677e-09,0.0,-21.031768798828125,2.004000186920166,2956.0,-0.0,0.0,20.012001037597656,0.0,-0.014964522793889046,0.3304166793823242,9.117584228515625,-0.00017976947128772736,0.00044209137558937073,0.0011052284389734268,5.483314037322998,31.766559600830078,-90.16191864013672
16.443025588989258,0,20.601858139038086,3.2523768123127184e-09,0.0,-21.031768798828125,2.004000186920166,2944.0,-0.0,0.0,20.00400161743164,0.0,-0.0005985809257254004,0.3190436363220215,9.14332389831543,-0.0005792509764432907,-9.054876863956451e-05,0.00043942779302597046,4.952671051025391,32.29895782470703,-88.28709411621094
16.463149309158325,0,20.601858139038086,2.6681346021462105e-09,0.0,-21.031768798828125,2.004000186920166,2948.0,-0.0,0.0,20.00800132751465,0.0,0.017358846962451935,0.34178972244262695,9.115190505981445,0.000486031174659729,0.000708412379026413,-0.0002263728529214859,4.068265438079834,32.83135986328125,-89.13928985595703
16.48349356651306,0,20.601858139038086,2.190116532574393e-09,0.0,-21.031768798828125,2.004000186920166,2940.0,-0.0,0.0,20.00400161743164,0.0,0.008380132727324963,0.3244308531284332,9.129556655883789,-0.0004460904747247696,0.00044209137558937073,0.002037349157035351,6.013957500457764,31.23415756225586,-88.62797546386719
16.5036780834198,0,20.601858139038086,1.7969743471013544e-09,0.0,-21.031768798828125,2.008000135421753,2948.0,-0.0,0.0,20.00400161743164,0.0,0.020351750776171684,0.32383227348327637,9.142126083374023,0.00021971017122268677,0.0013742130249738693,0.0008389083668589592,4.245146751403809,33.36376190185547,-87.94622039794922
16.52387285232544,0,20.601858139038086,1.4728225306015474e-09,0.0,-21.031768798828125,2.004000186920166,2952.0,-0.0,0.0,20.00800132751465,0.0,-0.007781552150845528,0.32682517170906067,9.117584228515625,-0.0005792509764432907,0.0008415710180997849,0.00017310772091150284,6.721481800079346,32.653892517089844,-88.28709411621094
16.544233083724976,0,20.601858139038086,1.210306410648343e-09,0.0,-21.031768798828125,2.004000186920166,2940.0,-0.0,0.0,20.012001037597656,0.0,-0.002394323702901602,0.3304166793823242,9.130154609680176,-0.0007124096155166626,0.000708412379026413,0.00017310772091150284,5.306433200836182,33.008827209472656,-89.65060424804688
16.564380884170532,0,20.601858139038086,9.880126716765858e-10,0.0,-21.031768798828125,2.0160000324249268,2952.0,-0.0,0.0,20.00800132751465,0.0,-0.004190066363662481,0.3214379549026489,9.153499603271484,-0.00017976947128772736,-9.054876863956451e-05,3.994721919298172e-05,5.129551887512207,31.411624908447266,-89.821044921875
16.584577798843384,0,20.601858139038086,8.148291485987613e-10,0.0,-21.031768798828125,2.01200008392334,2948.0,-0.0,0.0,20.00800132751465,0.0,0.011373037472367287,0.3310152590274811,9.165471076965332,-0.001378210261464119,-0.0010226685553789139,0.0011052284389734268,4.5989089012146,31.23415756225586,-88.9688491821289
16.60492444038391,0,20.601858139038086,6.688745113336836e-10,0.0,-21.031768798828125,2.004000186920166,2940.0,-0.0,0.0,20.00400161743164,0.0,-0.008380132727324963,0.3244308531284332,9.145119667053223,-4.660896956920624e-05,0.000974731519818306,0.00043942779302597046,6.013957500457764,31.589092254638672,-87.94622039794922
16.625134468078613,0,20.601858139038086,5.481989862055059e-10,0.0,-21.031768798828125,2.004000186920166,2948.0,-0.0,0.0,20.016000747680664,0.0,0.007182971108704805,0.3220365345478058,9.133746147155762,0.0010186713188886642,0.000708412379026413,-9.321235120296478e-05,4.952671051025391,32.653892517089844,-87.94622039794922
16.64552092552185,0,20.601858139038086,4.5033299311825203e-10,0.0,-21.031768798828125,2.004000186920166,2940.0,-0.0,0.0,20.012001037597656,0.0,0.020351750776171684,0.3184450566768646,9.14033031463623,-0.0009787306189537048,0.0003089308738708496,-0.0007590129971504211,6.013957500457764,31.589092254638672,-87.94622039794922
16.665653228759766,0,20.601858139038086,3.691964511887136e-10,0.0,-21.031768798828125,2.004000186920166,2960.0,-0.0,0.0,20.00400161743164,0.0,-0.004788647405803204,0.3352053165435791,9.134345054626465,0.0011518299579620361,0.00044209137558937073,0.0009720679372549057,5.306433200836182,32.653892517089844,-89.65060424804688
16.685881853103638,0,20.601858139038086,3.0316818500075726e-10,0.0,-21.031768798828125,2.004000186920166,2940.0,-0.0,0.0,20.00800132751465,0.0,0.002992904745042324,0.3280223608016968,9.128957748413086,-4.660896956920624e-05,0.001107892021536827,0.0012383880093693733,4.245146751403809,31.94402503967285,-89.30972290039062
16.706187963485718,0,20.601858139038086,2.487859362965139e-10,0.0,-21.031768798828125,2.0320000648498535,2944.0,-0.0,0.0,20.00400161743164,0.0,0.019753171131014824,0.31664931774139404,9.128358840942383,-0.00017976947128772736,0.0005752518773078918,-0.0002263728529214859,5.660195350646973,32.47642517089844,-89.13928985595703
16.726374626159668,0,20.601858139038086,2.0390805710590598e-10,0.0,-21.031768798828125,2.004000186920166,2952.0,-0.0,0.0,20.00800132751465,0.0,0.013767361640930176,0.3274237811565399,9.131950378417969,-0.001378210261464119,-0.00022370927035808563,3.994721919298172e-05,4.422027587890625,32.12149429321289,-88.45753479003906
16.746524333953857,0,20.601858139038086,1.6752450815449293e-10,0.0,-21.031768798828125,2.004000186920166,2940.0,-0.0,0.0,20.00800132751465,0.0,0.021548913791775703,0.3202407956123352,9.179238319396973,8.654966950416565e-05,4.2611733078956604e-05,0.00043942779302597046,5.837076663970947,33.18629455566406,-88.79840850830078
16.7668776512146,0,20.601858139038086,1.3688904176856198e-10,0.0,-21.031768798828125,2.004000186920166,3052.0,-0.0,0.0,20.00400161743164,0.0,-0.001197161851450801,0.31964221596717834,9.14332389831543,-0.0004460904747247696,0.00017577223479747772,0.0007057478651404381,4.5989089012146,31.94402503967285,-89.30972290039062
16.787087440490723,0,20.601858139038086,1.1281593714773663e-10,0.0,-21.031768798828125,2.004000186920166,2944.0,-0.0,0.0,20.00400161743164,0.0,0.011971618980169296,0.31784647703170776,9.121774673461914,-0.0003129299730062485,0.0003089308738708496,0.001637868583202362,5.660195350646973,33.718692779541016,-89.65060424804688
16.807278394699097,0,20.601858139038086,9.256812677493897e-11,0.0,-21.031768798828125,2.008000135421753,2940.0,-0.0,0.0,20.012001037597656,0.0,0.008978714235126972,0.32981809973716736,9.164872169494629,-4.660896956920624e-05,0.0012410525232553482,0.00017310772091150284,4.775789737701416,32.83135986328125,-89.13928985595703
16.827659368515015,0,20.601858139038086,7.58554122293198e-11,0.0,-21.031768798828125,2.0160000324249268,2960.0,-0.0,0.0,20.00400161743164,0.0,0.017358846962451935,0.3244308531284332,9.14571762084961,0.0003528706729412079,0.000708412379026413,-0.0011584931053221226,6.013957500457764,31.589092254638672,-89.65060424804688
16.84779644012451,0,20.601858139038086,6.233235455566088e-11,0.0,-21.031768798828125,2.01200008392334,2948.0,-0.0,0.0,20.012001037597656,0.0,0.020950332283973694,0.32981809973716736,9.142724990844727,-0.0004460904747247696,0.0012410525232553482,-0.0003595328889787197,4.5989089012146,30.5242919921875,-88.28709411621094
16.86797857284546,0,20.601858139038086,5.084234075414251e-11,0.0,-21.031768798828125,2.004000186920166,3092.0,-0.0,0.0,20.00400161743164,0.0,0.007182971108704805,0.3381982147693634,9.10621166229248,0.00021971017122268677,0.0005752518773078918,0.00043942779302597046,5.483314037322998,31.766559600830078,-88.11666107177734
16.88833975791931,0,20.601858139038086,4.198408981581636e-11,0.0,-21.031768798828125,2.004000186920166,2940.0,-0.0,0.0,20.012001037597656,0.0,0.002394323702901602,0.3172478973865509,9.127760887145996,-4.660896956920624e-05,-0.0010226685553789139,-0.0006258529610931873,4.775789737701416,33.89616012573242,-87.7757797241211
16.90852952003479,0,20.601858139038086,3.44383063732856e-11,0.0,-21.031768798828125,2.0240001678466797,2944.0,-0.0,0.0,20.016000747680664,0.0,0.005985809490084648,0.30767059326171875,9.137337684631348,-0.0003129299730062485,0.00044209137558937073,-0.0006258529610931873,4.5989089012146,33.36376190185547,-90.67323303222656
16.92870807647705,0,20.601858139038086,2.8225052503549897e-11,0.0,-21.031768798828125,2.008000135421753,2960.0,-0.0,0.0,20.00800132751465,0.0,0.007182971108704805,0.3322124183177948,9.138534545898438,-0.0004460904747247696,-0.0004900284111499786,-0.0004926929250359535,4.245146751403809,31.589092254638672,-89.65060424804688
16.94906449317932,0,20.601852416992188,-4.783830445376225e-05,0.0,-21.031768798828125,2.004000186920166,2940.0,-0.0,0.0,20.00400161743164,-5.504000000655651e-06,-0.0035914855543524027,0.3154521584510803,9.127161979675293,0.0003528706729412079,0.00017577223479747772,3.994721919298172e-05,4.422027587890625,32.47642517089844,-89.13928985595703
16.96924376487732,0,20.601852416992188,-3.908126018359326e-05,0.0,-21.031768798828125,2.004000186920166,3056.0,-0.0,0.0,20.016000747680664,0.0,0.017358846962451935,0.3202407956123352,9.133148193359375,0.000486031174659729,4.2611733078956604e-05,0.00017310772091150284,4.5989089012146,32.29895782470703,-89.9914779663086
16.989413022994995,0,20.601852416992188,-3.220475628040731e-05,0.0,-21.031768798828125,2.004000186920166,2952.0,-0.0,0.0,20.00800132751465,0.0,-0.001197161851450801,0.32562801241874695,9.119379997253418,-0.001378210261464119,0.0013742130249738693,0.0008389083668589592,6.367719650268555,31.589092254638672,-89.30972290039062
17.009786128997803,0,20.601852416992188,-2.642788786033634e-05,0.0,-21.031768798828125,2.004000186920166,2944.0,-0.0,0.0,20.00400161743164,0.0,0.001197161851450801,0.3142549991607666,9.14332389831543,-0.001378210261464119,-0.0004900284111499786,-0.0006258529610931873,5.483314037322998,33.54122543334961,-88.11666107177734
17.03005027770996,0,20.601852416992188,-2.165556543332059e-05,0.0,-21.031768798828125,2.01200008392334,2960.0,-0.0,0.0,20.00400161743164,0.0,0.007182971108704805,0.32981809973716736,9.120577812194824,-0.00017976947128772736,0.00017577223479747772,0.0009720679372549057,5.129551887512207,33.54122543334961,-88.45753479003906
17.050332069396973,0,20.601852416992188,-1.779633566911798e-05,0.0,-21.031768798828125,2.004000186920166,2940.0,-0.0,0.0,20.02800178527832,0.0,-0.012570199556648731,0.3310152590274811,9.118782043457031,-0.0007124096155166626,4.2611733078956604e-05,0.00043942779302597046,6.367719650268555,32.29895782470703,-87.94622039794922
17.070521354675293,0,20.601852416992188,-1.4569262930308469e-05,0.0,-21.031768798828125,2.004000186920166,2984.0,-0.0,0.0,20.00400161743164,0.0,0.009577294811606407,0.32562801241874695,9.132549285888672,-4.660896956920624e-05,4.2611733078956604e-05,-0.0006258529610931873,6.013957500457764,32.29895782470703,-88.62797546386719
17.090814113616943,0,20.601852416992188,-1.1980261660937686e-05,0.0,-21.031768798828125,2.004000186920166,2952.0,-0.0,0.0,20.00400161743164,0.0,0.01436594221740961,0.34059253334999084,9.169062614440918,-0.0012450497597455978,0.00017577223479747772,0.0007057478651404381,6.367719650268555,31.94402503967285,-88.9688491821289
17.111095666885376,0,20.601852416992188,-9.831607712840196e-06,0.0,-21.031768798828125,2.01200008392334,2944.0,-0.0,0.0,20.00800132751465,0.0,-0.020950332283973694,0.3280223608016968,9.133148193359375,8.654966950416565e-05,4.2611733078956604e-05,0.0005725882947444916,4.422027587890625,33.54122543334961,-88.45753479003906
17.131258964538574,0,20.601852416992188,-8.054380487010349e-06,0.0,-21.031768798828125,2.004000186920166,2968.0,-0.0,0.0,20.00800132751465,0.0,-0.005387228447943926,0.3214379549026489,9.120577812194824,-0.0012450497597455978,0.0005752518773078918,-0.0010253330692648888,6.013957500457764,31.23415756225586,-88.9688491821289
17.151429891586304,0,20.601852416992188,-6.619764917559223e-06,0.0,-21.031768798828125,2.01200008392334,2952.0,-0.0,0.0,20.00800132751465,0.0,0.0,0.3370010554790497,9.123570442199707,-0.0024434905499219894,0.0003089308738708496,-0.0002263728529214859,4.952671051025391,33.36376190185547,-90.33235931396484
17.171631336212158,0,20.601852416992188,-5.423123639047844e-06,0.0,-21.031768798828125,2.004000186920166,2964.0,-0.0,0.0,20.00400161743164,0.0,0.0017957427771762013,0.30587485432624817,9.123570442199707,0.0010186713188886642,-9.054876863956451e-05,-0.0004926929250359535,6.190838813781738,31.766559600830078,-88.11666107177734
17.191960096359253,0,20.601852416992188,-4.4583898670680355e-06,0.0,-21.031768798828125,2.004000186920166,2944.0,-0.0,0.0,20.00800132751465,0.0,0.016161685809493065,0.34059253334999084,9.131352424621582,-4.660896956920624e-05,0.0012410525232553482,0.0013715485110878944,4.775789737701416,32.12149429321289,-87.7757797241211
17.212172508239746,0,20.601852416992188,-3.658501100289868e-06,0.0,-21.031768798828125,2.008000135421753,2940.0,-0.0,0.0,20.00800132751465,0.0,0.011971618980169296,0.31964221596717834,9.138534545898438,8.654966950416565e-05,0.000708412379026413,0.0013715485110878944,4.422027587890625,32.12149429321289,-87.43490600585938
17.2323477268219,0,20.601852416992188,-2.9972718493809225e-06,0.0,-21.031768798828125,2.0160000324249268,2952.0,-0.0,0.0,20.012001037597656,0.0,-0.0005985809257254004,0.30886775255203247,9.151104927062988,-0.0004460904747247696,0.00017577223479747772,3.994721919298172e-05,5.837076663970947,31.766559600830078,-89.821044921875
17.252748250961304,0,20.601852416992188,-2.463127884766436e-06,0.0,-21.031768798828125,2.004000186920166,2952.0,-0.0,0.0,20.00400161743164,0.0,0.019154589623212814,0.31784647703170776,9.13913345336914,-0.001111891120672226,0.00017577223479747772,-9.321235120296478e-05,5.483314037322998,31.056692123413086,-88.11666107177734
17.2729172706604,0,20.601852416992188,-2.018648956436664e-06,0.0,-21.031768798828125,2.004000186920166,2964.0,-0.0,0.0,20.00400161743164,0.0,-0.01436594221740961,0.31784647703170776,9.139732360839844,-0.001378210261464119,4.2611733078956604e-05,0.00030626729130744934,5.660195350646973,31.23415756225586,-88.28709411621094
17.293099403381348,0,20.601852416992188,-1.6584533568675397e-06,0.0,-21.031768798828125,2.0160000324249268,2948.0,-0.0,0.0,20.00800132751465,0.0,0.016161685809493065,0.33281099796295166,9.131352424621582,-0.00017976947128772736,4.2611733078956604e-05,-0.0004926929250359535,4.775789737701416,32.47642517089844,-88.79840850830078
17.31330633163452,0,20.601852416992188,-1.3614879890155862e-06,0.0,-21.031768798828125,2.004000186920166,2948.0,-0.0,0.0,20.00400161743164,0.0,-0.004788647405803204,0.33460673689842224,9.112197875976562,-0.0024434905499219894,-0.0007563494145870209,3.994721919298172e-05,5.129551887512207,31.056692123413086,-89.48016357421875
17.3336443901062,0,20.601852416992188,-1.1170048992426018e-06,0.0,-21.031768798828125,2.004000186920166,2948.0,-0.0,0.0,20.00400161743164,0.0,0.014964522793889046,0.3364024758338928,9.133746147155762,-0.0005792509764432907,0.000974731519818306,3.994721919298172e-05,6.190838813781738,32.47642517089844,-88.45753479003906
17.353835344314575,0,20.601852416992188,-9.165628398477565e-07,0.0,-21.031768798828125,2.0360000133514404,2940.0,-0.0,0.0,20.012001037597656,0.0,-0.002394323702901602,0.3118606507778168,9.15709114074707,-0.001378210261464119,0.0017736926674842834,-0.0011584931053221226,5.306433200836182,32.29895782470703,-87.60533905029297
17.374022960662842,0,20.601852416992188,-7.510507771257835e-07,0.0,-21.031768798828125,2.004000186920166,2956.0,-0.0,0.0,20.00800132751465,0.0,-0.008380132727324963,0.3244308531284332,9.122971534729004,-0.0025766510516405106,0.0013742130249738693,-0.0012916531413793564,5.306433200836182,33.008827209472656,-88.28709411621094
17.394418954849243,0,20.601852416992188,-6.172543862703606e-07,0.0,-21.031768798828125,2.004000186920166,2944.0,-0.0,0.0,20.00800132751465,0.0,0.017358846962451935,0.32862094044685364,9.158886909484863,-4.660896956920624e-05,-9.054876863956451e-05,0.00030626729130744934,5.483314037322998,32.83135986328125,-89.13928985595703
17.414570331573486,0,20.601852416992188,-5.046515525464201e-07,0.0,-21.031768798828125,2.004000186920166,2948.0,-0.0,0.0,20.012001037597656,0.0,-0.015563104301691055,0.32562801241874695,9.166069984436035,0.0003528706729412079,0.00017577223479747772,-0.0003595328889787197,5.837076663970947,31.411624908447266,-90.50279235839844
17.434760570526123,0,20.601852416992188,-4.157129467330378e-07,0.0,-21.031768798828125,2.004000186920166,2944.0,-0.0,0.0,20.00800132751465,0.0,0.005985809490084648,0.3393953740596771,9.125965118408203,-4.660896956920624e-05,0.00017577223479747772,-0.0002263728529214859,5.129551887512207,33.18629455566406,-88.79840850830078
17.455122709274292,0,20.601852416992188,-3.4105076451851346e-07,0.0,-21.031768798828125,2.004000186920166,2944.0,-0.0,0.0,20.00800132751465,0.0,0.011373037472367287,0.3310152590274811,9.134943962097168,-0.0008455701172351837,0.0012410525232553482,0.0007057478651404381,4.422027587890625,31.766559600830078,-88.79840850830078
17.47529149055481,0,20.601852416992188,-2.794531610561535e-07,0.0,-21.031768798828125,2.004000186920166,2948.0,-0.0,0.0,20.00400161743164,0.0,0.01436594221740961,0.32981809973716736,9.149908065795898,-0.001378210261464119,4.2611733078956604e-05,-9.321235120296478e-05,3.8913843631744385,33.008827209472656,-88.62797546386719
17.495572328567505,0,20.601852416992188,-2.2966092672049854e-07,0.0,-21.031768798828125,2.004000186920166,2944.0,-0.0,0.0,20.00400161743164,0.0,-0.001197161851450801,0.3244308531284332,9.14332389831543,-0.00017976947128772736,-0.0004900284111499786,0.0005725882947444916,3.714503288269043,32.83135986328125,-89.821044921875
17.515851259231567,0,20.601852416992188,-1.8815875080235855e-07,0.0,-21.031768798828125,2.004000186920166,2976.0,-0.0,0.0,20.00800132751465,0.0,-0.005387228447943926,0.33161383867263794,9.118183135986328,-0.0003129299730062485,4.2611733078956604e-05,-9.321235120296478e-05,4.068265438079834,32.12149429321289,-88.79840850830078
17.536659479141235,0,20.601852416992188,-1.546449368561298e-07,0.0,-21.031768798828125,2.004000186920166,2948.0,-0.0,0.0,20.00800132751465,0.0,-0.007182971108704805,0.3220365345478058,9.124767303466797,0.00021971017122268677,0.00017577223479747772,-0.0014248131774365902,4.952671051025391,31.23415756225586,-87.94622039794922
17.556228637695312,0,20.601852416992188,-1.268999483272637e-07,0.0,-21.031768798828125,2.008000135421753,2948.0,-0.0,0.0,20.00800132751465,0.0,-0.0035914855543524027,0.3352053165435791,9.115788459777832,0.0008855108171701431,0.00017577223479747772,-0.0002263728529214859,5.660195350646973,32.653892517089844,-89.30972290039062
17.576423406600952,0,20.601852416992188,-1.040010459973928e-07,0.0,-21.031768798828125,2.004000186920166,2956.0,-0.0,0.0,20.00400161743164,0.0,-0.0005985809257254004,0.31784647703170776,9.135541915893555,0.0010186713188886642,-0.00022370927035808563,0.0005725882947444916,4.245146751403809,34.42856216430664,-88.62797546386719
17.596826791763306,0,20.601852416992188,-8.543378271497204e-08,0.0,-21.031768798828125,2.0160000324249268,2948.0,-0.0,0.0,20.00400161743164,0.0,0.019154589623212814,0.33161383867263794,9.136738777160645,0.0006191898137331009,0.00044209137558937073,-9.321235120296478e-05,4.775789737701416,33.54122543334961,-89.13928985595703
17.616960763931274,0,20.601852416992188,-6.9813211212022e-08,0.0,-21.031768798828125,2.004000186920166,3052.0,-0.0,0.0,20.00400161743164,0.0,0.021548913791775703,0.3244308531284332,9.130154609680176,-0.0007124096155166626,0.00044209137558937073,0.00030626729130744934,5.660195350646973,32.29895782470703,-89.65060424804688
17.63713765144348,0,20.601852416992188,-5.754477072628106e-08,0.0,-21.031768798828125,2.01200008392334,2944.0,-0.0,0.0,20.012001037597656,0.0,-0.001197161851450801,0.3250294327735901,9.147513389587402,-4.660896956920624e-05,0.001107892021536827,0.00043942779302597046,2.8300976753234863,34.42856216430664,-88.62797546386719
17.65752649307251,0,20.601852416992188,-4.7213202236662255e-08,0.0,-21.031768798828125,2.0160000324249268,2948.0,-0.0,0.0,20.00800132751465,0.0,0.0035914855543524027,0.3244308531284332,9.142126083374023,-4.660896956920624e-05,4.2611733078956604e-05,0.0008389083668589592,5.306433200836182,32.653892517089844,-88.62797546386719
17.677666425704956,0,20.601852416992188,-3.869640963216625e-08,0.0,-21.031768798828125,2.004000186920166,2956.0,-0.0,0.0,20.012001037597656,0.0,0.014964522793889046,0.3280223608016968,9.122971534729004,0.0008855108171701431,0.0005752518773078918,-0.0012916531413793564,4.952671051025391,33.36376190185547,-89.65060424804688
17.698063611984253,0,20.601852416992188,-3.1797910082786984e-08,0.0,-21.031768798828125,2.004000186920166,2940.0,-0.0,0.0,20.016000747680664,0.0,0.009577294811606407,0.3304166793823242,9.171457290649414,0.0011518299579620361,0.000974731519818306,3.994721919298172e-05,5.483314037322998,32.83135986328125,-88.11666107177734
17.718206882476807,0,20.601852416992188,-2.5931438329962475e-08,0.0,-21.031768798828125,2.004000186920166,3100.0,-0.0,0.0,20.00800132751465,0.0,0.0035914855543524027,0.3202407956123352,9.128957748413086,0.000752350315451622,0.0013742130249738693,0.00017310772091150284,4.422027587890625,32.12149429321289,-88.79840850830078
17.738410234451294,0,20.601852416992188,-2.1412580153423733e-08,0.0,-21.031768798828125,2.004000186920166,2944.0,-0.0,0.0,20.00400161743164,0.0,0.01436594221740961,0.31964221596717834,9.122373580932617,-0.0005792509764432907,0.0003089308738708496,-0.0002263728529214859,4.5989089012146,33.36376190185547,-88.62797546386719
17.758753061294556,0,20.601852416992188,-1.757369894050953e-08,0.0,-21.031768798828125,2.008000135421753,2944.0,-0.0,0.0,20.016000747680664,0.0,0.0017957427771762013,0.3340081572532654,9.192407608032227,-0.0017776917666196823,-0.00022370927035808563,-0.0006258529610931873,4.952671051025391,32.29895782470703,-89.65060424804688
17.77890920639038,0,20.601852416992188,-1.4394125891215026e-08,0.0,-21.031768798828125,2.004000186920166,2960.0,-0.0,0.0,20.012001037597656,0.0,0.015563104301691055,0.3250294327735901,9.154098510742188,-0.0003129299730062485,0.00017577223479747772,0.00030626729130744934,5.306433200836182,34.42856216430664,-88.9688491821289
17.799297094345093,0,20.601852416992188,-1.182804343358157e-08,0.0,-21.031768798828125,2.008000135421753,2952.0,-0.0,0.0,20.00400161743164,0.0,0.002992904745042324,0.3340081572532654,9.15589427947998,-0.00151137076318264,0.000708412379026413,0.0005725882947444916,4.422027587890625,31.411624908447266,-90.84367370605469
17.81944751739502,0,20.601852416992188,-9.669864908801173e-09,0.0,-21.031768798828125,2.004000186920166,3028.0,-0.0,0.0,20.00800132751465,0.0,0.004190066363662481,0.3310152590274811,9.131950378417969,0.0003528706729412079,4.2611733078956604e-05,0.0005725882947444916,4.952671051025391,32.653892517089844,-89.30972290039062
17.83963370323181,0,20.601852416992188,-7.965945236776406e-09,0.0,-21.031768798828125,2.004000186920166,2940.0,-0.0,0.0,20.016000747680664,0.0,0.009577294811606407,0.3244308531284332,9.152900695800781,0.0014181509613990784,0.001107892021536827,0.00030626729130744934,4.5989089012146,33.36376190185547,-88.62797546386719
17.859986305236816,0,20.601852416992188,-6.538054542204463e-09,0.0,-21.031768798828125,2.008000135421753,2944.0,-0.0,0.0,20.00800132751465,0.0,-0.007182971108704805,0.3304166793823242,9.121175765991211,0.0008855108171701431,0.0023063328117132187,0.00017310772091150284,5.660195350646973,33.008827209472656,-90.33235931396484
17.880168437957764,0,20.601852416992188,-5.3570152758197764e-09,0.0,-21.031768798828125,2.004000186920166,2948.0,-0.0,0.0,20.00800132751465,0.0,0.005387228447943926,0.3190436363220215,9.151104927062988,-0.001378210261464119,0.0023063328117132187,-0.000892173033207655,5.306433200836182,32.653892517089844,-88.62797546386719
17.900338649749756,0,20.601852416992188,-4.401153663735613e-09,0.0,-21.031768798828125,2.008000135421753,2944.0,-0.0,0.0,20.016000747680664,0.0,0.005387228447943926,0.3034805357456207,9.19120979309082,-0.0004460904747247696,0.0017736926674842834,-0.0002263728529214859,4.952671051025391,31.94402503967285,-90.33235931396484
17.920692920684814,0,20.601852416992188,-3.605286291730181e-09,0.0,-21.031768798828125,2.004000186920166,2952.0,-0.0,0.0,20.016000747680664,0.0,0.002992904745042324,0.3340081572532654,9.148112297058105,0.000486031174659729,0.0003089308738708496,0.0012383880093693733,3.5376219749450684,31.94402503967285,-89.65060424804688
17.94085955619812,0,20.601852416992188,-2.9631304077071263e-09,0.0,-21.031768798828125,2.004000186920166,2940.0,-0.0,0.0,20.00800132751465,0.0,-0.017957428470253944,0.33759963512420654,9.136140823364258,-0.0004460904747247696,0.0012410525232553482,0.00043942779302597046,3.1838598251342773,32.653892517089844,-88.62797546386719
17.961215496063232,0,20.601852416992188,-2.43160425128508e-09,0.0,-21.031768798828125,2.008000135421753,2940.0,-0.0,0.0,20.02400016784668,0.0,-0.01436594221740961,0.3250294327735901,9.15828800201416,0.0003528706729412079,-0.00035686977207660675,-0.000892173033207655,5.306433200836182,30.169357299804688,-88.9688491821289
17.981388092041016,0,20.601852416992188,-1.992201070777355e-09,0.0,-21.031768798828125,2.004000186920166,2956.0,-0.0,0.0,20.016000747680664,0.0,-0.0035914855543524027,0.3292195200920105,9.142126083374023,-0.0005792509764432907,4.2611733078956604e-05,0.0007057478651404381,4.775789737701416,31.766559600830078,-88.79840850830078
18.001797914505005,0,20.601852416992188,-1.6368564281776798e-09,0.0,-21.031768798828125,2.008000135421753,2948.0,-0.0,0.0,20.032001495361328,0.0,0.0035914855543524027,0.3040791153907776,9.15589427947998,0.0006191898137331009,0.000708412379026413,-0.0006258529610931873,4.422027587890625,33.18629455566406,-88.79840850830078
18.021926879882812,0,20.601852416992188,-1.3411219912384809e-09,0.0,-21.031768798828125,2.004000186920166,2968.0,-0.0,0.0,20.012001037597656,0.0,0.002992904745042324,0.3322124183177948,9.132549285888672,-0.0008455701172351837,0.0012410525232553482,-0.0002263728529214859,5.306433200836182,32.653892517089844,-89.65060424804688
18.042096614837646,0,20.601852416992188,-1.1016920709039368e-09,0.0,-21.031768798828125,2.004000186920166,2948.0,-0.0,0.0,20.00400161743164,0.0,-0.002992904745042324,0.31784647703170776,9.130753517150879,0.0008855108171701431,-0.00022370927035808563,-0.0006258529610931873,6.013957500457764,31.94402503967285,-91.01410675048828
18.062443017959595,0,20.601852416992188,-9.041729032155388e-10,0.0,-21.031768798828125,2.0199999809265137,2944.0,-0.0,0.0,20.00800132751465,0.0,0.020351750776171684,0.3172478973865509,9.124767303466797,-0.0007124096155166626,-0.00022370927035808563,-9.321235120296478e-05,4.5989089012146,32.29895782470703,-90.33235931396484
18.082637310028076,0,20.601852416992188,-7.410406732688557e-10,0.0,-21.031768798828125,2.004000186920166,2956.0,-0.0,0.0,20.00400161743164,0.0,0.010175875388085842,0.34957125782966614,9.154098510742188,-0.00017976947128772736,0.00017577223479747772,0.0011052284389734268,6.544600963592529,32.83135986328125,-88.45753479003906
18.10284972190857,0,20.601852416992188,-6.088858306441125e-10,0.0,-21.031768798828125,2.008000135421753,2952.0,-0.0,0.0,20.012001037597656,0.0,0.009577294811606407,0.3082691729068756,9.130154609680176,0.000752350315451622,0.00044209137558937073,-0.0011584931053221226,4.068265438079834,32.83135986328125,-88.45753479003906
18.12319326400757,0,20.601852416992188,-4.98973751206222e-10,0.0,-21.031768798828125,2.0160000324249268,2956.0,-0.0,0.0,20.00800132751465,0.0,-0.0005985809257254004,0.34358546137809753,9.1253662109375,-0.0005792509764432907,0.000974731519818306,-0.0006258529610931873,4.952671051025391,34.42856216430664,-89.30972290039062
18.143369674682617,0,20.601852416992188,-4.0998837658179355e-10,0.0,-21.031768798828125,2.004000186920166,2952.0,-0.0,0.0,20.016000747680664,0.0,0.008978714235126972,0.339993953704834,9.116986274719238,-0.001378210261464119,0.00044209137558937073,0.00017310772091150284,4.775789737701416,32.83135986328125,-89.48016357421875
18.163559436798096,0,20.601852416992188,-3.363523903843202e-10,0.0,-21.031768798828125,2.004000186920166,2940.0,-0.0,0.0,20.00400161743164,0.0,0.012570199556648731,0.3370010554790497,9.117584228515625,0.000486031174659729,0.00044209137558937073,3.994721919298172e-05,5.306433200836182,33.36376190185547,-89.65060424804688
18.183903455734253,0,20.601852416992188,-2.760921491429258e-10,0.0,-21.031768798828125,2.004000186920166,2940.0,-0.0,0.0,20.00400161743164,0.0,0.008380132727324963,0.32862094044685364,9.123570442199707,-4.660896956920624e-05,0.0003089308738708496,-0.0007590129971504211,5.483314037322998,31.766559600830078,-88.45753479003906
18.20408606529236,0,20.601852416992188,-2.2648717623585668e-10,0.0,-21.031768798828125,2.0360000133514404,2944.0,-0.0,0.0,20.02800178527832,0.0,-0.0005985809257254004,0.3214379549026489,9.119978904724121,-0.0004460904747247696,-0.0006231889128684998,3.994721919298172e-05,5.129551887512207,32.47642517089844,-88.11666107177734
18.224255561828613,0,20.601852416992188,-1.8562530679222533e-10,0.0,-21.031768798828125,2.004000186920166,2972.0,-0.0,0.0,20.00800132751465,0.0,-0.007781552150845528,0.31485357880592346,9.160083770751953,-0.0007124096155166626,-9.054876863956451e-05,0.0013715485110878944,3.8913843631744385,33.36376190185547,-87.26446533203125
18.24460196495056,0,20.601852416992188,-1.5251559737361475e-10,0.0,-21.031768798828125,2.004000186920166,2948.0,-0.0,0.0,20.016000747680664,0.0,0.008380132727324963,0.3322124183177948,9.131950378417969,8.654966950416565e-05,0.00017577223479747772,0.00043942779302597046,3.360740900039673,32.12149429321289,-89.821044921875
18.26480007171631,0,20.601852416992188,-1.2501540080922524e-10,0.0,-21.031768798828125,2.004000186920166,2948.0,-0.0,0.0,20.012001037597656,0.0,0.002992904745042324,0.3118606507778168,9.130753517150879,0.0006191898137331009,0.0005752518773078918,0.00017310772091150284,4.5989089012146,31.589092254638672,-89.65060424804688
18.28517484664917,0,20.601852416992188,-1.0268083605602385e-10,0.0,-21.031768798828125,2.0160000324249268,2944.0,-0.0,0.0,20.00800132751465,0.0,0.010175875388085842,0.3274237811565399,9.141528129577637,8.654966950416565e-05,0.00017577223479747772,0.00030626729130744934,5.837076663970947,33.18629455566406,-88.79840850830078
18.305351734161377,0,20.601852416992188,-8.425846825810268e-11,0.0,-21.031768798828125,2.01200008392334,2940.0,-0.0,0.0,20.00400161743164,0.0,0.021548913791775703,0.3274237811565399,9.108007431030273,-0.001378210261464119,-0.0004900284111499786,-0.0003595328889787197,4.245146751403809,32.29895782470703,-88.62797546386719
18.325538873672485,0,20.601852416992188,-6.902713123313475e-11,0.0,-21.031768798828125,2.004000186920166,2964.0,-0.0,0.0,20.00400161743164,0.0,0.022746074944734573,0.3292195200920105,9.14033031463623,-0.00017976947128772736,-9.054876863956451e-05,-0.0010253330692648888,4.952671051025391,34.42856216430664,-89.65060424804688
18.34589433670044,0,20.601852416992188,-5.674549025114217e-11,0.0,-21.031768798828125,2.01200008392334,2944.0,-0.0,0.0,20.012001037597656,0.0,0.007182971108704805,0.3340081572532654,9.118782043457031,-0.0025766510516405106,0.0013742130249738693,-0.0003595328889787197,5.306433200836182,33.718692779541016,-89.30972290039062
18.366058111190796,0,20.601852416992188,-4.649143917068166e-11,0.0,-21.031768798828125,2.004000186920166,2984.0,-0.0,0.0,20.00800132751465,0.0,0.0035914855543524027,0.31964221596717834,9.14033031463623,0.00021971017122268677,0.000974731519818306,0.0008389083668589592,4.775789737701416,31.766559600830078,-90.16191864013672
18.38624358177185,0,20.601852416992188,-3.821213484522801e-11,0.0,-21.031768798828125,2.004000186920166,2944.0,-0.0,0.0,20.012001037597656,0.0,-0.002394323702901602,0.31245923042297363,9.116387367248535,0.000486031174659729,0.0003089308738708496,-0.0014248131774365902,5.306433200836182,33.008827209472656,-88.62797546386719
18.406590938568115,0,20.601852416992188,-3.1350359808168804e-11,0.0,-21.031768798828125,2.0160000324249268,2940.0,-0.0,0.0,20.012001037597656,0.0,0.015563104301691055,0.3381982147693634,9.129556655883789,0.0015513114631175995,0.0003089308738708496,-0.000892173033207655,4.422027587890625,32.47642517089844,-89.13928985595703
18.426774978637695,0,20.601852416992188,-2.5696096292437964e-11,0.0,-21.031768798828125,2.004000186920166,2952.0,-0.0,0.0,20.012001037597656,0.0,0.006584390066564083,0.33580389618873596,9.167266845703125,-0.0003129299730062485,0.000708412379026413,-0.0016911337152123451,3.360740900039673,33.18629455566406,-89.13928985595703
18.447701692581177,0,20.601852416992188,-2.1111924708439034e-11,0.0,-21.031768798828125,2.004000186920166,2944.0,-0.0,0.0,20.00400161743164,0.0,0.017358846962451935,0.34059253334999084,9.143921852111816,0.0008855108171701431,-0.00022370927035808563,-0.001557973213493824,4.952671051025391,33.008827209472656,-88.9688491821289
18.46730136871338,0,20.601852416992188,-1.7237341762288416e-11,0.0,-21.031768798828125,2.004000186920166,3068.0,-0.0,0.0,20.012001037597656,0.0,-0.0035914855543524027,0.3202407956123352,9.123570442199707,-0.0005792509764432907,-9.054876863956451e-05,0.0005725882947444916,4.775789737701416,32.47642517089844,-90.50279235839844
18.48752188682556,0,20.601852416992188,-1.4214228752362779e-11,0.0,-21.031768798828125,2.004000186920166,2948.0,-0.0,0.0,20.00400161743164,0.0,0.015563104301691055,0.3340081572532654,9.136738777160645,-0.0009787306189537048,0.0005752518773078918,-0.0007590129971504211,3.714503288269043,32.47642517089844,-87.7757797241211
18.5078706741333,0,20.601852416992188,-1.1665827158446884e-11,0.0,-21.031768798828125,2.008000135421753,2940.0,-0.0,0.0,20.00400161743164,0.0,-0.008380132727324963,0.3214379549026489,9.124767303466797,0.000486031174659729,0.001107892021536827,0.00030626729130744934,3.8913843631744385,30.87922477722168,-88.9688491821289
18.528018951416016,0,20.601852416992188,-9.559635201494832e-12,0.0,-21.031768798828125,2.01200008392334,2964.0,-0.0,0.0,20.00400161743164,0.0,0.009577294811606407,0.3202407956123352,9.147513389587402,0.0006191898137331009,0.0012410525232553482,0.00043942779302597046,4.952671051025391,31.94402503967285,-89.13928985595703
18.54841113090515,0,20.601852416992188,-7.856319761412323e-12,0.0,-21.031768798828125,2.004000186920166,2936.0,-0.0,0.0,20.020000457763672,0.0,0.002992904745042324,0.3411911129951477,9.142724990844727,-0.0009787306189537048,0.00044209137558937073,-0.0007590129971504211,4.952671051025391,32.29895782470703,-88.9688491821289
18.56845784187317,0,20.601852416992188,-6.4091149921952084e-12,0.0,-21.031768798828125,2.004000186920166,3104.0,-0.0,0.0,20.00800132751465,0.0,-0.001197161851450801,0.3280223608016968,9.135541915893555,-4.660896956920624e-05,0.000974731519818306,3.994721919298172e-05,4.422027587890625,33.18629455566406,-89.48016357421875
18.588778495788574,0,20.601852416992188,-5.289372672495629e-12,0.0,-21.031768798828125,2.004000186920166,2944.0,-0.0,0.0,20.012001037597656,0.0,0.008380132727324963,0.32263511419296265,9.108606338500977,0.0006191898137331009,0.001107892021536827,-0.0006258529610931873,4.5989089012146,32.29895782470703,-88.62797546386719
18.608962059020996,0,20.601852416992188,-4.340733068125546e-12,0.0,-21.031768798828125,2.004000186920166,2940.0,-0.0,0.0,20.020000457763672,0.0,-0.012570199556648731,0.33281099796295166,9.147513389587402,-0.00017976947128772736,0.0003089308738708496,-0.0004926929250359535,5.306433200836182,32.29895782470703,-88.62797546386719
18.62912917137146,0,20.601852416992188,-3.5549722887662227e-12,0.0,-21.031768798828125,2.004000186920166,2964.0,-0.0,0.0,20.012001037597656,0.0,-0.011971618980169296,0.3364024758338928,9.132549285888672,0.00021971017122268677,-0.0004900284111499786,-0.0002263728529214859,5.129551887512207,33.18629455566406,-90.16191864013672
18.649581909179688,0,20.601852416992188,-2.922116108111661e-12,0.0,-21.031768798828125,2.01200008392334,2940.0,-0.0,0.0,20.032001495361328,0.0,0.005387228447943926,0.3262265920639038,9.153499603271484,-0.0003129299730062485,4.2611733078956604e-05,-0.000892173033207655,4.952671051025391,31.23415756225586,-88.62797546386719
18.669711351394653,0,20.601852416992188,-2.3890236577200907e-12,0.0,-21.031768798828125,2.0199999809265137,3024.0,-0.0,0.0,20.00800132751465,0.0,-0.004788647405803204,0.3190436363220215,9.128358840942383,-0.0008455701172351837,0.000974731519818306,-0.0010253330692648888,4.422027587890625,31.766559600830078,-88.45753479003906
18.690046310424805,0,20.601852416992188,-1.9672956839966727e-12,0.0,-21.031768798828125,2.004000186920166,2948.0,-0.0,0.0,20.00800132751465,0.0,-0.005985809490084648,0.3292195200920105,9.130753517150879,-0.0016445312649011612,0.00044209137558937073,3.994721919298172e-05,5.129551887512207,32.47642517089844,-88.11666107177734
18.710256576538086,0,20.601852416992188,-1.6144678909729704e-12,0.0,-21.031768798828125,2.01200008392334,2948.0,-0.0,0.0,20.020000457763672,0.0,0.004190066363662481,0.3381982147693634,9.154098510742188,0.000752350315451622,0.00044209137558937073,0.0005725882947444916,4.245146751403809,31.94402503967285,-88.62797546386719
18.730415105819702,0,20.601852416992188,-1.322163298983492e-12,0.0,-21.031768798828125,2.004000186920166,2972.0,-0.0,0.0,20.00400161743164,0.0,-0.010175875388085842,0.3322124183177948,9.116986274719238,-4.660896956920624e-05,0.0003089308738708496,-9.321235120296478e-05,4.952671051025391,31.589092254638672,-87.60533905029297
18.750805377960205,0,20.601852416992188,-1.0868337479985613e-12,0.0,-21.031768798828125,2.0160000324249268,2952.0,-0.0,0.0,20.00800132751465,0.0,-0.010175875388085842,0.3370010554790497,9.156492233276367,0.0003528706729412079,4.2611733078956604e-05,-0.0006258529610931873,5.837076663970947,32.12149429321289,-88.11666107177734
18.770960569381714,0,20.601852416992188,-8.907812638556112e-13,0.0,-21.031768798828125,2.004000186920166,2960.0,-0.0,0.0,20.00400161743164,0.0,0.008380132727324963,0.32562801241874695,9.151104927062988,8.654966950416565e-05,0.0012410525232553482,-0.0002263728529214859,5.129551887512207,32.83135986328125,-90.16191864013672
18.79114270210266,0,20.601852416992188,-7.320083124720544e-13,0.0,-21.031768798828125,2.004000186920166,2940.0,-0.0,0.0,20.012001037597656,0.0,0.001197161851450801,0.3411911129951477,9.122971534729004,-0.0005792509764432907,-9.054876863956451e-05,-0.0012916531413793564,3.360740900039673,32.83135986328125,-88.79840850830078
18.811578035354614,0,20.601852416992188,-6.005606710719757e-13,0.0,-21.031768798828125,2.0160000324249268,2944.0,-0.0,0.0,20.00400161743164,0.0,0.017358846962451935,0.3172478973865509,9.121774673461914,0.0003528706729412079,0.0005752518773078918,0.00017310772091150284,4.775789737701416,32.47642517089844,-88.79840850830078
18.831712007522583,0,20.601852416992188,-4.922455672240478e-13,0.0,-21.031768798828125,2.004000186920166,2960.0,-0.0,0.0,20.012001037597656,0.0,-0.022746074944734573,0.33281099796295166,9.129556655883789,-0.0003129299730062485,0.0012410525232553482,-0.0007590129971504211,5.483314037322998,32.12149429321289,-88.79840850830078
18.85188627243042,0,20.601852416992188,-4.04428931750217e-13,0.0,-21.031768798828125,2.0320000648498535,2940.0,-0.0,0.0,20.012001037597656,0.0,-0.002992904745042324,0.31485357880592346,9.128358840942383,0.0008855108171701431,0.0012410525232553482,-0.0003595328889787197,3.714503288269043,33.54122543334961,-88.45753479003906
18.87205958366394,0,20.601852416992188,-3.3132036610789006e-13,0.0,-21.031768798828125,2.004000186920166,2952.0,-0.0,0.0,20.00400161743164,0.0,0.017358846962451935,0.3184450566768646,9.151104927062988,0.0014181509613990784,0.00044209137558937073,-0.000892173033207655,3.5376219749450684,32.29895782470703,-89.9914779663086
18.892524480819702,0,20.601852416992188,-2.723283838018675e-13,0.0,-21.031768798828125,2.004000186920166,2940.0,-0.0,0.0,20.00800132751465,0.0,-0.019154589623212814,0.33460673689842224,9.134345054626465,-0.00017976947128772736,0.0019068531692028046,-0.000892173033207655,5.660195350646973,32.653892517089844,-89.30972290039062
18.91263747215271,0,20.601852416992188,-2.234168525096919e-13,0.0,-21.031768798828125,2.0360000133514404,2940.0,-0.0,0.0,20.00800132751465,0.0,-0.001197161851450801,0.3142549991607666,9.154098510742188,-0.001111891120672226,0.0015073716640472412,0.001637868583202362,3.714503288269043,31.411624908447266,-89.821044921875
18.93280816078186,0,20.601852416992188,-1.8306570723301135e-13,0.0,-21.031768798828125,2.004000186920166,2972.0,-0.0,0.0,20.00400161743164,0.0,0.002394323702901602,0.32562801241874695,9.167266845703125,-0.001378210261464119,0.0015073716640472412,0.0012383880093693733,4.068265438079834,32.47642517089844,-87.7757797241211
18.9531729221344,0,20.601852416992188,-1.5049394293687596e-13,0.0,-21.031768798828125,2.004000186920166,2940.0,-0.0,0.0,20.00800132751465,0.0,-0.010175875388085842,0.31664931774139404,9.167266845703125,0.000752350315451622,0.0012410525232553482,-0.0010253330692648888,4.245146751403809,33.718692779541016,-89.30972290039062
18.973346948623657,0,20.601852416992188,-1.233372263912194e-13,0.0,-21.031768798828125,2.004000186920166,2948.0,-0.0,0.0,20.00800132751465,0.0,-0.002394323702901602,0.3190436363220215,9.128358840942383,-0.00017976947128772736,0.000974731519818306,3.994721919298172e-05,4.422027587890625,32.12149429321289,-88.45753479003906
18.99355673789978,0,20.601852416992188,-1.0133398026940243e-13,0.0,-21.031768798828125,2.004000186920166,2944.0,-0.0,0.0,20.00400161743164,0.0,0.02753472328186035,0.3172478973865509,9.148711204528809,-0.0003129299730062485,0.00044209137558937073,-0.0003595328889787197,4.775789737701416,32.47642517089844,-89.821044921875
19.01388669013977,0,20.601852416992188,-8.315030386235253e-14,0.0,-21.031768798828125,2.004000186920166,2948.0,-0.0,0.0,20.012001037597656,0.0,-0.008380132727324963,0.3292195200920105,9.14033031463623,-0.0009787306189537048,0.00044209137558937073,-0.000892173033207655,5.129551887512207,31.411624908447266,-89.821044921875
19.034092664718628,0,20.601852416992188,-6.823486003657009e-14,0.0,-21.031768798828125,2.004000186920166,2940.0,-0.0,0.0,20.00400161743164,0.0,-0.005985809490084648,0.32263511419296265,9.130753517150879,-0.0004460904747247696,0.000974731519818306,0.0009720679372549057,4.952671051025391,32.653892517089844,-89.30972290039062
19.054441213607788,0,20.601852416992188,-5.600368394942726e-14,0.0,-21.031768798828125,2.008000135421753,2944.0,-0.0,0.0,20.036001205444336,0.0,0.017957428470253944,0.3429868817329407,9.134345054626465,-0.0016445312649011612,-0.0007563494145870209,0.00030626729130744934,3.8913843631744385,31.589092254638672,-88.62797546386719
19.074599266052246,0,20.601852416992188,-4.587126915833219e-14,0.0,-21.031768798828125,2.004000186920166,2968.0,-0.0,0.0,20.012001037597656,0.0,-0.002394323702901602,0.3202407956123352,9.13793659210205,-0.00151137076318264,0.00044209137558937073,-0.0002263728529214859,4.952671051025391,34.07362747192383,-89.9914779663086
19.094815492630005,0,20.601852416992188,-3.768926292477097e-14,0.0,-21.031768798828125,2.0160000324249268,2940.0,-0.0,0.0,20.012001037597656,0.0,0.004788647405803204,0.32562801241874695,9.118782043457031,0.0014181509613990784,0.0005752518773078918,0.00030626729130744934,6.190838813781738,33.54122543334961,-90.16191864013672
19.11522889137268,0,20.601852416992188,-3.092615885060511e-14,0.0,-21.031768798828125,2.004000186920166,2948.0,-0.0,0.0,20.00400161743164,0.0,0.008380132727324963,0.3322124183177948,9.11159896850586,0.00021971017122268677,0.001107892021536827,3.994721919298172e-05,6.367719650268555,33.008827209472656,-89.9914779663086
19.13535237312317,0,20.601852416992188,-2.5381572657436763e-14,0.0,-21.031768798828125,2.004000186920166,2944.0,-0.0,0.0,20.00400161743164,0.0,0.013168780133128166,0.31664931774139404,9.138534545898438,-0.0003129299730062485,-0.00035686977207660675,0.00030626729130744934,3.714503288269043,31.766559600830078,-89.13928985595703
19.155627727508545,0,20.601852416992188,-2.0827826971241657e-14,0.0,-21.031768798828125,2.004000186920166,2940.0,-0.0,0.0,20.00800132751465,0.0,0.006584390066564083,0.3184450566768646,9.136738777160645,0.000486031174659729,4.2611733078956604e-05,-0.0012916531413793564,4.422027587890625,32.12149429321289,-88.11666107177734
19.175743103027344,0,20.601852416992188,-1.7066865160161003e-14,0.0,-21.031768798828125,2.004000186920166,2976.0,-0.0,0.0,20.00400161743164,0.0,0.005985809490084648,0.33161383867263794,9.125965118408203,-0.0003129299730062485,0.0003089308738708496,-0.0004926929250359535,2.653216600418091,32.12149429321289,-87.09402465820312
19.196078538894653,0,20.601852416992188,-1.4024837809655487e-14,0.0,-21.031768798828125,2.004000186920166,2944.0,-0.0,0.0,20.012001037597656,0.0,0.002394323702901602,0.32862094044685364,9.154098510742188,0.00021971017122268677,0.0005752518773078918,-0.0006258529610931873,4.5989089012146,33.718692779541016,-90.67323303222656
19.21627402305603,0,20.601852416992188,-1.1432364725575718e-14,0.0,-21.031768798828125,2.0160000324249268,3008.0,-0.0,0.0,20.00800132751465,0.0,0.002992904745042324,0.3244308531284332,9.164872169494629,0.0003528706729412079,0.00044209137558937073,-0.0016911337152123451,5.660195350646973,32.29895782470703,-89.65060424804688
19.23648738861084,0,20.601852416992188,-9.443793098603322e-15,0.0,-21.031768798828125,2.004000186920166,2948.0,-0.0,0.0,20.00400161743164,0.0,0.011373037472367287,0.32981809973716736,9.12656307220459,8.654966950416565e-05,0.00017577223479747772,0.0017710281535983086,5.837076663970947,33.54122543334961,-89.48016357421875
19.256855249404907,0,20.601852416992188,-7.749766167610295e-15,0.0,-21.031768798828125,2.008000135421753,2940.0,-0.0,0.0,20.02400016784668,0.0,0.0005985809257254004,0.3250294327735901,9.142126083374023,0.00021971017122268677,0.001107892021536827,0.00030626729130744934,4.5989089012146,32.29895782470703,-88.28709411621094
19.277007818222046,0,20.601852416992188,-6.348851176366356e-15,0.0,-21.031768798828125,2.0199999809265137,2964.0,-0.0,0.0,20.016000747680664,0.0,0.004788647405803204,0.3220365345478058,9.118183135986328,0.0012849904596805573,0.00044209137558937073,-0.0007590129971504211,3.714503288269043,32.83135986328125,-88.79840850830078
19.297423839569092,0,20.601852416992188,-5.217022458839111e-15,0.0,-21.031768798828125,2.004000186920166,2944.0,-0.0,0.0,20.00400161743164,0.0,0.004788647405803204,0.3292195200920105,9.167865753173828,8.654966950416565e-05,-0.00035686977207660675,-0.000892173033207655,5.483314037322998,33.18629455566406,-89.48016357421875
19.317635774612427,0,20.601852416992188,-4.255804388097247e-15,0.0,-21.031768798828125,2.004000186920166,3088.0,-0.0,0.0,20.00400161743164,0.0,0.0,0.32682517170906067,9.118183135986328,0.0003528706729412079,-0.00035686977207660675,0.0005725882947444916,4.775789737701416,33.54122543334961,-89.48016357421875
19.337815523147583,0,20.601852416992188,-3.5139053820143875e-15,0.0,-21.031768798828125,2.004000186920166,2932.0,-0.0,0.0,20.00800132751465,0.0,-0.010774456895887852,0.3232336938381195,9.153499603271484,-0.0003129299730062485,0.0017736926674842834,0.00030626729130744934,5.306433200836182,31.589092254638672,-91.01410675048828
19.357964992523193,0,20.601852416992188,-2.8829113643308486e-15,0.0,-21.031768798828125,2.0160000324249268,2940.0,-0.0,0.0,20.02400016784668,0.0,0.004788647405803204,0.3352053165435791,9.127760887145996,-0.0019108504056930542,-9.054876863956451e-05,-0.0011584931053221226,4.245146751403809,31.23415756225586,-89.30972290039062
19.378289461135864,0,20.601852416992188,-2.3612267367322404e-15,0.0,-21.031768798828125,2.004000186920166,2972.0,-0.0,0.0,20.012001037597656,0.0,-0.001197161851450801,0.3160507380962372,9.164872169494629,0.000752350315451622,0.00044209137558937073,0.0009720679372549057,4.952671051025391,31.23415756225586,-88.62797546386719
19.398733854293823,0,20.601852416992188,-1.9410333851154057e-15,0.0,-21.031768798828125,2.004000186920166,2940.0,-0.0,0.0,20.00400161743164,0.0,0.008380132727324963,0.31365641951560974,9.118782043457031,-4.660896956920624e-05,0.000974731519818306,0.0009720679372549057,4.245146751403809,33.008827209472656,-88.62797546386719
19.4187068939209,0,20.601852416992188,-1.5839500231787655e-15,0.0,-21.031768798828125,2.004000186920166,3084.0,-0.0,0.0,20.00400161743164,0.0,0.004190066363662481,0.32981809973716736,9.152900695800781,0.0003528706729412079,0.000708412379026413,0.0012383880093693733,4.422027587890625,33.89616012573242,-88.79840850830078
19.43903636932373,0,20.601852416992188,-1.3071168920056027e-15,0.0,-21.031768798828125,2.004000186920166,2944.0,-0.0,0.0,20.00800132751465,0.0,0.015563104301691055,0.32981809973716736,9.13793659210205,0.0006191898137331009,0.00044209137558937073,0.00017310772091150284,4.952671051025391,34.07362747192383,-88.9688491821289
19.459248304367065,0,20.601852416992188,-1.072311629851067e-15,0.0,-21.031768798828125,2.0360000133514404,2948.0,-0.0,0.0,20.02400016784668,0.0,0.004190066363662481,0.3244308531284332,9.116387367248535,0.0003528706729412079,0.000974731519818306,0.0008389083668589592,5.483314037322998,31.766559600830078,-89.48016357421875
19.47942304611206,0,20.601852416992188,-8.785382318483056e-16,0.0,-21.031768798828125,2.004000186920166,2964.0,-0.0,0.0,20.00800132751465,0.0,0.002992904745042324,0.3310152590274811,9.14452075958252,-0.0012450497597455978,0.00017577223479747772,0.0008389083668589592,4.5989089012146,33.718692779541016,-89.30972290039062
19.499776601791382,0,20.601852416992188,-7.22170020554531e-16,0.0,-21.031768798828125,2.004000186920166,2948.0,-0.0,0.0,20.02400016784668,0.0,0.011971618980169296,0.3118606507778168,9.160682678222656,0.0006191898137331009,0.0019068531692028046,0.00017310772091150284,4.422027587890625,32.83135986328125,-89.13928985595703
19.51996397972107,0,20.601852416992188,-5.908528616153615e-16,0.0,-21.031768798828125,2.004000186920166,3000.0,-0.0,0.0,20.00800132751465,0.0,0.002992904745042324,0.33281099796295166,9.10501480102539,-0.0007124096155166626,-9.054876863956451e-05,-0.0004926929250359535,4.422027587890625,32.83135986328125,-89.821044921875
19.540167331695557,0,20.601852416992188,-4.862140641411503e-16,0.0,-21.031768798828125,2.004000186920166,2948.0,-0.0,0.0,20.00400161743164,0.0,0.004190066363662481,0.3310152590274811,9.151703834533691,-0.0008455701172351837,-0.00022370927035808563,0.00043942779302597046,6.013957500457764,32.29895782470703,-89.65060424804688
19.560526847839355,0,20.601852416992188,-3.988878524852085e-16,0.0,-21.031768798828125,2.0320000648498535,2940.0,-0.0,0.0,20.00400161743164,0.0,0.0017957427771762013,0.3190436363220215,9.12416934967041,-0.00017976947128772736,0.0008415710180997849,-0.0003595328889787197,4.422027587890625,32.12149429321289,-88.11666107177734
19.580716133117676,0,20.601852416992188,-3.2697094361505577e-16,0.0,-21.031768798828125,2.004000186920166,2964.0,-0.0,0.0,20.00400161743164,0.0,-0.002992904745042324,0.3232336938381195,9.127760887145996,-0.0005792509764432907,0.00017577223479747772,0.0005725882947444916,4.952671051025391,31.589092254638672,-88.28709411621094
19.60088849067688,0,20.601852416992188,-2.6865981909753045e-16,0.0,-21.031768798828125,2.01200008392334,2940.0,-0.0,0.0,20.00400161743164,0.0,0.004190066363662481,0.31784647703170776,9.15589427947998,-4.660896956920624e-05,0.000974731519818306,-0.0012916531413793564,5.837076663970947,33.18629455566406,-90.16191864013672
19.62122678756714,0,20.601852416992188,-2.201631197560529e-16,0.0,-21.031768798828125,2.0160000324249268,2964.0,-0.0,0.0,20.00400161743164,0.0,0.011373037472367287,0.3130578100681305,9.140929222106934,-0.00017976947128772736,4.2611733078956604e-05,-0.0010253330692648888,4.5989089012146,33.718692779541016,-89.65060424804688
19.641400575637817,0,20.601852416992188,-1.8092806394831107e-16,0.0,-21.031768798828125,2.004000186920166,2944.0,-0.0,0.0,20.012001037597656,0.0,0.0017957427771762013,0.3304166793823242,9.164872169494629,-0.0005792509764432907,0.00017577223479747772,3.994721919298172e-05,7.075243949890137,33.008827209472656,-88.9688491821289
19.661595344543457,0,20.601852416992188,-1.4846748500848053e-16,0.0,-21.031768798828125,2.008000135421753,2944.0,-0.0,0.0,20.012001037597656,0.0,0.016161685809493065,0.3202407956123352,9.114591598510742,-0.0029761306941509247,-9.054876863956451e-05,-0.0003595328889787197,4.952671051025391,31.589092254638672,-89.65060424804688
19.68195867538452,0,20.601852416992188,-1.215864973806713e-16,0.0,-21.031768798828125,2.004000186920166,2960.0,-0.0,0.0,20.00800132751465,0.0,-0.004788647405803204,0.3202407956123352,9.136140823364258,-0.0003129299730062485,0.00017577223479747772,-0.0011584931053221226,4.952671051025391,31.94402503967285,-88.9688491821289
19.702149391174316,0,20.601852416992188,-9.996472408747419e-17,0.0,-21.031768798828125,2.0199999809265137,2944.0,-0.0,0.0,20.012001037597656,0.0,-0.002992904745042324,0.33281099796295166,9.132549285888672,-0.0003129299730062485,0.00044209137558937073,0.0008389083668589592,3.8913843631744385,33.36376190185547,-87.94622039794922
19.72232413291931,0,20.601852416992188,-8.188164930711365e-17,0.0,-21.031768798828125,2.004000186920166,2980.0,-0.0,0.0,20.00400161743164,0.0,0.006584390066564083,0.3352053165435791,9.115788459777832,0.0003528706729412079,0.0012410525232553482,0.00030626729130744934,5.129551887512207,33.18629455566406,-90.16191864013672
19.74266219139099,0,20.601852416992188,-6.731809568426823e-17,0.0,-21.031768798828125,2.004000186920166,2940.0,-0.0,0.0,20.00400161743164,0.0,0.006584390066564083,0.32263511419296265,9.134943962097168,-0.0009787306189537048,0.0005752518773078918,-0.001557973213493824,4.5989089012146,32.29895782470703,-89.65060424804688
19.76284885406494,0,20.601852416992188,-5.522749445560114e-17,0.0,-21.031768798828125,2.0240001678466797,2948.0,-0.0,0.0,20.020000457763672,0.0,-0.019154589623212814,0.31485357880592346,9.10740852355957,0.0003528706729412079,-0.00035686977207660675,0.0012383880093693733,4.422027587890625,31.411624908447266,-88.45753479003906
19.783031463623047,0,20.601852416992188,-4.524750742558966e-17,0.0,-21.031768798828125,2.004000186920166,2956.0,-0.0,0.0,20.00800132751465,0.0,-0.007781552150845528,0.3334095776081085,9.134943962097168,8.654966950416565e-05,-9.054876863956451e-05,-9.321235120296478e-05,4.422027587890625,33.54122543334961,-88.79840850830078
19.803396940231323,0,20.601852416992188,-3.718821061686916e-17,0.0,-21.031768798828125,2.004000186920166,2948.0,-0.0,0.0,20.00400161743164,0.0,0.009577294811606407,0.32083937525749207,9.13793659210205,8.654966950416565e-05,0.00243949331343174,0.0008389083668589592,5.483314037322998,33.18629455566406,-88.11666107177734
19.823591709136963,0,20.601852416992188,-3.048456026172711e-17,0.0,-21.031768798828125,2.004000186920166,2948.0,-0.0,0.0,20.00800132751465,0.0,0.006584390066564083,0.34657835960388184,9.155295372009277,0.0006191898137331009,0.0016405321657657623,0.0012383880093693733,5.129551887512207,34.60602951049805,-90.84367370605469
19.84376883506775,0,20.601852416992188,-2.5047113320528158e-17,0.0,-21.031768798828125,2.01200008392334,2940.0,-0.0,0.0,20.012001037597656,0.0,-0.014964522793889046,0.3202407956123352,9.103816986083984,-0.0009787306189537048,-0.0006231889128684998,3.994721919298172e-05,5.129551887512207,33.89616012573242,-90.50279235839844
19.86410355567932,0,20.601852416992188,-2.0548584203387123e-17,0.0,-21.031768798828125,2.004000186920166,2948.0,-0.0,0.0,20.00400161743164,0.0,0.0035914855543524027,0.32083937525749207,9.129556655883789,0.0003528706729412079,0.0005752518773078918,-0.0004926929250359535,5.306433200836182,32.29895782470703,-88.28709411621094
19.884270429611206,0,20.601852416992188,-1.6865191949080344e-17,0.0,-21.031768798828125,2.004000186920166,2940.0,-0.0,0.0,20.00400161743164,0.0,-0.010774456895887852,0.3274237811565399,9.134345054626465,-0.00017976947128772736,0.001107892021536827,3.994721919298172e-05,4.245146751403809,32.653892517089844,-88.28709411621094
19.904650926589966,0,20.601852416992188,-1.383884083585301e-17,0.0,-21.031768798828125,2.01200008392334,2940.0,-0.0,0.0,20.016000747680664,0.0,-0.0017957427771762013,0.3381982147693634,9.133746147155762,-0.0005792509764432907,0.000974731519818306,0.0008389083668589592,3.714503288269043,33.18629455566406,-89.13928985595703
19.924821615219116,0,20.601852416992188,-1.1340289683257999e-17,0.0,-21.031768798828125,2.004000186920166,2964.0,-0.0,0.0,20.00800132751465,0.0,-0.006584390066564083,0.31664931774139404,9.149309158325195,0.0003528706729412079,0.0005752518773078918,-9.321235120296478e-05,4.245146751403809,33.36376190185547,-87.94622039794922
19.944987058639526,0,20.601852416992188,-9.318264046664987e-18,0.0,-21.031768798828125,2.004000186920166,2944.0,-0.0,0.0,20.00800132751465,0.0,-0.001197161851450801,0.3214379549026489,9.138534545898438,-0.00017976947128772736,0.0003089308738708496,3.994721919298172e-05,4.952671051025391,33.008827209472656,-89.65060424804688
19.965359449386597,0,20.601852416992188,-7.648260008994941e-18,0.0,-21.031768798828125,2.004000186920166,2948.0,-0.0,0.0,20.00800132751465,0.0,0.008380132727324963,0.3292195200920105,9.103219032287598,-0.00017976947128772736,-0.000889509916305542,-9.321235120296478e-05,3.5376219749450684,32.29895782470703,-88.28709411621094
19.985602378845215,0,20.601852416992188,-6.274634371212339e-18,0.0,-21.031768798828125,2.004000186920166,2948.0,-0.0,0.0,20.00400161743164,0.0,-0.018556008115410805,0.30467769503593445,9.169062614440918,-0.0016445312649011612,0.00044209137558937073,0.0005725882947444916,3.714503288269043,31.766559600830078,-89.821044921875
20.005772590637207,0,20.601852416992188,-5.148686874753121e-18,0.0,-21.031768798828125,2.0160000324249268,2940.0,-0.0,0.0,20.016000747680664,0.0,0.007182971108704805,0.32263511419296265,9.120577812194824,-0.001111891120672226,-9.054876863956451e-05,0.0012383880093693733,4.422027587890625,31.766559600830078,-88.11666107177734
20.026060819625854,0,20.601852416992188,-4.217648359620079e-18,0.0,-21.031768798828125,2.004000186920166,2968.0,-0.0,0.0,20.00400161743164,0.0,0.007182971108704805,0.31485357880592346,9.131950378417969,-0.0005792509764432907,0.001107892021536827,-0.0007590129971504211,4.422027587890625,32.47642517089844,-89.821044921875
20.046247243881226,0,20.601852416992188,-3.467361422834215e-18,0.0,-21.031768798828125,2.004000186920166,2940.0,-0.0,0.0,20.016000747680664,0.0,0.010175875388085842,0.3292195200920105,9.118782043457031,-0.0005792509764432907,0.0003089308738708496,0.00043942779302597046,5.483314037322998,32.12149429321289,-89.13928985595703
20.066430807113647,0,20.601852416992188,-2.8331157250755056e-18,0.0,-21.031768798828125,2.004000186920166,3024.0,-0.0,0.0,20.00400161743164,0.0,0.021548913791775703,0.32083937525749207,9.129556655883789,-0.00151137076318264,0.0003089308738708496,-0.001824293751269579,4.068265438079834,31.766559600830078,-89.13928985595703
20.086787700653076,0,20.601852416992188,-2.3343446340649655e-18,0.0,-21.031768798828125,2.004000186920166,2952.0,-0.0,0.0,20.016000747680664,0.0,0.016760265454649925,0.3280223608016968,9.152302742004395,0.000752350315451622,0.001107892021536827,-0.0003595328889787197,3.5376219749450684,31.94402503967285,-88.9688491821289
20.10701060295105,0,20.601852416992188,-1.9153094114063213e-18,0.0,-21.031768798828125,2.0199999809265137,2940.0,-0.0,0.0,20.00400161743164,0.0,0.013168780133128166,0.32682517170906067,9.138534545898438,0.0008855108171701431,0.0008415710180997849,0.00030626729130744934,5.483314037322998,32.12149429321289,-88.79840850830078
20.12715482711792,0,20.601852416992188,-1.5696920515808931e-18,0.0,-21.031768798828125,2.0160000324249268,2960.0,-0.0,0.0,20.00400161743164,0.0,-0.005985809490084648,0.3280223608016968,9.11159896850586,-0.0004460904747247696,-0.00035686977207660675,-0.0002263728529214859,5.837076663970947,33.18629455566406,-89.13928985595703
20.14751434326172,0,20.601852416992188,-1.2899579731840885e-18,0.0,-21.031768798828125,2.004000186920166,2944.0,-0.0,0.0,20.00800132751465,0.0,0.0005985809257254004,0.30946633219718933,9.114591598510742,-0.0003129299730062485,-9.054876863956451e-05,-0.000892173033207655,5.483314037322998,34.60602951049805,-88.79840850830078
20.167709350585938,0,20.601852416992188,-1.0517675934866877e-18,0.0,-21.031768798828125,2.004000186920166,3108.0,-0.0,0.0,20.012001037597656,0.0,0.010175875388085842,0.3334095776081085,9.13913345336914,-0.00151137076318264,0.0003089308738708496,-9.321235120296478e-05,5.660195350646973,31.94402503967285,-88.9688491821289
20.18784260749817,0,20.601852416992188,-8.68719865156639e-19,0.0,-21.031768798828125,2.004000186920166,2944.0,-0.0,0.0,20.00800132751465,0.0,-0.007182971108704805,0.3429868817329407,9.16247844696045,-0.0009787306189537048,0.0019068531692028046,0.00043942779302597046,5.129551887512207,32.83135986328125,-90.16191864013672
20.208237171173096,0,20.601852416992188,-7.130034250362613e-19,0.0,-21.031768798828125,2.004000186920166,2940.0,-0.0,0.0,20.02400016784668,0.0,-0.0005985809257254004,0.32562801241874695,9.12656307220459,-4.660896956920624e-05,0.0005752518773078918,-9.321235120296478e-05,4.775789737701416,31.766559600830078,-89.13928985595703
20.228380918502808,0,20.601852416992188,-5.841853474724595e-19,0.0,-21.031768798828125,2.004000186920166,2964.0,-0.0,0.0,20.012001037597656,0.0,-0.002992904745042324,0.3172478973865509,9.152900695800781,-0.0016445312649011612,-0.000889509916305542,0.00043942779302597046,5.660195350646973,33.008827209472656,-89.65060424804688
20.248744249343872,0,20.601852416992188,-4.798935886611612e-19,0.0,-21.031768798828125,2.004000186920166,2948.0,-0.0,0.0,20.02800178527832,0.0,-0.016760265454649925,0.3190436363220215,9.133746147155762,-0.0005792509764432907,0.0003089308738708496,-0.0002263728529214859,4.775789737701416,31.411624908447266,-89.13928985595703
20.268927335739136,0,20.601852416992188,-3.9172965459614485e-19,0.0,-21.031768798828125,2.004000186920166,3064.0,-0.0,0.0,20.012001037597656,0.0,-0.001197161851450801,0.32083937525749207,9.13913345336914,-0.0005792509764432907,0.000708412379026413,0.0007057478651404381,4.245146751403809,31.589092254638672,-87.60533905029297
20.289133071899414,0,20.601852416992188,-3.231031579129599e-19,0.0,-21.031768798828125,2.004000186920166,2940.0,-0.0,0.0,20.00800132751465,0.0,0.017957428470253944,0.3274237811565399,9.15589427947998,0.0008855108171701431,0.0008415710180997849,-0.0011584931053221226,5.129551887512207,32.12149429321289,-87.7757797241211
20.309514045715332,0,20.601852416992188,-2.6514555922230147e-19,0.0,-21.031768798828125,2.0160000324249268,2944.0,-0.0,0.0,20.00800132751465,0.0,0.005387228447943926,0.3220365345478058,9.152900695800781,-0.0007124096155166626,0.00044209137558937073,3.994721919298172e-05,5.483314037322998,32.47642517089844,-89.821044921875
20.329678535461426,0,20.601852416992188,-2.1730864457320004e-19,0.0,-21.031768798828125,2.004000186920166,2952.0,-0.0,0.0,20.00400161743164,0.0,0.020950332283973694,0.32682517170906067,9.100225448608398,-0.0005792509764432907,0.001107892021536827,0.0012383880093693733,4.245146751403809,32.653892517089844,-89.30972290039062
20.35006833076477,0,20.601852416992188,-1.7854110618119194e-19,0.0,-21.031768798828125,2.0240001678466797,2936.0,-0.0,0.0,20.012001037597656,0.0,0.0017957427771762013,0.3280223608016968,9.14332389831543,-0.0012450497597455978,0.00044209137558937073,-0.0010253330692648888,6.190838813781738,32.47642517089844,-89.48016357421875
20.370201110839844,0,20.601852416992188,-1.460365140983408e-19,0.0,-21.031768798828125,2.004000186920166,3008.0,-0.0,0.0,20.016000747680664,0.0,-0.002394323702901602,0.32682517170906067,9.173253059387207,-0.001111891120672226,0.000708412379026413,-0.0012916531413793564,4.5989089012146,33.718692779541016,-89.9914779663086
20.390364408493042,0,20.601852416992188,-1.2020133712283694e-19,0.0,-21.031768798828125,2.004000186920166,2940.0,-0.0,0.0,20.00400161743164,0.0,-0.002992904745042324,0.3100649118423462,9.131950378417969,-0.0016445312649011612,4.2611733078956604e-05,-0.0004926929250359535,4.422027587890625,30.701757431030273,-90.50279235839844
20.41075611114502,0,20.601852416992188,-9.863196934036026e-20,0.0,-21.031768798828125,2.008000135421753,2944.0,-0.0,0.0,20.032001495361328,0.0,0.011971618980169296,0.31485357880592346,9.178640365600586,0.0008855108171701431,0.00017577223479747772,-9.321235120296478e-05,5.660195350646973,33.36376190185547,-88.28709411621094
20.430893421173096,0,20.601852416992188,-8.08121660381467e-20,0.0,-21.031768798828125,2.004000186920166,2972.0,-0.0,0.0,20.012001037597656,0.0,-0.004788647405803204,0.30946633219718933,9.128358840942383,-4.660896956920624e-05,0.0005752518773078918,-0.0006258529610931873,4.952671051025391,32.653892517089844,-87.26446533203125
20.4512619972229,0,20.601852416992188,-6.641605036659305e-20,0.0,-21.031768798828125,2.008000135421753,2944.0,-0.0,0.0,20.032001495361328,0.0,0.016760265454649925,0.3244308531284332,9.15948486328125,-0.0007124096155166626,-0.00022370927035808563,0.0007057478651404381,4.422027587890625,32.83135986328125,-88.11666107177734
20.471449375152588,0,20.601852416992188,-5.440819253158753e-20,0.0,-21.031768798828125,2.004000186920166,2960.0,-0.0,0.0,20.012001037597656,0.0,-0.005387228447943926,0.32383227348327637,9.138534545898438,8.654966950416565e-05,0.000708412379026413,-0.0006258529610931873,4.245146751403809,31.589092254638672,-90.33235931396484
20.49163055419922,0,20.601852416992188,-4.470886977042106e-20,0.0,-21.031768798828125,2.004000186920166,2948.0,-0.0,0.0,20.012001037597656,0.0,0.022147493436932564,0.32263511419296265,9.109803199768066,-0.0008455701172351837,0.000974731519818306,-0.0016911337152123451,4.952671051025391,31.94402503967285,-89.65060424804688
20.512022972106934,0,20.601852416992188,-3.667767626791568e-20,0.0,-21.031768798828125,2.0160000324249268,2940.0,-0.0,0.0,20.012001037597656,0.0,-0.004190066363662481,0.3364024758338928,9.121175765991211,-0.0009787306189537048,-9.054876863956451e-05,0.00030626729130744934,4.775789737701416,33.54122543334961,-89.13928985595703
20.532161712646484,0,20.601852416992188,-3.0066150878750044e-20,0.0,-21.031768798828125,2.004000186920166,2948.0,-0.0,0.0,20.00800132751465,0.0,0.016161685809493065,0.3154521584510803,9.115190505981445,-0.0005792509764432907,0.00017577223479747772,0.0012383880093693733,3.714503288269043,32.83135986328125,-89.48016357421875
20.55251908302307,0,20.601852416992188,-2.4698554881260707e-20,0.0,-21.031768798828125,2.0160000324249268,2940.0,-0.0,0.0,20.036001205444336,0.0,0.004788647405803204,0.32263511419296265,9.14332389831543,-4.660896956920624e-05,0.0013742130249738693,-0.000892173033207655,3.714503288269043,32.47642517089844,-88.79840850830078
20.57270050048828,0,20.601852416992188,-2.023627575246798e-20,0.0,-21.031768798828125,2.004000186920166,2968.0,-0.0,0.0,20.012001037597656,0.0,0.005387228447943926,0.32862094044685364,9.130753517150879,-0.00017976947128772736,4.2611733078956604e-05,-0.0007590129971504211,6.190838813781738,31.766559600830078,-88.45753479003906
