time,layout.data_offset,data[0],data[1],data[2],data[3],data[4],data[5],data[6],data[7],data[8],data[9],data[10],data[11],data[12],data[13],data[14],data[15],data[16],data[17],data[18]
0.0,0,38.64701461791992,-3.441416108151253e-38,0.0,0.13205185532569885,2.01200008392334,2996.0,-0.0,0.0,20.00400161743164,0.0,0.18256717920303345,0.3274237811565399,9.146316528320312,0.00035553984344005585,0.0007217265665531158,0.0004594074562191963,7.782768726348877,29.104557037353516,-86.58271026611328
0.02022528648376465,0,38.64701461791992,-2.829862553389388e-38,0.0,0.13205185532569885,2.008000135421753,2964.0,-0.0,0.0,20.00400161743164,0.0,0.1580253690481186,0.33580389618873596,9.154696464538574,0.0018202997744083405,0.000854887068271637,-0.0012716734781861305,7.075243949890137,29.814424514770508,-88.9688491821289
0.04042339324951172,0,38.64701461791992,-2.3108566346650837e-38,0.0,0.13205185532569885,2.008000135421753,3076.0,-0.0,0.0,20.012001037597656,0.0,0.14844806492328644,0.31664931774139404,9.118782043457031,-0.0003102608025074005,0.00045540742576122284,-0.00020639225840568542,7.605887413024902,29.6369571685791,-87.09402465820312
0.060779571533203125,0,38.64701461791992,-1.9060978790879498e-38,0.0,0.13205185532569885,2.01200008392334,2964.0,-0.0,0.0,20.012001037597656,0.0,0.1592225283384323,0.33759963512420654,9.137337684631348,-0.0001771003007888794,-0.0014088340103626251,0.0001930873841047287,7.429006576538086,29.814424514770508,-88.28709411621094
0.08095884323120117,0,38.64701461791992,-1.5640061717443467e-38,0.0,0.13205185532569885,2.008000135421753,2968.0,-0.0,0.0,20.012001037597656,0.0,0.1490466445684433,0.3262265920639038,9.137337684631348,-4.3939799070358276e-05,-0.0015419945120811462,-0.0007390324026346207,8.84405517578125,30.169357299804688,-87.60533905029297
0.10127639770507812,0,38.64701461791992,-1.2811885486626047e-38,0.0,0.13205185532569885,2.008000135421753,2972.0,-0.0,0.0,20.016000747680664,0.0,0.15443387627601624,0.3220365345478058,9.129556655883789,-0.0015087015926837921,0.000588567927479744,0.0007257284596562386,7.252125263214111,29.99188995361328,-87.43490600585938
0.12162184715270996,0,38.64701461791992,-1.052909882201924e-38,0.0,0.13205185532569885,2.004000186920166,2968.0,-0.0,0.0,20.020000457763672,0.0,0.1400679349899292,0.3322124183177948,9.123570442199707,-0.0003102608025074005,0.0015206877142190933,0.0004594074562191963,7.782768726348877,31.589092254638672,-88.28709411621094
0.14175796508789062,0,38.64701461791992,-8.608595454588184e-39,0.0,0.13205185532569885,2.01200008392334,3036.0,-0.0,0.0,20.012001037597656,0.0,0.15443387627601624,0.31784647703170776,9.143921852111816,0.00022237934172153473,-7.72327184677124e-05,-0.0016711531206965446,6.721481800079346,29.104557037353516,-88.28709411621094
0.16195344924926758,0,38.64701461791992,-7.089223581659358e-39,0.0,0.13205185532569885,2.008000135421753,2964.0,-0.0,0.0,20.012001037597656,0.0,0.15742678940296173,0.3393953740596771,9.136738777160645,0.0006218589842319489,-0.00021039322018623352,-7.323268800973892e-05,6.89836311340332,29.6369571685791,-87.43490600585938
0.18224477767944336,0,38.64701461791992,-5.816212590445014e-39,0.0,0.13205185532569885,2.0160000324249268,2972.0,-0.0,0.0,20.00800132751465,0.0,0.14725090563297272,0.3190436363220215,9.122373580932617,0.0006218589842319489,-0.00034355372190475464,-0.0008721929043531418,8.136530876159668,29.104557037353516,-87.60533905029297
0.20237016677856445,0,38.64701461791992,-4.76592537844892e-39,0.0,0.13205185532569885,2.01200008392334,2972.0,-0.0,0.0,20.00400161743164,0.0,0.1640111804008484,0.3334095776081085,9.1253662109375,0.000488700345158577,-0.00021039322018623352,0.0001930873841047287,8.490293502807617,29.459489822387695,-87.60533905029297
0.22275662422180176,0,38.64701461791992,-3.917045393431768e-39,0.0,0.13205185532569885,2.01200008392334,2964.0,-0.0,0.0,20.012001037597656,0.0,0.1622154265642166,0.3190436363220215,9.142724990844727,-0.0007097404450178146,-0.00021039322018623352,-0.0007390324026346207,7.075243949890137,28.749622344970703,-87.60533905029297
0.24288630485534668,0,38.64701461791992,-3.2094667403632734e-39,0.0,0.13205185532569885,2.008000135421753,2984.0,-0.0,0.0,20.012001037597656,0.0,0.15263813734054565,0.3040791153907776,9.1253662109375,0.0010213404893875122,0.00045540742576122284,-0.0006058728322386742,7.075243949890137,29.104557037353516,-87.26446533203125
0.26320314407348633,0,38.64701461791992,-2.6369956800311202e-39,0.0,0.13205185532569885,2.01200008392334,2960.0,-0.0,0.0,20.00400161743164,0.0,0.16281400620937347,0.3322124183177948,9.14033031463623,0.00022237934172153473,-7.72327184677124e-05,-0.0008721929043531418,8.136530876159668,28.394689559936523,-86.92359161376953
0.2833669185638428,0,38.64701461791992,-2.1639663639213134e-39,0.0,0.13205185532569885,2.0160000324249268,2964.0,-0.0,0.0,20.00400161743164,0.0,0.16879981756210327,0.33460673689842224,9.152900695800781,-0.0003102608025074005,0.0007217265665531158,-0.001005353406071663,7.075243949890137,30.169357299804688,-86.24183654785156
0.3036763668060303,0,38.64701461791992,-1.7726509651616795e-39,0.0,0.13205185532569885,2.008000135421753,3000.0,-0.0,0.0,20.012001037597656,0.0,0.1490466445684433,0.3334095776081085,9.122971534729004,-0.0023076627403497696,0.00045540742576122284,-0.0016711531206965446,7.075243949890137,30.5242919921875,-87.60533905029297
0.3246309757232666,0,38.64701461791992,-1.457536775593565e-39,0.0,0.13205185532569885,2.0160000324249268,2960.0,-0.0,0.0,20.00400161743164,0.0,0.1580253690481186,0.3274237811565399,9.145119667053223,-0.0015087015926837921,-0.0007430333644151688,-0.0008721929043531418,7.075243949890137,29.459489822387695,-86.58271026611328
0.34422850608825684,0,38.64701461791992,-1.1939679487371744e-39,0.0,0.13205185532569885,2.01200008392334,2984.0,-0.0,0.0,20.00800132751465,0.0,0.16041968762874603,0.3214379549026489,9.12656307220459,8.921884000301361e-05,0.0007217265665531158,-0.0006058728322386742,7.605887413024902,29.99188995361328,-88.11666107177734
0.36438751220703125,0,38.64701461791992,-9.815353054409251e-40,0.0,0.13205185532569885,2.008000135421753,2964.0,-0.0,0.0,20.012001037597656,0.0,0.16939839720726013,0.31664931774139404,9.136738777160645,0.0008881799876689911,0.000854887068271637,-0.00033955276012420654,7.605887413024902,29.6369571685791,-89.13928985595703
0.38475513458251953,0,38.64701461791992,-8.053164183582221e-40,0.0,0.13205185532569885,2.01200008392334,2968.0,-0.0,0.0,20.012001037597656,0.0,0.17777854204177856,0.3411911129951477,9.136738777160645,-4.3939799070358276e-05,0.0003222469240427017,-0.0012716734781861305,7.959649562835693,29.282024383544922,-87.09402465820312
0.4048922061920166,0,38.64701461791992,-6.607822908523675e-40,0.0,0.13205185532569885,2.01200008392334,2968.0,-0.0,0.0,20.012001037597656,0.0,0.15144097805023193,0.32562801241874695,9.111000061035156,0.0006218589842319489,-7.72327184677124e-05,-0.00033955276012420654,8.490293502807617,29.104557037353516,-88.62797546386719
0.4250752925872803,0,38.64701461791992,-5.422296381735593e-40,0.0,0.13205185532569885,2.0160000324249268,2960.0,-0.0,0.0,20.00800132751465,0.0,0.1670040786266327,0.3322124183177948,9.133148193359375,-4.3939799070358276e-05,-0.0015419945120811462,0.0001930873841047287,7.252125263214111,29.6369571685791,-88.11666107177734
0.4455726146697998,0,38.64701461791992,-4.442130144894313e-40,0.0,0.13205185532569885,2.008000135421753,2980.0,-0.0,0.0,20.00400161743164,0.0,0.1550324559211731,0.3280223608016968,9.118782043457031,0.0006218589842319489,0.0016538482159376144,-0.0008721929043531418,7.782768726348877,29.459489822387695,-87.94622039794922
0.4656498432159424,0,38.64701461791992,-3.6512092656601e-40,0.0,0.13205185532569885,2.008000135421753,2960.0,-0.0,0.0,20.012001037597656,0.0,0.16640549898147583,0.3190436363220215,9.149908065795898,-0.0021745022386312485,0.000988047569990158,-0.0006058728322386742,6.544600963592529,29.282024383544922,-87.43490600585938
0.4860413074493408,0,38.64701461791992,-2.9956678310643074e-40,0.0,0.13205185532569885,2.01200008392334,2964.0,-0.0,0.0,20.012001037597656,0.0,0.1682012379169464,0.3250294327735901,9.128957748413086,-0.0001771003007888794,5.5927783250808716e-05,0.0003262478858232498,7.959649562835693,29.282024383544922,-86.7531509399414
0.5061435699462891,0,38.64701461791992,-2.458592168642535e-40,0.0,0.13205185532569885,2.01200008392334,2968.0,-0.0,0.0,20.00400161743164,0.0,0.15742678940296173,0.3160507380962372,9.120577812194824,-0.0012423805892467499,0.00045540742576122284,-0.00033955276012420654,7.429006576538086,29.814424514770508,-85.5600814819336
0.5264890193939209,0,38.64701461791992,-2.017337295211293e-40,0.0,0.13205185532569885,2.01200008392334,2964.0,-0.0,0.0,20.00800132751465,0.0,0.1622154265642166,0.3334095776081085,9.133746147155762,-0.00044342130422592163,0.00045540742576122284,0.0007257284596562386,7.605887413024902,29.282024383544922,-87.43490600585938
0.5466885566711426,0,38.64701461791992,-1.652845551655765e-40,0.0,0.13205185532569885,2.01200008392334,2992.0,-0.0,0.0,20.016000747680664,0.0,0.15383529663085938,0.33879679441452026,9.13913345336914,0.0008881799876689911,-0.00021039322018623352,0.0004594074562191963,7.429006576538086,29.814424514770508,-88.28709411621094
0.5668561458587646,0,38.64701461791992,-1.3586009001168399e-40,0.0,0.13205185532569885,2.008000135421753,2964.0,-0.0,0.0,20.00800132751465,0.0,0.1682012379169464,0.3244308531284332,9.137337684631348,-0.0003102608025074005,0.0012543685734272003,-0.00020639225840568542,7.075243949890137,29.104557037353516,-87.94622039794922
0.5871212482452393,0,38.64701461791992,-1.1143685907696675e-40,0.0,0.13205185532569885,2.01200008392334,2964.0,-0.0,0.0,20.012001037597656,0.0,0.14365942776203156,0.3220365345478058,9.121774673461914,-0.00044342130422592163,0.0001890864223241806,0.0012583686038851738,7.782768726348877,29.459489822387695,-88.28709411621094
0.6073246002197266,0,38.64701461791992,-9.145434297569486e-41,0.0,0.13205185532569885,2.008000135421753,2968.0,-0.0,0.0,20.012001037597656,0.0,0.14784948527812958,0.3184450566768646,9.119978904724121,0.000488700345158577,-0.00034355372190475464,-0.0012716734781861305,6.89836311340332,27.862289428710938,-88.11666107177734
0.6276607513427734,0,38.64701461791992,-7.50535457492372e-41,0.0,0.13205185532569885,2.0280001163482666,2960.0,-0.0,0.0,20.016000747680664,0.0,0.15682820975780487,0.32263511419296265,9.1253662109375,0.0011545009911060333,0.0003222469240427017,-0.00020639225840568542,7.605887413024902,27.152421951293945,-87.09402465820312
0.6478879451751709,0,38.64701461791992,-6.147636492839405e-41,0.0,0.13205185532569885,2.01200008392334,2984.0,-0.0,0.0,20.00400161743164,0.0,0.15742678940296173,0.3250294327735901,9.119379997253418,-0.0009760614484548569,0.00045540742576122284,0.0004594074562191963,8.667174339294434,28.92708969116211,-88.79840850830078
0.6682033538818359,0,38.64701461791992,-5.052942132508858e-41,0.0,0.13205185532569885,2.01200008392334,2960.0,-0.0,0.0,20.012001037597656,0.0,0.1520395576953888,0.3304166793823242,9.129556655883789,0.0010213404893875122,0.00045540742576122284,5.9927813708782196e-05,7.782768726348877,29.814424514770508,-87.94622039794922
0.6892282962799072,0,38.64701461791992,-4.125562808818694e-41,0.0,0.13205185532569885,2.01200008392334,3040.0,-0.0,0.0,20.00400161743164,0.0,0.15682820975780487,0.30168479681015015,9.153499603271484,0.00035553984344005585,-0.0006098728626966476,-0.0008721929043531418,7.782768726348877,30.169357299804688,-87.94622039794922
0.7094192504882812,0,38.64701461791992,-3.4027730609199533e-41,0.0,0.13205185532569885,2.008000135421753,2968.0,-0.0,0.0,20.00400161743164,0.0,0.16341258585453033,0.3232336938381195,9.151104927062988,8.921884000301361e-05,-0.001275673508644104,-0.0011385129764676094,7.605887413024902,30.701757431030273,-87.43490600585938
0.7288877964019775,0,38.64701461791992,-2.792087190167198e-41,0.0,0.13205185532569885,2.0160000324249268,2960.0,-0.0,0.0,20.012001037597656,0.0,0.13587787747383118,0.31784647703170776,9.130753517150879,-0.0003102608025074005,-0.00047671422362327576,-0.0006058728322386742,7.429006576538086,29.459489822387695,-86.24183654785156
0.7491226196289062,0,38.64701461791992,-2.287339483317399e-41,0.0,0.13205185532569885,2.008000135421753,2988.0,-0.0,0.0,20.012001037597656,0.0,0.14246225357055664,0.3292195200920105,9.101423263549805,0.00035553984344005585,-0.00021039322018623352,0.0004594074562191963,9.020936012268066,28.92708969116211,-87.09402465820312
0.7693958282470703,0,38.64701461791992,-1.8797017600453096e-41,0.0,0.13205185532569885,2.01200008392334,2960.0,-0.0,0.0,20.012001037597656,0.0,0.169996976852417,0.296297550201416,9.164872169494629,-0.00044342130422592163,-0.00047671422362327576,0.0005925679579377174,6.544600963592529,27.862289428710938,-87.43490600585938
0.789484977722168,0,38.64701461791992,-1.532740260278485e-41,0.0,0.13205185532569885,2.01200008392334,3120.0,-0.0,0.0,20.00400161743164,0.0,0.18137001991271973,0.3370010554790497,9.130753517150879,0.00035553984344005585,-0.0006098728626966476,-0.0006058728322386742,7.605887413024902,29.99188995361328,-87.7757797241211
0.8106601238250732,0,38.64701461791992,-1.2659330326710397e-41,0.0,0.13205185532569885,2.008000135421753,2964.0,-0.0,0.0,20.016000747680664,0.0,0.15563103556632996,0.32981809973716736,9.161280632019043,0.000488700345158577,-0.00021039322018623352,0.0003262478858232498,6.721481800079346,29.459489822387695,-85.90095520019531
0.8300094604492188,0,38.64701461791992,-1.0386424217575544e-41,0.0,0.13205185532569885,2.0280001163482666,2972.0,-0.0,0.0,20.016000747680664,0.0,0.169996976852417,0.33759963512420654,9.147513389587402,-0.0007097404450178146,0.00045540742576122284,-0.001005353406071663,9.551579475402832,29.459489822387695,-88.28709411621094
0.8501951694488525,0,38.64701461791992,-8.512888170773264e-42,0.0,0.13205185532569885,2.01200008392334,2984.0,-0.0,0.0,20.012001037597656,0.0,0.13767361640930176,0.3202407956123352,9.146316528320312,8.921884000301361e-05,-0.00034355372190475464,-0.00020639225840568542,7.605887413024902,28.92708969116211,-88.11666107177734
0.8705532550811768,0,38.64701461791992,-6.998084530838136e-42,0.0,0.13205185532569885,2.008000135421753,2972.0,-0.0,0.0,20.00400161743164,0.0,0.17059555649757385,0.3322124183177948,9.130753517150879,0.0011545009911060333,-0.0016751531511545181,-0.00047271233052015305,7.252125263214111,29.6369571685791,-88.11666107177734
0.8906967639923096,0,38.64701461791992,-5.715896435980929e-42,0.0,0.13205185532569885,2.01200008392334,3080.0,-0.0,0.0,20.012001037597656,0.0,0.15144097805023193,0.32981809973716736,9.14452075958252,8.921884000301361e-05,0.0003222469240427017,-0.00033955276012420654,7.429006576538086,29.104557037353516,-87.26446533203125
0.9117522239685059,0,38.64701461791992,-4.71256673552436e-42,0.0,0.13205185532569885,2.01200008392334,2968.0,-0.0,0.0,20.012001037597656,0.0,0.16041968762874603,0.3274237811565399,9.116986274719238,-0.001375541090965271,0.0003222469240427017,0.0001930873841047287,7.605887413024902,29.99188995361328,-87.09402465820312
0.9312443733215332,0,38.64701461791992,-3.86618246307217e-42,0.0,0.13205185532569885,2.0160000324249268,2972.0,-0.0,0.0,20.00800132751465,0.0,0.14186367392539978,0.3202407956123352,9.1253662109375,-0.0007097404450178146,0.0007217265665531158,-0.00033955276012420654,8.313411712646484,29.282024383544922,-87.7757797241211
0.951545000076294,0,38.64701461791992,-3.169737126302736e-42,0.0,0.13205185532569885,2.01200008392334,2980.0,-0.0,0.0,20.00800132751465,0.0,0.13348354399204254,0.3154521584510803,9.138534545898438,0.0010213404893875122,-0.00047671422362327576,-0.001005353406071663,7.252125263214111,28.92708969116211,-88.11666107177734
0.971696138381958,0,38.64701461791992,-2.605013845179835e-42,0.0,0.13205185532569885,2.01200008392334,2956.0,-0.0,0.0,20.00800132751465,0.0,0.15383529663085938,0.3214379549026489,9.151703834533691,-0.0003102608025074005,0.0019201673567295074,-0.0006058728322386742,7.075243949890137,29.104557037353516,-87.60533905029297
0.9918789863586426,0,38.64701461791992,-2.1313749642380468e-42,0.0,0.13205185532569885,2.01200008392334,2988.0,-0.0,0.0,20.012001037597656,0.0,0.15862394869327545,0.3214379549026489,9.136140823364258,-0.00044342130422592163,-7.72327184677124e-05,-0.0008721929043531418,7.782768726348877,29.814424514770508,-87.94622039794922
1.0121889114379883,0,38.64701461791992,-1.7516230804060213e-42,0.0,0.13205185532569885,2.01200008392334,2964.0,-0.0,0.0,20.00800132751465,0.0,0.1592225283384323,0.31365641951560974,9.154098510742188,-0.0009760614484548569,-0.00021039322018623352,-0.0019374731928110123,7.605887413024902,28.217222213745117,-86.7531509399414
1.032360315322876,0,38.64701461791992,-1.4363309259329375e-42,0.0,0.13205185532569885,2.01200008392334,2964.0,-0.0,0.0,20.00400161743164,0.0,0.15323671698570251,0.35076841711997986,9.096633911132812,0.00022237934172153473,0.0011212080717086792,0.0011252081021666527,9.020936012268066,28.92708969116211,-86.7531509399414
1.052727222442627,0,38.64701461791992,-1.1770907100328463e-42,0.0,0.13205185532569885,2.008000135421753,2972.0,-0.0,0.0,20.00400161743164,0.0,0.14844806492328644,0.33281099796295166,9.167865753173828,-0.0008429009467363358,0.000588567927479744,-0.0007390324026346207,7.782768726348877,30.169357299804688,-87.26446533203125
1.0729069709777832,0,38.64701461791992,-9.668959403841238e-43,0.0,0.13205185532569885,2.004000186920166,2964.0,-0.0,0.0,20.00400161743164,0.0,0.13468070328235626,0.3393953740596771,9.122971534729004,-0.0005765818059444427,-7.72327184677124e-05,5.9927813708782196e-05,8.490293502807617,30.169357299804688,-86.58271026611328
1.0930747985839844,0,38.64701461791992,-7.917336323435216e-43,0.0,0.13205185532569885,2.008000135421753,2980.0,-0.0,0.0,20.012001037597656,0.0,0.1711941510438919,0.3274237811565399,9.128358840942383,-0.001109221950173378,-0.0006098728626966476,-7.323268800973892e-05,7.782768726348877,27.68482208251953,-87.26446533203125
1.1133828163146973,0,38.64701461791992,-6.502024874467151e-43,0.0,0.13205185532569885,2.008000135421753,2964.0,-0.0,0.0,20.016000747680664,0.0,0.1580253690481186,0.3262265920639038,9.160682678222656,-0.0007097404450178146,-0.00034355372190475464,0.0013915281742811203,7.959649562835693,27.507354736328125,-87.43490600585938
1.1337769031524658,0,38.64701461791992,-5.324934164434305e-43,0.0,0.13205185532569885,2.004000186920166,2972.0,-0.0,0.0,20.020000457763672,0.0,0.1652083396911621,0.3453812003135681,9.130154609680176,0.0008881799876689911,-0.00034355372190475464,-0.00020639225840568542,8.136530876159668,28.039756774902344,-86.58271026611328
1.1539182662963867,0,38.64701461791992,-4.358038224050181e-43,0.0,0.13205185532569885,2.01200008392334,2980.0,-0.0,0.0,20.012001037597656,0.0,0.16161684691905975,0.3118606507778168,9.116986274719238,0.00075501948595047,0.000854887068271637,-0.0008721929043531418,7.605887413024902,29.99188995361328,-87.7757797241211
1.1748356819152832,0,38.64701461791992,-3.587324068671532e-43,0.0,0.13205185532569885,2.0160000324249268,2964.0,-0.0,0.0,20.012001037597656,0.0,0.14246225357055664,0.3220365345478058,9.127760887145996,0.0008881799876689911,-0.0008761938661336899,0.0007257284596562386,7.959649562835693,29.282024383544922,-87.43490600585938
1.1954221725463867,0,38.64701461791992,-2.942726775082116e-43,0.0,0.13205185532569885,2.01200008392334,2988.0,-0.0,0.0,20.00400161743164,0.0,0.1610182672739029,0.3274237811565399,9.102021217346191,0.00075501948595047,-0.00021039322018623352,0.0001930873841047287,6.89836311340332,29.6369571685791,-86.41226959228516
1.2147796154022217,0,38.64701461791992,-2.396220373995437e-43,0.0,0.13205185532569885,2.01200008392334,2968.0,-0.0,0.0,20.00800132751465,0.0,0.16041968762874603,0.3220365345478058,9.138534545898438,0.000488700345158577,-0.0007430333644151688,-0.00020639225840568542,9.374698638916016,28.217222213745117,-85.73052215576172
1.2350153923034668,0,38.64701461791992,-1.975830834697992e-43,0.0,0.13205185532569885,2.01200008392334,2968.0,-0.0,0.0,20.012001037597656,0.0,0.15563103556632996,0.33460673689842224,9.127760887145996,-4.3939799070358276e-05,-7.72327184677124e-05,-0.0007390324026346207,7.429006576538086,29.459489822387695,-86.92359161376953
1.2552604675292969,0,38.64701461791992,-1.6255062186167878e-43,0.0,0.13205185532569885,2.008000135421753,2968.0,-0.0,0.0,20.00400161743164,0.0,0.13946935534477234,0.32383227348327637,9.113993644714355,0.0016871411353349686,5.5927783250808716e-05,0.0004594074562191963,8.136530876159668,28.394689559936523,-86.92359161376953
1.27547287940979,0,38.64701461791992,-1.3452465257518244e-43,0.0,0.13205185532569885,2.0280001163482666,2960.0,-0.0,0.0,20.032001495361328,0.0,0.13647645711898804,0.3220365345478058,9.163076400756836,0.0006218589842319489,0.0001890864223241806,5.9927813708782196e-05,9.1978178024292,29.814424514770508,-87.94622039794922
1.2956383228302002,0,38.64701461791992,-1.064986832886861e-43,0.0,0.13205185532569885,2.008000135421753,2988.0,-0.0,0.0,20.00400161743164,0.0,0.14425800740718842,0.3310152590274811,9.135541915893555,-0.0008429009467363358,0.000854887068271637,-0.00047271233052015305,7.252125263214111,27.862289428710938,-87.7757797241211
1.3171532154083252,0,38.64701461791992,-9.10844001811131e-44,0.0,0.13205185532569885,2.01200008392334,2972.0,-0.0,0.0,20.00800132751465,0.0,0.15982110798358917,0.3262265920639038,9.166069984436035,-0.0007097404450178146,0.0003222469240427017,-0.00020639225840568542,7.605887413024902,27.862289428710938,-86.41226959228516
1.336193323135376,0,38.64701461791992,-7.707141553786494e-44,0.0,0.13205185532569885,2.01200008392334,2964.0,-0.0,0.0,20.012001037597656,0.0,0.13049064576625824,0.3190436363220215,9.151703834533691,8.921884000301361e-05,0.0001890864223241806,-0.00047271233052015305,8.313411712646484,29.282024383544922,-86.41226959228516
1.356342077255249,0,38.64701461791992,-6.305843089461677e-44,0.0,0.13205185532569885,2.01200008392334,2968.0,-0.0,0.0,20.012001037597656,0.0,0.14126509428024292,0.3184450566768646,9.146915435791016,-0.0001771003007888794,0.000854887068271637,-0.001404833048582077,7.429006576538086,29.814424514770508,-88.28709411621094
1.376645803451538,0,38.64701461791992,-4.90454462513686e-44,0.0,0.13205185532569885,2.0360000133514404,2964.0,-0.0,0.0,20.00400161743164,0.0,0.16580691933631897,0.34777551889419556,9.121175765991211,0.000488700345158577,-7.72327184677124e-05,5.9927813708782196e-05,7.605887413024902,29.6369571685791,-86.41226959228516
1.3968486785888672,0,38.64701461791992,-3.6433760072445244e-44,0.0,0.13205185532569885,2.008000135421753,2980.0,-0.0,0.0,20.016000747680664,0.0,0.146053746342659,0.31964221596717834,9.117584228515625,-0.0001771003007888794,-7.72327184677124e-05,0.0011252081021666527,8.136530876159668,30.169357299804688,-87.26446533203125
1.416994571685791,0,38.64701461791992,-3.5032461608120427e-44,0.0,0.13205185532569885,2.01200008392334,2960.0,-0.0,0.0,20.012001037597656,0.0,0.14725090563297272,0.3310152590274811,9.120577812194824,-0.0008429009467363358,-0.00021039322018623352,-0.0006058728322386742,6.89836311340332,28.217222213745117,-87.43490600585938
1.4373412132263184,0,38.64701461791992,-3.363116314379561e-44,0.0,0.13205185532569885,2.01200008392334,2988.0,-0.0,0.0,20.00400161743164,0.0,0.16939839720726013,0.3274237811565399,9.14033031463623,-0.0001771003007888794,0.00045540742576122284,-0.001005353406071663,6.190838813781738,28.217222213745117,-86.7531509399414
1.45756196975708,0,38.64701461791992,-3.2229864679470793e-44,0.0,0.13205185532569885,2.01200008392334,2968.0,-0.0,0.0,20.00400161743164,0.0,0.16281400620937347,0.33580389618873596,9.165471076965332,0.0014208201318979263,0.0011212080717086792,0.0004594074562191963,9.374698638916016,28.217222213745117,-87.09402465820312
1.4778552055358887,0,38.64701461791992,-3.0828566215145976e-44,0.0,0.13205185532569885,2.004000186920166,2960.0,-0.0,0.0,20.00400161743164,0.0,0.14126509428024292,0.3411911129951477,9.119978904724121,-0.0001771003007888794,0.0012543685734272003,-7.323268800973892e-05,8.84405517578125,30.5242919921875,-87.60533905029297
1.4981119632720947,0,38.64701461791992,-2.942726775082116e-44,0.0,0.13205185532569885,2.01200008392334,2976.0,-0.0,0.0,20.012001037597656,0.0,0.16041968762874603,0.3322124183177948,9.156492233276367,-0.00044342130422592163,0.00045540742576122284,-0.00020639225840568542,8.667174339294434,29.282024383544922,-87.7757797241211
1.5183742046356201,0,38.64701461791992,-2.802596928649634e-44,0.0,0.13205185532569885,2.008000135421753,2964.0,-0.0,0.0,20.00400161743164,0.0,0.15263813734054565,0.32862094044685364,9.151104927062988,0.0011545009911060333,0.00045540742576122284,0.0007257284596562386,7.605887413024902,28.217222213745117,-85.38964080810547
1.538511037826538,0,38.64701461791992,-2.6624670822171524e-44,0.0,0.13205185532569885,2.01200008392334,3072.0,-0.0,0.0,20.012001037597656,0.0,0.15982110798358917,0.30946633219718933,9.115190505981445,0.00035553984344005585,0.0001890864223241806,5.9927813708782196e-05,8.490293502807617,28.039756774902344,-88.62797546386719
1.5590019226074219,0,38.64701461791992,-2.5223372357846707e-44,0.0,0.13205185532569885,2.01200008392334,2972.0,-0.0,0.0,20.00800132751465,0.0,0.15323671698570251,0.32383227348327637,9.133148193359375,0.00022237934172153473,-0.001009354367852211,-0.001005353406071663,8.313411712646484,28.57215690612793,-87.43490600585938
1.5790503025054932,0,38.64701461791992,-2.382207389352189e-44,0.0,0.13205185532569885,2.008000135421753,2968.0,-0.0,0.0,20.012001037597656,0.0,0.16760265827178955,0.31964221596717834,9.141528129577637,-0.0001771003007888794,5.5927783250808716e-05,-0.00047271233052015305,8.84405517578125,31.23415756225586,-86.58271026611328
1.5993447303771973,0,38.64701461791992,-2.2420775429197073e-44,0.0,0.13205185532569885,2.008000135421753,3004.0,-0.0,0.0,20.00400161743164,0.0,0.15682820975780487,0.32981809973716736,9.139732360839844,-0.00044342130422592163,-7.72327184677124e-05,-0.00033955276012420654,6.89836311340332,29.6369571685791,-88.11666107177734
1.619563341140747,0,38.64701461791992,-2.1019476964872256e-44,0.0,0.13205185532569885,2.008000135421753,2972.0,-0.0,0.0,20.00800132751465,0.0,0.16760265827178955,0.3172478973865509,9.152302742004395,8.921884000301361e-05,0.0003222469240427017,0.0011252081021666527,7.782768726348877,30.5242919921875,-87.26446533203125
1.6396958827972412,0,38.64701461791992,-1.961817850054744e-44,0.0,0.13205185532569885,2.004000186920166,3128.0,-0.0,0.0,20.012001037597656,0.0,0.13887077569961548,0.3142549991607666,9.128358840942383,-0.0001771003007888794,-0.00034355372190475464,-0.0007390324026346207,7.429006576538086,28.039756774902344,-87.26446533203125
1.6600172519683838,0,38.64701461791992,-1.961817850054744e-44,0.0,0.13205185532569885,2.01200008392334,2968.0,-0.0,0.0,20.012001037597656,0.0,0.1490466445684433,0.3304166793823242,9.137337684631348,-0.001109221950173378,0.0003222469240427017,-0.00033955276012420654,8.667174339294434,28.217222213745117,-85.73052215576172
1.6801939010620117,0,38.64701461791992,-1.8216880036222622e-44,0.0,0.13205185532569885,2.0160000324249268,2968.0,-0.0,0.0,20.00800132751465,0.0,0.16939839720726013,0.3334095776081085,9.16247844696045,-0.0001771003007888794,0.0013875272125005722,0.0004594074562191963,9.728460311889648,28.217222213745117,-89.48016357421875
1.7005743980407715,0,38.64701461791992,-1.6815581571897805e-44,0.0,0.13205185532569885,2.01200008392334,2976.0,-0.0,0.0,20.012001037597656,0.0,0.1550324559211731,0.33759963512420654,9.166069984436035,-0.0009760614484548569,5.5927783250808716e-05,-0.0011385129764676094,9.1978178024292,28.394689559936523,-87.60533905029297
1.7208671569824219,0,38.64701461791992,-1.6815581571897805e-44,0.0,0.13205185532569885,2.01200008392334,2968.0,-0.0,0.0,20.00800132751465,0.0,0.1652083396911621,0.3304166793823242,9.170259475708008,0.0006218589842319489,-0.00047671422362327576,5.9927813708782196e-05,7.252125263214111,28.57215690612793,-86.41226959228516
1.7409141063690186,0,38.64701461791992,-1.6815581571897805e-44,0.0,0.13205185532569885,2.01200008392334,3048.0,-0.0,0.0,20.00400161743164,0.0,0.1580253690481186,0.31964221596717834,9.153499603271484,-0.0003102608025074005,-0.0006098728626966476,-0.00047271233052015305,7.605887413024902,29.6369571685791,-86.41226959228516
1.7612202167510986,0,38.64701461791992,-1.6815581571897805e-44,0.0,0.13205185532569885,2.008000135421753,2968.0,-0.0,0.0,20.00800132751465,0.0,0.14964522421360016,0.3184450566768646,9.139732360839844,-0.0009760614484548569,0.0007217265665531158,-0.00020639225840568542,8.667174339294434,29.6369571685791,-87.43490600585938
1.7813754081726074,0,38.64701461791992,-1.6815581571897805e-44,0.0,0.13205185532569885,2.004000186920166,2964.0,-0.0,0.0,20.016000747680664,0.0,0.15323671698570251,0.3411911129951477,9.164274215698242,-0.0005765818059444427,-0.0011425130069255829,-0.0006058728322386742,8.313411712646484,29.282024383544922,-87.09402465820312
1.8017487525939941,0,38.64701461791992,-1.6815581571897805e-44,0.0,0.13205185532569885,2.01200008392334,2992.0,-0.0,0.0,20.00400161743164,0.0,0.15742678940296173,0.3280223608016968,9.128957748413086,0.0010213404893875122,-0.00021039322018623352,-0.0006058728322386742,7.252125263214111,29.6369571685791,-87.7757797241211
1.8218863010406494,0,38.64701461791992,-1.6815581571897805e-44,0.0,0.13205185532569885,2.01200008392334,2964.0,-0.0,0.0,20.02400016784668,0.0,0.12869489192962646,0.33879679441452026,9.114591598510742,0.0011545009911060333,0.00045540742576122284,0.0003262478858232498,7.429006576538086,30.87922477722168,-86.24183654785156
1.8422431945800781,0,38.64701461791992,-1.6815581571897805e-44,0.0,0.13205185532569885,2.01200008392334,2984.0,-0.0,0.0,20.016000747680664,0.0,0.15563103556632996,0.33281099796295166,9.134943962097168,-0.0009760614484548569,0.000854887068271637,-0.00047271233052015305,8.667174339294434,28.92708969116211,-87.09402465820312
1.8623936176300049,0,38.64701461791992,-1.6815581571897805e-44,0.0,0.13205185532569885,2.01200008392334,2964.0,-0.0,0.0,20.00400161743164,0.0,0.16161684691905975,0.32083937525749207,9.120577812194824,0.00035553984344005585,0.0015206877142190933,0.0005925679579377174,7.959649562835693,30.701757431030273,-86.41226959228516
1.8828306198120117,0,38.64701461791992,-1.6815581571897805e-44,0.0,0.13205185532569885,2.008000135421753,2968.0,-0.0,0.0,20.00800132751465,0.0,0.14725090563297272,0.3250294327735901,9.127760887145996,8.921884000301361e-05,0.0003222469240427017,-0.0006058728322386742,8.667174339294434,31.056692123413086,-86.7531509399414
1.9029066562652588,0,38.64701461791992,-1.6815581571897805e-44,0.0,0.13205185532569885,2.008000135421753,2972.0,-0.0,0.0,20.00400161743164,0.0,0.15682820975780487,0.31964221596717834,9.130154609680176,-4.3939799070358276e-05,0.0007217265665531158,-0.0006058728322386742,8.136530876159668,29.814424514770508,-88.28709411621094
1.9230599403381348,0,38.64701461791992,-1.6815581571897805e-44,0.0,0.13205185532569885,2.0160000324249268,2964.0,-0.0,0.0,20.00400161743164,0.0,0.15084239840507507,0.3381982147693634,9.124767303466797,0.0018202997744083405,0.000588567927479744,0.0007257284596562386,8.84405517578125,29.814424514770508,-87.60533905029297
1.9434025287628174,0,38.64701461791992,-1.6815581571897805e-44,0.0,0.13205185532569885,2.01200008392334,2968.0,-0.0,0.0,20.00400161743164,0.0,0.14425800740718842,0.31245923042297363,9.14033031463623,0.0006218589842319489,0.0003222469240427017,0.0005925679579377174,7.252125263214111,29.282024383544922,-87.43490600585938
1.9636001586914062,0,38.64701461791992,-1.6815581571897805e-44,0.0,0.13205185532569885,2.004000186920166,2960.0,-0.0,0.0,20.00400161743164,0.0,0.1490466445684433,0.3232336938381195,9.131950378417969,-0.0008429009467363358,0.000588567927479744,5.9927813708782196e-05,8.490293502807617,29.459489822387695,-86.92359161376953
1.983912467956543,0,38.64701461791992,-1.6815581571897805e-44,0.0,0.13205185532569885,2.004000186920166,2960.0,-0.0,0.0,20.00400161743164,0.0,0.15263813734054565,0.32682517170906067,9.142724990844727,-0.0001771003007888794,0.0011212080717086792,0.0004594074562191963,8.667174339294434,29.6369571685791,-86.07139587402344
2.004075050354004,0,38.64701461791992,-1.6815581571897805e-44,0.0,0.13205185532569885,2.01200008392334,2964.0,-0.0,0.0,20.016000747680664,0.0,0.15383529663085938,0.31485357880592346,9.130154609680176,0.0010213404893875122,-0.0007430333644151688,0.0013915281742811203,8.136530876159668,30.87922477722168,-87.60533905029297
2.0244083404541016,0,38.64701461791992,-1.6815581571897805e-44,0.0,0.13205185532569885,2.01200008392334,2960.0,-0.0,0.0,20.012001037597656,0.0,0.1592225283384323,0.3370010554790497,9.136140823364258,0.0011545009911060333,0.0012543685734272003,-0.0007390324026346207,8.667174339294434,29.99188995361328,-86.41226959228516
2.0446014404296875,0,38.64701461791992,-1.6815581571897805e-44,0.0,0.13205185532569885,2.008000135421753,2968.0,-0.0,0.0,20.00400161743164,0.0,0.146053746342659,0.34478262066841125,9.165471076965332,-0.0008429009467363358,0.000988047569990158,-0.0006058728322386742,8.313411712646484,31.056692123413086,-87.43490600585938
2.064915895462036,0,38.64701461791992,-1.6815581571897805e-44,0.0,0.13205185532569885,2.008000135421753,2960.0,-0.0,0.0,20.012001037597656,0.0,0.1490466445684433,0.3262265920639038,9.130753517150879,0.0006218589842319489,0.0003222469240427017,-0.00047271233052015305,7.075243949890137,28.749622344970703,-87.26446533203125
2.085116147994995,0,38.64701461791992,-1.6815581571897805e-44,0.0,0.13205185532569885,2.01200008392334,2960.0,-0.0,0.0,20.00400161743164,0.0,0.14545516669750214,0.3423883020877838,9.130753517150879,-4.3939799070358276e-05,0.0003222469240427017,-0.00020639225840568542,8.667174339294434,28.92708969116211,-87.7757797241211
2.105246067047119,0,38.64701461791992,-1.6815581571897805e-44,0.0,0.13205185532569885,2.01200008392334,2968.0,-0.0,0.0,20.00400161743164,0.0,0.15084239840507507,0.3274237811565399,9.15709114074707,-0.0020413417369127274,-7.72327184677124e-05,-0.0007390324026346207,8.490293502807617,30.169357299804688,-87.60533905029297
2.1255807876586914,0,38.64701461791992,-1.6815581571897805e-44,0.0,0.13205185532569885,2.008000135421753,2968.0,-0.0,0.0,20.012001037597656,0.0,0.14784948527812958,0.3441840410232544,9.11040210723877,0.0011545009911060333,0.0001890864223241806,-0.00033955276012420654,9.905342102050781,29.814424514770508,-86.92359161376953
2.14573073387146,0,38.64701461791992,-1.6815581571897805e-44,0.0,0.13205185532569885,2.01200008392334,2984.0,-0.0,0.0,20.012001037597656,0.0,0.15862394869327545,0.31245923042297363,9.15828800201416,0.000488700345158577,-0.00047671422362327576,0.0007257284596562386,9.020936012268066,29.282024383544922,-87.7757797241211
2.16609525680542,0,38.64701461791992,-1.6815581571897805e-44,0.0,0.13205185532569885,2.01200008392334,2964.0,-0.0,0.0,20.016000747680664,0.0,0.17777854204177856,0.3310152590274811,9.116986274719238,-0.0005765818059444427,-7.72327184677124e-05,-7.323268800973892e-05,8.136530876159668,30.169357299804688,-86.24183654785156
2.186279296875,0,38.64701461791992,-1.6815581571897805e-44,0.0,0.13205185532569885,2.01200008392334,2964.0,-0.0,0.0,20.00400161743164,0.0,0.1430608481168747,0.3370010554790497,9.143921852111816,-0.0007097404450178146,0.0017870087176561356,-0.0008721929043531418,7.605887413024902,28.92708969116211,-86.07139587402344
2.2065999507904053,0,38.64701461791992,-1.6815581571897805e-44,0.0,0.13205185532569885,2.01200008392334,2968.0,-0.0,0.0,20.016000747680664,0.0,0.15144097805023193,0.32383227348327637,9.130753517150879,-0.00044342130422592163,-7.72327184677124e-05,-0.00033955276012420654,7.252125263214111,28.92708969116211,-87.43490600585938
2.2267675399780273,0,38.64701461791992,-1.6815581571897805e-44,0.0,0.13205185532569885,2.0320000648498535,2964.0,-0.0,0.0,20.012001037597656,0.0,0.14725090563297272,0.3232336938381195,9.138534545898438,-0.001109221950173378,0.0001890864223241806,0.0011252081021666527,6.89836311340332,29.6369571685791,-87.7757797241211
2.2471320629119873,0,38.64701461791992,-1.6815581571897805e-44,0.0,0.13205185532569885,2.01200008392334,2976.0,-0.0,0.0,20.012001037597656,0.0,0.1430608481168747,0.32562801241874695,9.145119667053223,0.0008881799876689911,-7.72327184677124e-05,0.0008588880300521851,9.374698638916016,28.92708969116211,-87.7757797241211
2.2673068046569824,0,38.64701461791992,-1.6815581571897805e-44,0.0,0.13205185532569885,2.008000135421753,2960.0,-0.0,0.0,20.016000747680664,0.0,0.13348354399204254,0.3214379549026489,9.175646781921387,0.00035553984344005585,0.0003222469240427017,-0.001404833048582077,7.782768726348877,30.169357299804688,-88.28709411621094
2.2874696254730225,0,38.64701461791992,-1.6815581571897805e-44,0.0,0.13205185532569885,2.01200008392334,3016.0,-0.0,0.0,20.00800132751465,0.0,0.14485658705234528,0.3292195200920105,9.090648651123047,0.0006218589842319489,0.0007217265665531158,-0.0018043136224150658,6.367719650268555,29.459489822387695,-88.28709411621094
2.307802677154541,0,38.64701461791992,-1.6815581571897805e-44,0.0,0.13205185532569885,2.008000135421753,2960.0,-0.0,0.0,20.012001037597656,0.0,0.14365942776203156,0.31365641951560974,9.154098510742188,-0.0007097404450178146,0.0001890864223241806,-0.0016711531206965446,7.782768726348877,30.5242919921875,-87.94622039794922
2.3279807567596436,0,38.64701461791992,-1.6815581571897805e-44,0.0,0.13205185532569885,2.0160000324249268,2972.0,-0.0,0.0,20.00400161743164,0.0,0.14545516669750214,0.32981809973716736,9.164274215698242,0.00035553984344005585,0.0012543685734272003,-0.00020639225840568542,6.721481800079346,28.039756774902344,-88.62797546386719
2.348329544067383,0,38.64701461791992,-1.6815581571897805e-44,0.0,0.13205185532569885,2.01200008392334,2980.0,-0.0,0.0,20.00800132751465,0.0,0.14665232598781586,0.3334095776081085,9.1253662109375,0.0008881799876689911,0.0011212080717086792,-0.00033955276012420654,9.1978178024292,29.104557037353516,-87.60533905029297
2.368492603302002,0,38.64701461791992,-1.6815581571897805e-44,0.0,0.13205185532569885,2.01200008392334,2964.0,-0.0,0.0,20.012001037597656,0.0,0.14784948527812958,0.3190436363220215,9.153499603271484,-0.0012423805892467499,5.5927783250808716e-05,-0.00033955276012420654,7.959649562835693,29.6369571685791,-88.45753479003906
2.3886842727661133,0,38.64701461791992,-1.5414283107572988e-44,0.0,0.13205185532569885,2.008000135421753,3084.0,-0.0,0.0,20.016000747680664,0.0,0.14844806492328644,0.3334095776081085,9.152900695800781,0.00035553984344005585,0.000588567927479744,-0.00033955276012420654,6.544600963592529,30.701757431030273,-88.11666107177734
2.4090218544006348,0,38.64701461791992,-1.5414283107572988e-44,0.0,0.13205185532569885,2.01200008392334,2960.0,-0.0,0.0,20.00800132751465,0.0,0.15323671698570251,0.3220365345478058,9.122373580932617,-0.0007097404450178146,0.000854887068271637,-0.00020639225840568542,8.84405517578125,29.104557037353516,-88.9688491821289
2.429182767868042,0,38.64701461791992,-1.5414283107572988e-44,0.0,0.13205185532569885,2.0160000324249268,2964.0,-0.0,0.0,20.012001037597656,0.0,0.14066651463508606,0.3142549991607666,9.156492233276367,-0.0009760614484548569,-0.00034355372190475464,0.0009920485317707062,7.075243949890137,29.814424514770508,-88.28709411621094
2.4496092796325684,0,38.64701461791992,-1.5414283107572988e-44,0.0,0.13205185532569885,2.01200008392334,2984.0,-0.0,0.0,20.012001037597656,0.0,0.15263813734054565,0.3310152590274811,9.115190505981445,0.00022237934172153473,0.0003222469240427017,-7.323268800973892e-05,6.367719650268555,29.814424514770508,-88.28709411621094
2.469883918762207,0,38.64701461791992,-1.5414283107572988e-44,0.0,0.13205185532569885,2.01200008392334,2964.0,-0.0,0.0,20.016000747680664,0.0,0.14365942776203156,0.33580389618873596,9.133746147155762,-0.0007097404450178146,0.00045540742576122284,-7.323268800973892e-05,7.605887413024902,28.217222213745117,-89.821044921875
2.4899022579193115,0,38.64701461791992,-1.5414283107572988e-44,0.0,0.13205185532569885,2.01200008392334,3108.0,-0.0,0.0,20.00800132751465,0.0,0.1622154265642166,0.34358546137809753,9.104415893554688,0.000488700345158577,0.0001890864223241806,0.0005925679579377174,7.252125263214111,29.99188995361328,-88.11666107177734
2.510223388671875,0,38.64701461791992,-1.5414283107572988e-44,0.0,0.13205185532569885,2.01200008392334,2964.0,-0.0,0.0,20.00400161743164,0.0,0.1400679349899292,0.3250294327735901,9.135541915893555,0.00022237934172153473,-0.00034355372190475464,-0.0006058728322386742,9.551579475402832,28.749622344970703,-86.92359161376953
2.530399799346924,0,38.64701461791992,-1.5414283107572988e-44,0.0,0.13205185532569885,2.0160000324249268,2960.0,-0.0,0.0,20.012001037597656,0.0,0.1502438187599182,0.3250294327735901,9.155295372009277,-0.0007097404450178146,0.0003222469240427017,5.9927813708782196e-05,7.605887413024902,29.6369571685791,-88.45753479003906
2.5507709980010986,0,38.64701461791992,-1.5414283107572988e-44,0.0,0.13205185532569885,2.008000135421753,2968.0,-0.0,0.0,20.00800132751465,0.0,0.15622961521148682,0.3441840410232544,9.130154609680176,0.00035553984344005585,-0.0008761938661336899,-0.0018043136224150658,8.313411712646484,28.57215690612793,-87.09402465820312
2.571135997772217,0,38.64701461791992,-1.5414283107572988e-44,0.0,0.13205185532569885,2.01200008392334,2964.0,-0.0,0.0,20.00800132751465,0.0,0.14844806492328644,0.3352053165435791,9.12656307220459,-0.0012423805892467499,0.0001890864223241806,-0.00020639225840568542,8.490293502807617,28.749622344970703,-87.94622039794922
2.591153860092163,0,38.64701461791992,-1.5414283107572988e-44,0.0,0.13205185532569885,2.01200008392334,3044.0,-0.0,0.0,20.00800132751465,0.0,0.15862394869327545,0.3142549991607666,9.12656307220459,0.0006218589842319489,0.00045540742576122284,-7.323268800973892e-05,7.252125263214111,27.862289428710938,-88.45753479003906
2.611469268798828,0,38.64701461791992,-1.5414283107572988e-44,0.0,0.13205185532569885,2.008000135421753,2968.0,-0.0,0.0,20.00800132751465,0.0,0.14485658705234528,0.3244308531284332,9.129556655883789,0.000488700345158577,-0.00021039322018623352,-0.0007390324026346207,8.490293502807617,30.5242919921875,-87.94622039794922
2.631633996963501,0,38.64701461791992,-1.5414283107572988e-44,0.0,0.13205185532569885,2.0160000324249268,2968.0,-0.0,0.0,20.00400161743164,0.0,0.14485658705234528,0.3292195200920105,9.113394737243652,0.0014208201318979263,-0.0016751531511545181,5.9927813708782196e-05,8.136530876159668,29.814424514770508,-88.62797546386719
2.6520187854766846,0,38.64701461791992,-1.5414283107572988e-44,0.0,0.13205185532569885,2.01200008392334,2980.0,-0.0,0.0,20.00400161743164,0.0,0.14545516669750214,0.3364024758338928,9.118782043457031,0.00035553984344005585,-0.00021039322018623352,-0.0008721929043531418,7.075243949890137,29.459489822387695,-87.94622039794922
2.672236919403076,0,38.64701461791992,-1.5414283107572988e-44,0.0,0.13205185532569885,2.008000135421753,2960.0,-0.0,0.0,20.00400161743164,0.0,0.1741870492696762,0.3429868817329407,9.167865753173828,8.921884000301361e-05,0.000588567927479744,0.0003262478858232498,7.252125263214111,29.6369571685791,-89.48016357421875
2.6924054622650146,0,38.64701461791992,-1.5414283107572988e-44,0.0,0.13205185532569885,2.01200008392334,2980.0,-0.0,0.0,20.00800132751465,0.0,0.15443387627601624,0.31664931774139404,9.153499603271484,-0.001109221950173378,-7.72327184677124e-05,-0.00047271233052015305,8.313411712646484,28.57215690612793,-86.41226959228516
2.712678909301758,0,38.64701461791992,-1.5414283107572988e-44,0.0,0.13205185532569885,2.008000135421753,2964.0,-0.0,0.0,20.012001037597656,0.0,0.15323671698570251,0.3232336938381195,9.1253662109375,-4.3939799070358276e-05,0.00045540742576122284,0.0008588880300521851,8.136530876159668,29.459489822387695,-87.94622039794922
2.7328431606292725,0,38.64701461791992,-1.5414283107572988e-44,0.0,0.13205185532569885,2.004000186920166,2968.0,-0.0,0.0,20.00400161743164,0.0,0.13049064576625824,0.34358546137809753,9.12656307220459,-4.3939799070358276e-05,0.0001890864223241806,-0.0007390324026346207,8.136530876159668,28.039756774902344,-87.94622039794922
2.7531940937042236,0,38.64701461791992,-1.5414283107572988e-44,0.0,0.13205185532569885,2.008000135421753,2980.0,-0.0,0.0,20.016000747680664,0.0,0.1490466445684433,0.3190436363220215,9.15589427947998,-0.00044342130422592163,5.5927783250808716e-05,-7.323268800973892e-05,7.252125263214111,28.92708969116211,-88.79840850830078
2.773359537124634,0,38.64701461791992,-1.5414283107572988e-44,0.0,0.13205185532569885,2.0160000324249268,2964.0,-0.0,0.0,20.020000457763672,0.0,0.1640111804008484,0.33580389618873596,9.132549285888672,-4.3939799070358276e-05,0.0015206877142190933,-0.0012716734781861305,7.075243949890137,29.104557037353516,-89.9914779663086
2.7937586307525635,0,38.64701461791992,-1.5414283107572988e-44,0.0,0.13205185532569885,2.01200008392334,2992.0,-0.0,0.0,20.012001037597656,0.0,0.14964522421360016,0.34478262066841125,9.129556655883789,-4.3939799070358276e-05,-0.0011425130069255829,-0.0015379935503005981,6.544600963592529,29.282024383544922,-87.7757797241211
2.813887596130371,0,38.64701461791992,-1.5414283107572988e-44,0.0,0.13205185532569885,2.01200008392334,2968.0,-0.0,0.0,20.012001037597656,0.0,0.1502438187599182,0.3292195200920105,9.141528129577637,0.0012876596301794052,-0.00021039322018623352,0.0003262478858232498,6.721481800079346,29.814424514770508,-87.60533905029297
2.8342087268829346,0,38.64701461791992,-1.5414283107572988e-44,0.0,0.13205185532569885,2.0160000324249268,2964.0,-0.0,0.0,20.012001037597656,0.0,0.14485658705234528,0.3352053165435791,9.166069984436035,0.0010213404893875122,5.5927783250808716e-05,-0.00020639225840568542,7.605887413024902,30.346824645996094,-86.41226959228516
2.8543646335601807,0,38.64701461791992,-1.5414283107572988e-44,0.0,0.13205185532569885,2.004000186920166,2984.0,-0.0,0.0,20.012001037597656,0.0,0.15084239840507507,0.3190436363220215,9.133148193359375,-0.0003102608025074005,-0.0008761938661336899,5.9927813708782196e-05,7.959649562835693,30.346824645996094,-88.79840850830078
2.8746323585510254,0,38.64701461791992,-1.5414283107572988e-44,0.0,0.13205185532569885,2.0160000324249268,2964.0,-0.0,0.0,20.00400161743164,0.0,0.17239131033420563,0.33460673689842224,9.121175765991211,-0.0009760614484548569,0.0013875272125005722,0.0007257284596562386,7.252125263214111,28.217222213745117,-87.7757797241211
2.8948771953582764,0,38.64701461791992,-1.5414283107572988e-44,0.0,0.13205185532569885,2.01200008392334,2976.0,-0.0,0.0,20.012001037597656,0.0,0.15144097805023193,0.3118606507778168,9.150506973266602,-0.0008429009467363358,0.00045540742576122284,-0.00020639225840568542,7.075243949890137,30.5242919921875,-88.9688491821289
2.915018320083618,0,38.64701461791992,-1.5414283107572988e-44,0.0,0.13205185532569885,2.008000135421753,2964.0,-0.0,0.0,20.00800132751465,0.0,0.1640111804008484,0.31664931774139404,9.149309158325195,0.00022237934172153473,0.000988047569990158,-0.0006058728322386742,9.551579475402832,28.394689559936523,-88.9688491821289
2.9353878498077393,0,38.64701461791992,-1.5414283107572988e-44,0.0,0.13205185532569885,2.008000135421753,2964.0,-0.0,0.0,20.00400161743164,0.0,0.1670040786266327,0.3292195200920105,9.112197875976562,-0.00044342130422592163,-7.72327184677124e-05,-0.0007390324026346207,8.313411712646484,28.92708969116211,-88.45753479003906
2.9555892944335938,0,38.64701461791992,-1.5414283107572988e-44,0.0,0.13205185532569885,2.008000135421753,2964.0,-0.0,0.0,20.00400161743164,0.0,0.1400679349899292,0.3310152590274811,9.140929222106934,0.0010213404893875122,0.0012543685734272003,-0.0008721929043531418,5.306433200836182,29.814424514770508,-87.60533905029297
2.975907325744629,0,38.64701461791992,-1.5414283107572988e-44,0.0,0.13205185532569885,2.004000186920166,2960.0,-0.0,0.0,20.00400161743164,0.0,0.14844806492328644,0.32383227348327637,9.12656307220459,0.0012876596301794052,-0.001009354367852211,0.0007257284596562386,7.782768726348877,29.459489822387695,-87.26446533203125
2.9960532188415527,0,38.64701461791992,-1.5414283107572988e-44,0.0,0.13205185532569885,2.01200008392334,2976.0,-0.0,0.0,20.00800132751465,0.0,0.16281400620937347,0.31964221596717834,9.134345054626465,-0.0012423805892467499,-7.72327184677124e-05,-0.0007390324026346207,7.782768726348877,28.394689559936523,-87.94622039794922
3.016233205795288,0,38.64701461791992,-1.5414283107572988e-44,0.0,0.13205185532569885,2.01200008392334,2968.0,-0.0,0.0,20.00400161743164,0.0,0.15323671698570251,0.3262265920639038,9.134943962097168,0.000488700345158577,0.000588567927479744,0.0001930873841047287,8.136530876159668,29.104557037353516,-88.28709411621094
3.036602020263672,0,38.64701461791992,-1.5414283107572988e-44,0.0,0.13205185532569885,2.008000135421753,2964.0,-0.0,0.0,20.00800132751465,0.0,0.1741870492696762,0.3364024758338928,9.161879539489746,-0.0009760614484548569,0.0007217265665531158,0.0012583686038851738,6.89836311340332,28.217222213745117,-88.45753479003906
3.0567328929901123,0,38.64701461791992,-1.5414283107572988e-44,0.0,0.13205185532569885,2.008000135421753,2960.0,-0.0,0.0,20.00400161743164,0.0,0.12869489192962646,0.32383227348327637,9.135541915893555,0.00022237934172153473,-0.00034355372190475464,5.9927813708782196e-05,8.136530876159668,28.394689559936523,-87.26446533203125
3.0770645141601562,0,38.64701461791992,-1.5414283107572988e-44,0.0,0.13205185532569885,2.01200008392334,2968.0,-0.0,0.0,20.02400016784668,0.0,0.14964522421360016,0.31964221596717834,9.127760887145996,0.0012876596301794052,-0.0008761938661336899,-0.0011385129764676094,7.782768726348877,28.749622344970703,-87.26446533203125
3.0972275733947754,0,38.64701461791992,-1.5414283107572988e-44,0.0,0.13205185532569885,2.01200008392334,2972.0,-0.0,0.0,20.012001037597656,0.0,0.15742678940296173,0.3334095776081085,9.120577812194824,0.0014208201318979263,5.5927783250808716e-05,0.0007257284596562386,9.020936012268066,28.92708969116211,-89.13928985595703
3.1175928115844727,0,38.64701461791992,-1.5414283107572988e-44,0.0,0.13205185532569885,2.008000135421753,2972.0,-0.0,0.0,20.016000747680664,0.0,0.1592225283384323,0.3352053165435791,9.14452075958252,0.00035553984344005585,0.0003222469240427017,-0.0011385129764676094,8.490293502807617,27.32988929748535,-88.62797546386719
3.137711524963379,0,38.64701461791992,-1.5414283107572988e-44,0.0,0.13205185532569885,2.01200008392334,3024.0,-0.0,0.0,20.052000045776367,0.0,0.14485658705234528,0.34178972244262695,9.149309158325195,0.00035553984344005585,-0.00021039322018623352,5.9927813708782196e-05,8.313411712646484,28.57215690612793,-87.43490600585938
3.158134698867798,0,38.64701461791992,-1.5414283107572988e-44,0.0,0.13205185532569885,2.01200008392334,2964.0,-0.0,0.0,20.00400161743164,0.0,0.15443387627601624,0.30946633219718933,9.128957748413086,8.921884000301361e-05,0.000988047569990158,0.0001930873841047287,7.959649562835693,28.92708969116211,-88.45753479003906
3.1782591342926025,0,38.64701461791992,-1.5414283107572988e-44,0.0,0.13205185532569885,2.004000186920166,2968.0,-0.0,0.0,20.012001037597656,0.0,0.13946935534477234,0.3370010554790497,9.118782043457031,0.00022237934172153473,-0.00021039322018623352,0.0005925679579377174,6.89836311340332,28.57215690612793,-87.7757797241211
3.1986141204833984,0,38.64701461791992,-1.5414283107572988e-44,0.0,0.13205185532569885,2.01200008392334,2976.0,-0.0,0.0,20.00400161743164,0.0,0.17478562891483307,0.3190436363220215,9.141528129577637,-0.0001771003007888794,0.0012543685734272003,0.0009920485317707062,7.782768726348877,30.169357299804688,-87.26446533203125
3.218892812728882,0,38.64701461791992,-1.5414283107572988e-44,0.0,0.13205185532569885,2.01200008392334,2972.0,-0.0,0.0,20.00800132751465,0.0,0.1502438187599182,0.3220365345478058,9.140929222106934,-0.00044342130422592163,0.000854887068271637,-0.001005353406071663,8.313411712646484,30.346824645996094,-88.11666107177734
3.2390832901000977,0,38.64701461791992,-1.5414283107572988e-44,0.0,0.13205185532569885,2.01200008392334,3108.0,-0.0,0.0,20.012001037597656,0.0,0.15622961521148682,0.31964221596717834,9.146915435791016,0.00022237934172153473,-7.72327184677124e-05,-0.0016711531206965446,7.429006576538086,31.589092254638672,-87.94622039794922
3.2592668533325195,0,38.64701461791992,-1.5414283107572988e-44,0.0,0.13205185532569885,2.01200008392334,2964.0,-0.0,0.0,20.00800132751465,0.0,0.15563103556632996,0.3160507380962372,9.14033031463623,-0.0007097404450178146,0.0003222469240427017,-0.0008721929043531418,7.605887413024902,28.92708969116211,-88.79840850830078
3.279599189758301,0,38.64701461791992,-1.5414283107572988e-44,0.0,0.13205185532569885,2.01200008392334,2968.0,-0.0,0.0,20.00800132751465,0.0,0.15622961521148682,0.33580389618873596,9.13793659210205,0.000488700345158577,0.000854887068271637,0.0007257284596562386,7.959649562835693,29.6369571685791,-88.45753479003906
3.2997238636016846,0,38.64701461791992,-1.5414283107572988e-44,0.0,0.13205185532569885,2.01200008392334,2980.0,-0.0,0.0,20.012001037597656,0.0,0.1592225283384323,0.3364024758338928,9.111000061035156,0.00022237934172153473,0.0001890864223241806,-0.0008721929043531418,7.075243949890137,30.87922477722168,-130.89669799804688
3.3200716972351074,0,38.64701461791992,-1.5414283107572988e-44,0.0,0.13205185532569885,2.008000135421753,2968.0,-0.0,0.0,20.036001205444336,0.0,0.13527928292751312,0.3322124183177948,9.133148193359375,0.00035553984344005585,0.00045540742576122284,0.0003262478858232498,7.959649562835693,28.92708969116211,-89.13928985595703
3.3402414321899414,0,38.64701461791992,-1.5414283107572988e-44,0.0,0.13205185532569885,2.008000135421753,3100.0,-0.0,0.0,20.00800132751465,0.0,0.14126509428024292,0.3489726781845093,9.140929222106934,-0.0008429009467363358,-0.00034355372190475464,-0.00020639225840568542,8.490293502807617,28.039756774902344,-87.94622039794922
3.360602617263794,0,38.64701461791992,-1.5414283107572988e-44,0.0,0.13205185532569885,2.01200008392334,2960.0,-0.0,0.0,20.012001037597656,0.0,0.14066651463508606,0.3364024758338928,9.146915435791016,0.0008881799876689911,0.0007217265665531158,0.0007257284596562386,8.667174339294434,29.282024383544922,-85.38964080810547
3.3807246685028076,0,38.64701461791992,-1.5414283107572988e-44,0.0,0.13205185532569885,2.008000135421753,2960.0,-0.0,0.0,20.00800132751465,0.0,0.14844806492328644,0.33281099796295166,9.14571762084961,0.000488700345158577,0.0013875272125005722,0.0004594074562191963,7.959649562835693,28.92708969116211,-87.43490600585938
3.4010543823242188,0,38.64701461791992,-1.5414283107572988e-44,0.0,0.13205185532569885,2.01200008392334,2968.0,-0.0,0.0,20.00800132751465,0.0,0.13049064576625824,0.3190436363220215,9.146915435791016,-0.0003102608025074005,0.00045540742576122284,-0.001005353406071663,6.89836311340332,29.99188995361328,-87.7757797241211
3.4213767051696777,0,38.64701461791992,-1.5414283107572988e-44,0.0,0.13205185532569885,2.008000135421753,2964.0,-0.0,0.0,20.016000747680664,0.0,0.15682820975780487,0.3250294327735901,9.143921852111816,-0.0012423805892467499,0.00045540742576122284,-7.323268800973892e-05,5.837076663970947,29.6369571685791,-89.48016357421875
3.441574811935425,0,38.64701461791992,-1.5414283107572988e-44,0.0,0.13205185532569885,2.01200008392334,3032.0,-0.0,0.0,20.012001037597656,0.0,0.14246225357055664,0.3310152590274811,9.119978904724121,0.0011545009911060333,0.0003222469240427017,0.0007257284596562386,7.959649562835693,29.282024383544922,-88.45753479003906
3.4617137908935547,0,38.64701461791992,-1.5414283107572988e-44,0.0,0.13205185532569885,2.008000135421753,2960.0,-0.0,0.0,20.020000457763672,0.0,0.16760265827178955,0.3154521584510803,9.124767303466797,8.921884000301361e-05,-0.0006098728626966476,0.0009920485317707062,7.782768726348877,28.039756774902344,-86.24183654785156
3.4820749759674072,0,38.64701461791992,-1.5414283107572988e-44,0.0,0.13205185532569885,2.0240001678466797,2964.0,-0.0,0.0,20.016000747680664,0.0,0.1400679349899292,0.3292195200920105,9.138534545898438,8.921884000301361e-05,-0.00034355372190475464,-0.0006058728322386742,8.136530876159668,29.459489822387695,-87.94622039794922
3.502223253250122,0,38.64701461791992,-1.5414283107572988e-44,0.0,0.13205185532569885,2.01200008392334,2984.0,-0.0,0.0,20.00400161743164,0.0,0.15622961521148682,0.3292195200920105,9.131352424621582,-0.0007097404450178146,5.5927783250808716e-05,0.0009920485317707062,6.367719650268555,29.814424514770508,-87.60533905029297
3.5225164890289307,0,38.64701461791992,-1.5414283107572988e-44,0.0,0.13205185532569885,2.004000186920166,2972.0,-0.0,0.0,20.02800178527832,0.0,0.12749773263931274,0.32562801241874695,9.133746147155762,-0.0009760614484548569,-0.0007430333644151688,-0.00033955276012420654,5.837076663970947,30.701757431030273,-87.7757797241211
3.5427210330963135,0,38.64701461791992,-1.5414283107572988e-44,0.0,0.13205185532569885,2.01200008392334,2972.0,-0.0,0.0,20.00800132751465,0.0,0.15084239840507507,0.3334095776081085,9.139732360839844,-0.0007097404450178146,-7.72327184677124e-05,-0.001005353406071663,8.313411712646484,28.57215690612793,-87.7757797241211
3.563032627105713,0,38.64701461791992,-1.5414283107572988e-44,0.0,0.13205185532569885,2.01200008392334,2968.0,-0.0,0.0,20.012001037597656,0.0,0.1640111804008484,0.32383227348327637,9.134345054626465,-0.0009760614484548569,0.0001890864223241806,-0.0007390324026346207,7.252125263214111,29.99188995361328,-86.7531509399414
3.583237648010254,0,38.64701461791992,-1.5414283107572988e-44,0.0,0.13205185532569885,2.0320000648498535,2964.0,-0.0,0.0,20.012001037597656,0.0,0.15084239840507507,0.3262265920639038,9.133746147155762,8.921884000301361e-05,5.5927783250808716e-05,-0.0006058728322386742,7.959649562835693,30.701757431030273,-87.43490600585938
3.603588581085205,0,38.64701461791992,-1.5414283107572988e-44,0.0,0.13205185532569885,2.01200008392334,2988.0,-0.0,0.0,20.016000747680664,0.0,0.16341258585453033,0.33759963512420654,9.113394737243652,0.00022237934172153473,-0.00047671422362327576,0.0007257284596562386,6.544600963592529,30.346824645996094,-87.43490600585938
3.623753070831299,0,38.64701461791992,-1.5414283107572988e-44,0.0,0.13205185532569885,2.004000186920166,2964.0,-0.0,0.0,20.00800132751465,0.0,0.12869489192962646,0.31485357880592346,9.175048828125,0.0010213404893875122,0.00045540742576122284,-0.0008721929043531418,8.667174339294434,30.346824645996094,-87.7757797241211
3.6439218521118164,0,38.64701461791992,-1.5414283107572988e-44,0.0,0.13205185532569885,2.01200008392334,2976.0,-0.0,0.0,20.00800132751465,0.0,0.1502438187599182,0.3292195200920105,9.152900695800781,0.0006218589842319489,0.0001890864223241806,-0.00047271233052015305,7.605887413024902,28.57215690612793,-87.43490600585938
3.664249897003174,0,38.64701461791992,-1.5414283107572988e-44,0.0,0.13205185532569885,2.008000135421753,2968.0,-0.0,0.0,20.00800132751465,0.0,0.13587787747383118,0.33580389618873596,9.161280632019043,0.00022237934172153473,0.0001890864223241806,0.0019241683185100555,8.667174339294434,28.92708969116211,-88.11666107177734
3.684422731399536,0,38.64701461791992,-1.5414283107572988e-44,0.0,0.13205185532569885,2.01200008392334,2960.0,-0.0,0.0,20.012001037597656,0.0,0.1592225283384323,0.31245923042297363,9.134943962097168,-0.0015087015926837921,0.0003222469240427017,0.001657848246395588,7.429006576538086,28.749622344970703,-87.26446533203125
3.7047746181488037,0,38.64701461791992,-1.5414283107572988e-44,0.0,0.13205185532569885,2.01200008392334,2968.0,-0.0,0.0,20.00800132751465,0.0,0.1490466445684433,0.33161383867263794,9.097831726074219,-0.00044342130422592163,-7.72327184677124e-05,-0.0019374731928110123,7.252125263214111,29.282024383544922,-87.43490600585938
3.725789785385132,0,38.64701461791992,-1.5414283107572988e-44,0.0,0.13205185532569885,2.004000186920166,2964.0,-0.0,0.0,20.00800132751465,0.0,0.12989206612110138,0.3370010554790497,9.140929222106934,-0.0005765818059444427,5.5927783250808716e-05,-0.001005353406071663,7.252125263214111,29.282024383544922,-87.09402465820312
3.7453508377075195,0,38.64701461791992,-1.5414283107572988e-44,0.0,0.13205185532569885,2.01200008392334,2976.0,-0.0,0.0,20.00800132751465,0.0,0.1550324559211731,0.3310152590274811,9.137337684631348,0.0012876596301794052,-0.0006098728626966476,-7.323268800973892e-05,9.551579475402832,29.814424514770508,-87.60533905029297
3.7654507160186768,0,38.64701461791992,-1.5414283107572988e-44,0.0,0.13205185532569885,2.008000135421753,2960.0,-0.0,0.0,20.00400161743164,0.0,0.15563103556632996,0.3334095776081085,9.146316528320312,0.00075501948595047,0.000588567927479744,-0.00033955276012420654,8.136530876159668,29.814424514770508,-88.9688491821289
3.78562593460083,0,38.64701461791992,-1.5414283107572988e-44,0.0,0.13205185532569885,2.008000135421753,2968.0,-0.0,0.0,20.012001037597656,0.0,0.14844806492328644,0.31964221596717834,9.117584228515625,-0.0001771003007888794,0.0003222469240427017,0.0004594074562191963,6.721481800079346,29.814424514770508,-86.58271026611328
3.805953025817871,0,38.64701461791992,-1.5414283107572988e-44,0.0,0.13205185532569885,2.008000135421753,2964.0,-0.0,0.0,20.012001037597656,0.0,0.1670040786266327,0.34358546137809753,9.130154609680176,0.0011545009911060333,0.0001890864223241806,0.0003262478858232498,8.136530876159668,28.394689559936523,-88.62797546386719
3.8261196613311768,0,38.64701461791992,-1.5414283107572988e-44,0.0,0.13205185532569885,2.0160000324249268,2968.0,-0.0,0.0,20.012001037597656,0.0,0.14485658705234528,0.33460673689842224,9.15948486328125,-0.0008429009467363358,0.0001890864223241806,0.0011252081021666527,7.782768726348877,30.169357299804688,-86.92359161376953
3.8465054035186768,0,38.64701461791992,-1.5414283107572988e-44,0.0,0.13205185532569885,2.01200008392334,2972.0,-0.0,0.0,20.00800132751465,0.0,0.13527928292751312,0.31365641951560974,9.137337684631348,0.0010213404893875122,0.0007217265665531158,-0.0011385129764676094,8.490293502807617,30.87922477722168,-87.94622039794922
3.8666491508483887,0,38.64701461791992,-1.5414283107572988e-44,0.0,0.13205185532569885,2.01200008392334,2960.0,-0.0,0.0,20.00400161743164,0.0,0.14186367392539978,0.32083937525749207,9.112197875976562,0.00075501948595047,0.00045540742576122284,5.9927813708782196e-05,9.020936012268066,28.57215690612793,-86.7531509399414
3.8868465423583984,0,38.64701461791992,-1.5414283107572988e-44,0.0,0.13205185532569885,2.01200008392334,2960.0,-0.0,0.0,20.012001037597656,0.0,0.1622154265642166,0.32682517170906067,9.129556655883789,-0.0008429009467363358,-0.0006098728626966476,-0.00020639225840568542,6.89836311340332,29.6369571685791,-87.7757797241211
3.9075582027435303,0,38.64701461791992,-1.5414283107572988e-44,0.0,0.13205185532569885,2.01200008392334,2964.0,-0.0,0.0,20.012001037597656,0.0,0.13946935534477234,0.31664931774139404,9.160083770751953,-0.0005765818059444427,0.0003222469240427017,-0.0006058728322386742,7.252125263214111,29.6369571685791,-88.11666107177734
3.9281206130981445,0,38.64701461791992,-1.5414283107572988e-44,0.0,0.13205185532569885,2.0160000324249268,2960.0,-0.0,0.0,20.016000747680664,0.0,0.1400679349899292,0.3160507380962372,9.150506973266602,-0.0015087015926837921,0.000988047569990158,-0.00020639225840568542,8.667174339294434,29.282024383544922,-87.43490600585938
3.9476773738861084,0,38.64701461791992,-1.5414283107572988e-44,0.0,0.13205185532569885,2.01200008392334,2980.0,-0.0,0.0,20.012001037597656,0.0,0.15263813734054565,0.32083937525749207,9.14452075958252,-0.0001771003007888794,0.0003222469240427017,0.0005925679579377174,7.782768726348877,29.459489822387695,-87.60533905029297
3.9678852558135986,0,38.64701461791992,-1.5414283107572988e-44,0.0,0.13205185532569885,2.01200008392334,2964.0,-0.0,0.0,20.012001037597656,0.0,0.14784948527812958,0.32981809973716736,9.160083770751953,-0.0007097404450178146,0.0003222469240427017,0.0003262478858232498,8.84405517578125,29.814424514770508,-86.92359161376953
3.9881818294525146,0,38.64701461791992,-1.5414283107572988e-44,0.0,0.13205185532569885,2.01200008392334,3044.0,-0.0,0.0,20.012001037597656,0.0,0.16640549898147583,0.32083937525749207,9.116387367248535,-0.0015087015926837921,5.5927783250808716e-05,0.0001930873841047287,9.1978178024292,29.459489822387695,-87.94622039794922
4.008437633514404,0,38.64701461791992,-1.5414283107572988e-44,0.0,0.13205185532569885,2.01200008392334,2972.0,-0.0,0.0,20.016000747680664,0.0,0.14964522421360016,0.32383227348327637,9.101423263549805,-4.3939799070358276e-05,0.0001890864223241806,-0.00047271233052015305,8.313411712646484,28.92708969116211,-88.79840850830078
4.028692960739136,0,38.64701461791992,-1.5414283107572988e-44,0.0,0.13205185532569885,2.0160000324249268,2964.0,-0.0,0.0,20.00800132751465,0.0,0.1490466445684433,0.3202407956123352,9.148112297058105,-0.0009760614484548569,-0.0006098728626966476,0.0005925679579377174,7.075243949890137,29.104557037353516,-88.9688491821289
4.048864841461182,0,38.64701461791992,-1.5414283107572988e-44,0.0,0.13205185532569885,2.004000186920166,2988.0,-0.0,0.0,20.00400161743164,0.0,0.15443387627601624,0.31964221596717834,9.167266845703125,-0.0003102608025074005,-7.72327184677124e-05,-0.00047271233052015305,9.020936012268066,28.57215690612793,-87.7757797241211
4.0698082447052,0,38.64701461791992,-1.5414283107572988e-44,0.0,0.13205185532569885,2.01200008392334,2968.0,-0.0,0.0,20.00800132751465,0.0,0.17059555649757385,0.3184450566768646,9.124767303466797,-0.00044342130422592163,0.000988047569990158,-7.323268800973892e-05,7.959649562835693,30.701757431030273,-86.41226959228516
4.089541912078857,0,38.64701461791992,-1.5414283107572988e-44,-0.0,0.11808997392654419,2.008000135421753,3120.0,-0.0,2.0,20.18800163269043,0.0,0.146053746342659,0.3190436363220215,9.105612754821777,-0.0009760614484548569,0.0007217265665531158,0.0007257284596562386,7.782768726348877,29.104557037353516,-87.94622039794922
4.109715938568115,0,38.64701461791992,-1.5414283107572988e-44,-0.0,0.10311819612979889,2.008000135421753,2968.0,-0.0,2.0,20.00400161743164,0.0,0.1622154265642166,0.32981809973716736,9.134345054626465,0.00022237934172153473,0.0001890864223241806,-7.323268800973892e-05,7.429006576538086,29.459489822387695,-87.60533905029297
4.130041599273682,0,38.64701461791992,-1.5414283107572988e-44,-0.0,0.08975012600421906,2.008000135421753,2968.0,-0.0,2.0,20.00800132751465,0.0,0.1580253690481186,0.3304166793823242,9.140929222106934,-0.0021745022386312485,-7.72327184677124e-05,-7.323268800973892e-05,7.605887413024902,28.217222213745117,-86.7531509399414
4.150192022323608,0,38.64701461791992,-1.5414283107572988e-44,-0.0,0.07801076769828796,2.008000135421753,2984.0,-0.0,2.0,20.016000747680664,0.0,0.1861586719751358,0.3334095776081085,9.145119667053223,0.00022237934172153473,0.0007217265665531158,-0.00020639225840568542,8.490293502807617,29.814424514770508,-87.26446533203125
4.170546293258667,0,38.64701461791992,-1.5414283107572988e-44,-0.0,0.06798285245895386,2.01200008392334,2968.0,-0.0,2.0,20.00400161743164,0.0,0.15323671698570251,0.3352053165435791,9.149908065795898,-0.0007097404450178146,0.000854887068271637,0.0005925679579377174,9.1978178024292,28.749622344970703,-87.94622039794922
4.190728425979614,0,38.64701461791992,-1.5414283107572988e-44,-0.0,0.05898022651672363,2.01200008392334,3072.0,-0.0,2.0,20.012001037597656,0.0,0.15383529663085938,0.3364024758338928,9.120577812194824,0.0012876596301794052,5.5927783250808716e-05,0.0005925679579377174,8.136530876159668,28.394689559936523,-87.60533905029297
4.211031675338745,0,38.64701461791992,-1.5414283107572988e-44,-0.0,0.051489878445863724,2.01200008392334,2968.0,-0.0,2.0,20.016000747680664,0.0,0.16879981756210327,0.32263511419296265,9.157690048217773,0.00035553984344005585,0.000588567927479744,0.0003262478858232498,6.544600963592529,29.99188995361328,-87.7757797241211
4.23118257522583,0,38.64701461791992,-1.5414283107572988e-44,-0.0,0.04480745270848274,2.01200008392334,2972.0,-0.0,2.0,20.00800132751465,0.0,0.14066651463508606,0.3304166793823242,9.114591598510742,-0.00044342130422592163,-0.0011425130069255829,-0.001404833048582077,6.89836311340332,30.346824645996094,-87.09402465820312
4.2515082359313965,0,38.64701461791992,-1.5414283107572988e-44,-0.0,0.038953058421611786,2.01200008392334,2980.0,-0.0,2.0,20.00800132751465,0.0,0.14545516669750214,0.3118606507778168,9.15828800201416,8.921884000301361e-05,-7.72327184677124e-05,-0.00033955276012420654,8.490293502807617,29.459489822387695,-87.26446533203125
4.2717604637146,0,38.64701461791992,-1.5414283107572988e-44,-0.0,0.03394302725791931,2.01200008392334,2964.0,-0.0,2.0,20.00800132751465,0.0,0.16460976004600525,0.339993953704834,9.122373580932617,-0.00044342130422592163,0.0001890864223241806,-0.00047271233052015305,7.959649562835693,28.92708969116211,-88.45753479003906
4.29201078414917,0,38.64701461791992,-1.5414283107572988e-44,-0.0,0.02949932962656021,2.008000135421753,2996.0,-0.0,2.0,20.012001037597656,0.0,0.1430608481168747,0.3232336938381195,9.142126083374023,-4.3939799070358276e-05,-0.00047671422362327576,-0.0008721929043531418,6.367719650268555,28.039756774902344,-87.94622039794922
4.313187837600708,0,38.64701461791992,-1.5414283107572988e-44,-0.0,0.02571154572069645,2.004000186920166,2968.0,-0.0,2.0,20.00800132751465,0.0,0.1682012379169464,0.3160507380962372,9.10621166229248,0.0015539806336164474,0.0001890864223241806,-0.00033955276012420654,7.075243949890137,28.749622344970703,-88.28709411621094
4.3325254917144775,0,38.64701461791992,-1.5414283107572988e-44,-0.0,0.02237592078745365,2.004000186920166,2968.0,-0.0,2.0,20.00400161743164,0.0,0.15982110798358917,0.3202407956123352,9.136738777160645,-0.001375541090965271,-0.0007430333644151688,0.0001930873841047287,6.89836311340332,29.6369571685791,-87.09402465820312
4.353486776351929,0,38.64701461791992,-1.5414283107572988e-44,-0.0,0.019449185580015182,2.008000135421753,2992.0,-0.0,2.0,20.016000747680664,0.0,0.1759827882051468,0.3190436363220215,9.099028587341309,-0.0012423805892467499,0.000854887068271637,-0.00033955276012420654,6.89836311340332,29.6369571685791,-87.7757797241211
4.373053550720215,0,38.64701461791992,-1.5414283107572988e-44,-0.0,0.016943946480751038,2.0360000133514404,2964.0,-0.0,2.0,20.00400161743164,0.0,0.1580253690481186,0.3334095776081085,9.120577812194824,-0.0012423805892467499,0.000854887068271637,-0.0011385129764676094,6.367719650268555,27.68482208251953,-87.60533905029297
4.39319109916687,0,38.64701461791992,-1.5414283107572988e-44,-0.0,0.014732511714100838,2.008000135421753,2976.0,-0.0,2.0,20.00800132751465,0.0,0.15383529663085938,0.3304166793823242,9.147513389587402,-0.0001771003007888794,0.000588567927479744,-0.00033955276012420654,8.313411712646484,28.57215690612793,-88.45753479003906
4.413326025009155,0,38.64701461791992,-1.5414283107572988e-44,-0.0,0.012836956419050694,2.01200008392334,2968.0,-0.0,2.0,20.012001037597656,0.0,0.1520395576953888,0.3262265920639038,9.134943962097168,0.0018202997744083405,-0.00034355372190475464,-7.323268800973892e-05,7.252125263214111,29.99188995361328,-87.7757797241211
4.43368124961853,0,38.64701461791992,-1.5414283107572988e-44,-0.0,0.011172184720635414,2.01200008392334,2964.0,-0.0,2.0,20.00400161743164,0.0,0.14066651463508606,0.3052762746810913,9.112197875976562,-0.0001771003007888794,0.000588567927479744,-0.001005353406071663,7.252125263214111,28.92708969116211,-88.11666107177734
4.453872919082642,0,38.64701461791992,-1.5414283107572988e-44,-0.0,0.009711921215057373,2.01200008392334,2980.0,-0.0,2.0,20.00400161743164,0.0,0.14126509428024292,0.31964221596717834,9.131352424621582,-0.0003102608025074005,-0.0007430333644151688,-0.00033955276012420654,7.429006576538086,29.104557037353516,-87.60533905029297
4.474322080612183,0,38.64701461791992,-1.5414283107572988e-44,-0.0,0.008462099358439445,2.0240001678466797,2964.0,-0.0,2.0,20.00400161743164,0.0,0.1592225283384323,0.31964221596717834,9.128957748413086,-0.0003102608025074005,0.00045540742576122284,0.001657848246395588,6.721481800079346,29.814424514770508,-87.60533905029297
4.494367837905884,0,38.64701461791992,-1.5414283107572988e-44,-0.0,0.007356676273047924,2.004000186920166,2992.0,-0.0,2.0,20.012001037597656,0.0,0.1652083396911621,0.3274237811565399,9.128957748413086,-0.0007097404450178146,-0.00034355372190475464,5.9927813708782196e-05,9.020936012268066,28.92708969116211,-88.45753479003906
4.514697790145874,0,38.64701461791992,-1.5414283107572988e-44,-0.0,0.006409958004951477,2.008000135421753,2972.0,-0.0,2.0,20.00800132751465,0.0,0.1622154265642166,0.32682517170906067,9.125965118408203,-0.00044342130422592163,0.0003222469240427017,5.9927813708782196e-05,9.374698638916016,29.282024383544922,-88.45753479003906
4.534958600997925,0,38.64701461791992,-1.5414283107572988e-44,-0.0,0.005578832700848579,2.008000135421753,2972.0,-0.0,2.0,20.00400161743164,0.0,0.1502438187599182,0.34657835960388184,9.150506973266602,-0.0020413417369127274,-0.00021039322018623352,0.0001930873841047287,7.252125263214111,29.282024383544922,-88.45753479003906
4.555031061172485,0,38.64701461791992,-1.5414283107572988e-44,-0.0,0.004855470731854439,2.008000135421753,2964.0,-0.0,2.0,20.00400161743164,0.0,0.1520395576953888,0.31664931774139404,9.133148193359375,-4.3939799070358276e-05,0.0001890864223241806,-0.00033955276012420654,8.136530876159668,28.394689559936523,-87.60533905029297
4.575416326522827,0,38.64701461791992,-1.5414283107572988e-44,-0.0,0.004225903190672398,2.004000186920166,2968.0,-0.0,2.0,20.012001037597656,0.0,0.16281400620937347,0.3292195200920105,9.133746147155762,-0.0005765818059444427,0.00045540742576122284,0.0005925679579377174,7.782768726348877,28.749622344970703,-86.92359161376953
4.595539331436157,0,38.64701461791992,-1.5414283107572988e-44,-0.0,0.0036739681381732225,2.004000186920166,2988.0,-0.0,2.0,20.00800132751465,0.0,0.14485658705234528,0.3160507380962372,9.151703834533691,-0.001375541090965271,-7.72327184677124e-05,0.0015246886759996414,8.490293502807617,28.039756774902344,-87.26446533203125
4.615880489349365,0,38.64701461791992,-1.5414283107572988e-44,-0.0,0.0032011752482503653,2.008000135421753,2964.0,-0.0,2.0,20.020000457763672,0.0,0.1652083396911621,0.3274237811565399,9.111000061035156,0.000488700345158577,0.0003222469240427017,-0.0007390324026346207,7.959649562835693,28.92708969116211,-87.09402465820312
4.636053562164307,0,38.64701461791992,-1.5414283107572988e-44,-0.0,0.002778363646939397,2.004000186920166,2968.0,-0.0,2.0,20.00400161743164,0.0,0.1670040786266327,0.3352053165435791,9.122373580932617,0.0008881799876689911,-0.001009354367852211,-0.0012716734781861305,8.84405517578125,29.459489822387695,-88.62797546386719
4.6563942432403564,0,38.64701461791992,-1.5414283107572988e-44,-0.0,0.002424460370093584,2.004000186920166,2964.0,-0.0,2.0,20.00800132751465,0.0,0.17179273068904877,0.33759963512420654,9.15948486328125,8.921884000301361e-05,0.0003222469240427017,-0.00033955276012420654,7.605887413024902,29.282024383544922,-88.45753479003906
4.6766533851623535,0,38.64701461791992,-1.5414283107572988e-44,-0.0,0.0021098137367516756,2.0160000324249268,2976.0,-0.0,2.0,20.00400161743164,0.0,0.15323671698570251,0.32562801241874695,9.143921852111816,-0.0005765818059444427,0.000588567927479744,0.0015246886759996414,7.252125263214111,27.507354736328125,-86.7531509399414
4.6967620849609375,0,38.64701461791992,-1.5414283107572988e-44,-0.0,0.001834004302509129,2.008000135421753,2980.0,-0.0,2.0,20.016000747680664,0.0,0.14844806492328644,0.31245923042297363,9.14571762084961,-0.0003102608025074005,-0.00034355372190475464,0.0005925679579377174,8.313411712646484,28.92708969116211,-88.45753479003906
4.717067003250122,0,38.64701461791992,-1.5414283107572988e-44,-0.0,0.0015982083277776837,2.008000135421753,2968.0,-0.0,2.0,20.00800132751465,0.0,0.15862394869327545,0.3250294327735901,9.151104927062988,-0.001109221950173378,5.5927783250808716e-05,-0.0008721929043531418,7.252125263214111,29.282024383544922,-87.7757797241211
4.737799644470215,0,38.64701461791992,-1.5414283107572988e-44,-0.0,0.0013896588934585452,2.004000186920166,2996.0,-0.0,2.0,20.00800132751465,0.0,0.1400679349899292,0.3154521584510803,9.151703834533691,-0.0007097404450178146,-0.0008761938661336899,5.9927813708782196e-05,6.89836311340332,28.57215690612793,-87.43490600585938
4.757802486419678,0,38.64701461791992,-1.5414283107572988e-44,-0.0,0.0012103961780667305,2.008000135421753,2972.0,-0.0,2.0,20.00400161743164,0.0,0.1592225283384323,0.3274237811565399,9.130154609680176,0.000488700345158577,0.000588567927479744,-0.0016711531206965446,7.075243949890137,29.814424514770508,-87.94622039794922
4.77781081199646,0,38.64701461791992,-1.5414283107572988e-44,-0.0,0.0010535987094044685,2.004000186920166,2968.0,-0.0,2.0,20.012001037597656,0.0,0.14665232598781586,0.3202407956123352,9.131950378417969,-0.0003102608025074005,0.0007217265665531158,-0.001404833048582077,6.721481800079346,29.814424514770508,-87.60533905029297
4.798084020614624,0,38.64701461791992,-1.5414283107572988e-44,-0.0,0.0009156651794910431,2.008000135421753,2992.0,-0.0,2.0,20.00400161743164,0.0,0.14186367392539978,0.31964221596717834,9.134345054626465,-4.3939799070358276e-05,-0.0007430333644151688,-0.00033955276012420654,7.252125263214111,29.282024383544922,-86.7531509399414
4.818249464035034,0,38.64701461791992,-1.5414283107572988e-44,-0.0,0.000797938322648406,2.01200008392334,2972.0,-0.0,2.0,20.012001037597656,0.0,0.16760265827178955,0.31664931774139404,9.153499603271484,-0.00044342130422592163,-0.00047671422362327576,-0.0007390324026346207,9.020936012268066,29.282024383544922,-88.45753479003906
4.838773012161255,0,38.64701461791992,-1.5414283107572988e-44,-0.0,0.0006923453183844686,2.008000135421753,3096.0,-0.0,2.0,20.00400161743164,0.0,0.1430608481168747,0.32083937525749207,9.133148193359375,0.000488700345158577,0.0011212080717086792,-0.0007390324026346207,7.782768726348877,29.459489822387695,-86.24183654785156
4.858760356903076,0,38.64701461791992,-1.5414283107572988e-44,-0.0,0.0006044359179213643,2.008000135421753,2968.0,-0.0,2.0,20.00800132751465,0.0,0.14964522421360016,0.3190436363220215,9.129556655883789,-0.0003102608025074005,-0.00021039322018623352,-0.00020639225840568542,8.667174339294434,29.6369571685791,-89.48016357421875
4.879163503646851,0,38.64701461791992,-1.5414283107572988e-44,-0.0,0.0005260349716991186,2.01200008392334,2972.0,-0.0,2.0,20.016000747680664,0.0,0.14725090563297272,0.3034805357456207,9.131950378417969,8.921884000301361e-05,5.5927783250808716e-05,0.0003262478858232498,7.782768726348877,29.104557037353516,-88.28709411621094
4.89926290512085,0,38.64701461791992,-1.5414283107572988e-44,-0.0,0.00045728051918558776,2.008000135421753,2976.0,-0.0,2.0,20.012001037597656,0.0,0.14844806492328644,0.3118606507778168,9.157690048217773,0.00035553984344005585,0.0003222469240427017,-0.0011385129764676094,9.020936012268066,29.99188995361328,-87.43490600585938
4.919654607772827,0,38.64701461791992,-1.5414283107572988e-44,-0.0,0.0003984228824265301,2.01200008392334,2964.0,-0.0,2.0,20.00400161743164,0.0,0.13887077569961548,0.3214379549026489,9.151703834533691,0.000488700345158577,-0.0007430333644151688,0.0003262478858232498,7.782768726348877,29.814424514770508,-86.92359161376953
4.939944505691528,0,38.64701461791992,-1.5414283107572988e-44,-0.0,0.0003451916854828596,2.008000135421753,3144.0,-0.0,2.0,20.18000030517578,0.0,0.17059555649757385,0.3130578100681305,9.122971534729004,0.000488700345158577,0.0007217265665531158,0.0005925679579377174,7.429006576538086,28.039756774902344,-87.94622039794922
4.960120677947998,0,38.64701461791992,-1.5414283107572988e-44,-0.0,0.0003014027315657586,2.01200008392334,2988.0,-0.0,2.0,20.012001037597656,0.0,0.15563103556632996,0.30767059326171875,9.117584228515625,0.00035553984344005585,0.0003222469240427017,0.0003262478858232498,7.605887413024902,31.056692123413086,-89.48016357421875
4.980453729629517,0,38.64701461791992,-1.5414283107572988e-44,-0.0,0.00026229352806694806,2.0240001678466797,2988.0,-0.0,2.0,20.032001495361328,0.0,0.14964522421360016,0.3172478973865509,9.15948486328125,-0.0003102608025074005,-0.00021039322018623352,-7.323268800973892e-05,8.313411712646484,29.282024383544922,-88.79840850830078
5.000631332397461,0,38.64701461791992,-1.5414283107572988e-44,-0.0,0.0002280168846482411,2.01200008392334,3000.0,-0.0,2.0,20.012001037597656,0.0,0.14964522421360016,0.34178972244262695,9.148711204528809,-0.0008429009467363358,-0.0006098728626966476,-0.0006058728322386742,6.89836311340332,28.217222213745117,-86.7531509399414
5.020966529846191,0,38.64701461791992,-1.5414283107572988e-44,-0.0,0.0001986685674637556,2.008000135421753,2984.0,-0.0,2.0,20.00400161743164,0.0,0.15144097805023193,0.3352053165435791,9.176844596862793,0.000488700345158577,-0.0008761938661336899,0.0001930873841047287,8.84405517578125,29.104557037353516,-87.60533905029297
5.041148662567139,0,38.64701461791992,-1.5414283107572988e-44,-0.0,0.00017242954345420003,2.008000135421753,3060.0,-0.0,2.0,20.00400161743164,0.0,0.14784948527812958,0.3130578100681305,9.14033031463623,0.0014208201318979263,0.0003222469240427017,0.0007257284596562386,7.429006576538086,29.459489822387695,-87.94622039794922
5.06145453453064,0,38.64701461791992,-1.5414283107572988e-44,-0.0,0.00015047381748445332,2.01200008392334,2984.0,-0.0,2.0,20.012001037597656,0.0,0.15563103556632996,0.3310152590274811,9.121774673461914,0.0018202997744083405,0.000588567927479744,0.001791008748114109,7.959649562835693,29.282024383544922,-87.43490600585938
5.081669092178345,0,38.64701461791992,-1.5414283107572988e-44,-0.0,0.0001309415529249236,2.0280001163482666,2988.0,-0.0,2.0,20.012001037597656,0.0,0.15443387627601624,0.3184450566768646,9.116387367248535,8.921884000301361e-05,-0.00021039322018623352,-0.00020639225840568542,7.959649562835693,28.217222213745117,-86.7531509399414
5.101825952529907,0,38.64701461791992,-1.5414283107572988e-44,-0.0,0.00011383942910470068,2.01200008392334,3004.0,-0.0,2.0,20.00400161743164,0.0,0.1580253690481186,0.3280223608016968,9.096633911132812,8.921884000301361e-05,0.0003222469240427017,0.0003262478858232498,8.667174339294434,29.99188995361328,-87.09402465820312
5.122137069702148,0,38.64701461791992,-1.5414283107572988e-44,-0.0,9.917871648212895e-05,2.01200008392334,2996.0,-0.0,2.0,20.032001495361328,0.0,0.1819685995578766,0.3244308531284332,9.11279582977295,0.00035553984344005585,0.0011212080717086792,-0.0007390324026346207,7.605887413024902,30.346824645996094,-87.7757797241211
5.142298221588135,0,38.64701461791992,-1.5414283107572988e-44,-0.0,8.623212488600984e-05,2.01200008392334,3004.0,-0.0,2.0,20.016000747680664,0.0,0.13288496434688568,0.3340081572532654,9.135541915893555,-0.00044342130422592163,0.000988047569990158,-7.323268800973892e-05,6.367719650268555,29.459489822387695,-87.94622039794922
5.162633419036865,0,38.64701461791992,-1.5414283107572988e-44,-0.0,7.510835712309927e-05,2.01200008392334,2992.0,-0.0,2.0,20.016000747680664,0.0,0.14126509428024292,0.31485357880592346,9.165471076965332,0.0011545009911060333,0.000588567927479744,-0.0011385129764676094,9.020936012268066,27.507354736328125,-86.41226959228516
5.182967901229858,0,38.64701461791992,-1.5414283107572988e-44,-0.0,6.536060391226783e-05,2.0360000133514404,2988.0,-0.0,2.0,20.00400161743164,0.0,0.16640549898147583,0.3112620711326599,9.149309158325195,-0.0007097404450178146,0.0001890864223241806,-0.0012716734781861305,7.429006576538086,28.749622344970703,-88.62797546386719
5.203134536743164,0,38.64701461791992,-1.5414283107572988e-44,-0.0,5.683165363734588e-05,2.008000135421753,3008.0,-0.0,2.0,20.00400161743164,0.0,0.15742678940296173,0.3082691729068756,9.142724990844727,0.0011545009911060333,-0.0006098728626966476,-7.323268800973892e-05,6.89836311340332,28.217222213745117,-87.7757797241211
5.223283052444458,0,38.64701461791992,-1.5414283107572988e-44,-0.0,4.952082235831767e-05,2.01200008392334,2988.0,-0.0,2.0,20.016000747680664,0.0,0.1370750367641449,0.33460673689842224,9.134345054626465,0.00022237934172153473,0.0003222469240427017,0.0008588880300521851,8.136530876159668,28.749622344970703,-87.26446533203125
5.243690013885498,0,38.64701461791992,-1.5414283107572988e-44,-0.0,4.305298352846876e-05,2.008000135421753,2996.0,-0.0,2.0,20.00800132751465,0.0,0.15263813734054565,0.32383227348327637,9.117584228515625,0.00075501948595047,5.5927783250808716e-05,-0.001005353406071663,8.313411712646484,29.6369571685791,-87.43490600585938
5.263876438140869,0,38.64701461791992,-1.5414283107572988e-44,-0.0,3.750852192752063e-05,2.008000135421753,2992.0,-0.0,2.0,20.016000747680664,0.0,0.15443387627601624,0.3184450566768646,9.113993644714355,0.0006218589842319489,-0.00047671422362327576,0.0001930873841047287,7.782768726348877,28.749622344970703,-87.60533905029297
5.284146547317505,0,38.64701461791992,-1.5414283107572988e-44,-0.0,3.264065526309423e-05,2.0199999809265137,2988.0,-0.0,2.0,20.00800132751465,0.0,0.16341258585453033,0.34657835960388184,9.119978904724121,-0.0015087015926837921,0.000988047569990158,-0.0006058728322386742,8.136530876159668,28.749622344970703,-88.28709411621094
5.304318189620972,0,38.64701461791992,-1.5414283107572988e-44,-0.0,2.8373580789775588e-05,2.008000135421753,3000.0,-0.0,2.0,20.00800132751465,0.0,0.1580253690481186,0.3292195200920105,9.146915435791016,-0.0007097404450178146,0.000588567927479744,0.0004594074562191963,7.605887413024902,28.217222213745117,-87.09402465820312
5.324706554412842,0,38.64701461791992,-1.5414283107572988e-44,-0.0,2.471950210747309e-05,2.0360000133514404,2992.0,-0.0,2.0,20.012001037597656,0.0,0.13946935534477234,0.3214379549026489,9.130753517150879,-0.0015087015926837921,-0.0007430333644151688,0.0001930873841047287,7.782768726348877,28.394689559936523,-89.30972290039062
5.3447840213775635,0,38.64701461791992,-1.5414283107572988e-44,-0.0,2.1495026885531843e-05,2.008000135421753,3004.0,-0.0,2.0,20.00400161743164,0.0,0.15443387627601624,0.3214379549026489,9.134345054626465,-0.0009760614484548569,-0.0006098728626966476,-0.00047271233052015305,7.252125263214111,29.282024383544922,-87.7757797241211
5.365145683288574,0,38.64701461791992,-1.5414283107572988e-44,-0.0,1.8727867427514866e-05,2.008000135421753,2988.0,-0.0,2.0,20.00400161743164,0.0,0.13827219605445862,0.34657835960388184,9.118183135986328,0.000488700345158577,-0.00047671422362327576,-0.0007390324026346207,7.252125263214111,28.92708969116211,-88.79840850830078
5.385311126708984,0,38.64701461791992,-1.5414283107572988e-44,-0.0,1.6297341062454507e-05,2.008000135421753,2992.0,-0.0,2.0,20.00400161743164,0.0,0.14126509428024292,0.3250294327735901,9.157690048217773,0.00035553984344005585,5.5927783250808716e-05,-7.323268800973892e-05,7.959649562835693,30.701757431030273,-87.7757797241211
5.405447006225586,0,38.64701461791992,-1.5414283107572988e-44,-0.0,1.4185760846885387e-05,2.008000135421753,2988.0,-0.0,2.0,20.00800132751465,0.0,0.16939839720726013,0.3184450566768646,9.140929222106934,-0.0016418620944023132,0.0011212080717086792,-0.0011385129764676094,7.429006576538086,28.749622344970703,-87.26446533203125
5.4258387088775635,0,38.64701461791992,-1.5414283107572988e-44,-0.0,1.2347099982434884e-05,2.004000186920166,2984.0,-0.0,2.0,20.00800132751465,0.0,0.1622154265642166,0.32981809973716736,9.136738777160645,-0.0009760614484548569,0.00045540742576122284,0.0007257284596562386,6.721481800079346,29.814424514770508,-86.58271026611328
5.446120977401733,0,38.64701461791992,-1.5414283107572988e-44,-0.0,1.0733871022239327e-05,2.008000135421753,3004.0,-0.0,2.0,20.00800132751465,0.0,0.14246225357055664,0.3214379549026489,9.143921852111816,0.000488700345158577,0.0015206877142190933,5.9927813708782196e-05,7.252125263214111,28.92708969116211,-88.45753479003906
5.466377258300781,0,38.64701461791992,-1.5414283107572988e-44,-0.0,9.35127172851935e-06,2.01200008392334,2984.0,-0.0,2.0,20.00800132751465,0.0,0.14665232598781586,0.32083937525749207,9.154696464538574,-0.0012423805892467499,0.0003222469240427017,-0.002470114268362522,7.075243949890137,30.169357299804688,-87.94622039794922
5.486790657043457,0,38.64701461791992,-1.5414283107572988e-44,-0.0,8.128224180836696e-06,2.01200008392334,2984.0,-0.0,2.0,20.012001037597656,0.0,0.15682820975780487,0.3244308531284332,9.129556655883789,0.000488700345158577,0.0007217265665531158,0.0013915281742811203,8.490293502807617,30.169357299804688,-87.26446533203125
5.5068745613098145,0,38.64701461791992,-1.5414283107572988e-44,-0.0,7.082799584168242e-06,2.008000135421753,2984.0,-0.0,2.0,20.00400161743164,0.0,0.17538420855998993,0.30587485432624817,9.168463706970215,0.00035553984344005585,-0.00021039322018623352,0.0003262478858232498,6.89836311340332,28.217222213745117,-87.43490600585938
5.5269975662231445,0,38.64701461791992,-1.5414283107572988e-44,-0.0,6.164434580568923e-06,2.004000186920166,2992.0,-0.0,2.0,20.00400161743164,0.0,0.1580253690481186,0.3370010554790497,9.113394737243652,-0.0003102608025074005,-0.00021039322018623352,-0.00047271233052015305,8.136530876159668,28.394689559936523,-87.26446533203125
5.547295093536377,0,38.64701461791992,-1.5414283107572988e-44,-0.0,5.358868747862289e-06,2.01200008392334,3012.0,-0.0,2.0,20.016000747680664,0.0,0.15682820975780487,0.3322124183177948,9.132549285888672,-0.0007097404450178146,0.00045540742576122284,5.9927813708782196e-05,8.136530876159668,28.394689559936523,-87.94622039794922
5.5675883293151855,0,38.64701461791992,-1.5414283107572988e-44,-0.0,4.669120698963525e-06,2.008000135421753,2992.0,-0.0,2.0,20.012001037597656,0.0,0.1592225283384323,0.3471769392490387,9.128957748413086,-0.0008429009467363358,0.000988047569990158,-0.0011385129764676094,8.313411712646484,28.57215690612793,-87.09402465820312
5.588119268417358,0,38.64701461791992,-1.5414283107572988e-44,-0.0,4.042572982143611e-06,2.004000186920166,3048.0,-0.0,2.0,20.280000686645508,0.0,0.1400679349899292,0.34358546137809753,9.153499603271484,-0.0001771003007888794,0.0001890864223241806,-0.0007390324026346207,6.721481800079346,29.459489822387695,-87.26446533203125
5.608418226242065,0,38.64701461791992,-1.5414283107572988e-44,-0.0,3.5297566682856996e-06,2.01200008392334,2984.0,-0.0,2.0,20.00800132751465,0.0,0.15622961521148682,0.3274237811565399,9.103219032287598,-0.0016418620944023132,-0.00034355372190475464,-7.323268800973892e-05,7.252125263214111,28.217222213745117,-87.09402465820312
5.62921929359436,0,38.64701461791992,-1.5414283107572988e-44,-0.0,3.072169192819274e-06,2.01200008392334,2992.0,-0.0,2.0,20.020000457763672,0.0,0.1490466445684433,0.31664931774139404,9.127760887145996,0.0011545009911060333,5.5927783250808716e-05,0.0004594074562191963,7.252125263214111,28.57215690612793,-87.43490600585938
5.6487298011779785,0,38.64701461791992,-1.5414283107572988e-44,-0.0,2.6699729005486006e-06,2.008000135421753,3020.0,-0.0,2.0,20.012001037597656,0.0,0.16281400620937347,0.32682517170906067,9.15828800201416,0.00022237934172153473,-7.72327184677124e-05,0.0001930873841047287,9.020936012268066,28.92708969116211,-87.43490600585938
5.669870853424072,0,38.64701461791992,-1.5414283107572988e-44,-0.0,2.3266325115400832e-06,2.01200008392334,2988.0,-0.0,2.0,20.012001037597656,0.0,0.14665232598781586,0.32862094044685364,9.1253662109375,0.000488700345158577,0.0001890864223241806,0.0009920485317707062,7.959649562835693,29.282024383544922,-88.79840850830078
5.689397096633911,0,38.64701461791992,-1.5414283107572988e-44,-0.0,2.015672635025112e-06,2.01200008392334,3140.0,-0.0,2.0,20.200000762939453,0.0,0.14545516669750214,0.32682517170906067,9.130753517150879,-0.0001771003007888794,0.0001890864223241806,-0.0008721929043531418,7.605887413024902,29.6369571685791,-88.45753479003906
5.709726810455322,0,38.64701461791992,-1.5414283107572988e-44,-0.0,1.7598308659216855e-06,2.004000186920166,2988.0,-0.0,2.0,20.012001037597656,0.0,0.14246225357055664,0.32862094044685364,9.166069984436035,-0.0017750207334756851,0.000588567927479744,-7.323268800973892e-05,8.136530876159668,30.169357299804688,-87.60533905029297
5.730575799942017,0,38.64701461791992,-1.5414283107572988e-44,-0.0,1.5317743873310974e-06,2.0160000324249268,2984.0,-0.0,2.0,20.020000457763672,0.0,0.15144097805023193,0.3232336938381195,9.1720552444458,-0.0009760614484548569,0.0001890864223241806,-0.0008721929043531418,7.605887413024902,29.282024383544922,-88.79840850830078
5.750277042388916,0,38.64701461791992,-1.5414283107572988e-44,-0.0,1.3314190709934337e-06,2.008000135421753,3000.0,-0.0,2.0,20.012001037597656,0.0,0.14545516669750214,0.32981809973716736,9.160682678222656,-0.0012423805892467499,0.0003222469240427017,0.0001930873841047287,8.313411712646484,28.217222213745117,-87.09402465820312
5.770583868026733,0,38.64701461791992,-1.5414283107572988e-44,-0.0,1.1599856861721491e-06,2.01200008392334,2988.0,-0.0,2.0,20.00800132751465,0.0,0.1580253690481186,0.32682517170906067,9.13913345336914,0.00035553984344005585,-0.00021039322018623352,0.0005925679579377174,7.605887413024902,28.92708969116211,-87.43490600585938
5.790771007537842,0,38.64701461791992,-1.5414283107572988e-44,-0.0,1.0062331057270057e-06,2.01200008392334,3088.0,-0.0,2.0,20.02400016784668,0.0,0.1670040786266327,0.3154521584510803,9.116986274719238,-0.0001771003007888794,-7.72327184677124e-05,0.0003262478858232498,7.075243949890137,29.814424514770508,-86.92359161376953
5.811024188995361,0,38.64701461791992,-1.5414283107572988e-44,-0.0,8.786120133663644e-07,2.008000135421753,2980.0,-0.0,2.0,20.012001037597656,0.0,0.15563103556632996,0.3340081572532654,9.146316528320312,0.00022237934172153473,-0.0011425130069255829,0.0013915281742811203,8.313411712646484,28.57215690612793,-87.09402465820312
5.831249475479126,0,38.64701461791992,-1.5414283107572988e-44,-0.0,7.646677886441466e-07,2.0160000324249268,2968.0,-0.0,2.0,20.016000747680664,0.0,0.16879981756210327,0.3112620711326599,9.146915435791016,0.00075501948595047,-7.72327184677124e-05,0.0003262478858232498,7.959649562835693,29.99188995361328,-87.7757797241211
5.851425647735596,0,38.64701461791992,-1.5414283107572988e-44,-0.0,6.646307610935764e-07,2.008000135421753,3000.0,-0.0,2.0,20.012001037597656,0.0,0.16580691933631897,0.31784647703170776,9.151104927062988,-0.0001771003007888794,0.0012543685734272003,0.0015246886759996414,7.429006576538086,28.394689559936523,-88.9688491821289
5.871775388717651,0,38.64701461791992,-1.5414283107572988e-44,-0.0,5.791319495074276e-07,2.008000135421753,2980.0,-0.0,2.0,20.00800132751465,0.0,0.1652083396911621,0.31245923042297363,9.131950378417969,8.921884000301361e-05,-0.00021039322018623352,0.0004594074562191963,6.721481800079346,29.104557037353516,-87.26446533203125
5.891967296600342,0,38.64701461791992,-1.5414283107572988e-44,-0.0,5.032874810240173e-07,2.01200008392334,3016.0,-0.0,2.0,20.012001037597656,0.0,0.1670040786266327,0.3429868817329407,9.169661521911621,-4.3939799070358276e-05,5.5927783250808716e-05,-0.0006058728322386742,8.136530876159668,29.814424514770508,-88.28709411621094
5.912103176116943,0,38.64701461791992,-1.5414283107572988e-44,-0.0,4.386638750020211e-07,2.01200008392334,2980.0,-0.0,2.0,20.00800132751465,0.0,0.13827219605445862,0.32383227348327637,9.143921852111816,0.00075501948595047,0.0012543685734272003,-0.0012716734781861305,8.667174339294434,29.6369571685791,-87.7757797241211
5.9324729442596436,0,38.64701461791992,-1.5414283107572988e-44,-0.0,3.818175002834323e-07,2.01200008392334,2976.0,-0.0,2.0,20.00800132751465,0.0,0.14665232598781586,0.32562801241874695,9.134345054626465,8.921884000301361e-05,0.000854887068271637,5.9927813708782196e-05,7.605887413024902,27.862289428710938,-130.0445098876953
5.952658176422119,0,38.64701461791992,-1.5414283107572988e-44,-0.0,3.319305221793911e-07,2.008000135421753,3000.0,-0.0,2.0,20.00800132751465,0.0,0.14725090563297272,0.3381982147693634,9.12656307220459,8.921884000301361e-05,5.5927783250808716e-05,0.0012583686038851738,7.782768726348877,28.039756774902344,-86.92359161376953
5.972948789596558,0,38.64701461791992,-1.5414283107572988e-44,-0.0,2.8919123451487394e-07,2.0280001163482666,2972.0,-0.0,2.0,20.016000747680664,0.0,0.13827219605445862,0.30946633219718933,9.103816986083984,0.00022237934172153473,-0.00021039322018623352,-0.0006058728322386742,8.136530876159668,30.169357299804688,-88.28709411621094
5.993074178695679,0,38.64701461791992,-1.5414283107572988e-44,-0.0,2.5144788651232375e-07,2.008000135421753,2984.0,-0.0,2.0,20.012001037597656,0.0,0.1592225283384323,0.3202407956123352,9.12416934967041,-0.0012423805892467499,-0.00047671422362327576,-0.0015379935503005981,7.959649562835693,29.282024383544922,-89.13928985595703
6.01379132270813,0,38.64701461791992,-1.5414283107572988e-44,-0.0,2.190118237876959e-07,2.01200008392334,2984.0,-0.0,2.0,20.020000457763672,0.0,0.17239131033420563,0.3214379549026489,9.128358840942383,-0.001109221950173378,0.0007217265665531158,0.0008588880300521851,7.429006576538086,29.104557037353516,-88.62797546386719
6.033590316772461,0,38.64701461791992,-1.5414283107572988e-44,-0.0,1.9063547540554282e-07,2.004000186920166,2972.0,-0.0,2.0,20.016000747680664,0.0,0.14425800740718842,0.33580389618873596,9.130753517150879,-0.001109221950173378,-0.00021039322018623352,-0.0008721929043531418,7.075243949890137,28.749622344970703,-87.60533905029297
6.053922891616821,0,38.64701461791992,-1.5414283107572988e-44,-0.0,1.6568266403282905e-07,2.008000135421753,2996.0,-0.0,2.0,20.00800132751465,0.0,0.15443387627601624,0.31066349148750305,9.14033031463623,0.00075501948595047,-0.0007430333644151688,5.9927813708782196e-05,7.959649562835693,29.6369571685791,-87.09402465820312
6.074084520339966,0,38.64701461791992,-1.5414283107572988e-44,-0.0,1.4435742912155547e-07,2.0160000324249268,2996.0,-0.0,2.0,20.02400016784668,0.0,0.15563103556632996,0.32862094044685364,9.140929222106934,-0.0008429009467363358,0.000854887068271637,-0.001404833048582077,6.721481800079346,30.87922477722168,-87.26446533203125
6.095361232757568,0,38.64701461791992,-1.5414283107572988e-44,-0.0,1.2550304973046877e-07,2.008000135421753,2988.0,-0.0,2.0,20.012001037597656,0.0,0.13827219605445862,0.31664931774139404,9.135541915893555,0.00035553984344005585,0.0016538482159376144,-0.00033955276012420654,6.721481800079346,29.814424514770508,-88.28709411621094
6.114579200744629,0,38.64701461791992,-1.5414283107572988e-44,-0.0,1.0934046912325357e-07,2.01200008392334,2980.0,-0.0,2.0,20.00400161743164,0.0,0.1520395576953888,0.32383227348327637,9.151703834533691,-0.0001771003007888794,0.0003222469240427017,0.0013915281742811203,6.013957500457764,30.169357299804688,-87.94622039794922
6.134910821914673,0,38.64701461791992,-1.5414283107572988e-44,-0.0,9.515274257410056e-08,2.008000135421753,2972.0,-0.0,2.0,20.00800132751465,0.0,0.15383529663085938,0.32383227348327637,9.142126083374023,0.00035553984344005585,-7.72327184677124e-05,-0.0006058728322386742,7.605887413024902,29.6369571685791,-85.38964080810547
6.1550538539886475,0,38.64701461791992,-1.5414283107572988e-44,-0.0,8.281045182911839e-08,2.008000135421753,2976.0,-0.0,2.0,20.00400161743164,0.0,0.15144097805023193,0.3304166793823242,9.127161979675293,-0.0005765818059444427,0.0011212080717086792,-0.00020639225840568542,7.605887413024902,27.862289428710938,-88.45753479003906
6.175414562225342,0,38.64701461791992,-1.5414283107572988e-44,-0.0,7.208100782918336e-08,2.008000135421753,2980.0,-0.0,2.0,20.016000747680664,0.0,0.15862394869327545,0.3190436363220215,9.097831726074219,-0.0012423805892467499,0.0016538482159376144,0.0004594074562191963,9.1978178024292,28.394689559936523,-87.26446533203125
6.19554877281189,0,38.64701461791992,-1.5414283107572988e-44,1.5,2.424910068511963,2.01200008392334,3012.0,-0.0,2.0,20.00800132751465,0.0,0.14725090563297272,0.33460673689842224,9.146915435791016,-0.0008429009467363358,-7.72327184677124e-05,0.0005925679579377174,7.252125263214111,30.346824645996094,-87.7757797241211
6.215908765792847,0,38.647220611572266,0.0019784176256507635,1.5,5.0638909339904785,2.004000186920166,2968.0,-0.0,2.0,20.016000747680664,0.00020640000002458692,0.1592225283384323,0.3429868817329407,9.118183135986328,-0.00044342130422592163,0.00045540742576122284,0.0005925679579377174,6.721481800079346,29.459489822387695,-87.26446533203125
6.236063480377197,0,38.65330505371094,0.05767334997653961,1.5,7.374074935913086,2.004000186920166,2988.0,-0.0,2.0,20.00400161743164,0.006087424233555794,0.1682012379169464,0.5907993912696838,9.513246536254883,-0.004970863461494446,-0.0014088340103626251,0.0001930873841047287,5.660195350646973,28.749622344970703,-87.26446533203125
6.256217956542969,0,38.663848876953125,0.1419559270143509,1.5,9.157651901245117,2.004000186920166,2988.0,-0.0,2.0,20.012001037597656,0.010540160350501537,0.37291592359542847,1.8795441389083862,8.772802352905273,0.05242113023996353,0.007779211737215519,-0.014720841310918331,5.837076663970947,27.862289428710938,-86.41226959228516
6.276573896408081,0,38.66988754272461,0.16955527663230896,1.5,10.633386611938477,2.0280001163482666,2984.0,-0.0,2.0,20.012001037597656,0.00604064017534256,0.6123482584953308,2.8324849605560303,8.492067337036133,0.21620804071426392,0.010575572960078716,-0.019647764042019844,6.721481800079346,28.749622344970703,-85.90095520019531
6.296724081039429,0,38.66984176635742,0.13828900456428528,1.5,11.949370384216309,2.008000135421753,2992.0,-0.0,2.0,20.00800132751465,-4.6784000005573034e-05,-0.18077144026756287,2.4386186599731445,7.719299793243408,0.09969295561313629,0.0024528075009584427,-0.027237888425588608,5.837076663970947,28.217222213745117,-87.09402465820312
6.317091703414917,0,38.67007827758789,0.11591630429029465,1.5,13.138467788696289,2.008000135421753,2976.0,-0.0,2.0,20.00400161743164,0.000236672000028193,-0.26876282691955566,1.6269429922103882,9.860424041748047,-0.0772767886519432,0.004050729796290398,-0.007663357071578503,5.660195350646973,29.104557037353516,-85.5600814819336
6.3372156620025635,0,38.67421340942383,0.13321353495121002,1.5,14.199609756469727,2.004000186920166,3004.0,-0.0,2.0,20.012001037597656,0.004136255942285061,0.3244308531284332,0.7045297622680664,9.669476509094238,-0.06262917816638947,0.00045540742576122284,-0.0035353945568203926,6.013957500457764,28.749622344970703,-87.26446533203125
6.357640266418457,0,38.68344497680664,0.19261063635349274,1.5,15.026387214660645,2.008000135421753,2976.0,-0.0,2.0,20.012001037597656,0.009230207651853561,0.528546929359436,1.5670849084854126,8.306507110595703,-0.010829906910657883,-0.009531598538160324,-0.020979365333914757,6.190838813781738,29.282024383544922,-87.43490600585938
6.3777313232421875,0,38.69230651855469,0.23707489669322968,1.5,15.643909454345703,2.01200008392334,2972.0,-0.0,2.0,20.012001037597656,0.008861440233886242,0.3621414601802826,2.794774293899536,8.900300025939941,0.07479202747344971,-0.00606943666934967,-0.03815701603889465,6.89836311340332,27.862289428710938,-87.09402465820312
6.398048639297485,0,38.69838333129883,0.24823994934558868,1.5,16.141117095947266,2.01200008392334,2996.0,-0.0,2.0,20.00400161743164,0.0060791680589318275,0.11373037844896317,2.9396309852600098,8.043730735778809,0.06520450115203857,-0.02151600643992424,-0.048676662147045135,7.252125263214111,28.57215690612793,-87.09402465820312
6.418234825134277,0,38.70433807373047,0.25766369700431824,1.5,16.554710388183594,2.008000135421753,2972.0,-0.0,2.0,20.00800132751465,0.005952576175332069,0.10894172638654709,1.972922682762146,9.253462791442871,-0.051443733274936676,0.04013711214065552,-0.028968969359993935,5.837076663970947,29.282024383544922,-85.73052215576172
6.438567161560059,0,38.713130950927734,0.28958645462989807,1.5,16.886459350585938,2.008000135421753,3080.0,-0.0,2.0,20.060001373291016,0.008792639710009098,-0.020950332283973694,1.701765537261963,10.331506729125977,-0.09512023627758026,0.01963045820593834,-0.01804984360933304,5.660195350646973,29.459489822387695,-86.92359161376953
6.458773374557495,0,38.72380447387695,0.334725558757782,1.5,17.086463928222656,2.008000135421753,2980.0,-0.0,2.0,20.00800132751465,0.010675008408725262,0.710515558719635,1.5419445037841797,8.154467582702637,-0.010297266766428947,-0.0018083136528730392,-0.012457119300961494,5.306433200836182,29.459489822387695,-87.60533905029297
6.479088068008423,0,38.735286712646484,0.3776440918445587,1.5,17.17734146118164,2.0199999809265137,2980.0,-0.0,2.0,20.012001037597656,0.011481343768537045,0.6847766041755676,2.291367769241333,7.755214691162109,0.03138183802366257,0.030682746320962906,-0.010726038366556168,7.782768726348877,27.68482208251953,-86.24183654785156
6.499417066574097,0,38.74610137939453,0.40607964992523193,1.5,17.190366744995117,2.01200008392334,2988.0,-0.0,2.0,20.016000747680664,0.010815359652042389,0.2591855525970459,2.627171754837036,9.891550064086914,0.008478304371237755,0.07981881499290466,-0.02830316871404648,8.313411712646484,27.862289428710938,-87.43490600585938
6.519621849060059,0,38.756591796875,0.4280659556388855,1.5,17.159109115600586,2.008000135421753,2964.0,-0.0,2.0,20.00400161743164,0.010490624234080315,0.16460976004600525,2.20577073097229,9.704194068908691,-0.010430427268147469,0.01883149892091751,-0.04521450027823448,6.013957500457764,26.62002182006836,-87.94622039794922
6.540101528167725,0,38.76917266845703,0.4616970717906952,1.5,17.076831817626953,2.008000135421753,3128.0,-0.0,2.0,20.256000518798828,0.012579391710460186,0.26277703046798706,1.8520094156265259,9.872395515441895,8.921884000301361e-05,0.019364139065146446,-0.044548697769641876,8.136530876159668,29.459489822387695,-88.28709411621094
6.560322523117065,0,38.782745361328125,0.502606987953186,1.5,16.936599731445312,2.004000186920166,2976.0,-0.0,2.0,20.00400161743164,0.01357286423444748,0.24900966882705688,1.8142987489700317,8.815300941467285,0.009676745161414146,-0.03136985003948212,-0.049475621432065964,6.721481800079346,28.394689559936523,-87.60533905029297
6.580700159072876,0,38.797149658203125,0.5415939688682556,1.5,16.733631134033203,2.0280001163482666,2972.0,-0.0,2.0,20.02800178527832,0.01440672017633915,0.4052392840385437,2.198587656021118,8.465729713439941,0.02645491436123848,-0.0256439670920372,-0.02737104892730713,6.89836311340332,31.056692123413086,-87.43490600585938
6.600801229476929,0,38.81172180175781,0.5741626024246216,1.5,16.487661361694336,2.008000135421753,2996.0,-0.0,2.0,20.00400161743164,0.014569087885320187,0.37950029969215393,2.002851724624634,9.72873592376709,0.012872587889432907,-0.009664759039878845,-0.030833210796117783,6.544600963592529,28.217222213745117,-86.41226959228516
6.6211326122283936,0,38.82699203491211,0.609246015548706,1.5,16.215167999267578,2.01200008392334,2972.0,-0.0,2.0,20.016000747680664,0.01527359988540411,-0.18256717920303345,2.335662841796875,9.103816986083984,0.010608864948153496,-0.037495214492082596,-0.03602645546197891,6.190838813781738,29.282024383544922,-87.7757797241211
6.641343593597412,0,38.844398498535156,0.654132604598999,1.5,15.892267227172852,2.004000186920166,3052.0,-0.0,2.0,20.00800132751465,0.0174064002931118,0.4674917161464691,1.5185998678207397,9.957992553710938,-0.00337294302880764,-0.04282161593437195,-0.04414921998977661,7.959649562835693,29.282024383544922,-87.7757797241211
6.661484956741333,0,38.86264419555664,0.7027286887168884,1.5,15.530550003051758,2.008000135421753,2976.0,-0.0,2.0,20.012001037597656,0.018243007361888885,0.15084239840507507,2.245875597000122,9.210963249206543,0.01713370904326439,-0.046683259308338165,-0.03868965804576874,7.605887413024902,28.57215690612793,-89.48016357421875
6.681831121444702,0,38.881919860839844,0.7494311928749084,1.5,15.11591911315918,2.0320000648498535,2968.0,-0.0,2.0,20.00400161743164,0.01927776075899601,0.6979453563690186,2.3572115898132324,8.100595474243164,0.008478304371237755,-0.015390641987323761,-0.03895597532391548,5.660195350646973,28.749622344970703,-89.30972290039062
6.701993703842163,0,38.90121841430664,0.7871979475021362,1.5,14.672303199768066,2.01200008392334,2980.0,0.680841863155365,2.0,20.00800132751465,0.019297024235129356,0.19872887432575226,2.081265926361084,8.416646003723145,-0.01003094669431448,0.015103016048669815,-0.03802385553717613,7.075243949890137,29.459489822387695,-88.9688491821289
6.722325563430786,0,38.920387268066406,0.8188425898551941,1.5,14.22630500793457,2.0160000324249268,2980.0,0.680841863155365,2.0,20.00800132751465,0.01916768029332161,0.37890172004699707,1.6502876281738281,10.440448760986328,0.00901094451546669,-0.021782327443361282,-0.0509403832256794,6.013957500457764,29.459489822387695,-89.30972290039062
6.742512464523315,0,38.940528869628906,0.851324737071991,1.5,13.770721435546875,2.01200008392334,2988.0,0.08716727793216705,2.0,20.00800132751465,0.02014188840985298,0.19094730913639069,1.9400007724761963,9.387544631958008,0.049757927656173706,0.0036512482911348343,-0.06652010977268219,7.075243949890137,27.32988929748535,-88.9688491821289
6.7627153396606445,0,38.96123504638672,0.8856655955314636,1.5,13.31653118133545,2.01200008392334,2972.0,0.08716727793216705,2.0,20.00800132751465,0.020706048235297203,0.8559707403182983,2.458371877670288,10.924101829528809,-0.02401275560259819,-0.028440330177545547,-0.14122292399406433,7.605887413024902,26.797489166259766,-88.79840850830078
6.782991409301758,0,38.983150482177734,0.9236660003662109,1.5,12.848434448242188,2.004000186920166,2976.0,0.08716727793216705,2.0,20.00400161743164,0.02191692776978016,1.80172860622406,1.102586030960083,8.791956901550293,-0.02294747531414032,-0.09715092927217484,-0.2522784173488617,7.252125263214111,27.507354736328125,-87.43490600585938
6.8031370639801025,0,39.006954193115234,0.9702898859977722,1.5,12.354180335998535,2.008000135421753,3000.0,-0.0,2.0,20.012001037597656,0.023802047595381737,0.013168780133128166,2.1375324726104736,8.25263500213623,0.08624379336833954,0.060377441346645355,-0.35214847326278687,7.429006576538086,27.68482208251953,-89.30972290039062
6.823490619659424,0,39.031864166259766,1.0211735963821411,1.5,11.83339786529541,2.008000135421753,2972.0,-0.0,2.0,20.00800132751465,0.024911103770136833,-0.5261526107788086,2.627770185470581,8.873363494873047,-0.0009760614484548569,0.005648650228977203,-0.3397645950317383,9.1978178024292,25.555221557617188,-87.26446533203125
6.843679189682007,0,39.05739974975586,1.0651999711990356,1.5,11.278238296508789,2.008000135421753,3000.0,-0.0,2.0,20.012001037597656,0.025535808876156807,-0.35974714159965515,2.6002354621887207,10.869630813598633,-0.08966067433357239,-0.03083721175789833,-0.33843299746513367,7.075243949890137,27.32988929748535,-88.62797546386719
6.864004850387573,0,39.08233642578125,1.099204659461975,1.5,10.729992866516113,2.008000135421753,2992.0,-0.0,2.0,20.00400161743164,0.024935871362686157,0.03711201623082161,2.933046579360962,9.654511451721191,-0.04744892939925194,-0.005137316882610321,-0.25587373971939087,6.367719650268555,27.68482208251953,-87.60533905029297
6.8841564655303955,0,39.108028411865234,1.132859230041504,1.5,10.1848783493042,2.004000186920166,2964.0,-0.0,2.0,20.00400161743164,0.025692671537399292,-0.17957428097724915,2.3931264877319336,7.702539443969727,-0.0334671214222908,0.15811693668365479,-0.17690980434417725,8.490293502807617,25.910154342651367,-87.26446533203125
6.904466152191162,0,39.134544372558594,1.1654884815216064,1.5,9.640027046203613,2.008000135421753,2988.0,-0.0,2.0,20.012001037597656,0.026515519246459007,-1.36057448387146,2.245277166366577,12.066194534301758,-0.0019081812351942062,0.1719655841588974,-0.10127489268779755,8.490293502807617,26.62002182006836,-87.94622039794922
6.92470121383667,0,39.16120910644531,1.197458028793335,1.5,9.112749099731445,2.004000186920166,2976.0,-0.0,2.0,20.00400161743164,0.02666412852704525,-0.5381242632865906,1.9585567712783813,9.619793891906738,0.06320709735155106,-0.05667026340961456,-0.04481501877307892,8.84405517578125,23.78055191040039,-88.28709411621094
6.944990396499634,0,39.189918518066406,1.238385796546936,1.5,8.573678016662598,2.008000135421753,2992.0,-0.0,2.0,20.00400161743164,0.02871161513030529,1.035544991493225,2.211158037185669,8.766217231750488,-0.0005765818059444427,-0.13430258631706238,-0.04614662006497383,7.782768726348877,26.62002182006836,-87.94622039794922
6.965182065963745,0,39.219791412353516,1.2863876819610596,1.5,8.023907661437988,2.008000135421753,2984.0,-0.0,2.0,20.012001037597656,0.029870208352804184,0.38069745898246765,1.359975814819336,9.17744255065918,-0.04065776616334915,-0.013925880193710327,-0.049608781933784485,9.020936012268066,26.087621688842773,-87.09402465820312
6.985321760177612,0,39.25078582763672,1.3332544565200806,1.5,7.445411205291748,2.008000135421753,2976.0,-0.0,2.0,20.00800132751465,0.030995776876807213,0.4501328468322754,2.292564868927002,10.623614311218262,0.061076536774635315,-0.01725488156080246,-0.06372375041246414,6.544600963592529,25.73268699645996,-85.38964080810547
7.005676507949829,0,39.28208923339844,1.3749064207077026,1.5,6.855754375457764,2.008000135421753,2980.0,-0.0,2.0,20.00400161743164,0.031304001808166504,1.0714598894119263,2.680445432662964,6.069610595703125,0.03178131952881813,-0.003672555088996887,-0.06132686883211136,7.075243949890137,25.555221557617188,-86.24183654785156
7.0258331298828125,0,39.31308364868164,1.4057918787002563,1.5,6.271281719207764,2.0280001163482666,2976.0,-0.0,2.0,20.00400161743164,0.03099302388727665,0.4339711666107178,1.8789454698562622,9.756270408630371,-0.019085831940174103,0.07702244818210602,-0.05706574767827988,8.136530876159668,25.200286865234375,-85.21920776367188
7.046146392822266,0,39.344329833984375,1.432145357131958,1.5,5.706892967224121,2.008000135421753,2988.0,-0.0,2.0,20.012001037597656,0.031246207654476166,-0.49502643942832947,2.1542928218841553,8.164045333862305,0.0059482622891664505,0.043998755514621735,-0.10779973864555359,7.605887413024902,26.442554473876953,-84.7078857421875
7.066326379776001,0,39.37657165527344,1.4667155742645264,1.5,5.160965919494629,2.004000186920166,2972.0,-0.0,2.0,20.012001037597656,0.03224243223667145,0.5548844933509827,1.5994082689285278,10.069927215576172,0.030316557735204697,0.012706134468317032,-0.1235126256942749,7.605887413024902,27.862289428710938,-84.36701202392578
7.0866851806640625,0,39.40699005126953,1.4754384756088257,1.5,4.636075496673584,2.01200008392334,2968.0,-0.0,2.0,20.00800132751465,0.030417855829000473,0.7518176436424255,1.082234263420105,9.561731338500977,-0.04358728602528572,-0.05959978699684143,-0.1360296607017517,7.782768726348877,27.32988929748535,-85.21920776367188
7.106818914413452,0,39.434906005859375,1.4604843854904175,1.5,4.193164348602295,2.01200008392334,2992.0,-0.0,2.0,20.012001037597656,0.027916288003325462,0.16760265827178955,0.3489726781845093,12.141016960144043,-0.08966067433357239,0.06224168464541435,-0.1448182463645935,8.490293502807617,26.97495460510254,-86.24183654785156
7.127151012420654,0,39.46269607543945,1.4481077194213867,1.5,3.8383970260620117,2.004000186920166,2976.0,-0.0,2.0,20.016000747680664,0.027792448177933693,0.532138466835022,-0.5626660585403442,9.954401016235352,-0.08619850873947144,0.0569152794778347,-0.1753118932247162,7.959649562835693,27.152421951293945,-84.36701202392578
7.147322654724121,0,39.49106979370117,1.4404617547988892,1.5,3.5454115867614746,2.008000135421753,2992.0,-0.0,2.0,20.016000747680664,0.028373120352625847,0.052076540887355804,0.11672328412532806,7.508599281311035,0.013538386672735214,0.09420010447502136,-0.18436679244041443,7.782768726348877,28.039756774902344,-86.58271026611328
7.167734861373901,0,39.51890182495117,1.4335569143295288,1.5,3.3082618713378906,2.008000135421753,2984.0,-0.0,2.0,20.012001037597656,0.027830975130200386,-0.6871709227561951,0.20950332283973694,8.73808479309082,0.02139483392238617,0.04306663200259209,-0.18782895803451538,9.374698638916016,29.282024383544922,-86.07139587402344
7.188165187835693,0,39.547882080078125,1.4279847145080566,1.5,3.1075031757354736,2.008000135421753,3048.0,-0.0,2.0,20.220001220703125,0.028978560119867325,0.6297071576118469,-0.3944648206233978,8.235276222229004,0.003018740564584732,-0.11779074370861053,-0.15693581104278564,8.136530876159668,29.814424514770508,-85.90095520019531
7.2083704471588135,0,39.576263427734375,1.431788682937622,1.5,2.9438486099243164,2.008000135421753,2992.0,-0.0,2.0,20.012001037597656,0.028384128585457802,1.1558597087860107,-0.8882941007614136,11.43947982788086,0.0490921288728714,-0.057069748640060425,-0.13123591244220734,8.136530876159668,30.87922477722168,-87.26446533203125
7.228755474090576,0,39.606693267822266,1.4476488828659058,1.5,2.7760841846466064,2.0280001163482666,2996.0,-0.0,2.0,20.012001037597656,0.030428864061832428,0.6518546342849731,-0.5267512202262878,6.658015727996826,0.04003724455833435,-0.05121070146560669,-0.1346980631351471,7.959649562835693,28.57215690612793,-87.7757797241211
7.2488579750061035,0,39.6378173828125,1.4641852378845215,1.5,2.593867540359497,2.01200008392334,3032.0,0.2370268851518631,2.0,20.00800132751465,0.031122367829084396,0.6554461121559143,-0.20651042461395264,10.737943649291992,-0.04252200573682785,0.017899377271533012,-0.12963798642158508,6.721481800079346,28.749622344970703,-86.92359161376953
7.26913595199585,0,39.667640686035156,1.4717779159545898,1.5,2.416045665740967,2.004000186920166,2992.0,0.2370268851518631,2.0,20.012001037597656,0.02982342429459095,0.4441470503807068,-0.20291893184185028,10.09985637664795,-0.023480113595724106,0.06011112406849861,-0.1597321629524231,6.544600963592529,29.99188995361328,-87.7757797241211
7.289688587188721,0,39.69804763793945,1.4710159301757812,1.5,2.2489631175994873,2.004000186920166,3160.0,0.680841863155365,2.0,20.312000274658203,0.03040960058569908,0.7248815298080444,-0.592595100402832,6.073800563812256,0.057880692183971405,0.034544385969638824,-0.16519173979759216,7.429006576538086,28.394689559936523,-88.62797546386719
7.309859991073608,0,39.72624969482422,1.4650670289993286,1.5,2.119410514831543,2.0160000324249268,2980.0,0.680841863155365,2.0,20.00400161743164,0.028202496469020844,1.4216296672821045,-0.356155663728714,13.22744083404541,-0.012294667772948742,-0.07717692106962204,-0.22458112239837646,7.075243949890137,30.169357299804688,-87.60533905029297
7.329984188079834,0,39.7546272277832,1.4564456939697266,1.5,2.019460916519165,2.0320000648498535,2972.0,0.680841863155365,2.0,20.00400161743164,0.02837587147951126,2.4422101974487305,-1.4449743032455444,8.513017654418945,-0.0853995531797409,-0.12431558966636658,-0.3798457682132721,5.129551887512207,28.217222213745117,-89.48016357421875
7.3503522872924805,0,39.78305435180664,1.447696328163147,1.5,1.9492204189300537,2.01200008392334,2988.0,0.680841863155365,2.0,20.012001037597656,0.028428159654140472,2.423055648803711,-1.607788324356079,11.3820161819458,-0.018020551651716232,-0.04601746052503586,-0.5024862289428711,6.013957500457764,29.459489822387695,-89.65060424804688
7.370733976364136,0,39.810611724853516,1.437647819519043,1.5,1.9077026844024658,2.004000186920166,2972.0,0.680841863155365,2.0,20.012001037597656,0.02755577675998211,2.418865442276001,-1.1594512462615967,6.758577346801758,-0.04744892939925194,-0.16106776893138885,-0.6550876498222351,5.837076663970947,28.217222213745117,-89.48016357421875
7.390833139419556,0,39.838626861572266,1.4247149229049683,1.5,1.8942004442214966,2.0160000324249268,3068.0,0.6232035160064697,2.0,20.07200050354004,0.028015360236167908,2.7744226455688477,-1.1121633052825928,8.239466667175293,-0.058501213788986206,-0.06053190678358078,-0.8124828934669495,7.429006576538086,28.749622344970703,-89.30972290039062
7.4111247062683105,0,39.86490249633789,1.409630298614502,1.5,1.9111309051513672,2.0160000324249268,2972.0,0.6232035160064697,2.0,20.00800132751465,0.02627609670162201,2.378760576248169,-1.3653631210327148,10.251895904541016,-0.0666239857673645,-0.11166538298130035,-0.9602905511856079,6.190838813781738,28.57215690612793,-89.13928985595703
7.4313037395477295,0,39.891510009765625,1.3953953981399536,1.5,1.955960988998413,2.004000186920166,2980.0,0.6232035160064697,2.0,20.020000457763672,0.02660633623600006,3.1569159030914307,-1.993873119354248,10.536221504211426,-0.07181721925735474,-0.21286703646183014,-1.1464483737945557,5.837076663970947,27.862289428710938,-89.48016357421875
7.451727390289307,0,39.9187126159668,1.3869925737380981,1.5,2.0184433460235596,2.008000135421753,2992.0,-0.0,2.0,20.012001037597656,0.027203520759940147,3.264660358428955,-2.2237281799316406,9.062515258789062,0.02552279457449913,-0.13217203319072723,-1.2761462926864624,6.013957500457764,27.68482208251953,-89.65060424804688
7.471785068511963,0,39.94588088989258,1.383339285850525,1.5,2.0823307037353516,2.0320000648498535,2976.0,-0.0,2.0,20.00400161743164,0.027170496061444283,3.231139898300171,-2.2698187828063965,8.180207252502441,0.055750131607055664,-0.15907037258148193,-1.3806769847869873,6.367719650268555,25.555221557617188,-89.65060424804688
7.492149353027344,0,39.973106384277344,1.3773380517959595,1.5,2.14764404296875,2.008000135421753,2992.0,-0.0,2.0,20.00400161743164,0.027225535362958908,3.2000136375427246,-1.655076265335083,6.846568584442139,-0.0025739818811416626,-0.1438901126384735,-1.5098422765731812,6.013957500457764,24.490419387817383,-89.30972290039062
7.512291193008423,0,39.99925994873047,1.3671724796295166,1.5,2.2203073501586914,2.004000186920166,2972.0,-0.0,2.0,20.00400161743164,0.02615225687623024,1.530571460723877,-0.8864983320236206,5.778700351715088,-0.0053703440353274345,0.059445321559906006,-1.5551166534423828,7.605887413024902,26.442554473876953,-89.821044921875
7.5326385498046875,0,40.02503967285156,1.3524247407913208,1.5,2.3104612827301025,2.0199999809265137,2976.0,-0.0,2.0,20.020000457763672,0.025780735537409782,0.11672328412532806,0.7655850052833557,10.998924255371094,0.007812503725290298,0.11377463489770889,-1.423554539680481,8.136530876159668,25.910154342651367,-91.01410675048828
7.552794694900513,0,40.050437927246094,1.335768222808838,1.5,2.421553611755371,2.008000135421753,2976.0,-0.0,2.0,20.012001037597656,0.02539820782840252,0.08679423481225967,0.8739281296730042,7.138676166534424,-0.037861403077840805,0.03321278840303421,-1.2034409046173096,8.667174339294434,25.37775421142578,-90.16191864013672
7.573166131973267,0,40.075016021728516,1.318318247795105,1.5,2.5509910583496094,2.01200008392334,2976.0,-0.0,2.0,20.012001037597656,0.024575360119342804,-0.7793523669242859,1.1313179731369019,7.803101062774658,-0.09778343886137009,0.18927639722824097,-0.9819956421852112,8.490293502807617,25.910154342651367,-88.62797546386719
7.59333348274231,0,40.099525451660156,1.2994285821914673,1.5,2.702932119369507,2.004000186920166,2988.0,-0.0,2.0,20.00400161743164,0.024509312584996223,-1.4114538431167603,0.8966742157936096,10.611043930053711,-0.056503813713788986,0.24906527996063232,-0.7476339340209961,7.605887413024902,23.603086471557617,-88.79840850830078
7.613447904586792,0,40.123435974121094,1.282848834991455,1.5,2.868173122406006,2.008000135421753,2972.0,-0.0,2.0,20.012001037597656,0.023912128061056137,-1.9639439582824707,1.1145577430725098,7.979682445526123,0.0472278892993927,0.1669055074453354,-0.45201852917671204,9.1978178024292,25.555221557617188,-89.30972290039062
7.633824825286865,0,40.14788818359375,1.271634817123413,1.5,3.041334390640259,2.0199999809265137,2972.0,-0.0,2.0,20.02800178527832,0.024451520293951035,-1.8478193283081055,0.370521605014801,10.780442237854004,0.01806582883000374,0.16091330349445343,-0.2316386103630066,9.551579475402832,23.0706844329834,-89.65060424804688
7.653951406478882,0,40.17290496826172,1.2660303115844727,1.5,3.208927631378174,2.008000135421753,2992.0,-0.0,2.0,20.00400161743164,0.02501843124628067,-0.6105525493621826,-0.07961126416921616,7.397263050079346,-0.03426608070731163,-0.00047671422362327576,0.007383732125163078,10.612866401672363,22.36081886291504,-90.67323303222656
7.674363136291504,0,40.19759750366211,1.2622201442718506,1.5,3.361509084701538,2.004000186920166,2968.0,-0.0,2.0,20.012001037597656,0.024690944701433182,-0.10295592248439789,-0.11253321170806885,9.753277778625488,-0.044253088533878326,0.02788638323545456,0.047198597341775894,10.082222938537598,24.312952041625977,-89.48016357421875
7.694464206695557,0,40.222660064697266,1.2588177919387817,1.5,3.504326820373535,2.004000186920166,2984.0,-0.0,2.0,20.00800132751465,0.02506246417760849,0.2292564958333969,-0.7811481356620789,10.839701652526855,0.03311292082071304,-0.011528998613357544,0.008981652557849884,10.966628074645996,25.200286865234375,-89.30972290039062
7.7148027420043945,0,40.2474365234375,1.2565535306930542,1.5,3.6332192420959473,2.01200008392334,2964.0,-0.0,2.0,20.00800132751465,0.02477625571191311,0.10954030603170395,-0.4914349317550659,6.490413188934326,0.050690047442913055,-0.026176609098911285,-0.026705248281359673,11.497271537780762,21.47348403930664,-89.13928985595703
7.734947443008423,0,40.27250671386719,1.2561143636703491,1.5,3.748997211456299,2.008000135421753,2968.0,-0.0,2.0,20.00400161743164,0.02507071942090988,0.10654740780591965,-0.2220735251903534,9.35522174835205,0.035376641899347305,-0.0016751531511545181,-0.05946262925863266,9.551579475402832,23.0706844329834,-88.62797546386719
7.75527548789978,0,40.29785919189453,1.258159875869751,1.5,3.8487050533294678,2.01200008392334,2976.0,-0.0,2.0,20.012001037597656,0.025351423770189285,0.5171739459037781,-0.15084239840507507,10.069328308105469,0.08464586734771729,-0.05161018669605255,-0.06625379621982574,9.728460311889648,22.183351516723633,-88.11666107177734
7.775479316711426,0,40.32364273071289,1.2637279033660889,1.5,3.928377389907837,2.004000186920166,2968.0,-0.0,2.0,20.016000747680664,0.02578623965382576,0.6530517935752869,0.009577294811606407,8.066476821899414,0.053885892033576965,-0.026043448597192764,-0.07371075451374054,11.320390701293945,23.78055191040039,-88.62797546386719
7.795798301696777,0,40.3499870300293,1.2713565826416016,1.5,3.9851624965667725,2.008000135421753,2984.0,-0.0,2.0,20.012001037597656,0.02634214423596859,0.5566802620887756,-0.27474865317344666,8.152671813964844,0.002619260922074318,0.000988047569990158,-0.0785045176744461,13.266082763671875,22.538284301757812,-88.45753479003906
7.815927028656006,0,40.375755310058594,1.2759792804718018,1.5,4.020704746246338,2.0160000324249268,2968.0,-0.0,2.0,20.016000747680664,0.025769727304577827,0.11073747277259827,-0.08260416984558105,10.119608879089355,0.020595870912075043,-0.04708274453878403,-0.07637395709753036,11.320390701293945,22.005884170532227,-86.92359161376953
7.836305141448975,0,40.400291442871094,1.2632508277893066,1.5,4.061180591583252,2.008000135421753,2968.0,-0.0,2.0,20.00800132751465,0.02453683130443096,0.6129468679428101,0.5040051341056824,7.206315994262695,0.049757927656173706,-0.03389989212155342,-0.0659874677658081,10.966628074645996,22.005884170532227,-87.26446533203125
7.856448173522949,0,40.422393798828125,1.2378439903259277,1.5,4.137909889221191,2.01200008392334,2968.0,-0.0,2.0,20.00400161743164,0.02210131287574768,0.5093923807144165,0.5674546957015991,8.037744522094727,0.019796911627054214,0.09593118727207184,-0.03975493460893631,10.966628074645996,20.941083908081055,-87.26446533203125
7.876798152923584,0,40.444786071777344,1.21654212474823,1.5,4.25445032119751,2.0160000324249268,2968.0,-0.0,2.0,20.00800132751465,0.022390272468328476,0.2939032316207886,-0.18675725162029266,11.213216781616211,-0.00696826446801424,0.0487925186753273,-0.042551297694444656,12.027915000915527,22.36081886291504,-89.30972290039062
7.896910905838013,0,40.468116760253906,1.2059799432754517,1.5,4.3881144523620605,2.008000135421753,2980.0,-0.0,2.0,20.012001037597656,0.023331455886363983,0.6781921982765198,-0.4393584132194519,9.784403800964355,0.060144416987895966,-0.033234093338251114,-0.05253830552101135,11.497271537780762,21.47348403930664,-89.13928985595703
7.917265176773071,0,40.49208450317383,1.2061448097229004,1.5,4.511605262756348,2.008000135421753,2980.0,-0.0,2.0,20.00800132751465,0.023967167362570763,0.36752867698669434,0.26157987117767334,9.605427742004395,0.016867388039827347,0.05651580169796944,-0.06225898861885071,13.79672622680664,21.296016693115234,-87.60533905029297
7.937446355819702,0,40.51631546020508,1.2056026458740234,1.5,4.618875980377197,2.008000135421753,3004.0,-0.0,2.0,20.00800132751465,0.024234112352132797,0.48963919281959534,0.10235733538866043,9.842466354370117,-0.03306763991713524,-0.07398107647895813,-0.049475621432065964,14.327369689941406,22.538284301757812,-87.43490600585938
7.95758843421936,0,40.53894805908203,1.1933860778808594,1.5,4.726010799407959,2.004000186920166,2976.0,-0.0,2.0,20.00400161743164,0.022632448002696037,1.1588526964187622,0.07721693813800812,7.855775833129883,-4.3939799070358276e-05,-0.03789469599723816,-0.039089135825634,11.497271537780762,20.40868377685547,-86.41226959228516
7.978010892868042,0,40.56174850463867,1.1839300394058228,1.5,4.845278263092041,2.008000135421753,2972.0,-0.0,2.0,20.00800132751465,0.022797567769885063,0.560870349407196,0.07542119920253754,9.184026718139648,-0.018286870792508125,0.0309490654617548,-0.03962177783250809,12.381677627563477,21.650951385498047,-85.5600814819336
7.998122453689575,0,40.585723876953125,1.1854948997497559,1.5,4.956336498260498,2.004000186920166,2972.0,-0.0,2.0,20.00800132751465,0.023975424468517303,-0.09397720545530319,-0.08559707552194595,8.077251434326172,0.005282461643218994,0.006181290373206139,-0.05360358580946922,13.266082763671875,22.183351516723633,-87.43490600585938
8.018454790115356,0,40.61001205444336,1.1917067766189575,1.5,5.043285846710205,2.008000135421753,2972.0,-0.0,2.0,20.012001037597656,0.024289151653647423,-0.0820055902004242,0.16879981756210327,6.7699503898620605,0.01420418918132782,0.010176093317568302,-0.058796826750040054,13.79672622680664,22.36081886291504,-86.24183654785156
8.038805961608887,0,40.63539123535156,1.20029878616333,1.5,5.106264591217041,2.01200008392334,3088.0,-0.0,2.0,20.088001251220703,0.025378944352269173,-0.14126509428024292,0.3393953740596771,7.218287467956543,0.007146703079342842,0.018298856914043427,-0.07837136089801788,13.442963600158691,22.71575164794922,-86.24183654785156
8.05899715423584,0,40.659542083740234,1.205991506576538,1.5,5.14521598815918,2.008000135421753,2968.0,-0.0,2.0,20.00400161743164,0.024151552468538284,-0.6033695936203003,1.1181491613388062,10.09985637664795,0.03857248276472092,0.008045531809329987,-0.10340545326471329,13.089201927185059,19.87628173828125,-85.21920776367188
8.079315185546875,0,40.68380355834961,1.2070778608322144,1.5,5.174781322479248,2.0160000324249268,2968.0,-0.0,2.0,20.012001037597656,0.024261631071567535,-0.3100649118423462,1.7400747537612915,9.815529823303223,0.01313890889286995,-0.04841434210538864,-0.1128598228096962,12.912321090698242,21.82841682434082,-85.73052215576172
8.099501848220825,0,40.708290100097656,1.2081270217895508,1.5,5.200551509857178,2.01200008392334,2996.0,-0.0,2.0,20.012001037597656,0.02448454312980175,-0.02992904558777809,1.9675354957580566,9.7275390625,-0.04278832674026489,0.012306653894484043,-0.11139506101608276,13.79672622680664,20.586149215698242,-85.21920776367188
8.119821548461914,0,40.73270797729492,1.2125818729400635,1.5,5.217789649963379,2.008000135421753,2968.0,-0.0,2.0,20.00400161743164,0.024421248584985733,0.2873188555240631,1.4383900165557861,11.87524700164795,-0.07195038348436356,0.032546985894441605,-0.1066012978553772,13.973607063293457,20.76361656188965,-85.38964080810547
8.140160083770752,0,40.75891876220703,1.2228485345840454,1.5,5.218053817749023,2.004000186920166,3132.0,-0.0,2.0,20.220001220703125,0.02621004730463028,0.360345721244812,0.8535764217376709,10.124398231506348,-0.05304165184497833,0.02881850302219391,-0.11552301794290543,13.619845390319824,21.11855125427246,-83.68525695800781
8.160361051559448,0,40.78438949584961,1.2368793487548828,1.5,5.194369316101074,2.008000135421753,2964.0,-0.0,2.0,20.012001037597656,0.025469759479165077,0.42379528284072876,0.5022094249725342,7.075226306915283,-0.009098825976252556,0.09726278483867645,-0.0959484875202179,12.027915000915527,22.005884170532227,-82.4921875
8.180721521377563,0,40.8106575012207,1.2502938508987427,1.5,5.145360946655273,2.0199999809265137,2964.0,-0.0,2.0,20.020000457763672,0.02626783959567547,0.3393953740596771,0.7685779333114624,8.63752269744873,-0.04252200573682785,0.01976361870765686,-0.1147240623831749,13.089201927185059,22.36081886291504,-82.4921875
8.20084261894226,0,40.8364372253418,1.2554986476898193,1.5,5.0855631828308105,2.01200008392334,2960.0,-0.0,2.0,20.00400161743164,0.025780735537409782,0.35675424337387085,1.07744562625885,10.072320938110352,-0.00856618583202362,-0.020184405148029327,-0.12364578992128372,12.73543930053711,21.650951385498047,-83.17394256591797
8.221166372299194,0,40.861209869384766,1.253642201423645,1.5,5.033254146575928,2.0320000648498535,2952.0,-0.0,2.0,20.012001037597656,0.02477075159549713,-0.03651343658566475,0.9990315437316895,7.65345573425293,-0.02907283790409565,0.03387858718633652,-0.1253768652677536,13.973607063293457,22.538284301757812,-83.00350189208984
8.241359949111938,0,40.88644027709961,1.25090491771698,1.5,4.993253707885742,2.004000186920166,3040.0,-0.0,2.0,20.00800132751465,0.02523033693432808,0.023943237960338593,0.35555708408355713,7.539126873016357,-0.05663697421550751,-0.04521849751472473,-0.10899817943572998,12.73543930053711,22.005884170532227,-83.85569763183594
8.261555194854736,0,40.91142272949219,1.2549645900726318,1.5,4.959262847900391,2.008000135421753,2952.0,-0.0,2.0,20.00800132751465,0.02498265542089939,0.0640481561422348,0.005387228447943926,7.630709648132324,-0.06116441637277603,-0.06545883417129517,-0.10633497685194016,13.79672622680664,22.36081886291504,-84.87832641601562
8.281898260116577,0,40.938079833984375,1.2688090801239014,1.5,4.910479545593262,2.01200008392334,2956.0,-0.0,2.0,20.00400161743164,0.026658624410629272,0.3004876375198364,-0.13168780505657196,10.983960151672363,-0.014824708923697472,0.02069573849439621,-0.10194069147109985,14.327369689941406,22.893218994140625,-85.38964080810547
8.30204176902771,0,40.96577835083008,1.2882080078125,1.5,4.83312463760376,2.008000135421753,2976.0,-0.0,2.0,20.012001037597656,0.02769612893462181,0.4441470503807068,0.2531997263431549,9.69162368774414,0.0509563684463501,0.014836695976555347,-0.08582832664251328,14.327369689941406,22.893218994140625,-83.3443832397461
8.322405815124512,0,40.99280548095703,1.3005586862564087,1.5,4.734796047210693,2.008000135421753,2968.0,-0.0,2.0,20.00400161743164,0.027027392759919167,0.07841410487890244,0.6219255924224854,7.96830940246582,0.039238281548023224,0.01856517791748047,-0.0815671980381012,12.381677627563477,23.0706844329834,-82.4921875
8.342567682266235,0,41.01847839355469,1.295819640159607,1.5,4.642061710357666,2.01200008392334,2972.0,-0.0,2.0,20.00400161743164,0.02567615918815136,0.18256717920303345,0.880512535572052,10.390766143798828,0.04602944850921631,0.051056236028671265,-0.08329828083515167,13.619845390319824,23.958019256591797,-82.3217544555664
8.3628990650177,0,41.04267501831055,1.2819030284881592,1.5,4.586334228515625,2.01200008392334,2948.0,-0.0,2.0,20.016000747680664,0.024195583537220955,-0.05866093188524246,0.38369038701057434,7.619935035705566,0.033246077597141266,-0.03589729592204094,-0.08063507825136185,12.381677627563477,23.42561912536621,-83.17394256591797
8.38309621810913,0,41.06779479980469,1.2773737907409668,1.5,4.556829929351807,2.008000135421753,2964.0,-0.0,2.0,20.036001205444336,0.025117503479123116,-0.27175575494766235,0.08679423481225967,7.642681121826172,-0.037728242576122284,-0.0026072748005390167,-0.06918331235647202,12.558558464050293,24.312952041625977,-83.68525695800781
8.403401136398315,0,41.09421157836914,1.282886028289795,1.5,4.528615951538086,2.0199999809265137,2964.0,-0.0,2.0,20.00800132751465,0.026419200003147125,0.8188586831092834,-0.12749773263931274,11.634617805480957,-0.06875453889369965,0.054252080619335175,-0.06252530962228775,12.73543930053711,24.135486602783203,-82.83306884765625
8.423576354980469,0,41.12095260620117,1.2942978143692017,1.5,4.4861273765563965,2.0280001163482666,2960.0,-0.0,2.0,20.016000747680664,0.026738431304693222,0.02992904558777809,0.17239131033420563,9.166667938232422,-0.04318780452013016,0.0882079005241394,-0.0641232281923294,12.73543930053711,24.490419387817383,-83.17394256591797
8.4437735080719,0,41.14822769165039,1.3048874139785767,1.5,4.42620325088501,2.004000186920166,2968.0,-0.0,2.0,20.016000747680664,0.027275072410702705,-0.4585129916667938,0.16939839720726013,8.017991065979004,0.02552279457449913,0.07276132702827454,-0.05866366624832153,10.966628074645996,24.845354080200195,-83.51482391357422
8.464107513427734,0,41.17446517944336,1.3077548742294312,1.5,4.362118721008301,2.01200008392334,2952.0,-0.0,2.0,20.00800132751465,0.026237567886710167,0.9218146204948425,-0.002992904745042324,10.588297843933105,0.051622167229652405,0.0035180896520614624,-0.04801085963845253,12.73543930053711,25.200286865234375,-83.17394256591797
8.484318256378174,0,41.20014572143555,1.301404356956482,1.5,4.311360836029053,2.0320000648498535,2972.0,-0.0,2.0,20.00800132751465,0.025681663304567337,-0.2561926245689392,-0.052076540887355804,8.087427139282227,0.04216780513525009,0.03427806869149208,-0.06865067780017853,12.027915000915527,25.200286865234375,-85.5600814819336
8.504636287689209,0,41.22491455078125,1.2915823459625244,1.5,4.2857513427734375,2.01200008392334,2976.0,-0.0,2.0,20.00800132751465,0.024768000468611717,-0.892484188079834,0.6476645469665527,8.601009368896484,-0.019352152943611145,0.025489501655101776,-0.06132686883211136,12.204795837402344,25.02281951904297,-85.04876708984375
8.524811506271362,0,41.2498664855957,1.2835605144500732,1.5,4.282067775726318,2.0320000648498535,2964.0,-0.0,2.0,20.016000747680664,0.024955136701464653,0.5518916249275208,-0.4483371078968048,8.614177703857422,-0.0228143148124218,-0.06332827359437943,-0.06132686883211136,12.204795837402344,25.37775421142578,-83.68525695800781
8.54512882232666,0,41.27528762817383,1.279699683189392,1.5,4.291254997253418,2.01200008392334,2980.0,-0.0,2.0,20.00800132751465,0.02542022429406643,-0.0700339674949646,-0.35675424337387085,7.827642917633057,0.02352539449930191,0.03281330689787865,-0.07197967171669006,11.497271537780762,26.087621688842773,-85.73052215576172
8.565282106399536,0,41.300960540771484,1.2821426391601562,1.5,4.299887180328369,2.008000135421753,2956.0,-0.0,2.0,20.00400161743164,0.025673408061265945,-0.020351750776171684,0.03232337161898613,10.426681518554688,0.013272065669298172,0.004716530442237854,-0.08050192147493362,10.78974723815918,26.087621688842773,-85.73052215576172
8.585530042648315,0,41.327362060546875,1.2889269590377808,1.5,4.297749042510986,2.01200008392334,2952.0,-0.0,2.0,20.012001037597656,0.02639993652701378,0.13049064576625824,0.013168780133128166,10.790617942810059,-0.0020413417369127274,-0.030038252472877502,-0.09807904809713364,11.143509864807129,26.087621688842773,-85.73052215576172
8.605816841125488,0,41.35354232788086,1.2924458980560303,1.5,4.284972667694092,2.01200008392334,2952.0,-0.0,2.0,20.00400161743164,0.026179775595664978,-0.3663315176963806,0.1400679349899292,7.594196319580078,0.010875185951590538,0.033479105681180954,-0.10873185843229294,10.612866401672363,26.265087127685547,-85.90095520019531
8.626173734664917,0,41.37864303588867,1.2850843667984009,1.5,4.279343605041504,2.0160000324249268,2956.0,-0.0,2.0,20.012001037597656,0.025100991129875183,0.025738980621099472,0.281931608915329,9.570710182189941,0.04736104607582092,-0.04228898137807846,-0.10566917806863785,11.674153327941895,25.555221557617188,-85.5600814819336
8.646316528320312,0,41.40293502807617,1.2707972526550293,1.5,4.299408435821533,2.004000186920166,2988.0,-0.0,2.0,20.016000747680664,0.024291904643177986,0.6620305180549622,0.07182971388101578,8.231684684753418,0.05228797346353531,-0.06279563158750534,-0.1022070124745369,9.728460311889648,25.37775421142578,-86.7531509399414
8.666481256484985,0,41.427162170410156,1.2615469694137573,1.5,4.3408894538879395,2.01200008392334,2968.0,-0.0,2.0,20.012001037597656,0.02422860823571682,0.2322493940591812,-0.03591485694050789,8.538158416748047,-0.05064477026462555,0.011241373606026173,-0.09781273454427719,11.143509864807129,25.73268699645996,-87.09402465820312
8.686848640441895,0,41.45217514038086,1.2597222328186035,1.5,4.388063907623291,2.01200008392334,2956.0,-0.0,2.0,20.00400161743164,0.025012927129864693,0.7470290064811707,-0.5578774213790894,9.720355987548828,-0.045984167605638504,0.0309490654617548,-0.08875784277915955,8.84405517578125,25.910154342651367,-86.92359161376953
8.707420587539673,0,41.47774124145508,1.2629975080490112,1.5,4.42713737487793,2.008000135421753,2960.0,-0.0,2.0,20.012001037597656,0.025563327595591545,0.21728487312793732,0.42798537015914917,7.986266613006592,0.029783915728330612,0.04373243451118469,-0.08809204399585724,9.551579475402832,25.910154342651367,-85.5600814819336
8.727388381958008,0,41.50352096557617,1.267584204673767,1.5,4.452694892883301,2.01200008392334,2960.0,-0.0,2.0,20.012001037597656,0.025780735537409782,-0.21668629348278046,0.2561926245689392,8.048519134521484,0.005548782646656036,-0.010596878826618195,-0.07530868053436279,10.082222938537598,25.02281951904297,-87.7757797241211
8.747529745101929,0,41.52896499633789,1.2660858631134033,1.5,4.471940994262695,2.008000135421753,2984.0,-0.34656208753585815,2.0,20.012001037597656,0.025444991886615753,-0.14186367392539978,-0.0005985809257254004,11.471803665161133,-0.0021745022386312485,0.025489501655101776,-0.07038175314664841,10.259103775024414,26.62002182006836,-87.94622039794922
8.767725229263306,0,41.55305862426758,1.2568093538284302,1.5,4.501278877258301,2.0160000324249268,2952.0,-0.34656208753585815,2.0,20.00400161743164,0.024093760177493095,0.12929348647594452,0.5919965505599976,8.884138107299805,-0.001375541090965271,0.0016538482159376144,-0.05453570559620857,11.497271537780762,26.442554473876953,-87.09402465820312
8.78802227973938,0,41.5775032043457,1.2449136972427368,1.5,4.551418781280518,2.008000135421753,3032.0,-0.6981333494186401,2.0,20.088001251220703,0.024446016177535057,-0.31365641951560974,0.41780948638916016,9.141528129577637,-0.027874397113919258,-0.01725488156080246,-0.010592878796160221,11.674153327941895,25.910154342651367,-87.94622039794922
8.808632612228394,0,41.601078033447266,1.2375105619430542,1.5,4.612675189971924,2.004000186920166,2972.0,-0.6981333494186401,2.0,20.016000747680664,0.023573631420731544,-1.4521573781967163,0.8068870902061462,8.431012153625488,-0.08713063597679138,0.03414490818977356,0.027757223695516586,10.435985565185547,24.66788673400879,-87.7757797241211
8.828564167022705,0,41.6257209777832,1.2366793155670166,1.5,4.675121784210205,2.01200008392334,2968.0,-0.6981333494186401,2.0,20.020000457763672,0.024641407653689384,-1.9226419925689697,0.712311327457428,10.64935302734375,-0.018420031294226646,0.208318293094635,0.2117844521999359,9.728460311889648,23.603086471557617,-88.11666107177734
8.848933696746826,0,41.65132141113281,1.24237060546875,1.5,4.7244954109191895,2.008000135421753,2984.0,-0.6981333494186401,2.0,20.016000747680664,0.025601856410503387,-2.001055955886841,0.30886775255203247,9.952006340026855,0.03577611967921257,0.08874054253101349,0.41711729764938354,10.259103775024414,25.555221557617188,-87.60533905029297
8.869193077087402,0,41.67702102661133,1.2517486810684204,1.5,4.751307010650635,2.008000135421753,2976.0,-0.6981333494186401,2.0,20.00400161743164,0.025700928643345833,-1.9759156703948975,0.6332986354827881,6.836991310119629,0.015003148466348648,0.0003222469240427017,0.5172536969184875,9.905342102050781,25.200286865234375,-89.65060424804688
8.889533281326294,0,41.703269958496094,1.2549715042114258,1.5,4.762310028076172,2.004000186920166,3132.0,-0.0,2.0,20.248001098632812,0.02624582313001156,-1.9830986261367798,1.1001917123794556,11.177301406860352,0.056016452610492706,0.14466777443885803,0.6377635598182678,9.020936012268066,22.538284301757812,-89.48016357421875
8.909769773483276,0,41.727176666259766,1.2490439414978027,1.5,4.776315689086914,2.004000186920166,2964.0,-0.0,2.0,20.012001037597656,0.023909375071525574,-2.4416115283966064,0.7159028053283691,6.282705307006836,0.05188848823308945,0.07662297785282135,0.7573413252830505,9.374698638916016,25.37775421142578,-87.7757797241211
8.930047750473022,0,41.75120162963867,1.2402268648147583,1.5,4.806262969970703,2.008000135421753,2960.0,-0.0,2.0,20.00400161743164,0.024022208526730537,-1.380926251411438,0.2681642472743988,10.110032081604004,-0.006568784825503826,-0.0024741142988204956,0.8629372715950012,9.905342102050781,25.555221557617188,-88.62797546386719
8.950197696685791,0,41.77571487426758,1.2361236810684204,1.5,4.846189975738525,2.004000186920166,2964.0,-0.0,2.0,20.00400161743164,0.0245148167014122,0.4333725869655609,-0.6021724343299866,9.264835357666016,-0.05384061112999916,-0.07810904085636139,0.8502870202064514,8.84405517578125,25.200286865234375,-87.26446533203125
8.970595598220825,0,41.80073165893555,1.2404974699020386,1.5,4.879511833190918,2.004000186920166,2960.0,-0.0,2.0,20.012001037597656,0.025015680119395256,0.21848203241825104,-0.5135824084281921,7.952147483825684,-0.05197637155652046,-0.0481480211019516,0.707539439201355,10.435985565185547,25.02281951904297,-87.43490600585938
8.990751028060913,0,41.8271598815918,1.2497036457061768,1.5,4.894765853881836,2.01200008392334,3044.0,-0.0,2.0,20.020000457763672,0.02643020823597908,1.4916636943817139,-0.9954400658607483,10.130982398986816,0.015535790473222733,-0.04122369736433029,0.559998095035553,8.136530876159668,25.200286865234375,-86.92359161376953
9.011076927185059,0,41.85251998901367,1.257763147354126,1.5,4.890275478363037,2.004000186920166,2964.0,-0.0,2.0,20.012001037597656,0.025359680876135826,1.2827589511871338,-0.16041968762874603,8.316683769226074,0.008478304371237755,-0.12205186486244202,0.38023197650909424,9.1978178024292,24.490419387817383,-86.58271026611328
9.031221628189087,0,41.87773132324219,1.2579495906829834,1.5,4.879016399383545,2.008000135421753,2964.0,-0.0,2.0,20.00800132751465,0.025211071595549583,1.9609510898590088,-0.36992302536964417,9.571309089660645,0.024990152567625046,-0.17278586328029633,0.17489910125732422,9.020936012268066,25.02281951904297,-86.7531509399414
9.051827430725098,0,41.90236282348633,1.250849723815918,1.5,4.879190444946289,2.0160000324249268,2968.0,-0.0,2.0,20.016000747680664,0.02463039942085743,1.0056159496307373,0.3262265920639038,9.387544631958008,0.035376641899347305,0.019230978563427925,-0.036159612238407135,7.429006576538086,24.490419387817383,-87.60533905029297
9.071798324584961,0,41.92664337158203,1.2464102506637573,1.5,4.892672061920166,2.004000186920166,2956.0,-0.0,2.0,20.00400161743164,0.02428089641034603,0.5656589865684509,0.3034805357456207,9.319306373596191,0.015668947249650955,-0.045751139521598816,-0.11112874001264572,7.605887413024902,25.02281951904297,-85.73052215576172
9.091951608657837,0,41.95219802856445,1.2498316764831543,1.5,4.905691146850586,2.01200008392334,2976.0,-0.0,2.0,20.00800132751465,0.025555072352290154,0.4800618886947632,0.49263209104537964,7.971302032470703,-0.05463957414031029,-0.09422141313552856,-0.12297998368740082,8.136530876159668,24.845354080200195,-86.24183654785156
9.112281084060669,0,41.978233337402344,1.2615102529525757,1.5,4.9004435539245605,2.0160000324249268,2956.0,-0.0,2.0,20.00400161743164,0.026036672294139862,-0.20351751148700714,0.07362545281648636,8.571080207824707,-0.024279074743390083,0.010841893032193184,-0.1047370582818985,7.782768726348877,25.910154342651367,-87.26446533203125
9.132435321807861,0,42.0049934387207,1.2752331495285034,1.5,4.869644641876221,2.008000135421753,2956.0,-0.0,2.0,20.032001495361328,0.026757696643471718,0.0760197788476944,0.7536134123802185,12.15957260131836,0.07638994604349136,0.06024428457021713,-0.09994329512119293,8.136530876159668,25.200286865234375,-87.60533905029297
9.153394937515259,0,42.03156661987305,1.2824207544326782,1.5,4.822045803070068,2.004000186920166,2972.0,-0.0,2.0,20.00400161743164,0.026573311537504196,0.3154521584510803,0.8206544518470764,9.461170196533203,0.04309992492198944,-0.015656962990760803,-0.08462988585233688,8.136530876159668,24.845354080200195,-86.58271026611328
9.17294192314148,0,42.05669403076172,1.2789942026138306,1.5,4.7794904708862305,2.0360000133514404,2964.0,-0.0,2.0,20.00400161743164,0.02512851171195507,-0.13767361640930176,0.28372734785079956,7.499022006988525,-0.003106622025370598,-0.010996360331773758,-0.08542884141206741,7.075243949890137,23.78055191040039,-85.5600814819336
9.19330620765686,0,42.081581115722656,1.2714015245437622,1.5,4.756826877593994,2.004000186920166,2964.0,-0.0,2.0,20.00800132751465,0.02488633617758751,0.24781250953674316,0.6967481970787048,10.794808387756348,0.06946562230587006,-0.02764137089252472,-0.09514953196048737,9.020936012268066,23.958019256591797,-85.38964080810547
9.213494062423706,0,42.10701370239258,1.2729429006576538,1.5,4.743631839752197,2.0160000324249268,2964.0,-0.0,2.0,20.012001037597656,0.025433983653783798,0.8499849438667297,0.4351683259010315,8.128129959106445,0.029917076230049133,-0.062396153807640076,-0.1054028570652008,7.252125263214111,25.37775421142578,-86.41226959228516
9.233635425567627,0,42.13316345214844,1.2793800830841064,1.5,4.722289085388184,2.0160000324249268,2960.0,-0.0,2.0,20.00800132751465,0.026149503886699677,0.19573596119880676,0.1592225283384323,7.77855920791626,-0.07900786399841309,0.04040343314409256,-0.10580233484506607,7.782768726348877,24.490419387817383,-85.90095520019531
9.254022359848022,0,42.15934371948242,1.2823184728622437,1.5,4.694381237030029,2.004000186920166,2984.0,-0.0,2.0,20.00800132751465,0.026179775595664978,0.16879981756210327,0.06943538784980774,8.806323051452637,-0.018286870792508125,0.06210852414369583,-0.10380493104457855,9.374698638916016,25.73268699645996,-87.09402465820312
9.274186849594116,0,42.1849250793457,1.2840734720230103,1.5,4.667304992675781,2.004000186920166,2952.0,-0.0,2.0,20.00800132751465,0.02558259293437004,0.36573293805122375,0.13887077569961548,10.845088958740234,0.02246011421084404,0.04839303344488144,-0.11152821779251099,9.020936012268066,25.37775421142578,-86.7531509399414
9.294355392456055,0,42.21096420288086,1.2848261594772339,1.5,4.641026496887207,2.01200008392334,2988.0,-0.2312854677438736,2.0,20.00400161743164,0.026039423421025276,-0.2759458124637604,0.3693244457244873,9.14452075958252,-0.0371956005692482,-0.02164916694164276,-0.11019662022590637,7.959649562835693,25.02281951904297,-86.07139587402344
9.314708471298218,0,42.23616027832031,1.2820310592651367,1.5,4.620934009552002,2.008000135421753,2948.0,-0.2312854677438736,2.0,20.016000747680664,0.02519455924630165,0.5357299447059631,0.0700339674949646,9.211562156677246,-0.01895267143845558,0.025223182514309883,-0.1028728112578392,8.84405517578125,24.135486602783203,-84.87832641601562
9.334865093231201,0,42.261104583740234,1.2754738330841064,1.5,4.614352226257324,2.01200008392334,2948.0,-0.6981333494186401,2.0,20.00800132751465,0.024944128468632698,-0.08559707552194595,0.4615058898925781,9.27501106262207,0.01926426962018013,0.07262817025184631,-0.11272665858268738,7.959649562835693,25.73268699645996,-85.38964080810547
9.355204582214355,0,42.28596878051758,1.2697279453277588,1.5,4.622080326080322,2.01200008392334,2956.0,-0.6981333494186401,2.0,20.012001037597656,0.0248643197119236,-0.594390869140625,-0.17059555649757385,7.373918533325195,0.011807307600975037,0.007646051235496998,-0.07797187566757202,9.1978178024292,24.845354080200195,-85.5600814819336
9.375393867492676,0,42.311283111572266,1.2688724994659424,1.5,4.63604736328125,2.0280001163482666,2952.0,-0.6981333494186401,2.0,20.00800132751465,0.025315647944808006,-1.7520463466644287,0.8290345668792725,6.206685543060303,-0.05210953205823898,0.04786039516329765,0.029621466994285583,8.136530876159668,24.490419387817383,-85.21920776367188
9.39578366279602,0,42.33740997314453,1.2738128900527954,1.5,4.643617153167725,2.01200008392334,2960.0,-0.6981333494186401,2.0,20.016000747680664,0.026124736294150352,-1.680216670036316,0.21070048213005066,12.24098014831543,0.03870564326643944,0.12655800580978394,0.3462761342525482,8.667174339294434,23.958019256591797,-86.07139587402344
9.415889739990234,0,42.36351013183594,1.2811732292175293,1.5,4.637270927429199,2.008000135421753,2952.0,-0.6981333494186401,2.0,20.012001037597656,0.02609996870160103,-2.1512999534606934,0.21429197490215302,5.702680587768555,0.07678942382335663,0.03853918984532356,0.5192511081695557,9.374698638916016,23.248151779174805,-85.73052215576172
9.436063289642334,0,42.389739990234375,1.28184974193573,1.5,4.6232404708862305,2.008000135421753,2948.0,-0.6981333494186401,2.0,20.00800132751465,0.026229312643408775,-1.9376064538955688,0.8236473798751831,9.589864730834961,-4.3939799070358276e-05,0.05957848206162453,0.6468184590339661,9.728460311889648,24.312952041625977,-86.07139587402344
9.456392049789429,0,42.413597106933594,1.269828200340271,1.5,4.624964237213135,2.008000135421753,2952.0,-0.6981333494186401,2.0,20.012001037597656,0.02385708875954151,-2.3919293880462646,0.35555708408355713,7.691764831542969,0.04562996327877045,0.0981949046254158,0.7928950786590576,9.374698638916016,24.312952041625977,-85.73052215576172
9.47657561302185,0,42.437374114990234,1.2553539276123047,1.5,4.65646505355835,2.01200008392334,2952.0,-0.6981333494186401,2.0,20.00400161743164,0.023780031129717827,-1.9878872632980347,0.6009752750396729,9.077479362487793,0.003950862213969231,0.07249501347541809,0.9008878469467163,9.551579475402832,25.200286865234375,-84.5374526977539
9.496920108795166,0,42.46206283569336,1.2498701810836792,1.5,4.704573631286621,2.008000135421753,2968.0,-0.6981333494186401,2.0,20.012001037597656,0.02468819171190262,-2.709177255630493,0.27055856585502625,8.03295612335205,-0.07088510692119598,0.15119262039661407,1.022196650505066,9.020936012268066,23.603086471557617,-85.73052215576172
9.517080783843994,0,42.487640380859375,1.2569243907928467,1.5,4.743135452270508,2.008000135421753,2948.0,-0.6981333494186401,2.0,20.012001037597656,0.025577088817954063,-2.4517874717712402,-0.1981302797794342,12.099715232849121,-0.03932616487145424,0.15358950197696686,1.1610826253890991,11.320390701293945,24.845354080200195,-85.90095520019531
9.537423133850098,0,42.514564514160156,1.2715423107147217,1.5,4.753028869628906,2.008000135421753,2972.0,-0.6981333494186401,2.0,20.00400161743164,0.026922816410660744,-2.6122071743011475,-0.020950332283973694,7.157830715179443,0.006480902433395386,0.062374845147132874,1.2618848085403442,9.374698638916016,23.958019256591797,-85.38964080810547
9.557597398757935,0,42.54061508178711,1.278045415878296,1.5,4.739528179168701,2.01200008392334,2944.0,-0.6981333494186401,2.0,20.00400161743164,0.026053184643387794,-2.0208091735839844,0.6452702283859253,10.926496505737305,-0.00896566640585661,0.08048461377620697,1.329530119895935,9.551579475402832,25.200286865234375,-84.5374526977539
9.577800512313843,0,42.56489944458008,1.2662849426269531,1.5,4.736008644104004,2.01200008392334,2952.0,-0.6981333494186401,2.0,20.00800132751465,0.02428089641034603,-2.1387295722961426,0.48185765743255615,8.37474536895752,-0.030670758336782455,0.045996151864528656,1.3594911098480225,8.490293502807617,26.62002182006836,-85.5600814819336
9.598110914230347,0,42.58841323852539,1.248033046722412,1.5,4.767785549163818,2.008000135421753,2964.0,-0.6981333494186401,2.0,20.016000747680664,0.023515839129686356,-1.7514477968215942,-0.40883076190948486,9.889754295349121,-0.016023149713873863,0.030416425317525864,1.3280653953552246,8.84405517578125,25.910154342651367,-85.21920776367188
9.618438720703125,0,42.611968994140625,1.2371410131454468,1.5,4.824747085571289,2.01200008392334,2956.0,-0.6981333494186401,2.0,20.00400161743164,0.023554367944598198,-1.6502876281738281,0.5662575364112854,9.98133659362793,-0.13892990350723267,0.06796756386756897,1.3234047889709473,10.612866401672363,26.97495460510254,-86.58271026611328
9.638599634170532,0,42.63724899291992,1.2368758916854858,1.5,4.886288166046143,2.004000186920166,3064.0,-0.10448120534420013,2.0,20.040000915527344,0.025279872119426727,-2.631960391998291,0.11971618235111237,10.866039276123047,-0.10457460582256317,0.08714261651039124,1.3337912559509277,8.84405517578125,25.555221557617188,-84.5374526977539
9.658946752548218,0,42.66228103637695,1.2441043853759766,1.5,4.929302215576172,2.008000135421753,2956.0,-0.10448120534420013,2.0,20.00800132751465,0.025034943595528603,-2.457773208618164,-0.2813330292701721,10.233339309692383,-0.005237183533608913,-0.010330557823181152,1.3564285039901733,7.605887413024902,27.152421951293945,-87.43490600585938
9.679163217544556,0,42.68803024291992,1.2517868280410767,1.5,4.9522600173950195,2.004000186920166,2948.0,-0.10448120534420013,2.0,20.00800132751465,0.025747712701559067,-1.3911020755767822,0.052675120532512665,10.235733985900879,0.012473106384277344,-0.09408824890851974,1.358559012413025,8.667174339294434,26.797489166259766,-84.36701202392578
9.699317216873169,0,42.713523864746094,1.253662109375,1.5,4.963541507720947,2.004000186920166,2964.0,-0.0,2.0,20.00800132751465,0.0254945270717144,-0.11732186377048492,-0.21369339525699615,8.487278938293457,0.005415622144937515,-0.1344357579946518,1.2973053455352783,8.313411712646484,25.73268699645996,-85.38964080810547
9.71963381767273,0,42.73783493041992,1.2487633228302002,1.5,4.978381633758545,2.0160000324249268,2964.0,-0.0,2.0,20.00400161743164,0.024311168119311333,0.23943236470222473,-0.4513300061225891,9.558738708496094,-0.007634065113961697,-0.09115872532129288,1.1004947423934937,5.306433200836182,25.200286865234375,-84.5374526977539
9.740113735198975,0,42.76308822631836,1.2440978288650513,1.5,5.003649711608887,2.004000186920166,3124.0,-0.0,2.0,20.240001678466797,0.02525235153734684,0.302283376455307,0.15563103556632996,7.564267158508301,-0.07155090570449829,-0.07824219763278961,0.8918330073356628,6.367719650268555,27.32988929748535,-84.5374526977539
9.76034426689148,0,42.78771209716797,1.2465877532958984,1.5,5.026727199554443,2.004000186920166,2956.0,-0.0,2.0,20.00400161743164,0.024624895304441452,2.254854440689087,-1.057692527770996,10.918115615844727,-0.052375853061676025,-0.05640394985675812,0.6968866586685181,6.190838813781738,26.797489166259766,-86.07139587402344
9.780622720718384,0,42.813873291015625,1.2578829526901245,1.5,5.0331339836120605,2.008000135421753,2948.0,-0.0,2.0,20.020000457763672,0.02616051211953163,1.1205434799194336,-0.43576690554618835,8.054505348205566,0.04003724455833435,-0.04402005672454834,0.4924858808517456,6.190838813781738,27.152421951293945,-85.38964080810547
9.80078935623169,0,42.84101104736328,1.2733182907104492,1.5,5.0103840827941895,2.0160000324249268,2960.0,-0.0,2.0,20.016000747680664,0.027137471362948418,1.8304604291915894,-0.3621414601802826,9.723947525024414,0.03271343931555748,-0.10234417766332626,0.30153435468673706,4.068265438079834,26.442554473876953,-84.02613830566406
9.821106195449829,0,42.86725616455078,1.281844139099121,1.5,4.967678070068359,2.004000186920166,2956.0,-0.0,2.0,20.00800132751465,0.026243072003126144,1.5096211433410645,-0.09397720545530319,8.50822925567627,0.02632175385951996,-0.14149323105812073,0.122300885617733,4.5989089012146,27.68482208251953,-82.83306884765625
9.841249704360962,0,42.893287658691406,1.28079092502594,1.5,4.924594879150391,2.004000186920166,3020.0,-0.0,2.0,20.016000747680664,0.0260339193046093,0.7601977586746216,0.5058009028434753,7.918028354644775,-0.013093627989292145,-0.09448772668838501,-0.027237888425588608,6.013957500457764,27.68482208251953,-84.87832641601562
9.86148190498352,0,42.91796875,1.2767552137374878,1.5,4.895662307739258,2.004000186920166,2952.0,-0.0,2.0,20.012001037597656,0.024679936468601227,1.2749773263931274,0.13827219605445862,11.458634376525879,-0.011362547054886818,-0.06545883417129517,-0.09461688995361328,6.190838813781738,28.217222213745117,-84.02613830566406
9.881791591644287,0,42.94341278076172,1.2758339643478394,1.5,4.875654220581055,2.0160000324249268,2948.0,-0.0,2.0,20.012001037597656,0.025444991886615753,0.12689915299415588,0.5500958561897278,7.272758483886719,-0.027208596467971802,-0.046683259308338165,-0.12258050590753555,6.89836311340332,27.152421951293945,-84.7078857421875
9.90192723274231,0,42.96955871582031,1.2795233726501465,1.5,4.854757785797119,2.0160000324249268,2960.0,-0.0,2.0,20.00800132751465,0.0261439997702837,0.43157684803009033,0.27774155139923096,8.556116104125977,-0.027874397113919258,0.030549585819244385,-0.10526969283819199,4.5989089012146,26.62002182006836,-84.19657135009766
9.922257423400879,0,42.99589157104492,1.287851333618164,1.5,4.825469017028809,2.0160000324249268,2944.0,-0.0,2.0,20.012001037597656,0.02633388713002205,-0.11492753773927689,0.4674917161464691,11.758523941040039,0.04416520893573761,0.06610332429409027,-0.10979713499546051,5.483314037322998,27.507354736328125,-82.66262817382812
9.942461490631104,0,43.022918701171875,1.2975318431854248,1.5,4.7804789543151855,2.0160000324249268,2964.0,-0.0,2.0,20.00800132751465,0.027027392759919167,-0.6249184608459473,0.7985069751739502,9.254659652709961,0.043632566928863525,-0.032301973551511765,-0.09115472435951233,5.837076663970947,28.92708969116211,-83.68525695800781
9.962881326675415,0,43.049278259277344,1.3028287887573242,1.5,4.727148532867432,2.004000186920166,2948.0,-0.0,2.0,20.00400161743164,0.026361407712101936,-0.6123482584953308,0.7081212401390076,7.891690731048584,-0.023346954956650734,-0.09342245012521744,-0.05746522545814514,4.245146751403809,30.5242919921875,-83.17394256591797
9.983127355575562,0,43.07485580444336,1.2980420589447021,1.5,4.682060241699219,2.008000135421753,2956.0,-0.0,2.0,20.032001495361328,0.025577088817954063,0.6943538784980774,-0.12989206612110138,10.44882869720459,0.06027757376432419,-0.10860270261764526,-0.032297972589731216,4.422027587890625,28.92708969116211,-84.7078857421875
10.003271341323853,0,43.1000862121582,1.289124846458435,1.5,4.659695625305176,2.01200008392334,2972.0,-0.329270601272583,2.0,20.016000747680664,0.02523033693432808,0.5093923807144165,0.4603087306022644,7.302088737487793,0.04629576951265335,0.002852289006114006,-0.04175233840942383,5.660195350646973,29.104557037353516,-85.21920776367188
10.023410558700562,0,43.12538528442383,1.286850929260254,1.5,4.651585102081299,2.01200008392334,2948.0,-0.329270601272583,2.0,20.016000747680664,0.02529638446867466,0.21788345277309418,0.5704476237297058,8.165242195129395,-0.07767626643180847,0.06410592794418335,-0.05040774121880531,6.367719650268555,29.814424514770508,-82.15131378173828
10.043805599212646,0,43.15174865722656,1.2903035879135132,1.5,4.6427154541015625,2.01200008392334,2968.0,-0.6981333494186401,2.0,20.00800132751465,0.0263641607016325,-0.02933046594262123,-0.19992603361606598,11.03424072265625,-0.008699345402419567,0.08727578073740005,-0.05733206495642662,5.483314037322998,30.701757431030273,-82.3217544555664
10.063994884490967,0,43.17819595336914,1.298021674156189,1.5,4.623703956604004,2.008000135421753,2948.0,-0.6981333494186401,2.0,20.016000747680664,0.026446720585227013,-0.8763224482536316,0.30467769503593445,8.479496955871582,0.08398006856441498,0.07995197176933289,-0.03163217008113861,6.544600963592529,31.766559600830078,-84.02613830566406
10.084330081939697,0,43.20488739013672,1.3043744564056396,1.5,4.592362880706787,2.01200008392334,2956.0,-0.6981333494186401,2.0,20.00400161743164,0.026691647246479988,-2.542771816253662,1.5359586477279663,8.159256935119629,-0.012960468418896198,0.10591819137334824,0.06397676467895508,5.837076663970947,31.766559600830078,-84.36701202392578
10.1044762134552,0,43.23100662231445,1.302756667137146,1.5,4.560920238494873,2.01200008392334,2952.0,-0.6981333494186401,2.0,20.00400161743164,0.026119232177734375,-2.076477289199829,1.0313549041748047,12.496574401855469,-0.0019081812351942062,0.09606434404850006,0.2661137878894806,5.483314037322998,32.83135986328125,-85.38964080810547
10.124812602996826,0,43.25595474243164,1.2943083047866821,1.5,4.546088218688965,2.004000186920166,2948.0,-0.6981333494186401,2.0,20.00800132751465,0.024949632585048676,-3.351454496383667,1.4569460153579712,7.652857303619385,-0.007367745041847229,0.0868762955069542,0.43536022305488586,3.714503288269043,32.47642517089844,-84.02613830566406
10.144922018051147,0,43.28077697753906,1.2827337980270386,1.5,4.555257320404053,2.01200008392334,2964.0,-0.59440678358078,2.0,20.00400161743164,0.024823039770126343,-2.7468879222869873,1.2671958208084106,9.793981552124023,-0.052375853061676025,0.09300166368484497,0.606204628944397,6.544600963592529,31.411624908447266,-83.3443832397461
10.165255069732666,0,43.3051643371582,1.2733936309814453,1.5,4.584177494049072,2.008000135421753,2948.0,-0.59440678358078,2.0,20.00400161743164,0.024385472759604454,-3.177866220474243,1.291139006614685,7.552894115447998,-0.08020630478858948,0.15039364993572235,0.7506833076477051,5.306433200836182,33.36376190185547,-84.87832641601562
10.185436010360718,0,43.3300895690918,1.2683405876159668,1.5,4.62391996383667,2.004000186920166,2948.0,-0.0,2.0,20.012001037597656,0.024924863129854202,-2.715761661529541,-0.09278004616498947,12.383441925048828,-0.03213552013039589,0.16304387152194977,0.9063474535942078,5.483314037322998,35.315895080566406,-85.73052215576172
10.205758810043335,0,43.35552978515625,1.2689130306243896,1.5,4.662701606750488,2.008000135421753,2952.0,-0.0,2.0,20.012001037597656,0.025439487770199776,-3.0419883728027344,0.022147493436932564,7.806692600250244,0.05415221303701401,0.10405395179986954,1.0392411947250366,4.775789737701416,35.67082977294922,-84.7078857421875
10.22589635848999,0,43.381202697753906,1.2713462114334106,1.5,4.6927947998046875,2.0160000324249268,2948.0,-0.0,2.0,20.016000747680664,0.025673408061265945,-2.330275535583496,0.6057639122009277,10.908538818359375,0.030449718236923218,0.03734074905514717,1.1281920671463013,4.952671051025391,34.78349304199219,-85.90095520019531
10.246180772781372,0,43.40653991699219,1.2684881687164307,1.5,4.720373630523682,2.004000186920166,2964.0,-0.0,2.0,20.00400161743164,0.025337664410471916,-1.3917006254196167,0.046689312905073166,7.739052772521973,-0.03945932537317276,-0.10593949258327484,1.1284583806991577,5.306433200836182,34.07362747192383,-84.87832641601562
10.266422271728516,0,43.43124008178711,1.2646476030349731,1.5,4.75227689743042,2.004000186920166,2948.0,-0.0,2.0,20.00400161743164,0.024699199944734573,1.3767361640930176,-1.1145577430725098,8.767415046691895,-0.03746192157268524,-0.16026881337165833,0.9838466048240662,5.129551887512207,36.38069534301758,-84.36701202392578
10.286582708358765,0,43.45656967163086,1.2645283937454224,1.5,4.785172939300537,2.0160000324249268,2948.0,-0.0,2.0,20.00400161743164,0.02533216029405594,1.395890712738037,-1.3312439918518066,8.522595405578613,0.00022237934172153473,-0.02471184730529785,0.6946229338645935,4.422027587890625,35.315895080566406,-83.85569763183594
10.306926965713501,0,43.482173919677734,1.267661213874817,1.5,4.8104400634765625,2.004000186920166,2956.0,-0.0,2.0,20.00800132751465,0.0256046075373888,1.777785301208496,-0.2831287682056427,10.642169952392578,-0.008299865759909153,-0.1288430243730545,0.5043371319770813,4.068265438079834,36.025760650634766,-85.04876708984375
10.327257871627808,0,43.50790786743164,1.2708027362823486,1.5,4.8261590003967285,2.004000186920166,2952.0,-0.0,2.0,20.016000747680664,0.025731200352311134,1.5778592824935913,-0.5052022933959961,9.203780174255371,-0.017088431864976883,-0.10500738024711609,0.2743696868419647,3.8913843631744385,35.848297119140625,-84.5374526977539
10.347468614578247,0,43.53340530395508,1.269370198249817,1.5,4.838874816894531,2.008000135421753,2968.0,-0.023787574842572212,2.0,20.00400161743164,0.02550003118813038,1.7502505779266357,-0.28552308678627014,9.743102073669434,0.034178201109170914,-0.06146402657032013,0.07715961337089539,5.129551887512207,37.0905647277832,-86.07139587402344
10.36758041381836,0,43.55827713012695,1.2665501832962036,1.5,4.855764389038086,2.008000135421753,2952.0,-0.023787574842572212,2.0,20.00400161743164,0.024869823828339577,1.6018025875091553,0.09278004616498947,7.782749176025391,-0.015490509569644928,-0.07398107647895813,-0.06865067780017853,4.068265438079834,34.60602951049805,-86.7531509399414
10.388092756271362,0,43.58451843261719,1.2667039632797241,1.5,4.874332427978516,2.01200008392334,3016.0,-0.44454720616340637,2.0,20.272001266479492,0.02624032087624073,-0.7170999646186829,0.4154151678085327,8.139503479003906,-0.029871799051761627,-0.052941784262657166,-0.11246033757925034,5.129551887512207,35.315895080566406,-86.07139587402344
10.408496618270874,0,43.60957717895508,1.2690540552139282,1.5,4.887345314025879,2.008000135421753,2948.0,-0.44454720616340637,2.0,20.012001037597656,0.025059711188077927,-0.3082691729068756,0.8320274949073792,8.195171356201172,-0.05077793076634407,-0.028174009174108505,-0.0859614834189415,5.660195350646973,35.49336242675781,-84.87832641601562
10.428559064865112,0,43.63536834716797,1.2726045846939087,1.5,4.8931450843811035,2.008000135421753,2948.0,-0.44454720616340637,2.0,20.00800132751465,0.025791743770241737,-0.002394323702901602,0.7883310914039612,8.357386589050293,-0.08047263324260712,0.05811372026801109,-0.04082021862268448,4.068265438079834,35.67082977294922,-86.7531509399414
10.448914289474487,0,43.661006927490234,1.2726970911026,1.5,4.895255088806152,2.004000186920166,2968.0,-0.6981333494186401,2.0,20.012001037597656,0.02564038336277008,-1.8753540515899658,1.4294112920761108,11.250926971435547,-0.043986767530441284,0.07369345426559448,0.06903684884309769,3.8913843631744385,35.848297119140625,-84.87832641601562
10.469228982925415,0,43.68613815307617,1.271317720413208,1.5,4.899508476257324,2.004000186920166,2948.0,-0.6981333494186401,2.0,20.00800132751465,0.02512851171195507,-2.5727007389068604,1.1953661441802979,7.900669574737549,-0.01003094669431448,0.05039043724536896,0.25506147742271423,4.5989089012146,35.49336242675781,-83.85569763183594
10.489570617675781,0,43.71253967285156,1.2723084688186646,1.5,4.904480934143066,2.004000186920166,3120.0,-0.6981333494186401,2.0,20.236000061035156,0.026402687653899193,-2.422456979751587,1.5048325061798096,10.744527816772461,0.008877784013748169,0.1088477149605751,0.41472041606903076,4.068265438079834,35.315895080566406,-85.04876708984375
10.509796857833862,0,43.7378044128418,1.2757198810577393,1.5,4.904080390930176,2.004000186920166,2944.0,-0.6981333494186401,2.0,20.012001037597656,0.025266112759709358,-2.5655179023742676,0.8146686553955078,6.810055255889893,0.029251277446746826,0.051056236028671265,0.5927554368972778,4.068265438079834,36.38069534301758,-85.38964080810547
10.530094385147095,0,43.76376724243164,1.2795716524124146,1.5,4.896740913391113,2.008000135421753,2948.0,-0.6981333494186401,2.0,20.032001495361328,0.02596236765384674,-1.4114538431167603,0.5812220573425293,8.49027156829834,-0.014691549353301525,0.0129724545404315,0.7470879554748535,3.714503288269043,34.251094818115234,-83.68525695800781
10.550233840942383,0,43.789764404296875,1.2811881303787231,1.5,4.8857903480529785,2.008000135421753,2964.0,-0.6981333494186401,2.0,20.00800132751465,0.025995392352342606,-2.8624138832092285,1.0307563543319702,7.159028053283691,-0.018420031294226646,0.15092629194259644,0.8753211498260498,5.660195350646973,36.9130973815918,-84.87832641601562
10.570591688156128,0,43.8155403137207,1.2840545177459717,1.5,4.8730669021606445,2.01200008392334,2948.0,-0.6981333494186401,2.0,20.00800132751465,0.025775231420993805,-2.2213337421417236,0.4214009642601013,11.486169815063477,0.02046271041035652,0.14986102283000946,1.0186012983322144,4.068265438079834,36.38069534301758,-83.3443832397461
10.590987205505371,0,43.84256362915039,1.2907546758651733,1.5,4.8521294593811035,2.01200008392334,3040.0,-0.6981333494186401,2.0,20.02800178527832,0.027024639770388603,-2.3141138553619385,0.32562801241874695,6.90582799911499,0.018864791840314865,0.11297567188739777,1.143771767616272,5.483314037322998,37.44549560546875,-83.00350189208984
10.61110806465149,0,43.86830520629883,1.2950108051300049,1.5,4.823301792144775,2.008000135421753,2952.0,-0.6981333494186401,2.0,20.00800132751465,0.02574220858514309,-2.964172840118408,0.30946633219718933,9.616202354431152,-0.021216392517089844,0.11510623246431351,1.247237205505371,5.129551887512207,38.865230560302734,-84.7078857421875
10.631412744522095,0,43.8935661315918,1.28883957862854,1.5,4.800731658935547,2.004000186920166,2952.0,-0.6981333494186401,2.0,20.00800132751465,0.02526060864329338,-2.029788017272949,0.1951373815536499,10.174079895019531,-0.005237183533608913,0.09033846110105515,1.3230053186416626,5.306433200836182,41.5272331237793,-86.24183654785156
10.651562690734863,0,43.91824722290039,1.2769265174865723,1.5,4.802713871002197,2.0160000324249268,2964.0,-0.6981333494186401,2.0,20.00800132751465,0.024679936468601227,-1.8113058805465698,-0.3980563282966614,7.377510070800781,0.021527990698814392,0.010309252887964249,1.3588253259658813,4.068265438079834,38.865230560302734,-84.36701202392578
10.671908378601074,0,43.94324493408203,1.273964524269104,1.5,4.819650173187256,2.0280001163482666,2952.0,-0.6981333494186401,2.0,20.012001037597656,0.024999167770147324,-2.1417224407196045,0.476470410823822,7.521768093109131,-0.09045963734388351,0.05345311760902405,1.3325928449630737,5.483314037322998,39.57509994506836,-83.68525695800781
10.692061185836792,0,43.96969223022461,1.2805557250976562,1.5,4.829685688018799,2.004000186920166,2968.0,-0.6981333494186401,2.0,20.016000747680664,0.026446720585227013,-2.2734103202819824,-0.17478562891483307,10.964805603027344,-0.056237492710351944,0.07342712581157684,1.3701438903808594,6.367719650268555,39.7525634765625,-82.83306884765625
10.712244749069214,0,43.99614334106445,1.2898768186569214,1.5,4.8210296630859375,2.0160000324249268,2956.0,-0.6981333494186401,2.0,20.016000747680664,0.026449471712112427,-2.2303125858306885,-0.4603087306022644,12.187705993652344,0.03963776305317879,-0.015923283994197845,1.413021445274353,5.306433200836182,42.23710250854492,-83.85569763183594
10.732545375823975,0,44.02214431762695,1.2915955781936646,1.5,4.802403926849365,2.0199999809265137,2952.0,-0.6981333494186401,2.0,20.00400161743164,0.026003647595643997,-2.378161907196045,0.5931937098503113,8.727310180664062,0.05508433282375336,-0.02364656701683998,1.4316638708114624,5.660195350646973,43.65683364868164,-85.21920776367188
10.752805709838867,0,44.0469970703125,1.2814080715179443,1.5,4.798031806945801,2.01200008392334,2952.0,-0.6981333494186401,2.0,20.00400161743164,0.02485056035220623,-2.461963415145874,0.15742678940296173,6.95670747756958,0.04136884585022926,-0.003139914944767952,1.4214105606079102,5.837076663970947,41.34976577758789,-85.73052215576172
10.773122072219849,0,44.07137680053711,1.2713555097579956,1.5,4.817251682281494,2.0199999809265137,2952.0,-0.6981333494186401,2.0,20.016000747680664,0.024379968643188477,-1.6891953945159912,-0.47287893295288086,8.430414199829102,-0.0084330253303051,-0.022048644721508026,1.4078282117843628,6.544600963592529,40.63990020751953,-85.73052215576172
10.793247938156128,0,44.097023010253906,1.2715119123458862,1.5,4.843839168548584,2.0160000324249268,2964.0,-0.6981333494186401,2.0,20.00400161743164,0.02564864046871662,-2.343444347381592,-0.06165383383631706,9.544971466064453,-0.03732876479625702,0.09366746246814728,1.4074287414550781,6.721481800079346,44.01176834106445,-84.87832641601562
10.813524007797241,0,44.1234245300293,1.282241702079773,1.5,4.8539814949035645,2.004000186920166,2944.0,-0.6981333494186401,2.0,20.00400161743164,0.02639993652701378,-2.6175944805145264,0.02873188443481922,7.747432708740234,0.009144105017185211,0.02695426344871521,1.4288675785064697,7.252125263214111,44.89910125732422,-84.36701202392578
10.833697080612183,0,44.15009689331055,1.2911643981933594,1.5,4.841915130615234,2.01200008392334,2944.0,-0.6981333494186401,2.0,20.036001205444336,0.02667238377034664,-2.1363353729248047,0.3519655764102936,8.148482322692871,-0.011762027628719807,-0.016589082777500153,1.428201675415039,8.667174339294434,45.25403594970703,-86.07139587402344
10.854075193405151,0,44.1759033203125,1.2889554500579834,1.5,4.826150894165039,2.004000186920166,2964.0,-0.6981333494186401,2.0,20.016000747680664,0.025805503129959106,-1.6538790464401245,0.08978714048862457,10.39675235748291,-0.019085831940174103,-0.021249685436487198,1.4307317733764648,8.136530876159668,45.43150329589844,-87.26446533203125
10.87431263923645,0,44.20071792602539,1.2814884185791016,1.5,4.825777530670166,2.0199999809265137,2956.0,-0.6981333494186401,2.0,20.00800132751465,0.024817535653710365,-1.545535922050476,0.09218145906925201,10.446434020996094,-0.01575683057308197,0.02082889899611473,1.4199458360671997,7.605887413024902,44.89910125732422,-88.11666107177734
10.89454174041748,0,44.226318359375,1.2793959379196167,1.5,4.836296558380127,2.004000186920166,2968.0,-0.6981333494186401,2.0,20.012001037597656,0.025599103420972824,-1.6616606712341309,0.015563104301691055,7.581625938415527,-0.07834206521511078,-0.01326008141040802,1.4119561910629272,11.143509864807129,45.608970642089844,-87.7757797241211
10.914723634719849,0,44.252193450927734,1.284022331237793,1.5,4.84141206741333,2.004000186920166,2956.0,-0.6981333494186401,2.0,20.00400161743164,0.02587430365383625,-2.2255239486694336,0.08020984381437302,7.894683837890625,-0.09418811649084091,0.10724978893995285,1.4127551317214966,7.959649562835693,46.673770904541016,-87.09402465820312
10.935029029846191,0,44.278316497802734,1.2877622842788696,1.5,4.836287021636963,2.004000186920166,2960.0,-0.6981333494186401,2.0,20.00400161743164,0.026124736294150352,-2.24288272857666,-1.0517066717147827,10.910933494567871,-0.00044342130422592163,0.04865935444831848,1.4220763444900513,9.020936012268066,46.3188362121582,-88.11666107177734
10.95521068572998,0,44.303958892822266,1.2866101264953613,1.5,4.830489635467529,2.004000186920166,2948.0,-0.6981333494186401,2.0,20.00800132751465,0.02564038336277008,-2.1746444702148438,0.3771059811115265,9.72873592376709,0.06440553814172745,-0.025244489312171936,1.4244732856750488,11.851034164428711,46.3188362121582,-87.7757797241211
10.975540399551392,0,44.329185485839844,1.281498908996582,1.5,4.833346366882324,2.0280001163482666,2956.0,-0.6981333494186401,2.0,20.02800178527832,0.025227583944797516,-2.2764031887054443,0.48066049814224243,7.209308624267578,-0.0017750207334756851,-0.017920684069395065,1.4030344486236572,10.435985565185547,45.608970642089844,-89.13928985595703
10.995691776275635,0,44.354469299316406,1.276890754699707,1.5,4.846840858459473,2.004000186920166,2968.0,-0.6981333494186401,2.0,20.012001037597656,0.025285376235842705,-1.9250363111495972,0.09337862581014633,8.236473083496094,-0.06023229658603668,-0.008998958393931389,1.3869221210479736,11.143509864807129,45.963905334472656,-88.45753479003906
11.01601266860962,0,44.380035400390625,1.2785954475402832,1.5,4.861666202545166,2.004000186920166,2948.0,-0.6981333494186401,2.0,20.016000747680664,0.02556608058512211,-1.7867640256881714,0.4202038049697876,10.549389839172363,-0.08553270995616913,0.009377132169902325,1.3913164138793945,11.851034164428711,48.093505859375,-88.11666107177734
11.036149740219116,0,44.40653610229492,1.283859133720398,1.5,4.866763114929199,2.004000186920166,2956.0,-0.6981333494186401,2.0,20.00400161743164,0.026499008759856224,-1.6814137697219849,0.006584390066564083,10.53382682800293,-0.054240092635154724,0.09233586490154266,1.4151520729064941,10.082222938537598,47.73857116699219,-88.79840850830078
11.056530475616455,0,44.43224334716797,1.2869653701782227,1.5,4.863313674926758,2.008000135421753,2948.0,-0.6981333494186401,2.0,20.00800132751465,0.02570643275976181,-1.9525710344314575,-0.18256717920303345,9.37437629699707,-0.015357349999248981,0.07609033584594727,1.4408519268035889,11.143509864807129,48.44844055175781,-90.50279235839844
11.076686143875122,0,44.45780563354492,1.2849459648132324,1.5,4.860017776489258,2.01200008392334,2960.0,-0.6981333494186401,2.0,20.012001037597656,0.025563327595591545,-2.3446414470672607,0.23883378505706787,9.549759864807129,-0.03613032400608063,0.025090022012591362,1.4159510135650635,12.381677627563477,46.85123825073242,-90.33235931396484
11.097012996673584,0,44.48290252685547,1.2771649360656738,1.5,4.868995189666748,2.01200008392334,2968.0,-0.6981333494186401,2.0,20.012001037597656,0.025095488876104355,-2.1303493976593018,-0.25439688563346863,8.625551223754883,-0.026675956323742867,0.019497297704219818,1.3961101770401,13.266082763671875,47.02870559692383,-91.1845474243164
11.117173910140991,0,44.507415771484375,1.2702773809432983,1.5,4.892299652099609,2.004000186920166,2956.0,-0.6981333494186401,2.0,20.012001037597656,0.0245148167014122,-2.723543167114258,-0.1652083396911621,10.253092765808105,-0.021615874022245407,0.08887369930744171,1.4088934659957886,13.442963600158691,48.270973205566406,-88.62797546386719
11.13752007484436,0,44.53279113769531,1.267844557762146,1.5,4.922494888305664,2.0160000324249268,2984.0,-0.6981333494186401,2.0,20.016000747680664,0.025373440235853195,-1.3240610361099243,-0.4405555725097656,7.89408540725708,-0.13653302192687988,0.026288462802767754,1.3918490409851074,14.858013153076172,48.62590408325195,-90.33235931396484
11.157703876495361,0,44.5582160949707,1.270285964012146,1.5,4.948178768157959,2.004000186920166,2960.0,-0.6981333494186401,2.0,20.012001037597656,0.025425728410482407,-2.2644317150115967,-0.008978714235126972,11.719017028808594,-0.08193738758563995,0.04786039516329765,1.3733397722244263,16.980587005615234,48.270973205566406,-90.67323303222656
11.178045749664307,0,44.584495544433594,1.2781939506530762,1.5,4.960681915283203,2.008000135421753,2948.0,-0.6981333494186401,2.0,20.00400161743164,0.026281600818037987,-2.5607292652130127,-0.17957428097724915,8.343619346618652,0.013538386672735214,-0.05121070146560669,1.3875879049301147,15.74241828918457,46.3188362121582,-91.86630249023438
11.198170185089111,0,44.61140060424805,1.2879447937011719,1.5,4.9531145095825195,2.008000135421753,2980.0,-0.6981333494186401,2.0,20.016000747680664,0.026903551071882248,-2.0573227405548096,0.26756566762924194,9.0044527053833,0.02632175385951996,-0.016589082777500153,1.4046324491500854,16.62682342529297,48.270973205566406,-92.0367431640625
11.218512535095215,0,44.63716125488281,1.2898868322372437,1.5,4.934832572937012,2.004000186920166,2952.0,-0.6981333494186401,2.0,20.00800132751465,0.025761472061276436,-1.7460606098175049,0.31245923042297363,10.318338394165039,-0.0353313609957695,0.055450521409511566,1.3907837867736816,15.74241828918457,48.093505859375,-92.2071762084961
11.238648891448975,0,44.66228103637695,1.2778741121292114,1.5,4.931473731994629,2.004000186920166,3076.0,-0.6981333494186401,2.0,20.036001205444336,0.02512025646865368,-2.1932005882263184,0.055668026208877563,7.434375286102295,-0.03546452149748802,0.044930875301361084,1.3718750476837158,18.041872024536133,48.980838775634766,-91.35498809814453
11.259017944335938,0,44.68588638305664,1.2655507326126099,1.5,4.955778121948242,2.004000186920166,2956.0,-0.6981333494186401,2.0,20.00400161743164,0.023603903129696846,-2.3218953609466553,-0.15084239840507507,7.597787857055664,-0.032668158411979675,0.03547650948166847,1.3756035566329956,18.041872024536133,47.56110382080078,-92.71849060058594
11.27916145324707,0,44.71120071411133,1.265730857849121,1.5,4.990206241607666,2.008000135421753,2952.0,-0.6981333494186401,2.0,20.00400161743164,0.025312896817922592,-2.087850332260132,-0.07841410487890244,10.023836135864258,-0.03213552013039589,0.06224168464541435,1.3857237100601196,20.164445877075195,45.78643798828125,-93.74112701416016
11.299338102340698,0,44.73825454711914,1.2789708375930786,1.5,5.004168510437012,2.0160000324249268,2972.0,-0.6981333494186401,2.0,20.00400161743164,0.027054911479353905,-2.240488290786743,-0.3220365345478058,9.248673439025879,0.00288558192551136,0.02495686151087284,1.4054313898086548,17.6881103515625,45.43150329589844,-94.08200073242188
11.319710969924927,0,44.765037536621094,1.2918791770935059,1.5,4.988175868988037,2.0160000324249268,2952.0,-0.6981333494186401,2.0,20.00800132751465,0.026785215362906456,-1.9136632680892944,-0.011373037472367287,6.738823890686035,0.01913110911846161,-0.045751139521598816,1.4192800521850586,18.74939727783203,46.85123825073242,-91.35498809814453
11.340005874633789,0,44.79151916503906,1.2899478673934937,1.5,4.964003562927246,2.008000135421753,3108.0,-0.6981333494186401,2.0,20.20800018310547,0.02647974342107773,-2.0465481281280518,1.057692527770996,9.380960464477539,-0.03226868063211441,0.046928275376558304,1.4070292711257935,18.3956356048584,46.49630355834961,-93.4002456665039
11.360354661941528,0,44.81536102294922,1.2773683071136475,1.5,4.962017059326172,2.004000186920166,2948.0,-0.6981333494186401,2.0,20.00800132751465,0.02384057641029358,-1.082234263420105,0.3441840410232544,9.298356056213379,-0.12827709317207336,0.04053658992052078,1.3953112363815308,19.280040740966797,45.25403594970703,-93.22981262207031
11.380676031112671,0,44.839752197265625,1.266770839691162,1.5,4.985854625701904,2.008000135421753,2944.0,-0.6981333494186401,2.0,20.012001037597656,0.02439097687602043,-1.1534653902053833,-0.20531325042247772,9.67905330657959,-0.1390630602836609,0.13308283686637878,1.3947786092758179,20.69508934020996,44.54417037963867,-93.91156005859375
11.400833368301392,0,44.86537170410156,1.2678736448287964,1.5,5.016179084777832,2.004000186920166,2960.0,-0.6981333494186401,2.0,20.016000747680664,0.025621119886636734,-2.5278072357177734,-0.34059253334999084,10.130982398986816,-0.04758208990097046,0.039737630635499954,1.4026349782943726,19.63380241394043,44.54417037963867,-94.25244140625
11.4211905002594,0,44.892066955566406,1.2813820838928223,1.5,5.0255126953125,2.008000135421753,2944.0,-0.6981333494186401,2.0,20.012001037597656,0.02669440023601055,-2.1908061504364014,-0.24242527782917023,6.22703742980957,0.03697456046938896,-0.03416621312499046,1.4204784631729126,18.3956356048584,45.076568603515625,-93.05937194824219
11.44134259223938,0,44.91915512084961,1.2896414995193481,1.5,5.009310722351074,2.0160000324249268,3024.0,-0.6981333494186401,2.0,20.00400161743164,0.02708793617784977,-1.9364093542099,0.46868887543678284,9.198392868041992,-0.03706244379281998,-0.01645592227578163,1.4107577800750732,18.74939727783203,46.49630355834961,-92.37761688232422
11.461509466171265,0,44.94373321533203,1.282944917678833,1.5,4.997352600097656,2.0160000324249268,2948.0,-0.6981333494186401,2.0,20.012001037597656,0.02458086423575878,-2.257248640060425,0.33161383867263794,9.22712516784668,-0.08167107403278351,0.014304054901003838,1.4007707834243774,19.63380241394043,44.89910125732422,-92.2071762084961
11.481843709945679,0,44.968509674072266,1.2747812271118164,1.5,5.005403995513916,2.01200008392334,2956.0,-0.6981333494186401,2.0,20.00400161743164,0.02477625571191311,-2.0040488243103027,0.1729898899793625,7.921619892120361,-0.11642584949731827,0.035742826759815216,1.3986401557922363,20.341327667236328,43.83430099487305,-91.86630249023438
11.501998662948608,0,44.99451446533203,1.2782669067382812,1.5,5.017175674438477,2.004000186920166,2964.0,-0.6981333494186401,2.0,20.00800132751465,0.026003647595643997,-1.9830986261367798,-0.2400309443473816,9.506662368774414,-0.08579903095960617,0.056249480694532394,1.4204784631729126,19.280040740966797,44.18923568725586,-92.2071762084961
11.5223548412323,0,45.02146530151367,1.2921650409698486,1.5,5.007702350616455,2.01200008392334,2952.0,-0.6981333494186401,2.0,20.012001037597656,0.026950335130095482,-2.122567892074585,-0.007781552150845528,11.184484481811523,-0.03013811819255352,0.04972463846206665,1.4311312437057495,18.3956356048584,46.85123825073242,-93.4002456665039
11.542502403259277,0,45.048545837402344,1.3014371395111084,1.5,4.974269390106201,2.008000135421753,2964.0,-0.6981333494186401,2.0,20.00400161743164,0.027082432061433792,-2.1824259757995605,0.025738980621099472,11.21561050415039,0.0015539806336164474,0.03907182812690735,1.4365907907485962,20.871971130371094,44.366703033447266,-93.4002456665039
11.562851667404175,0,45.073726654052734,1.2950637340545654,1.5,4.945336818695068,2.0160000324249268,2952.0,-0.6981333494186401,2.0,20.012001037597656,0.025180799886584282,-2.2823891639709473,0.5046037435531616,8.72551441192627,-0.01415890920907259,0.02682110294699669,1.428468108177185,19.103158950805664,45.43150329589844,-91.69586181640625
11.58299970626831,0,45.09822463989258,1.2822514772415161,1.5,4.943239212036133,2.01200008392334,2948.0,-0.6981333494186401,2.0,20.00800132751465,0.024495551362633705,-2.3985137939453125,-0.5279483795166016,6.452103614807129,-0.027741236612200737,0.035742826759815216,1.4078282117843628,20.518207550048828,45.076568603515625,-92.0367431640625
11.603350639343262,0,45.123497009277344,1.2767966985702515,1.5,4.960723876953125,2.0199999809265137,2972.0,-0.6981333494186401,2.0,20.00800132751465,0.025271616876125336,-1.9860914945602417,-0.37770456075668335,7.86236047744751,-0.12947553396224976,0.02602214366197586,1.3780003786087036,20.69508934020996,43.4793701171875,-90.84367370605469
11.623545408248901,0,45.14947509765625,1.2829948663711548,1.5,4.973227500915527,2.0160000324249268,2952.0,-0.6981333494186401,2.0,20.00400161743164,0.025978880003094673,-2.4380202293395996,-0.07721693813800812,10.66850757598877,-0.1079036071896553,0.0487925186753273,1.386522650718689,21.048851013183594,47.383636474609375,-91.86630249023438
11.643676996231079,0,45.176361083984375,1.2918716669082642,1.5,4.968062400817871,2.004000186920166,2980.0,-0.6981333494186401,2.0,20.00400161743164,0.026887040585279465,-1.9453879594802856,-0.09936443716287613,9.173851013183594,0.019930072128772736,-0.02883981168270111,1.4142199754714966,21.225732803344727,46.1413688659668,-91.01410675048828
11.664049863815308,0,45.20258331298828,1.2973582744598389,1.5,4.94970178604126,2.004000186920166,2952.0,-0.6981333494186401,2.0,20.00400161743164,0.026221055537462234,-1.567683458328247,0.4411541521549225,7.588210582733154,0.044564686715602875,0.016834096983075142,1.4491078853607178,23.702068328857422,45.78643798828125,-90.33235931396484
11.684207439422607,0,45.228553771972656,1.297196388244629,1.5,4.929255962371826,2.0160000324249268,2952.0,-0.6981333494186401,2.0,20.032001495361328,0.02597062475979328,-0.8984699845314026,0.16281400620937347,8.544143676757812,-0.06183021888136864,0.04746091365814209,1.4606927633285522,23.171424865722656,44.89910125732422,-92.54805755615234
11.704538583755493,0,45.254154205322266,1.2918192148208618,1.5,4.9189348220825195,2.0160000324249268,2968.0,-0.6981333494186401,2.0,20.016000747680664,0.025601856410503387,-1.1235363483428955,-0.6129468679428101,9.655709266662598,-0.08300267159938812,0.08581101894378662,1.4515047073364258,22.64078140258789,44.01176834106445,-91.01410675048828
11.724690914154053,0,45.27957534790039,1.2898836135864258,1.5,4.918521404266357,2.01200008392334,2948.0,-0.6981333494186401,2.0,20.012001037597656,0.02542022429406643,-2.130948066711426,-0.04249924421310425,8.199959754943848,-0.08872855454683304,0.01856517791748047,1.4463114738464355,22.110137939453125,45.25403594970703,-91.52542877197266
11.74501895904541,0,45.30592346191406,1.292777419090271,1.5,4.917011737823486,2.004000186920166,2964.0,-0.6981333494186401,2.0,20.00400161743164,0.026347648352384567,-2.417668342590332,-0.007781552150845528,6.253973484039307,-0.0935223177075386,0.06770125031471252,1.44298255443573,23.878948211669922,46.3188362121582,-89.48016357421875
11.76517367362976,0,45.33204650878906,1.2971735000610352,1.5,4.908427715301514,2.004000186920166,2952.0,-0.6981333494186401,2.0,20.00400161743164,0.02612198330461979,-2.584672451019287,-0.13767361640930176,8.702768325805664,-0.08486691117286682,0.03654178977012634,1.4449799060821533,24.232711791992188,47.02870559692383,-90.16191864013672
11.78555679321289,0,45.35845947265625,1.300832748413086,1.5,4.892946720123291,2.004000186920166,2948.0,-0.6981333494186401,2.0,20.00400161743164,0.026413695886731148,-1.998063087463379,0.012570199556648731,10.214184761047363,-0.0796736627817154,-0.03296777233481407,1.4365907907485962,24.232711791992188,44.89910125732422,-89.13928985595703
11.80571722984314,0,45.38462829589844,1.302548885345459,1.5,4.8750410079956055,2.004000186920166,2948.0,-0.6981333494186401,2.0,20.00800132751465,0.026171520352363586,-2.0519354343414307,0.3423883020877838,10.558967590332031,-0.08260318636894226,-0.0038057155907154083,1.442183494567871,23.702068328857422,46.1413688659668,-88.28709411621094
11.826038837432861,0,45.4107780456543,1.3031411170959473,1.5,4.85797643661499,2.008000135421753,2960.0,-0.6981333494186401,2.0,20.00400161743164,0.026146752759814262,-1.9753170013427734,0.3172478973865509,8.793752670288086,-0.12774446606636047,-0.01632276177406311,1.42513906955719,21.933256149291992,45.076568603515625,-88.9688491821289
11.84617829322815,0,45.43694305419922,1.3025175333023071,1.5,4.843599796295166,2.004000186920166,2976.0,-0.6981333494186401,2.0,20.012001037597656,0.02616601623594761,-2.7409019470214844,0.24481959640979767,8.559707641601562,-0.11109944432973862,0.10099126398563385,1.4321964979171753,23.878948211669922,45.25403594970703,-88.45753479003906
11.86637258529663,0,45.46285629272461,1.3026546239852905,1.5,4.8328328132629395,2.008000135421753,2956.0,-0.6981333494186401,2.0,20.00400161743164,0.025912832468748093,-3.1275854110717773,-0.49801933765411377,10.418899536132812,-0.052375853061676025,0.022293660789728165,1.4573638439178467,25.29399871826172,45.963905334472656,-89.48016357421875
11.886683940887451,0,45.489383697509766,1.307038426399231,1.5,4.819028854370117,2.004000186920166,2956.0,-0.6981333494186401,2.0,20.00400161743164,0.026526527479290962,-2.5170328617095947,-0.08320274949073792,8.098201751708984,0.0534864142537117,-0.07118471711874008,1.4774709939956665,25.64776039123535,46.3188362121582,-88.45753479003906
11.906898498535156,0,45.515987396240234,1.3108717203140259,1.5,4.798303604125977,2.004000186920166,2956.0,-0.6981333494186401,2.0,20.012001037597656,0.02660633623600006,-1.9352121353149414,0.31784647703170776,8.564496040344238,0.027253877371549606,-0.05240914225578308,1.458162784576416,26.355283737182617,45.25403594970703,-88.11666107177734
11.927194356918335,0,45.542091369628906,1.3096872568130493,1.5,4.778488636016846,2.008000135421753,2952.0,-0.6981333494186401,2.0,20.020000457763672,0.026102719828486443,-1.7706023454666138,0.36752867698669434,9.365995407104492,-0.03320080041885376,0.000854887068271637,1.4488415718078613,26.178403854370117,44.72163772583008,-87.26446533203125
11.94734787940979,0,45.56782150268555,1.3037385940551758,1.5,4.77053689956665,2.004000186920166,2956.0,-0.6981333494186401,2.0,20.00800132751465,0.025731200352311134,-1.8508121967315674,0.4010492265224457,9.826903343200684,-0.07368146628141403,0.017233576625585556,1.4375228881835938,27.062808990478516,45.25403594970703,-86.07139587402344
11.967756271362305,0,45.593780517578125,1.304348111152649,1.5,4.770425319671631,2.004000186920166,2956.0,-0.6981333494186401,2.0,20.012001037597656,0.025956863537430763,-2.3236911296844482,-0.21848203241825104,9.045755386352539,-0.041989363729953766,0.0013875272125005722,1.458162784576416,26.001522064208984,44.89910125732422,-85.73052215576172
11.98807168006897,0,45.62189865112305,1.3156383037567139,1.5,4.756165981292725,2.008000135421753,3020.0,-0.6981333494186401,2.0,20.16400146484375,0.02811993658542633,-1.9669369459152222,-0.8356189727783203,6.4323506355285645,0.007413024082779884,0.07515820860862732,1.4955806732177734,25.47087860107422,44.366703033447266,-86.58271026611328
12.008200407028198,0,45.64865493774414,1.3245469331741333,1.5,4.723079204559326,2.004000186920166,2956.0,-0.6981333494186401,2.0,20.012001037597656,0.026754943653941154,-2.6463263034820557,0.3591485619544983,9.456381797790527,-0.030537597835063934,0.043998755514621735,1.5072988271713257,26.885927200317383,44.18923568725586,-85.38964080810547
12.02854299545288,0,45.67482376098633,1.321243405342102,1.5,4.6890435218811035,2.004000186920166,2944.0,-0.6981333494186401,2.0,20.00800132751465,0.026168767362833023,-2.936039447784424,0.45492151379585266,9.560534477233887,-0.015623670071363449,0.01150769367814064,1.5055677890777588,27.23969078063965,44.72163772583008,-83.51482391357422
12.048717737197876,0,45.6997184753418,1.3057036399841309,1.5,4.682010650634766,2.004000186920166,2956.0,-0.6981333494186401,2.0,20.00800132751465,0.024897344410419464,-2.16865873336792,-0.07661835849285126,7.332616329193115,-0.0847337543964386,0.045197196304798126,1.4455125331878662,28.654739379882812,45.076568603515625,-84.87832641601562
12.069074392318726,0,45.72410202026367,1.291721224784851,1.5,4.7076945304870605,2.004000186920166,2944.0,-0.6981333494186401,2.0,20.00800132751465,0.024379968643188477,-2.281191825866699,-0.3800988793373108,12.715654373168945,-0.15237906575202942,0.05398575961589813,1.424606442451477,28.47785758972168,45.25403594970703,-84.02613830566406
12.089583396911621,0,45.75068283081055,1.2907817363739014,1.5,4.746281623840332,2.008000135421753,3100.0,-0.6981333494186401,2.0,20.244001388549805,0.02658431977033615,-2.46136474609375,-1.1396980285644531,9.940034866333008,-0.08140474557876587,-0.06798887252807617,1.437123417854309,29.362262725830078,45.076568603515625,-83.51482391357422
12.10984182357788,0,45.77750778198242,1.3049609661102295,1.5,4.762744903564453,2.008000135421753,2948.0,-0.6981333494186401,2.0,20.016000747680664,0.0268237441778183,-1.9118674993515015,-0.8038941621780396,8.999065399169922,0.03311292082071304,-0.06279563158750534,1.4573638439178467,26.885927200317383,44.01176834106445,-82.15131378173828
12.130098581314087,0,45.80550003051758,1.3216410875320435,1.5,4.743382930755615,2.008000135421753,2948.0,-0.6981333494186401,2.0,20.00800132751465,0.027993343770503998,-1.9358106851577759,0.04369640722870827,8.173622131347656,0.039238281548023224,-0.03935945779085159,1.4742751121520996,28.300975799560547,43.65683364868164,-82.4921875
12.150259733200073,0,45.83219909667969,1.3214613199234009,1.5,4.711089134216309,2.008000135421753,2972.0,-0.6981333494186401,2.0,20.00400161743164,0.026697151362895966,-1.7927498817443848,0.21967920660972595,6.8088579177856445,0.01526946946978569,-0.015523802489042282,1.4774709939956665,27.59345245361328,44.366703033447266,-82.4921875
12.170602560043335,0,45.856605529785156,1.3052237033843994,1.5,4.703807353973389,2.01200008392334,2956.0,-0.6981333494186401,2.0,20.00800132751465,0.024407487362623215,-1.8849313259124756,0.5979823470115662,10.989945411682129,-0.097250796854496,0.057314760982990265,1.4455125331878662,28.831619262695312,44.54417037963867,-83.00350189208984
12.19080638885498,0,45.88159942626953,1.2900915145874023,1.5,4.733283996582031,2.008000135421753,3048.0,-0.6981333494186401,2.0,20.016000747680664,0.024993663653731346,-2.1010191440582275,-0.3471769392490387,10.881004333496094,-0.1322719007730484,0.0129724545404315,1.4445804357528687,29.53914451599121,44.54417037963867,-82.66262817382812
12.210946321487427,0,45.90707015991211,1.2922872304916382,1.5,4.769520282745361,2.008000135421753,2952.0,-0.6981333494186401,2.0,20.00400161743164,0.025469759479165077,-2.1093990802764893,-0.6506574749946594,9.046952247619629,-0.055438533425331116,0.025223182514309883,1.469481348991394,28.124095916748047,44.54417037963867,-82.66262817382812
12.231252193450928,0,45.93465042114258,1.3080425262451172,1.5,4.780394554138184,2.0160000324249268,2948.0,-0.6981333494186401,2.0,20.02400016784668,0.027580544352531433,-2.679248332977295,-0.2903117537498474,9.700003623962402,-0.026276476681232452,0.06117640435695648,1.4722777605056763,29.362262725830078,44.01176834106445,-82.83306884765625
12.251459121704102,0,45.96223831176758,1.3186746835708618,1.5,4.761746406555176,2.008000135421753,2964.0,-0.6981333494186401,2.0,20.00400161743164,0.027588799595832825,-2.8761813640594482,0.16760265827178955,6.145630359649658,-0.01003094669431448,-0.040557898581027985,1.4680166244506836,29.008501052856445,44.366703033447266,-82.15131378173828
12.271835327148438,0,45.988094329833984,1.3157308101654053,1.5,4.741067409515381,2.004000186920166,2952.0,-0.6981333494186401,2.0,20.02800178527832,0.025855040177702904,-1.636520266532898,0.15982110798358917,7.151246547698975,-0.04651680588722229,-0.01845332235097885,1.448708415031433,29.362262725830078,42.94696807861328,-81.46955871582031
12.29203748703003,0,46.01364517211914,1.3058713674545288,1.5,4.738591194152832,2.008000135421753,2976.0,-0.6981333494186401,2.0,20.00800132751465,0.02555231936275959,-1.6574705839157104,0.7176985144615173,10.302774429321289,-0.15890392661094666,0.12149792164564133,1.4255385398864746,29.892906188964844,43.4793701171875,-82.3217544555664
12.31235146522522,0,46.03888702392578,1.3002421855926514,1.5,4.752985000610352,2.01200008392334,2948.0,-0.6981333494186401,2.0,20.00800132751465,0.025241343304514885,-1.632928729057312,-0.8673437833786011,11.85728931427002,-0.15211275219917297,0.0309490654617548,1.4395203590393066,29.008501052856445,44.01176834106445,-81.81044006347656
12.332469701766968,0,46.06513595581055,1.3022006750106812,1.5,4.768728733062744,2.0360000133514404,2948.0,-0.6981333494186401,2.0,20.00400161743164,0.026248576119542122,-2.1848204135894775,-0.180172860622406,9.952605247497559,-0.04984581097960472,-0.05640394985675812,1.4491078853607178,30.24666976928711,42.41456604003906,-81.98087310791016
12.352626085281372,0,46.092010498046875,1.3076611757278442,1.5,4.773813247680664,2.01200008392334,2968.0,0.05834813043475151,2.0,20.012001037597656,0.026873279362916946,-2.1932005882263184,-0.2549954652786255,5.943309783935547,0.010342545807361603,-0.0838349238038063,1.4578964710235596,30.42354965209961,44.366703033447266,-81.81044006347656
12.372969388961792,0,46.11811447143555,1.3091462850570679,1.5,4.771485805511475,2.01200008392334,2956.0,0.05834813043475151,2.0,20.00400161743164,0.026105472818017006,-1.9705283641815186,-0.09756869077682495,7.547506809234619,-0.0659581795334816,-0.017121724784374237,1.4315307140350342,30.600431442260742,43.83430099487305,-82.66262817382812
12.393128871917725,0,46.14390182495117,1.3038207292556763,1.5,4.775205135345459,2.0160000324249268,2964.0,-0.0,2.0,20.016000747680664,0.02578623965382576,-1.2725830078125,-0.017358846962451935,9.564126014709473,-0.09591919928789139,-0.006735237315297127,1.4211442470550537,31.838598251342773,42.59203338623047,-82.15131378173828
12.413471460342407,0,46.169471740722656,1.3011236190795898,1.5,4.788087844848633,2.004000186920166,2952.0,-0.0,2.0,20.00400161743164,0.025568831712007523,0.18795441091060638,-1.0157917737960815,10.689457893371582,-0.03839404135942459,-0.04788170009851456,1.37080979347229,31.838598251342773,42.23710250854492,-81.81044006347656
12.433652639389038,0,46.19622802734375,1.3078131675720215,1.5,4.795024871826172,2.0160000324249268,2948.0,-0.0,2.0,20.00800132751465,0.026757696643471718,0.1622154265642166,-0.658439040184021,7.982076644897461,0.00075501948595047,-0.06572515517473221,1.1542913913726807,31.48483657836914,43.301902770996094,-81.81044006347656
12.453845024108887,0,46.22403335571289,1.3204659223556519,1.5,4.780218601226807,2.004000186920166,2964.0,-0.0,2.0,20.00800132751465,0.027808960527181625,0.42678821086883545,-0.20232035219669342,8.346611976623535,0.026055436581373215,-0.06386090815067291,0.981849193572998,30.777311325073242,43.65683364868164,-81.46955871582031
12.474177598953247,0,46.25137710571289,1.330755352973938,1.5,4.744387149810791,2.008000135421753,2952.0,-0.0,2.0,20.00400161743164,0.02734387293457985,1.4982481002807617,-0.6350943446159363,11.363460540771484,-0.00896566640585661,-0.10234417766332626,0.7714563012123108,31.838598251342773,42.59203338623047,-82.4921875
12.494331359863281,0,46.278263092041016,1.331024169921875,1.5,4.703276634216309,2.008000135421753,2968.0,-0.0,2.0,20.00800132751465,0.0268842875957489,1.5449373722076416,-0.9044557809829712,8.648297309875488,0.027253877371549606,-0.11326329410076141,0.5546716451644897,32.89988708496094,42.23710250854492,-82.83306884765625
12.51468801498413,0,46.30384826660156,1.3234057426452637,1.5,4.678292751312256,2.0160000324249268,2948.0,-0.0,2.0,20.00800132751465,0.02558259293437004,1.693984031677246,-0.22087636590003967,7.045896053314209,-0.07301566004753113,-0.06918731331825256,0.3286990225315094,32.36924362182617,42.41456604003906,-83.00350189208984
12.534871816635132,0,46.32963562011719,1.3173797130584717,1.5,4.671555995941162,2.008000135421753,2952.0,-0.0,2.0,20.00800132751465,0.025788992643356323,1.4904664754867554,-1.2151192426681519,9.9915132522583,-0.08513323217630386,-0.02670924738049507,0.16877374053001404,31.307954788208008,42.059635162353516,-84.02613830566406
12.555012464523315,0,46.3563117980957,1.3203452825546265,1.5,4.66828727722168,2.004000186920166,2948.0,-0.0,2.0,20.012001037597656,0.026675136759877205,1.1815987825393677,-1.229485273361206,8.591431617736816,-0.003239782527089119,-0.13270467519760132,-0.005399635527282953,32.72300338745117,40.28496551513672,-82.66262817382812
12.57539415359497,0,46.38394546508789,1.3314204216003418,1.5,4.6506524085998535,2.004000186920166,2948.0,-0.0,2.0,20.02800178527832,0.027638336643576622,0.7494233250617981,-0.025140399113297462,7.8300371170043945,0.04829316586256027,-0.02151600643992424,-0.14029079675674438,31.661718368530273,41.34976577758789,-83.3443832397461
12.59555435180664,0,46.41225814819336,1.3442792892456055,1.5,4.609391212463379,2.008000135421753,2972.0,-0.0,2.0,20.012001037597656,0.02830982394516468,0.5309413075447083,0.5411171317100525,11.279060363769531,0.002219781279563904,0.06969864666461945,-0.16252851486206055,32.89988708496094,42.59203338623047,-84.19657135009766
12.615962982177734,0,46.43914794921875,1.345590591430664,1.5,4.560389995574951,2.008000135421753,2952.0,-0.0,2.0,20.00800132751465,0.026887040585279465,-0.6781921982765198,0.10175875574350357,9.276208877563477,-0.014558389782905579,-0.06559199094772339,-0.13776075839996338,31.307954788208008,41.7047004699707,-85.04876708984375
12.636036157608032,0,46.46535110473633,1.3345683813095093,1.5,4.530032634735107,2.004000186920166,2956.0,-0.0,2.0,20.016000747680664,0.026204543188214302,0.7775565981864929,0.281931608915329,7.531345367431641,0.04403204470872879,-0.10607264935970306,-0.1323011815547943,32.36924362182617,41.7047004699707,-84.02613830566406
12.656779766082764,0,46.49055862426758,1.3255298137664795,1.5,4.526340484619141,2.004000186920166,2948.0,-0.0,2.0,20.012001037597656,0.025211071595549583,0.30647343397140503,0.32981809973716736,9.087656021118164,-0.016955271363258362,0.08554469794034958,-0.1291053593158722,31.838598251342773,41.172298431396484,-83.85569763183594
12.676575422286987,0,46.51681900024414,1.3233364820480347,1.5,4.533897876739502,2.01200008392334,2948.0,-0.0,2.0,20.012001037597656,0.026256831362843513,0.14545516669750214,-0.10116017609834671,7.748630046844482,-0.06995297968387604,-0.018852803856134415,-0.09568216651678085,32.54612350463867,42.59203338623047,-84.19657135009766
12.696902751922607,0,46.54404830932617,1.3282535076141357,1.5,4.536801338195801,2.004000186920166,2964.0,-0.0,2.0,20.012001037597656,0.027231039479374886,0.6572418808937073,-0.1771799474954605,11.156351089477539,0.022060632705688477,0.06383960694074631,-0.08742624521255493,32.015480041503906,39.930030822753906,-83.3443832397461
12.717113256454468,0,46.57147216796875,1.3376233577728271,1.5,4.524742126464844,2.008000135421753,2948.0,-0.0,2.0,20.00800132751465,0.0274236798286438,0.4339711666107178,-0.17658136785030365,7.889296531677246,0.08184950798749924,0.1037876307964325,-0.08676044642925262,31.661718368530273,40.994834899902344,-84.02613830566406
12.737256288528442,0,46.5991325378418,1.3440682888031006,1.5,4.497621059417725,2.004000186920166,2976.0,-0.0,2.0,20.00400161743164,0.027654847130179405,-0.2663685083389282,0.02753472328186035,9.064909934997559,0.027786515653133392,0.03960447013378143,-0.10393809527158737,33.07676696777344,41.7047004699707,-83.68525695800781
12.757592916488647,0,46.6254997253418,1.340689778327942,1.5,4.472233772277832,2.008000135421753,2948.0,-0.0,2.0,20.012001037597656,0.02637241594493389,-0.482456237077713,0.21489055454730988,9.500676155090332,-0.010430427268147469,0.01563565619289875,-0.11445774137973785,32.015480041503906,41.7047004699707,-84.36701202392578
12.777892827987671,0,46.65100860595703,1.328526496887207,1.5,4.468574523925781,2.0240001678466797,2956.0,-0.0,2.0,20.00400161743164,0.025505535304546356,0.15144097805023193,0.14066651463508606,8.483088493347168,-0.012960468418896198,-0.0006098728626966476,-0.141622394323349,31.838598251342773,42.23710250854492,-83.17394256591797
12.798183679580688,0,46.676517486572266,1.3176589012145996,1.5,4.490194797515869,2.004000186920166,2956.0,-0.0,2.0,20.016000747680664,0.025511039420962334,-0.2980932891368866,0.3214379549026489,7.2326531410217285,-0.039991963654756546,0.00884449202567339,-0.1497451663017273,30.954193115234375,42.41456604003906,-84.02613830566406
12.818280696868896,0,46.70237731933594,1.3148505687713623,1.5,4.521807670593262,2.008000135421753,2948.0,-0.0,2.0,20.00800132751465,0.02586054429411888,0.6255170702934265,-0.08320274949073792,11.246737480163574,-0.04851420968770981,-0.009797919541597366,-0.14401927590370178,31.48483657836914,41.88216781616211,-85.21920776367188
12.838600873947144,0,46.729923248291016,1.320491075515747,1.5,4.546504974365234,2.004000186920166,3060.0,-0.0,2.0,20.012001037597656,0.027544768527150154,-0.169996976852417,-0.2951003909111023,9.6778564453125,0.06746821850538254,0.0057818107306957245,-0.14175555109977722,32.36924362182617,42.059635162353516,-82.3217544555664
12.858938455581665,0,46.75670623779297,1.3290431499481201,1.5,4.5517191886901855,2.004000186920166,2952.0,-0.0,2.0,20.00800132751465,0.026782464236021042,0.12989206612110138,0.3160507380962372,8.161650657653809,0.058945976197719574,0.040003951638936996,-0.11152821779251099,32.015480041503906,40.994834899902344,-83.00350189208984
12.879141569137573,0,46.783451080322266,1.3302321434020996,1.5,4.546440601348877,2.008000135421753,2940.0,-0.0,2.0,20.032001495361328,0.026746688410639763,-0.3842889666557312,0.14485658705234528,9.859825134277344,-0.0397256463766098,-0.10926850140094757,-0.08276563882827759,30.954193115234375,42.41456604003906,-83.00350189208984
12.899300813674927,0,46.809043884277344,1.3184601068496704,1.5,4.555249214172363,2.0160000324249268,2976.0,-0.0,2.0,20.00400161743164,0.025593599304556847,0.8158658146858215,-0.18137001991271973,6.891462326049805,0.03577611967921257,-0.07384791970252991,-0.06252530962228775,30.600431442260742,42.41456604003906,-81.98087310791016
12.91965365409851,0,46.83381271362305,1.3062022924423218,1.5,4.589038848876953,2.004000186920166,2956.0,-0.0,2.0,20.00800132751465,0.024765247479081154,0.6332986354827881,0.5111880898475647,9.873592376708984,-0.018286870792508125,0.07995197176933289,-0.06891699135303497,31.48483657836914,41.88216781616211,-81.81044006347656
12.940749168395996,0,46.86030578613281,1.3020431995391846,1.5,4.636446475982666,2.004000186920166,3112.0,-0.0,2.0,20.200000762939453,0.026499008759856224,0.38189461827278137,-0.6404815912246704,9.096035957336426,-0.05890069529414177,-0.0319024920463562,-0.06585431098937988,32.015480041503906,40.63990020751953,-82.66262817382812
12.960781335830688,0,46.8862190246582,1.3062235116958618,1.5,4.674506664276123,2.004000186920166,2948.0,-0.0,2.0,20.00400161743164,0.025912832468748093,0.27355149388313293,0.22865791618824005,7.782749176025391,0.03178131952881813,0.058246880769729614,-0.08609464019536972,30.600431442260742,42.059635162353516,-81.63999938964844
12.980525732040405,0,46.91331100463867,1.3148826360702515,1.5,4.695443153381348,2.0160000324249268,2948.0,-0.0,2.0,20.016000747680664,0.027085183188319206,0.2460167557001114,0.23045365512371063,10.555376052856445,0.04110252484679222,0.05331995710730553,-0.08582832664251328,30.42354965209961,42.94696807861328,-80.44692993164062
13.000673294067383,0,46.940765380859375,1.3231613636016846,1.5,4.695587158203125,2.004000186920166,2960.0,-0.0,2.0,20.00800132751465,0.027456704527139664,-0.4710831940174103,-0.10175875574350357,9.31092643737793,-0.0001771003007888794,0.007779211737215519,-0.08862468600273132,30.42354965209961,41.172298431396484,-80.78780364990234
13.021026611328125,0,46.9668083190918,1.3211215734481812,1.5,4.690877437591553,2.0160000324249268,2948.0,-0.0,2.0,20.00800132751465,0.026047680526971817,0.234045147895813,0.6889666318893433,9.183428764343262,-0.0053703440353274345,-0.02031756564974785,-0.0910215675830841,30.24666976928711,40.994834899902344,-81.98087310791016
13.041200399398804,0,46.99269104003906,1.311073899269104,1.5,4.701402187347412,2.004000186920166,3040.0,-0.0,2.0,20.012001037597656,0.025877056643366814,0.5069980621337891,-0.180172860622406,9.253462791442871,0.016867388039827347,-0.05320810526609421,-0.08063507825136185,30.954193115234375,40.994834899902344,-83.00350189208984
13.061360120773315,0,47.01759338378906,1.303895115852356,1.5,4.7289018630981445,2.0160000324249268,2952.0,-0.0,2.0,20.012001037597656,0.024905599653720856,0.006584390066564083,0.2783401310443878,6.722064018249512,-0.01868635229766369,-0.03136985003948212,-0.08649412542581558,31.131074905395508,43.301902770996094,-82.15131378173828
13.081712484359741,0,47.04405212402344,1.307492733001709,1.5,4.756518363952637,2.0199999809265137,2952.0,-0.0,2.0,20.016000747680664,0.02646047994494438,0.11373037844896317,0.19573596119880676,9.024805068969727,-0.02907283790409565,-0.01618960127234459,-0.09301897138357162,30.069787979125977,44.01176834106445,-81.81044006347656
13.101907730102539,0,47.071533203125,1.317779302597046,1.5,4.765096664428711,2.004000186920166,2952.0,-0.0,2.0,20.00800132751465,0.027478719130158424,0.21249623596668243,-0.20052461326122284,11.590322494506836,0.07625678181648254,5.5927783250808716e-05,-0.10140804946422577,30.777311325073242,42.59203338623047,-82.15131378173828
13.122264623641968,0,47.09867477416992,1.3262203931808472,1.5,4.75339937210083,2.004000186920166,2952.0,-0.0,2.0,20.016000747680664,0.02714022435247898,-0.3735145032405853,0.8948785066604614,7.715708255767822,0.05841333419084549,0.02069573849439621,-0.09554900974035263,29.185382843017578,42.059635162353516,-81.98087310791016
13.142437219619751,0,47.12528610229492,1.324850082397461,1.5,4.736657619476318,2.004000186920166,2968.0,-0.0,2.0,20.012001037597656,0.02661184035241604,-0.1891515702009201,0.9744897484779358,9.994505882263184,-0.044253088533878326,-0.07105155289173126,-0.07490919530391693,31.131074905395508,41.5272331237793,-83.17394256591797
13.162595510482788,0,47.15071105957031,1.3167054653167725,1.5,4.734143257141113,2.004000186920166,2948.0,-0.0,2.0,20.016000747680664,0.025422975420951843,0.09517436474561691,0.004788647405803204,9.477930068969727,0.01526946946978569,-0.1845039427280426,-0.042418137192726135,29.185382843017578,42.769500732421875,-82.3217544555664
13.182966709136963,0,47.176544189453125,1.3120383024215698,1.5,4.747306823730469,2.0199999809265137,2944.0,-0.0,2.0,20.012001037597656,0.025835776701569557,0.648263156414032,0.5770320296287537,7.35236930847168,0.06467185914516449,0.03481070697307587,-0.04374973848462105,29.892906188964844,43.83430099487305,-80.2764892578125
13.203112363815308,0,47.20347213745117,1.3166193962097168,1.5,4.757577896118164,2.004000186920166,2968.0,-0.0,2.0,20.00400161743164,0.02692832052707672,-0.21668629348278046,0.5782291889190674,9.428248405456543,-0.059566497802734375,0.04240083321928978,-0.04734506085515022,30.42354965209961,44.01176834106445,-81.46955871582031
13.223461627960205,0,47.23039627075195,1.3234254121780396,1.5,4.75374698638916,2.0320000648498535,2944.0,-0.0,2.0,20.012001037597656,0.026925567537546158,0.6404815912246704,0.15622961521148682,12.015315055847168,-0.03013811819255352,0.015236176550388336,-0.056000467389822006,29.362262725830078,43.301902770996094,-81.1286849975586
13.243724584579468,0,47.25771713256836,1.329423189163208,1.5,4.7384161949157715,2.004000186920166,2964.0,-0.0,2.0,20.012001037597656,0.027319103479385376,0.3944648206233978,0.5626660585403442,6.841780185699463,0.09955979883670807,0.05238783732056618,-0.06146002933382988,30.600431442260742,44.18923568725586,-81.29911804199219
13.263993501663208,0,47.284698486328125,1.334183692932129,1.5,4.714646816253662,2.004000186920166,2952.0,-0.0,2.0,20.012001037597656,0.02697785571217537,-0.4303796887397766,0.28372734785079956,9.503669738769531,0.022193793207406998,0.04013711214065552,-0.06931647658348083,29.716026306152344,43.65683364868164,-81.46955871582031
13.28416395187378,0,47.31139373779297,1.3340539932250977,1.5,4.689845085144043,2.004000186920166,2948.0,-0.0,2.0,20.012001037597656,0.02669990435242653,0.4435484707355499,-0.14126509428024292,10.138165473937988,-0.00337294302880764,-0.048946984112262726,-0.0678517147898674,28.47785758972168,43.4793701171875,-80.2764892578125
13.304339408874512,0,47.337730407714844,1.328682541847229,1.5,4.675703525543213,2.004000186920166,2964.0,-0.0,2.0,20.012001037597656,0.02633388713002205,-0.4052392840385437,0.4962235987186432,8.617171287536621,-0.003106622025370598,-0.02444552630186081,-0.08183351904153824,30.24666976928711,44.54417037963867,-81.98087310791016
13.324703931808472,0,47.36344909667969,1.32308030128479,1.5,4.676119327545166,2.0160000324249268,2952.0,-0.0,2.0,20.016000747680664,0.02572019211947918,-0.3753102421760559,0.6763964295387268,10.120207786560059,-0.06196337938308716,-0.03403305262327194,-0.09781273454427719,31.48483657836914,44.01176834106445,-81.1286849975586
13.344894409179688,0,47.39003372192383,1.3225162029266357,1.5,4.682345390319824,2.004000186920166,2956.0,-0.0,2.0,20.00800132751465,0.026587072759866714,0.5854121446609497,0.06285099685192108,8.806323051452637,-0.050245292484760284,-0.028440330177545547,-0.09528268873691559,29.892906188964844,43.4793701171875,-82.3217544555664
13.365231275558472,0,47.416839599609375,1.3272662162780762,1.5,4.683252811431885,2.004000186920166,2944.0,-0.0,2.0,20.012001037597656,0.02680172771215439,0.46569594740867615,-0.6434745192527771,9.151703834533691,0.03164815902709961,0.015369336120784283,-0.1116613820195198,30.600431442260742,45.25403594970703,-82.3217544555664
13.38539171218872,0,47.44417190551758,1.3337876796722412,1.5,4.671974182128906,2.01200008392334,2948.0,-0.15635567903518677,2.0,20.00400161743164,0.027332864701747894,0.6303057074546814,0.005387228447943926,9.843064308166504,0.08171635121107101,0.0039175692945718765,-0.11525670439004898,30.42354965209961,44.72163772583008,-82.83306884765625
13.405558586120605,0,47.47108459472656,1.3357396125793457,1.5,4.6536431312561035,2.0160000324249268,2952.0,-0.15635567903518677,2.0,20.016000747680664,0.026914559304714203,-0.6356929540634155,0.6404815912246704,6.7256550788879395,-0.015357349999248981,-0.03496517241001129,-0.10087541490793228,29.892906188964844,44.54417037963867,-81.29911804199219
13.425885915756226,0,47.49689483642578,1.327560544013977,1.5,4.6459856033325195,2.008000135421753,2948.0,-0.15635567903518677,2.0,20.00800132751465,0.02580825611948967,-0.017358846962451935,0.41182368993759155,11.739967346191406,-0.026675956323742867,-0.11659230291843414,-0.07664027810096741,28.831619262695312,45.25403594970703,-82.66262817382812
13.446060419082642,0,47.52254867553711,1.3179885149002075,1.5,4.659654140472412,2.008000135421753,2952.0,-0.6981333494186401,2.0,20.00400161743164,0.0256541445851326,-0.4243938624858856,0.8248445391654968,8.16763687133789,0.030183397233486176,0.0309490654617548,-0.051473021507263184,29.185382843017578,45.608970642089844,-81.98087310791016
13.466418981552124,0,47.5485954284668,1.3165194988250732,1.5,4.682074069976807,2.004000186920166,2956.0,-0.6981333494186401,2.0,20.00400161743164,0.026047680526971817,-2.5691094398498535,1.507226824760437,8.008414268493652,-0.03426608070731163,0.16144594550132751,0.09620150178670883,30.777311325073242,45.076568603515625,-83.51482391357422
13.486640691757202,0,47.575355529785156,1.320316195487976,1.5,4.69797945022583,2.01200008392334,2952.0,-0.6981333494186401,2.0,20.00400161743164,0.026757696643471718,-1.828664779663086,0.4962235987186432,12.076969146728516,-0.046250488609075546,0.10711663216352463,0.2984716594219208,28.47785758972168,44.89910125732422,-82.66262817382812
13.506763696670532,0,47.6023063659668,1.325265645980835,1.5,4.7032856941223145,2.0160000324249268,2948.0,-0.6981333494186401,2.0,20.00800132751465,0.026953088119626045,-2.240488290786743,0.8487877249717712,8.317281723022461,0.0685335025191307,0.1507931351661682,0.4486762583255768,28.47785758972168,43.4793701171875,-83.68525695800781
13.527089595794678,0,47.62934875488281,1.3298759460449219,1.5,4.698638916015625,2.01200008392334,2952.0,-0.6981333494186401,2.0,20.012001037597656,0.02704390324652195,-2.5355887413024902,1.3144837617874146,9.519232749938965,0.048958972096443176,0.1675713062286377,0.5938207507133484,30.42354965209961,44.72163772583008,-84.5374526977539
13.547290086746216,0,47.656097412109375,1.3294677734375,1.5,4.690666198730469,2.01200008392334,2968.0,-0.6981333494186401,2.0,20.00400161743164,0.026746688410639763,-2.6858325004577637,0.836816132068634,10.520059585571289,-0.003506103530526161,0.1425372064113617,0.7713231444358826,30.777311325073242,44.01176834106445,-83.17394256591797
13.567622900009155,0,47.68172836303711,1.3221874237060547,1.5,4.692999839782715,2.01200008392334,2948.0,-0.6981333494186401,2.0,20.00400161743164,0.02563212811946869,-3.304765224456787,0.6315028667449951,9.01103687286377,0.010875185951590538,0.11483991891145706,0.8955614566802979,30.069787979125977,44.366703033447266,-83.51482391357422
13.588190793991089,0,47.70802688598633,1.3126379251480103,1.5,4.71432638168335,2.004000186920166,3000.0,-0.6981333494186401,2.0,20.264001846313477,0.02629811130464077,-2.7792112827301025,0.8320274949073792,9.303144454956055,-0.04585100710391998,0.12496007978916168,1.0046194791793823,29.362262725830078,44.72163772583008,-83.85569763183594
13.608303308486938,0,47.73331832885742,1.3092349767684937,1.5,4.74519157409668,2.008000135421753,2944.0,-0.6981333494186401,2.0,20.012001037597656,0.025290880352258682,-3.0431854724884033,0.46569594740867615,7.845001697540283,-0.10550672560930252,0.17742514610290527,1.1202024221420288,28.831619262695312,44.54417037963867,-84.02613830566406
13.628613710403442,0,47.76012420654297,1.3148226737976074,1.5,4.7694597244262695,2.01200008392334,2956.0,-0.6981333494186401,2.0,20.020000457763672,0.026807231828570366,-3.1233952045440674,-0.44474563002586365,10.144749641418457,-0.06622450053691864,0.07808773219585419,1.2475035190582275,32.015480041503906,43.12443542480469,-83.3443832397461
13.648881435394287,0,47.787471771240234,1.3224021196365356,1.5,4.776205539703369,2.004000186920166,2956.0,-0.6981333494186401,2.0,20.012001037597656,0.027346624061465263,-2.296156406402588,0.3304166793823242,10.590093612670898,0.048692651093006134,-0.0018083136528730392,1.3395171165466309,30.24666976928711,42.769500732421875,-83.68525695800781
13.669122457504272,0,47.81393051147461,1.323421597480774,1.5,4.773550510406494,2.0160000324249268,2956.0,-0.6981333494186401,2.0,20.016000747680664,0.026454975828528404,-1.8711639642715454,0.3974577486515045,8.174819946289062,0.032313957810401917,0.03720758855342865,1.383859395980835,28.300975799560547,43.301902770996094,-85.5600814819336
13.689485549926758,0,47.840118408203125,1.312894344329834,1.5,4.782838821411133,2.004000186920166,3100.0,-0.6981333494186401,2.0,20.22800064086914,0.026190783828496933,-2.0238020420074463,0.3549584746360779,7.178781032562256,-0.06449341773986816,0.04160187393426895,1.4127551317214966,30.069787979125977,41.172298431396484,-83.51482391357422
13.709854364395142,0,47.8643684387207,1.3003953695297241,1.5,4.816041946411133,2.004000186920166,2948.0,-0.6981333494186401,2.0,20.00800132751465,0.024253375828266144,-2.0483438968658447,0.03172478824853897,8.772802352905273,-0.11283052712678909,0.025622662156820297,1.4116898775100708,30.069787979125977,44.366703033447266,-84.5374526977539
13.7299644947052,0,47.89009094238281,1.2974462509155273,1.5,4.8623046875,2.0160000324249268,2944.0,-0.6981333494186401,2.0,20.012001037597656,0.025717439129948616,-2.1052091121673584,-0.10894172638654709,8.38492202758789,-0.04838104918599129,0.04466455429792404,1.429666519165039,29.892906188964844,43.4793701171875,-84.7078857421875
13.750303506851196,0,47.917076110839844,1.3052606582641602,1.5,4.895277500152588,2.004000186920166,2956.0,-0.6981333494186401,2.0,20.00800132751465,0.02698611281812191,-1.6856038570404053,-0.370521605014801,9.35761547088623,-0.017487911507487297,0.05798056349158287,1.45936119556427,29.892906188964844,42.059635162353516,-83.3443832397461
13.77064061164856,0,47.94390106201172,1.313110113143921,1.5,4.906786918640137,2.004000186920166,2956.0,-0.6981333494186401,2.0,20.00800132751465,0.026826495304703712,-1.5622962713241577,-0.7733665704727173,9.344447135925293,-0.004704543389379978,-0.0020746346563100815,1.464953899383545,30.777311325073242,42.94696807861328,-84.19657135009766
13.79092526435852,0,47.970829010009766,1.3133008480072021,1.5,4.910229206085205,2.0160000324249268,3052.0,-0.6981333494186401,2.0,20.040000915527344,0.02692832052707672,-2.2380940914154053,0.19872887432575226,9.02360725402832,-0.0165557898581028,0.05651580169796944,1.4512383937835693,30.24666976928711,42.059635162353516,-85.04876708984375
13.810997486114502,0,47.996238708496094,1.3105802536010742,1.5,4.917599201202393,2.008000135421753,2948.0,-0.6981333494186401,2.0,20.00400161743164,0.025409216061234474,-1.9405993223190308,0.13647645711898804,8.204150199890137,-0.052375853061676025,0.049191996455192566,1.4356586933135986,30.600431442260742,42.769500732421875,-85.04876708984375
13.831305980682373,0,48.02264404296875,1.3124284744262695,1.5,4.925697326660156,2.01200008392334,2948.0,-0.6981333494186401,2.0,20.036001205444336,0.026405440643429756,-2.710973024368286,0.7141070365905762,9.431241035461426,-0.12321701645851135,0.08168305456638336,1.4147526025772095,29.53914451599121,41.7047004699707,-83.3443832397461
13.851508378982544,0,48.04941940307617,1.3153074979782104,1.5,4.927736759185791,2.008000135421753,2964.0,-0.6981333494186401,2.0,20.00400161743164,0.0267742071300745,-3.0467770099639893,-0.2160877138376236,11.853099822998047,-0.07248302549123764,0.04280031472444534,1.4286012649536133,31.307954788208008,42.769500732421875,-83.68525695800781
13.871863842010498,0,48.07594680786133,1.318774938583374,1.5,4.923598289489746,2.004000186920166,2952.0,-0.6981333494186401,2.0,20.00800132751465,0.026529280468821526,-2.541574716567993,-0.09936443716287613,10.174079895019531,0.03697456046938896,-0.04015841707587242,1.4562984704971313,31.131074905395508,41.5272331237793,-84.87832641601562
13.892009019851685,0,48.10282516479492,1.3209773302078247,1.5,4.914543628692627,2.004000186920166,2976.0,-0.6981333494186401,2.0,20.00400161743164,0.026878783479332924,-2.4392173290252686,0.21489055454730988,8.588438987731934,0.014337349683046341,-0.02364656701683998,1.4577633142471313,31.48483657836914,39.7525634765625,-83.51482391357422
13.912309169769287,0,48.12889099121094,1.3195754289627075,1.5,4.906808376312256,2.004000186920166,2956.0,-0.6981333494186401,2.0,20.012001037597656,0.02606419287621975,-2.4056966304779053,0.055668026208877563,9.291172981262207,-0.02387959510087967,0.02988378517329693,1.4562984704971313,31.307954788208008,39.22016525268555,-84.02613830566406
13.932468175888062,0,48.154991149902344,1.3166941404342651,1.5,4.905578136444092,2.0360000133514404,2944.0,-0.6981333494186401,2.0,20.00800132751465,0.026102719828486443,-2.3165082931518555,0.4902377724647522,8.9080810546875,-0.06422710418701172,0.025622662156820297,1.444180965423584,31.661718368530273,40.63990020751953,-82.66262817382812
13.952658891677856,0,48.181640625,1.3180549144744873,1.5,4.9070210456848145,2.004000186920166,2960.0,-0.6981333494186401,2.0,20.00800132751465,0.026647616177797318,-1.9525710344314575,-0.281931608915329,8.525588035583496,-0.02907283790409565,0.05345311760902405,1.4650870561599731,33.07676696777344,39.930030822753906,-84.02613830566406
13.972993850708008,0,48.20884323120117,1.3273650407791138,1.5,4.896744251251221,2.0320000648498535,2944.0,-0.6981333494186401,2.0,20.00800132751465,0.027203520759940147,-2.0106332302093506,-0.5776305794715881,7.792924880981445,-0.009365146048367023,0.10578502714633942,1.4881237745285034,31.838598251342773,39.39763259887695,-82.4921875
13.993154048919678,0,48.23670196533203,1.3374336957931519,1.5,4.866958141326904,2.004000186920166,2960.0,-0.6981333494186401,2.0,20.00800132751465,0.027858495712280273,-2.455977439880371,-0.1520395576953888,8.396294593811035,-0.03120340034365654,0.028685344383120537,1.5009071826934814,32.192359924316406,40.10749816894531,-84.87832641601562
14.013774156570435,0,48.26347351074219,1.339039921760559,1.5,4.830958843231201,2.004000186920166,2944.0,-0.6981333494186401,2.0,20.00800132751465,0.026771456003189087,-1.850213646888733,-0.1771799474954605,7.821657180786133,-0.03027127869427204,-0.03776153549551964,1.4785362482070923,32.89988708496094,37.622962951660156,-83.51482391357422
14.033634901046753,0,48.28950881958008,1.3319121599197388,1.5,4.806422710418701,2.01200008392334,2956.0,-0.6981333494186401,2.0,20.00400161743164,0.026036672294139862,-1.2456469535827637,-0.22386926412582397,9.759263038635254,0.04176832363009453,0.012306653894484043,1.4773378372192383,32.36924362182617,37.80043029785156,-83.68525695800781
14.053974866867065,0,48.315311431884766,1.322621464729309,1.5,4.804358959197998,2.008000135421753,2968.0,-0.6981333494186401,2.0,20.00400161743164,0.025800000876188278,-2.169855833053589,0.39566197991371155,9.24208927154541,-0.07328198850154877,0.08621049672365189,1.4407187700271606,33.07676696777344,37.0905647277832,-84.02613830566406
14.074155330657959,0,48.34142303466797,1.3215280771255493,1.5,4.813048362731934,2.008000135421753,2948.0,-0.6981333494186401,2.0,20.02400016784668,0.02610822394490242,-2.5727007389068604,-0.5584760308265686,12.221226692199707,-0.09405495971441269,0.055051039904356,1.4331285953521729,33.07676696777344,37.0905647277832,-84.36701202392578
14.09436321258545,0,48.369197845458984,1.331747055053711,1.5,4.810483455657959,2.004000186920166,2964.0,-0.6981333494186401,2.0,20.00400161743164,0.027773184701800346,-3.304166793823242,0.05746376886963844,9.318109512329102,0.01620158925652504,0.04825987666845322,1.4614917039871216,31.48483657836914,37.268028259277344,-83.51482391357422
14.114655256271362,0,48.39747619628906,1.3483316898345947,1.5,4.779694080352783,2.01200008392334,2948.0,-0.6981333494186401,2.0,20.00400161743164,0.028282303363084793,-2.380556344985962,-0.18256717920303345,7.3619465827941895,0.07106354087591171,-0.015790123492479324,1.4849278926849365,32.89988708496094,36.558162689208984,-84.5374526977539
14.134915351867676,0,48.42524719238281,1.3550547361373901,1.5,4.728383541107178,2.008000135421753,2948.0,-0.6981333494186401,2.0,20.00400161743164,0.027773184701800346,-2.0112318992614746,0.5758348703384399,7.227864742279053,-0.009098825976252556,-0.029505610466003418,1.4686824083328247,34.49181365966797,34.251094818115234,-84.02613830566406
14.155162811279297,0,48.45094299316406,1.3419888019561768,1.5,4.693320274353027,2.0160000324249268,2956.0,-0.6981333494186401,2.0,20.016000747680664,0.025689920410513878,-1.8095101118087769,0.20531325042247772,8.864983558654785,-0.09458759427070618,0.055184200406074524,1.4388545751571655,34.13805389404297,34.960960388183594,-85.38964080810547
14.175355434417725,0,48.47556686401367,1.3221566677093506,1.5,4.7004547119140625,2.008000135421753,2948.0,-0.6981333494186401,2.0,20.012001037597656,0.024627648293972015,-2.155489921569824,-0.6356929540634155,10.573333740234375,-0.11016732454299927,0.020029939711093903,1.425804853439331,31.838598251342773,34.42856216430664,-84.19657135009766
14.195697784423828,0,48.501312255859375,1.314155101776123,1.5,4.735476493835449,2.004000186920166,2968.0,-0.6981333494186401,2.0,20.00400161743164,0.02575046382844448,-1.992077350616455,-0.7212899923324585,9.081070899963379,-0.060498617589473724,0.013904575258493423,1.4557658433914185,32.015480041503906,34.960960388183594,-83.68525695800781
14.215868949890137,0,48.52836608886719,1.3233085870742798,1.5,4.761958599090576,2.004000186920166,2948.0,-0.6981333494186401,2.0,20.016000747680664,0.027049407362937927,-2.074082851409912,-0.6201298236846924,9.918485641479492,0.012339945882558823,0.0362754687666893,1.4862595796585083,30.24666976928711,34.251094818115234,-83.68525695800781
14.236236810684204,0,48.557437896728516,1.3421283960342407,1.5,4.753397464752197,2.004000186920166,2944.0,-0.6981333494186401,2.0,20.012001037597656,0.029072128236293793,-2.507455587387085,0.08619565516710281,9.148112297058105,-0.018420031294226646,-0.02857349067926407,1.4746745824813843,33.96117401123047,32.29895782470703,-82.83306884765625
14.256364822387695,0,48.58445358276367,1.3472214937210083,1.5,4.721834659576416,2.008000135421753,2956.0,-0.6981333494186401,2.0,20.00800132751465,0.027013631537556648,-1.5353600978851318,-0.6327000260353088,7.456522464752197,0.005815103650093079,-0.00021039322018623352,1.4792020320892334,33.25364685058594,34.07362747192383,-83.85569763183594
14.276546478271484,0,48.609832763671875,1.3329167366027832,1.5,4.707459926605225,2.008000135421753,2948.0,-0.6981333494186401,2.0,20.00400161743164,0.025381695479154587,-1.589232325553894,0.3100649118423462,8.649494171142578,-0.08713063597679138,0.09886070340871811,1.442183494567871,33.07676696777344,31.766559600830078,-84.02613830566406
14.29690670967102,0,48.634620666503906,1.3142998218536377,1.5,4.732447624206543,2.01200008392334,2968.0,-0.6981333494186401,2.0,20.012001037597656,0.024790015071630478,-2.9911088943481445,-0.40883076190948486,9.247476577758789,-0.19991722702980042,0.05092307925224304,1.423940658569336,31.48483657836914,32.29895782470703,-82.83306884765625
14.31709599494934,0,48.660282135009766,1.3108124732971191,1.5,4.77579402923584,2.008000135421753,2948.0,-0.6981333494186401,2.0,20.00800132751465,0.025659648701548576,-2.6954100131988525,-0.9391734600067139,9.683243751525879,-0.11735796928405762,-0.023912888020277023,1.4525700807571411,32.192359924316406,31.589092254638672,-82.4921875
14.337423086166382,0,48.68800354003906,1.3229445219039917,1.5,4.80216121673584,2.004000186920166,2976.0,-0.6981333494186401,2.0,20.00800132751465,0.027720896527171135,-2.5319972038269043,0.63629150390625,9.170858383178711,-0.010563586838543415,0.0129724545404315,1.4781367778778076,32.192359924316406,30.87922477722168,-81.81044006347656
14.357563495635986,0,48.715396881103516,1.3324451446533203,1.5,4.800703048706055,2.004000186920166,2952.0,-0.6981333494186401,2.0,20.012001037597656,0.02739615924656391,-1.7466591596603394,-0.07721693813800812,7.992851257324219,-0.031469717621803284,0.04359927028417587,1.4882569313049316,31.48483657836914,31.94402503967285,-82.4921875
14.377979040145874,0,48.7413330078125,1.3256444931030273,1.5,4.799073219299316,2.004000186920166,2944.0,-0.6981333494186401,2.0,20.036001205444336,0.02593209594488144,-1.8166930675506592,0.24242527782917023,8.791956901550293,-0.09232387691736221,0.04586299508810043,1.4641549587249756,32.192359924316406,31.589092254638672,-83.17394256591797
14.398108005523682,0,48.766761779785156,1.3138582706451416,1.5,4.821073532104492,2.004000186920166,2960.0,-0.6981333494186401,2.0,20.012001037597656,0.025425728410482407,-2.1896090507507324,-0.5704476237297058,8.043131828308105,-0.0953865572810173,0.030416425317525864,1.4556326866149902,32.015480041503906,29.282024383544922,-80.95824432373047
14.418425559997559,0,48.79292678833008,1.3145674467086792,1.5,4.851089000701904,2.0160000324249268,2948.0,-0.6981333494186401,2.0,20.00800132751465,0.026168767362833023,-2.5697078704833984,-0.4393584132194519,9.008044242858887,-0.10457460582256317,-0.006735237315297127,1.4527032375335693,32.72300338745117,30.701757431030273,-81.29911804199219
14.438616037368774,0,48.821292877197266,1.3275878429412842,1.5,4.8611979484558105,2.004000186920166,3068.0,-0.6981333494186401,2.0,20.02400016784668,0.028364863246679306,-2.211158037185669,-0.3519655764102936,10.047779083251953,-0.042122527956962585,0.02295946143567562,1.4612253904342651,32.54612350463867,30.169357299804688,-82.15131378173828
14.458791255950928,0,48.848419189453125,1.3378827571868896,1.5,4.8453545570373535,2.004000186920166,2948.0,-0.6981333494186401,2.0,20.00400161743164,0.027126463130116463,-2.3548173904418945,-0.021548913791775703,10.512876510620117,-0.03839404135942459,-0.04947962611913681,1.4557658433914185,30.777311325073242,30.169357299804688,-81.46955871582031
14.47912883758545,0,48.87481689453125,1.334114909172058,1.5,4.825981140136719,2.0320000648498535,2956.0,-0.6981333494186401,2.0,20.00400161743164,0.0263944324105978,-2.0597169399261475,0.2549954652786255,10.783435821533203,-0.04997897148132324,-0.040557898581027985,1.4248727560043335,31.838598251342773,29.459489822387695,-83.17394256591797
14.499297857284546,0,48.90017318725586,1.3206883668899536,1.5,4.830254077911377,2.004000186920166,2956.0,-0.6981333494186401,2.0,20.00400161743164,0.025359680876135826,-2.41467547416687,0.47168177366256714,5.4135661125183105,-0.11815693229436874,-0.01632276177406311,1.4063634872436523,30.777311325073242,30.169357299804688,-83.17394256591797
14.519643545150757,0,48.92564392089844,1.3136402368545532,1.5,4.8552141189575195,2.008000135421753,2956.0,-0.6981333494186401,2.0,20.012001037597656,0.02547251246869564,-2.554144859313965,-0.602770984172821,9.504267692565918,-0.14212575554847717,0.08221569657325745,1.442716121673584,29.362262725830078,28.394689559936523,-82.15131378173828
14.54001235961914,0,48.953121185302734,1.3170585632324219,1.5,4.88120698928833,2.01200008392334,3108.0,-0.6981333494186401,2.0,20.216001510620117,0.02747596800327301,-3.349658966064453,-0.3830918073654175,10.350062370300293,-0.051177412271499634,0.03507702797651291,1.4497736692428589,30.600431442260742,28.92708969116211,-81.63999938964844
14.560315132141113,0,48.9801139831543,1.328099012374878,1.5,4.886837005615234,2.004000186920166,2944.0,-0.6981333494186401,2.0,20.00400161743164,0.026991616934537888,-2.509251356124878,-0.32263511419296265,8.635128021240234,0.05135585367679596,-0.053873904049396515,1.4813326597213745,29.716026306152344,28.749622344970703,-81.1286849975586
14.580490350723267,0,49.00784683227539,1.3380540609359741,1.5,4.869584083557129,2.0360000133514404,2952.0,-0.6981333494186401,2.0,20.00800132751465,0.027737408876419067,-1.8777483701705933,0.19573596119880676,8.733894348144531,0.02246011421084404,-0.03669625520706177,1.4752072095870972,31.307954788208008,28.57215690612793,-80.61737060546875
14.600689172744751,0,49.0347785949707,1.337390661239624,1.5,4.846530437469482,2.004000186920166,2964.0,-0.6981333494186401,2.0,20.00400161743164,0.02692832052707672,-1.4892693758010864,0.22865791618824005,9.234308242797852,-0.07208354771137238,0.05331995710730553,1.4660191535949707,30.600431442260742,28.217222213745117,-82.3217544555664
14.620969295501709,0,49.06052017211914,1.3302943706512451,1.5,4.83682107925415,2.0160000324249268,2948.0,-0.6981333494186401,2.0,20.012001037597656,0.025744959712028503,-2.6152000427246094,-0.3274237811565399,11.371241569519043,-0.09525340050458908,0.03827287256717682,1.4636223316192627,30.42354965209961,28.394689559936523,-81.81044006347656
14.641146659851074,0,49.087059020996094,1.3251352310180664,1.5,4.8426384925842285,2.008000135421753,3028.0,-0.6981333494186401,2.0,20.00400161743164,0.026537535712122917,-2.3883378505706787,-0.414218008518219,8.949383735656738,-0.016289470717310905,-0.00700155645608902,1.4705466032028198,29.892906188964844,28.217222213745117,-81.63999938964844
14.661375761032104,0,49.11354064941406,1.329731822013855,1.5,4.847570896148682,2.004000186920166,2952.0,-0.6981333494186401,2.0,20.00400161743164,0.02647974342107773,-2.1890103816986084,0.010175875388085842,10.877412796020508,0.004483502358198166,0.07995197176933289,1.4752072095870972,30.954193115234375,27.507354736328125,-82.66262817382812
14.682793140411377,0,49.14130783081055,1.3404322862625122,1.5,4.834831237792969,2.004000186920166,2944.0,-0.6981333494186401,2.0,20.012001037597656,0.027770431712269783,-2.5697078704833984,0.19453880190849304,10.14774227142334,-0.014957869425415993,0.000988047569990158,1.469481348991394,30.069787979125977,26.62002182006836,-82.15131378173828
14.701915264129639,0,49.16913604736328,1.3473163843154907,1.5,4.805554389953613,2.01200008392334,2956.0,-0.6981333494186401,2.0,20.012001037597656,0.027822719886898994,-1.7478562593460083,-0.31245923042297363,7.791129112243652,-0.0001771003007888794,-0.04934646189212799,1.4740087985992432,28.831619262695312,28.57215690612793,-82.66262817382812
14.722251176834106,0,49.195560455322266,1.3443515300750732,1.5,4.778586387634277,2.008000135421753,2952.0,-0.6981333494186401,2.0,20.016000747680664,0.026427455246448517,-2.1453139781951904,0.11432895809412003,5.962464809417725,-0.1178906112909317,0.020429419353604317,1.4367239475250244,30.069787979125977,26.62002182006836,-82.4921875
14.742783784866333,0,49.221797943115234,1.3364129066467285,1.5,4.767977237701416,2.008000135421753,2956.0,-0.6981333494186401,2.0,20.012001037597656,0.026237567886710167,-2.6140029430389404,-0.6207284331321716,8.767415046691895,-0.11189840734004974,0.013771414756774902,1.4407187700271606,30.069787979125977,26.265087127685547,-82.4921875
14.76257848739624,0,49.24809646606445,1.3340555429458618,1.5,4.769938945770264,2.008000135421753,2948.0,-0.6981333494186401,2.0,20.00400161743164,0.026300864294171333,-2.679248332977295,-0.23883378505706787,10.075912475585938,-0.04225568473339081,-0.09395509213209152,1.4621576070785522,30.24666976928711,25.73268699645996,-83.68525695800781
14.7829270362854,0,49.275596618652344,1.341557502746582,1.5,4.76577091217041,2.0160000324249268,2948.0,-0.6981333494186401,2.0,20.036001205444336,0.027492480352520943,-2.072885751724243,-0.8811111450195312,8.614776611328125,0.08011842519044876,-0.028040848672389984,1.4943822622299194,27.41657066345215,26.087621688842773,-83.68525695800781
14.803292512893677,0,49.30358123779297,1.3495652675628662,1.5,4.744195461273193,2.0160000324249268,2952.0,-0.6981333494186401,2.0,20.016000747680664,0.027990592643618584,-2.127955198287964,0.30946633219718933,9.612610816955566,0.016601070761680603,-0.005803115665912628,1.4830636978149414,28.124095916748047,25.73268699645996,-82.66262817382812
14.823436498641968,0,49.32992935180664,1.3451471328735352,1.5,4.7233662605285645,2.01200008392334,2948.0,-0.6981333494186401,2.0,20.012001037597656,0.026347648352384567,-2.121370792388916,-0.1502438187599182,6.926179885864258,-0.0666239857673645,0.05132255703210831,1.4790688753128052,27.41657066345215,26.442554473876953,-81.29911804199219
14.843627691268921,0,49.3555908203125,1.3315391540527344,1.5,4.727228164672852,2.004000186920166,2960.0,-0.6981333494186401,2.0,20.00400161743164,0.02566239982843399,-2.6858325004577637,-0.23643946647644043,9.763453483581543,-0.0541069321334362,0.051988355815410614,1.4662854671478271,28.47785758972168,25.02281951904297,-83.00350189208984
14.863944292068481,0,49.38134765625,1.3260860443115234,1.5,4.750591278076172,2.004000186920166,2940.0,-0.6981333494186401,2.0,20.012001037597656,0.02575872093439102,-2.6217844486236572,-0.001197161851450801,8.399287223815918,-0.06436026096343994,-0.03270145133137703,1.4562984704971313,27.23969078063965,23.0706844329834,-81.81044006347656
14.884116649627686,0,49.408973693847656,1.3358535766601562,1.5,4.765350818634033,2.008000135421753,2956.0,-0.6981333494186401,2.0,20.00400161743164,0.02762182429432869,-1.8478193283081055,-0.6734035611152649,8.70336627960205,-0.012960468418896198,0.031748026609420776,1.477737307548523,26.53216552734375,23.78055191040039,-82.15131378173828
14.904460668563843,0,49.4376335144043,1.3515764474868774,1.5,4.74983549118042,2.004000186920166,2960.0,-0.6981333494186401,2.0,20.016000747680664,0.028662079945206642,-2.2225310802459717,-0.3932676613330841,9.42345905303955,-0.03000495955348015,0.040003951638936996,1.487857460975647,26.355283737182617,22.183351516723633,-81.98087310791016
14.9246084690094,0,49.4649772644043,1.355573058128357,1.5,4.7159295082092285,2.008000135421753,2952.0,-0.6981333494186401,2.0,20.00400161743164,0.027338368818163872,-1.784968376159668,-0.7673807740211487,6.843575954437256,0.00075501948595047,-0.023912888020277023,1.5025050640106201,25.117116928100586,23.0706844329834,-83.17394256591797
14.944978475570679,0,49.490570068359375,1.3401285409927368,1.5,4.701470375061035,2.004000186920166,2960.0,-0.6981333494186401,2.0,20.012001037597656,0.025599103420972824,-1.1253321170806885,0.12689915299415588,8.203551292419434,-0.052242692559957504,0.04639563709497452,1.4749408960342407,24.940235137939453,22.183351516723633,-83.00350189208984
14.965151309967041,0,49.514976501464844,1.3204282522201538,1.5,4.728293418884277,2.004000186920166,2940.0,-0.6981333494186401,2.0,20.012001037597656,0.024399232119321823,-2.4039011001586914,0.16341258585453033,11.250328063964844,-0.09858240187168121,0.10099126398563385,1.4481757879257202,24.055830001831055,24.135486602783203,-81.1286849975586
14.985499382019043,0,49.54096603393555,1.3160688877105713,1.5,4.7763824462890625,2.008000135421753,2956.0,-0.6981333494186401,2.0,20.00800132751465,0.025989888235926628,-2.379359245300293,-1.3527928590774536,12.0057373046875,-0.03120340034365654,-0.020051244646310806,1.465619683265686,25.29399871826172,22.893218994140625,-80.95824432373047
15.005644798278809,0,49.56879806518555,1.3303160667419434,1.5,4.804861545562744,2.004000186920166,2948.0,-0.6981333494186401,2.0,20.012001037597656,0.027836479246616364,-3.0665299892425537,0.025140399113297462,9.838275909423828,-0.01269414834678173,-0.04082421585917473,1.4705466032028198,23.702068328857422,22.005884170532227,-80.44692993164062
15.025789022445679,0,49.597312927246094,1.3471729755401611,1.5,4.795205593109131,2.004000186920166,2952.0,-0.6981333494186401,2.0,20.00800132751465,0.028518976643681526,-2.7893872261047363,0.13049064576625824,7.0686421394348145,-0.05756909400224686,-0.012860599905252457,1.4705466032028198,22.463899612426758,21.11855125427246,-81.63999938964844
15.046160697937012,0,49.624515533447266,1.3472864627838135,1.5,4.770901203155518,2.004000186920166,2956.0,-0.6981333494186401,2.0,20.00800132751465,0.027200767770409584,-2.0998218059539795,0.5830178260803223,7.317651748657227,-0.10231088101863861,-0.02364656701683998,1.4479094743728638,22.64078140258789,21.296016693115234,-82.4921875
15.06630253791809,0,49.64971160888672,1.3332610130310059,1.5,4.76801061630249,2.004000186920166,2948.0,-0.6981333494186401,2.0,20.00800132751465,0.025191808119416237,-1.9777113199234009,0.12330766767263412,9.210963249206543,-0.12215173244476318,0.057447921484708786,1.4329954385757446,21.756376266479492,22.538284301757812,-80.95824432373047
15.08670687675476,0,49.67509841918945,1.3217092752456665,1.5,4.793541431427002,2.004000186920166,2948.0,-0.6981333494186401,2.0,20.012001037597656,0.02538444846868515,-1.7873626947402954,-0.2202777862548828,10.921109199523926,-0.1366661787033081,0.014037735760211945,1.4198126792907715,22.817663192749023,22.538284301757812,-81.63999938964844
15.106827020645142,0,49.701759338378906,1.3237555027008057,1.5,4.824610710144043,2.004000186920166,2960.0,-0.6981333494186401,2.0,20.00400161743164,0.026666879653930664,-2.0645055770874023,-0.17239131033420563,9.014030456542969,-0.10630568116903305,0.04652879387140274,1.440319299697876,20.69508934020996,22.183351516723633,-80.61737060546875
15.127146482467651,0,49.729400634765625,1.3341131210327148,1.5,4.83697509765625,2.01200008392334,2952.0,-0.6981333494186401,2.0,20.020000457763672,0.027638336643576622,-1.9567610025405884,-0.532138466835022,8.087427139282227,-0.03812772408127785,0.03960447013378143,1.4754735231399536,21.756376266479492,22.538284301757812,-80.95824432373047
15.147339820861816,0,49.75712966918945,1.3414654731750488,1.5,4.828813552856445,2.0160000324249268,2964.0,-0.6981333494186401,2.0,20.00400161743164,0.02773190476000309,-2.2686216831207275,0.22746075689792633,9.582083702087402,-0.046117328107357025,5.5927783250808716e-05,1.4674839973449707,20.518207550048828,24.135486602783203,-80.44692993164062
15.16749882698059,0,49.78373336791992,1.3409909009933472,1.5,4.8168463706970215,2.008000135421753,2948.0,-0.6981333494186401,2.0,20.00800132751465,0.026603583246469498,-2.29376220703125,0.648263156414032,6.351541996002197,-0.13440245389938354,0.007246571592986584,1.4292670488357544,19.456920623779297,23.78055191040039,-81.81044006347656
15.188000679016113,0,49.811073303222656,1.3372069597244263,1.5,4.812589645385742,2.004000186920166,3012.0,-0.6981333494186401,2.0,20.268001556396484,0.027338368818163872,-2.3961193561553955,-0.015563104301691055,11.47240161895752,-0.13586722314357758,0.07103024423122406,1.429666519165039,19.280040740966797,23.958019256591797,-83.3443832397461
15.208362817764282,0,49.837059020996094,1.3357136249542236,1.5,4.814791202545166,2.008000135421753,2952.0,-0.6981333494186401,2.0,20.00800132751465,0.025987135246396065,-2.97674298286438,-0.3884790241718292,10.324922561645508,-0.07740994542837143,-0.016855403780937195,1.4520373344421387,18.74939727783203,24.135486602783203,-83.17394256591797
15.228543519973755,0,49.864036560058594,1.3376562595367432,1.5,4.816521167755127,2.0240001678466797,2952.0,-0.6981333494186401,2.0,20.012001037597656,0.02697785571217537,-2.2386927604675293,-0.3914719223976135,8.672240257263184,0.005282461643218994,0.019097818061709404,1.4831968545913696,17.6881103515625,23.78055191040039,-81.46955871582031
15.248925924301147,0,49.891334533691406,1.3410282135009766,1.5,4.811831951141357,2.004000186920166,2968.0,-0.6981333494186401,2.0,20.012001037597656,0.027294335886836052,-1.865776777267456,-0.1819685995578766,9.234308242797852,0.010875185951590538,0.09433326125144958,1.4746745824813843,18.218753814697266,24.312952041625977,-82.66262817382812
15.269213199615479,0,49.91808319091797,1.3418322801589966,1.5,4.803914546966553,2.004000186920166,2948.0,-0.6981333494186401,2.0,20.012001037597656,0.026749439537525177,-1.6640549898147583,0.016760265454649925,8.25802230834961,-0.019618472084403038,0.008711332455277443,1.45936119556427,16.980587005615234,26.265087127685547,-83.17394256591797
15.28957486152649,0,49.945613861083984,1.339455485343933,1.5,4.799981594085693,2.004000186920166,3108.0,-0.6981333494186401,2.0,20.256000518798828,0.027531007304787636,-2.3596060276031494,0.2190806120634079,8.565093994140625,-0.07128458470106125,0.08847422152757645,1.4456456899642944,16.980587005615234,25.910154342651367,-84.5374526977539
15.309768676757812,0,49.97160720825195,1.3373215198516846,1.5,4.801868438720703,2.004000186920166,2948.0,-0.6981333494186401,2.0,20.012001037597656,0.025995392352342606,-2.794175863265991,0.09158287942409515,8.385519981384277,-0.0965849980711937,0.026554781943559647,1.449906826019287,16.62682342529297,25.910154342651367,-83.51482391357422
15.33007550239563,0,49.99850082397461,1.3385686874389648,1.5,4.805234909057617,2.0160000324249268,2948.0,-0.6981333494186401,2.0,20.00400161743164,0.026892544701695442,-2.3895349502563477,-0.13288496434688568,7.191949844360352,-0.07314882427453995,-0.008998958393931389,1.461758017539978,16.273061752319336,24.490419387817383,-85.21920776367188
15.350240707397461,0,50.026206970214844,1.345539927482605,1.5,4.799590587615967,2.004000186920166,2956.0,-0.6981333494186401,2.0,20.00400161743164,0.027704384177923203,-2.3572115898132324,-0.19573596119880676,8.889525413513184,0.006614062935113907,0.026687942445278168,1.4830636978149414,15.034893989562988,24.312952041625977,-84.7078857421875
15.370551824569702,0,50.05412292480469,1.3559868335723877,1.5,4.77633810043335,2.008000135421753,2944.0,-0.6981333494186401,2.0,20.00800132751465,0.027919039130210876,-2.6576993465423584,-0.08619565516710281,10.382386207580566,-0.007634065113961697,0.0015206877142190933,1.4930506944656372,16.980587005615234,24.490419387817383,-84.5374526977539
15.390747308731079,0,50.08233642578125,1.3602107763290405,1.5,4.740046977996826,2.008000135421753,3052.0,-0.6981333494186401,2.0,20.012001037597656,0.028210751712322235,-2.4302384853363037,0.4531257748603821,9.836480140686035,-0.08207054436206818,0.04027026891708374,1.4826642274856567,14.681131362915039,25.73268699645996,-86.7531509399414
15.411065578460693,0,50.107887268066406,1.3505560159683228,1.5,4.717555999755859,2.0160000324249268,2948.0,-0.6981333494186401,2.0,20.012001037597656,0.025555072352290154,-2.9120962619781494,0.018556008115410805,10.415307998657227,-0.10271035879850388,0.1388087272644043,1.4744082689285278,14.327369689941406,25.73268699645996,-87.09402465820312
15.431246280670166,0,50.13325119018555,1.335329294204712,1.5,4.7265706062316895,2.0199999809265137,2956.0,-0.6981333494186401,2.0,20.016000747680664,0.025359680876135826,-2.7690353393554688,-0.2514039874076843,10.71399974822998,-0.05770225450396538,-0.03616361320018768,1.479601502418518,13.79672622680664,25.200286865234375,-85.90095520019531
15.451416015625,0,50.16002655029297,1.3343510627746582,1.5,4.750680923461914,2.004000186920166,2972.0,-0.6981333494186401,2.0,20.00400161743164,0.026776960119605064,-2.5236172676086426,0.07661835849285126,9.491697311401367,-0.04225568473339081,-0.05374074727296829,1.4823979139328003,13.79672622680664,26.265087127685547,-85.5600814819336
15.471781015396118,0,50.187870025634766,1.3469191789627075,1.5,4.757350921630859,2.008000135421753,2948.0,-0.6981333494186401,2.0,20.012001037597656,0.02784748747944832,-2.7810070514678955,-0.11313179135322571,9.628173828125,-0.040924087166786194,-0.037228893488645554,1.4889227151870728,14.327369689941406,24.490419387817383,-87.26446533203125
15.49195408821106,0,50.21636962890625,1.3583149909973145,1.5,4.736135005950928,2.004000186920166,2976.0,-0.6981333494186401,2.0,20.012001037597656,0.028496960178017616,-1.99686598777771,0.05985809117555618,9.115190505981445,-0.07301566004753113,-0.024845007807016373,1.4875911474227905,11.497271537780762,25.02281951904297,-88.11666107177734
15.512273073196411,0,50.24283981323242,1.3538074493408203,1.5,4.712761878967285,2.004000186920166,2952.0,-0.6981333494186401,2.0,20.00400161743164,0.026468735188245773,-1.8430306911468506,-0.1340821236371994,9.647927284240723,-0.05983281508088112,0.11950051784515381,1.503570318222046,12.912321090698242,25.37775421142578,-87.7757797241211
15.532438516616821,0,50.268131256103516,1.337416172027588,1.5,4.718123435974121,2.008000135421753,2956.0,-0.6981333494186401,2.0,20.016000747680664,0.025290880352258682,-1.9417965412139893,-0.06584390252828598,10.068729400634766,-0.12028749287128448,0.07395976781845093,1.491186499595642,13.266082763671875,25.37775421142578,-88.11666107177734
15.552791357040405,0,50.29420471191406,1.3298985958099365,1.5,4.74837589263916,2.004000186920166,2976.0,-0.6981333494186401,2.0,20.012001037597656,0.02607244811952114,-2.4284427165985107,-0.3274237811565399,10.43506145477295,-0.07341514527797699,0.07329396903514862,1.5142230987548828,11.143509864807129,25.73268699645996,-87.43490600585938
15.572956800460815,0,50.32156753540039,1.3383070230484009,1.5,4.77138090133667,2.0360000133514404,2952.0,-0.6981333494186401,2.0,20.020000457763672,0.02736588753759861,-2.8276963233947754,-0.09936443716287613,7.1506476402282715,-0.021615874022245407,0.014037735760211945,1.511293649673462,12.027915000915527,25.200286865234375,-89.30972290039062
15.593172311782837,0,50.35012435913086,1.3523894548416138,1.5,4.765318393707275,2.008000135421753,2972.0,-0.6981333494186401,2.0,20.00800132751465,0.028554752469062805,-1.929824948310852,-0.9457578659057617,7.439762115478516,0.03377871960401535,-0.016855403780937195,1.498643398284912,12.204795837402344,25.73268699645996,-87.43490600585938
15.613491773605347,0,50.377037048339844,1.352604866027832,1.5,4.746462821960449,2.004000186920166,2960.0,-0.6981333494186401,2.0,20.012001037597656,0.026914559304714203,-1.9591553211212158,0.3872818648815155,8.00781536102295,-0.0596996545791626,0.0318811871111393,1.456697940826416,13.089201927185059,25.200286865234375,-89.30972290039062
15.633920192718506,0,50.40279006958008,1.3406281471252441,1.5,4.746006011962891,2.008000135421753,2948.0,-0.6981333494186401,2.0,20.016000747680664,0.02575596794486046,-2.755866527557373,-0.8332246541976929,9.920281410217285,-0.11216472834348679,0.023492101579904556,1.4400529861450195,9.905342102050781,25.200286865234375,-88.9688491821289
15.65400242805481,0,50.42898941040039,1.3332178592681885,1.5,4.767999172210693,2.0199999809265137,2968.0,-0.6981333494186401,2.0,20.012001037597656,0.026199039071798325,-2.7780141830444336,-0.532138466835022,10.998924255371094,-0.04318780452013016,-0.06718991696834564,1.455499529838562,8.84405517578125,24.845354080200195,-87.94622039794922
15.674324989318848,0,50.456382751464844,1.342037558555603,1.5,4.7835798263549805,2.008000135421753,2948.0,-0.6981333494186401,2.0,20.00800132751465,0.027390655130147934,-2.506856918334961,-0.7368531227111816,8.183199882507324,0.042300961911678314,-0.009265279397368431,1.4870585203170776,11.851034164428711,27.507354736328125,-87.09402465820312
15.694487571716309,0,50.48517608642578,1.3573949337005615,1.5,4.769256114959717,2.008000135421753,2976.0,-0.6981333494186401,2.0,20.00400161743164,0.02879142388701439,-1.932817816734314,0.055668026208877563,9.52402114868164,0.03191448003053665,0.010176093317568302,1.4998418092727661,10.966628074645996,27.32988929748535,-88.9688491821289
15.714622259140015,0,50.51234436035156,1.3591039180755615,1.5,4.739972114562988,2.008000135421753,2948.0,-0.6981333494186401,2.0,20.00400161743164,0.02716774493455887,-1.9842957258224487,0.8547735810279846,8.134116172790527,-0.01775423064827919,0.000588567927479744,1.483463168144226,10.082222938537598,27.152421951293945,-88.11666107177734
15.734950065612793,0,50.53781509399414,1.3437070846557617,1.5,4.73211145401001,2.0160000324249268,2948.0,-0.6981333494186401,2.0,20.00800132751465,0.025469759479165077,-1.8729597330093384,-0.16879981756210327,9.312722206115723,-0.041989363729953766,0.06264116615056992,1.4693481922149658,7.252125263214111,27.507354736328125,-88.11666107177734
15.755122423171997,0,50.562984466552734,1.328277587890625,1.5,4.760066509246826,2.004000186920166,2948.0,-0.6981333494186401,2.0,20.012001037597656,0.02517254464328289,-2.8115346431732178,-0.04549214988946915,10.371012687683105,-0.08766327053308487,0.028685344383120537,1.4447135925292969,8.313411712646484,27.152421951293945,-87.7757797241211
15.775453805923462,0,50.58982467651367,1.330612063407898,1.5,4.796513557434082,2.0160000324249268,2948.0,-0.6981333494186401,2.0,20.00800132751465,0.026837503537535667,-2.3212969303131104,-0.9260047078132629,6.804667949676514,-0.029472317546606064,-0.0062025971710681915,1.4710792303085327,8.84405517578125,27.68482208251953,-87.26446533203125
15.795722723007202,0,50.618404388427734,1.3466200828552246,1.5,4.806448936462402,2.0160000324249268,2952.0,-0.6981333494186401,2.0,20.00800132751465,0.028582271188497543,-2.041759490966797,-0.19154590368270874,8.506433486938477,0.03191448003053665,-0.00021039322018623352,1.48466157913208,8.313411712646484,28.217222213745117,-87.09402465820312
15.815988779067993,0,50.64659881591797,1.3593732118606567,1.5,4.78454065322876,2.004000186920166,2956.0,-0.6981333494186401,2.0,20.016000747680664,0.028188735246658325,-1.7304974794387817,-0.0005985809257254004,9.893345832824707,0.017666351050138474,0.015369336120784283,1.4804004430770874,8.490293502807617,28.039756774902344,-87.94622039794922
15.836138725280762,0,50.673973083496094,1.3571079969406128,1.5,4.755991458892822,2.01200008392334,2952.0,0.2600821852684021,2.0,20.012001037597656,0.027376895770430565,-1.6879981756210327,0.19453880190849304,10.36083698272705,-0.06023229658603668,0.14546674489974976,1.4594943523406982,7.429006576538086,27.68482208251953,-87.94622039794922
15.856473445892334,0,50.698974609375,1.3411223888397217,1.5,4.753999710083008,2.004000186920166,2952.0,0.2600821852684021,2.0,20.00400161743164,0.024999167770147324,-2.9851231575012207,0.13348354399204254,11.795037269592285,-0.08060579001903534,0.12362848222255707,1.4638886451721191,8.313411712646484,28.92708969116211,-87.43490600585938
15.876652956008911,0,50.724456787109375,1.3288112878799438,1.5,4.783158779144287,2.0360000133514404,2956.0,0.2600821852684021,2.0,20.036001205444336,0.025483520701527596,-2.4793221950531006,-1.018784761428833,9.343249320983887,-0.03306763991713524,-0.10074625164270401,1.4758729934692383,7.075243949890137,30.5242919921875,-87.26446533203125
15.896996259689331,0,50.75139236450195,1.3303537368774414,1.5,4.818459987640381,2.01200008392334,2972.0,-0.0,2.0,20.00800132751465,0.026936575770378113,-0.666819155216217,-0.6201298236846924,7.995245456695557,0.03670824319124222,-0.13656631112098694,1.3935800790786743,6.367719650268555,30.169357299804688,-87.94622039794922
15.917137145996094,0,50.77906799316406,1.3419562578201294,1.5,4.833135604858398,2.008000135421753,2952.0,-0.0,2.0,20.00800132751465,0.027676863595843315,0.3292195200920105,-0.7877324819564819,7.123711585998535,0.01740003004670143,-0.11139905452728271,1.1789261102676392,6.89836311340332,29.282024383544922,-87.09402465820312
15.937331676483154,0,50.80738067626953,1.3534585237503052,1.5,4.82179594039917,2.01200008392334,2976.0,-0.0,2.0,20.00800132751465,0.028312575072050095,1.0098060369491577,-1.121142029762268,8.923644065856934,-0.037861403077840805,-0.13669946789741516,0.9665358066558838,6.367719650268555,29.459489822387695,-87.26446533203125
15.957653522491455,0,50.834678649902344,1.3566750288009644,1.5,4.798774719238281,2.01200008392334,2952.0,-0.0,2.0,20.012001037597656,0.02729984000325203,1.336631178855896,-0.17957428097724915,10.774456977844238,-0.056370653212070465,-0.15148024260997772,0.7564091682434082,7.075243949890137,28.394689559936523,-88.62797546386719
15.977911472320557,0,50.861595153808594,1.354738712310791,1.5,4.779394626617432,2.01200008392334,2952.0,-0.0,2.0,20.016000747680664,0.026917312294244766,1.2606114149093628,-0.21788345277309418,9.282194137573242,-0.042921483516693115,-0.13110674917697906,0.5268412232398987,6.013957500457764,29.814424514770508,-87.26446533203125
15.998207807540894,0,50.888729095458984,1.352833867073059,1.5,4.767325401306152,2.01200008392334,2972.0,-0.0,2.0,20.00400161743164,0.027129216119647026,1.716131567955017,0.011971618980169296,9.620392799377441,-0.04957948997616768,-0.079440638422966,0.3324275016784668,6.89836311340332,31.056692123413086,-88.45753479003906
16.018346309661865,0,50.91550064086914,1.3521696329116821,1.5,4.7597432136535645,2.01200008392334,2956.0,-0.0,2.0,20.00400161743164,0.0267742071300745,1.0546995401382446,-0.4830548167228699,9.152900695800781,-0.045052047818899155,-0.11153222620487213,0.17649704217910767,5.129551887512207,29.99188995361328,-88.45753479003906
16.03872585296631,0,50.94352722167969,1.3554390668869019,1.5,4.750706672668457,2.01200008392334,3060.0,-0.0,2.0,20.036001205444336,0.028026368468999863,1.7101457118988037,-0.6746007204055786,9.000861167907715,-0.032801318913698196,-0.13163939118385315,0.006185291334986687,5.837076663970947,31.056692123413086,-88.45753479003906
16.059150457382202,0,50.9708366394043,1.3625659942626953,1.5,4.731870174407959,2.008000135421753,2948.0,-0.0,2.0,20.00400161743164,0.027310848236083984,0.16879981756210327,-0.4369640648365021,9.148112297058105,0.047760531306266785,-0.04402005672454834,-0.09927748888731003,6.190838813781738,29.282024383544922,-89.13928985595703
16.079108715057373,0,50.99861526489258,1.3670918941497803,1.5,4.703204154968262,2.0240001678466797,2956.0,-0.0,2.0,20.00800132751465,0.027778688818216324,0.24362243711948395,0.5016108155250549,7.369129657745361,0.013538386672735214,-0.04388689994812012,-0.13150224089622498,5.660195350646973,29.459489822387695,-88.9688491821289
16.099422216415405,0,51.025733947753906,1.3625202178955078,1.5,4.679337978363037,2.008000135421753,2972.0,-0.0,2.0,20.00800132751465,0.02711820788681507,0.6620305180549622,0.36154288053512573,10.645163536071777,-0.04731576889753342,0.07981881499290466,-0.11046294122934341,5.837076663970947,30.346824645996094,-88.45753479003906
16.119755744934082,0,51.05158233642578,1.3521058559417725,1.5,4.676101207733154,2.01200008392334,2952.0,-0.0,2.0,20.00400161743164,0.025846783071756363,-0.29569897055625916,0.3962605595588684,9.92926025390625,-0.01109622698277235,0.0309490654617548,-0.10966397821903229,4.952671051025391,31.23415756225586,-87.94622039794922
16.140094757080078,0,51.078678131103516,1.3450961112976074,1.5,4.6925368309021,2.01200008392334,3112.0,-0.0,2.0,20.18400001525879,0.02709619142115116,-0.14126509428024292,0.19633454084396362,9.912500381469727,0.01606842875480652,-0.07171735912561417,-0.1010085716843605,4.952671051025391,31.589092254638672,-89.65060424804688
16.160259008407593,0,51.10514450073242,1.3465255498886108,1.5,4.710559368133545,2.01200008392334,2960.0,-0.0,2.0,20.012001037597656,0.026468735188245773,0.08080842345952988,0.23045365512371063,7.9126410484313965,-0.0003102608025074005,-0.014858003705739975,-0.07464287430047989,5.660195350646973,29.459489822387695,-89.65060424804688
16.180617570877075,0,51.13288497924805,1.3538057804107666,1.5,4.716748237609863,2.004000186920166,2948.0,-0.0,2.0,20.012001037597656,0.027737408876419067,0.33281099796295166,-0.49502643942832947,10.946249008178711,0.02459067478775978,-0.08543284237384796,-0.0634574294090271,6.190838813781738,28.92708969116211,-87.43490600585938
16.20082402229309,0,51.16078567504883,1.358949899673462,1.5,4.709197521209717,2.01200008392334,2964.0,-0.0,2.0,20.00400161743164,0.027902528643608093,0.356155663728714,0.9248075485229492,6.872307777404785,0.01926426962018013,-0.04402005672454834,-0.07717292010784149,5.483314037322998,28.92708969116211,-87.09402465820312
16.221133947372437,0,51.187705993652344,1.35848867893219,1.5,4.698781967163086,2.004000186920166,2952.0,-0.0,2.0,20.012001037597656,0.02692006342113018,-0.08439990878105164,0.19932745397090912,8.572277069091797,-0.04145672544836998,0.04852619767189026,-0.07703975588083267,3.8913843631744385,30.5242919921875,-87.26446533203125
16.241321086883545,0,51.2145881652832,1.350808024406433,1.5,4.699855804443359,2.004000186920166,3032.0,0.0814034566283226,2.0,20.00400161743164,0.026881536468863487,0.700339674949646,0.016161685809493065,12.548051834106445,0.007413024082779884,0.03134854510426521,-0.0910215675830841,4.245146751403809,29.104557037353516,-88.62797546386719
16.26147747039795,0,51.24030303955078,1.3441740274429321,1.5,4.716214656829834,2.004000186920166,2948.0,0.0814034566283226,2.0,20.00800132751465,0.025717439129948616,-0.14365942776203156,0.3735145032405853,6.542489528656006,0.033246077597141266,0.030682746320962906,-0.09994329512119293,4.422027587890625,29.99188995361328,-87.43490600585938
16.28180193901062,0,51.26701736450195,1.3424780368804932,1.5,4.738661766052246,2.01200008392334,2952.0,0.0814034566283226,2.0,20.012001037597656,0.02671641670167446,0.1430608481168747,0.14784948527812958,9.329482078552246,-0.029605478048324585,-0.036296773701906204,-0.10420441627502441,5.306433200836182,28.394689559936523,-86.58271026611328
16.30195951461792,0,51.29447937011719,1.3460525274276733,1.5,4.756113052368164,2.004000186920166,2968.0,0.6981333494186401,2.0,20.012001037597656,0.027456704527139664,1.3210680484771729,-0.3130578100681305,9.395326614379883,-0.02920599840581417,-0.0994146540760994,-0.1766434907913208,3.1838598251342773,28.394689559936523,-85.90095520019531
16.32230806350708,0,51.322052001953125,1.3534289598464966,1.5,4.759540557861328,2.008000135421753,2956.0,0.6981333494186401,2.0,20.00400161743164,0.027575040236115456,0.07182971388101578,0.2561926245689392,10.61762809753418,0.03870564326643944,0.011374534107744694,-0.27891042828559875,4.422027587890625,31.056692123413086,-87.09402465820312
16.342435598373413,0,51.349830627441406,1.3575631380081177,1.5,4.750880241394043,2.008000135421753,2968.0,0.6981333494186401,2.0,20.00800132751465,0.027778688818216324,0.9942429065704346,0.4782661497592926,9.136738777160645,0.03138183802366257,-0.0838349238038063,-0.32964441180229187,3.8913843631744385,30.5242919921875,-86.58271026611328
16.36275315284729,0,51.37617492675781,1.352129340171814,1.5,4.745634078979492,2.004000186920166,2952.0,0.6981333494186401,2.0,20.012001037597656,0.026339391246438026,1.9196490049362183,-0.16341258585453033,9.795178413391113,-0.05730277672410011,-0.019651763141155243,-0.4847759008407593,4.952671051025391,29.104557037353516,-85.04876708984375
16.38293194770813,0,51.4018669128418,1.3392449617385864,1.5,4.762424468994141,2.0360000133514404,2956.0,0.6981333494186401,2.0,20.00800132751465,0.025692671537399292,1.6041969060897827,-0.5016108155250549,10.767273902893066,-0.017221590504050255,-0.10021360963582993,-0.6188681125640869,3.8913843631744385,29.459489822387695,-86.58271026611328
16.403099298477173,0,51.42802047729492,1.332111120223999,1.5,4.798615455627441,2.008000135421753,2968.0,0.6981333494186401,2.0,20.00400161743164,0.026155008003115654,2.5685107707977295,-0.7422403693199158,8.527982711791992,0.02552279457449913,-0.2070080041885376,-0.7682737112045288,4.245146751403809,29.459489822387695,-85.5600814819336
16.423426628112793,0,51.45479202270508,1.3355591297149658,1.5,4.831529140472412,2.004000186920166,2952.0,0.6981333494186401,2.0,20.012001037597656,0.0267742071300745,2.9815316200256348,-1.1085718870162964,10.175276756286621,-0.0218821931630373,-0.21339967846870422,-0.9371207356452942,2.1225733757019043,29.104557037353516,-84.87832641601562
16.443594932556152,0,51.48284149169922,1.3455454111099243,1.5,4.845257759094238,2.0160000324249268,2964.0,0.6981333494186401,2.0,20.016000747680664,0.02804563194513321,2.9204764366149902,-1.2498369216918945,9.681447982788086,-0.01868635229766369,-0.2139323204755783,-1.101706624031067,4.068265438079834,30.701757431030273,-85.38964080810547
16.464000940322876,0,51.51023483276367,1.3513429164886475,1.5,4.841576099395752,2.008000135421753,2952.0,0.6981333494186401,2.0,20.00800132751465,0.02739615924656391,3.105437755584717,-0.8356189727783203,7.3643412590026855,0.008345143869519234,-0.2244519740343094,-1.2452532052993774,3.1838598251342773,28.749622344970703,-85.90095520019531
16.48412775993347,0,51.537200927734375,1.3506824970245361,1.5,4.834811210632324,2.004000186920166,2948.0,0.6981333494186401,2.0,20.012001037597656,0.026964096352458,3.401735305786133,-0.5752362608909607,7.314060211181641,0.04163516312837601,-0.10993430018424988,-1.3611024618148804,2.4763355255126953,28.394689559936523,-85.5600814819336
16.504616498947144,0,51.56360626220703,1.3427890539169312,1.5,4.838292121887207,2.004000186920166,2972.0,0.6981333494186401,2.0,20.012001037597656,0.026405440643429756,3.0820932388305664,-0.890688419342041,7.173393726348877,0.040303561836481094,-0.02058388665318489,-1.4320768117904663,1.7688109874725342,28.039756774902344,-84.5374526977539
16.52464985847473,0,51.58891677856445,1.3306083679199219,1.5,4.8629584312438965,2.0160000324249268,2952.0,0.6981333494186401,2.0,20.00800132751465,0.02531014382839203,2.976144313812256,-0.8583650588989258,8.483687400817871,-0.06981982290744781,-0.08623180538415909,-1.5271531343460083,0.7075244188308716,29.459489822387695,-85.21920776367188
16.544950008392334,0,51.61471939086914,1.3209004402160645,1.5,4.908501148223877,2.0199999809265137,2976.0,0.36383113265037537,2.0,20.012001037597656,0.025802752003073692,2.590658187866211,-1.1588526964187622,9.030191421508789,-0.11882273107767105,-0.03869365528225899,-1.6516577005386353,2.8300976753234863,29.459489822387695,-83.85569763183594
16.565118074417114,0,51.640846252441406,1.3210662603378296,1.5,4.956486701965332,2.004000186920166,2948.0,0.36383113265037537,2.0,20.00400161743164,0.026127487421035767,2.0561254024505615,-0.9702996611595154,8.425026893615723,-0.020550593733787537,-0.02777453139424324,-1.7276921272277832,2.8300976753234863,28.394689559936523,-84.5374526977539
16.585309505462646,0,51.66830062866211,1.3297489881515503,1.5,4.988191604614258,2.008000135421753,2952.0,-0.0,2.0,20.00800132751465,0.0274539515376091,1.722117304801941,0.03292195126414299,8.7871675491333,-0.0019081812351942062,0.05385259911417961,-1.7651101350784302,3.1838598251342773,26.265087127685547,-83.85569763183594
16.605627059936523,0,51.69558334350586,1.336155652999878,1.5,4.999240875244141,2.01200008392334,2944.0,-0.0,2.0,20.016000747680664,0.02728608064353466,0.4800618886947632,0.6775935888290405,9.653913497924805,-0.020550593733787537,0.10352130979299545,-1.7190366983413696,3.5376219749450684,26.265087127685547,-83.85569763183594
16.62597966194153,0,51.721981048583984,1.332761526107788,1.5,5.007406234741211,2.01200008392334,2956.0,-0.0,2.0,20.012001037597656,0.026391679421067238,0.17478562891483307,1.2187107801437378,11.143780708312988,0.0490921288728714,0.07981881499290466,-1.5782865285873413,3.8913843631744385,26.62002182006836,-83.17394256591797
16.646135091781616,0,51.747982025146484,1.3247947692871094,1.5,5.029112339019775,2.01200008392334,2980.0,-0.0,2.0,20.00400161743164,0.026000896468758583,-0.049682218581438065,1.3952921628952026,6.605340480804443,0.033246077597141266,0.08887369930744171,-1.3870686292648315,3.006978750228882,27.862289428710938,-81.98087310791016
16.666319608688354,0,51.77401351928711,1.3227037191390991,1.5,5.058196067810059,2.01200008392334,2952.0,-0.0,2.0,20.00800132751465,0.0260339193046093,-0.5902007818222046,1.3240610361099243,8.277775764465332,-0.0847337543964386,0.1264248490333557,-1.2070362567901611,3.006978750228882,25.37775421142578,-83.68525695800781
16.68650460243225,0,51.80113983154297,1.3288246393203735,1.5,5.078883171081543,2.01200008392334,2960.0,-0.0,2.0,20.00800132751465,0.027129216119647026,-1.7987357378005981,1.7520463466644287,10.894771575927734,-0.02907283790409565,0.1463988572359085,-0.9757371544837952,3.5376219749450684,26.265087127685547,-84.19657135009766
16.706851482391357,0,51.829193115234375,1.3419560194015503,1.5,5.0774078369140625,2.01200008392334,2948.0,-0.0,2.0,20.00800132751465,0.028051136061549187,-1.4946565628051758,2.157285690307617,8.774598121643066,0.03897196426987648,0.1332160085439682,-0.7167407870292664,3.8913843631744385,26.62002182006836,-84.19657135009766
16.727047204971313,0,51.85786056518555,1.3582581281661987,1.5,5.045258522033691,2.0160000324249268,2952.0,-0.0,2.0,20.00400161743164,0.02866758406162262,-2.0202107429504395,2.0950331687927246,8.371153831481934,0.04136884585022926,0.15718482434749603,-0.4806479513645172,3.8913843631744385,26.97495460510254,-82.15131378173828
16.747361183166504,0,51.88625717163086,1.3673443794250488,1.5,4.99166202545166,2.008000135421753,2960.0,-0.0,2.0,20.00400161743164,0.02839788794517517,-1.3881092071533203,1.8867270946502686,10.626008987426758,-0.029605478048324585,0.044398233294487,-0.25081366300582886,4.068265438079834,27.862289428710938,-82.3217544555664
16.767550230026245,0,51.91310119628906,1.3644338846206665,1.5,4.941745758056641,2.01200008392334,2956.0,-0.0,2.0,20.00400161743164,0.026845760643482208,-0.20471467077732086,0.7655850052833557,7.984470844268799,-0.09338915348052979,0.012173494324088097,-0.1297711431980133,4.952671051025391,27.32988929748535,-84.87832641601562
16.788066387176514,0,51.9407844543457,1.3582463264465332,1.5,4.909209251403809,2.01200008392334,3004.0,-0.0,2.0,20.356000900268555,0.027682367712259293,0.023344656452536583,-0.12929348647594452,9.526415824890137,-0.004171902313828468,0.09420010447502136,-0.04814402014017105,4.422027587890625,26.797489166259766,-83.68525695800781
16.80841851234436,0,51.96769332885742,1.3615885972976685,1.5,4.885532379150391,2.01200008392334,2944.0,-0.0,2.0,20.012001037597656,0.026909055188298225,0.14665232598781586,0.19394022226333618,8.575270652770996,0.027120716869831085,0.006181290373206139,-0.03389589488506317,4.245146751403809,26.265087127685547,-83.51482391357422
16.82862114906311,0,51.99632263183594,1.374233603477478,1.5,4.846686363220215,2.004000186920166,2944.0,-0.0,2.0,20.00400161743164,0.0286235511302948,0.6105525493621826,0.08020984381437302,10.037603378295898,-0.04997897148132324,0.04945831745862961,-0.08289880305528641,3.360740900039673,27.152421951293945,-83.68525695800781
16.84894323348999,0,52.025543212890625,1.387619972229004,1.5,4.785287380218506,2.01200008392334,2952.0,-0.0,2.0,20.00400161743164,0.02922348864376545,0.34657835960388184,0.24541817605495453,8.750654220581055,0.022060632705688477,0.09393378347158432,-0.10833238065242767,4.5989089012146,28.749622344970703,-84.19657135009766
16.86914372444153,0,52.05357360839844,1.3915951251983643,1.5,4.715794563293457,2.004000186920166,2960.0,-0.0,2.0,20.016000747680664,0.02803187258541584,-0.03411911427974701,0.7404446005821228,9.532999992370605,0.05148901045322418,0.015103016048669815,-0.12031678110361099,4.775789737701416,28.57215690612793,-85.38964080810547
16.889670848846436,0,52.081417083740234,1.3829805850982666,1.5,4.660383701324463,2.01200008392334,3104.0,-0.3523259162902832,2.0,20.260000228881836,0.027844736352562904,0.2633756101131439,0.6722064018249512,7.94616174697876,0.013405226171016693,-0.0713178738951683,-0.10939765721559525,4.422027587890625,28.57215690612793,-85.73052215576172
16.909945249557495,0,52.10731506347656,1.3724288940429688,1.5,4.636036396026611,2.004000186920166,2948.0,-0.3523259162902832,2.0,20.012001037597656,0.02589632011950016,0.1191176027059555,0.3310152590274811,9.04276180267334,-0.07607834786176682,-0.003406235948204994,-0.10340545326471329,5.660195350646973,26.62002182006836,-84.5374526977539
16.930140733718872,0,52.13450622558594,1.369791865348816,1.5,4.627205848693848,2.0360000133514404,2952.0,-0.3523259162902832,2.0,20.016000747680664,0.027192512527108192,-0.3244308531284332,0.21249623596668243,10.397350311279297,-0.06103125587105751,0.08581101894378662,-0.09048892557621002,4.5989089012146,26.265087127685547,-84.5374526977539
16.95029044151306,0,52.16268539428711,1.3752700090408325,1.5,4.615749835968018,2.008000135421753,2964.0,-0.6981333494186401,2.0,20.00400161743164,0.028174975886940956,-1.3761374950408936,0.5195682644844055,11.025261878967285,-0.027341756969690323,0.03401174768805504,-0.011524999514222145,3.8913843631744385,28.039756774902344,-83.17394256591797
16.970671892166138,0,52.19093322753906,1.383577823638916,1.5,4.591213703155518,2.008000135421753,2948.0,-0.6981333494186401,2.0,20.00800132751465,0.02825203165411949,-2.327881336212158,0.7045297622680664,7.293708801269531,0.03577611967921257,0.051189400255680084,0.17316803336143494,6.190838813781738,28.92708969116211,-83.3443832397461
16.990849256515503,0,52.22004699707031,1.3910908699035645,1.5,4.552749156951904,2.008000135421753,3044.0,-0.6981333494186401,2.0,20.00800132751465,0.029116159304976463,-2.592453956604004,0.9726939797401428,10.424885749816895,0.042300961911678314,0.027353743091225624,0.33642229437828064,5.837076663970947,29.99188995361328,-86.41226959228516
17.011006593704224,0,52.247337341308594,1.3913252353668213,1.5,4.513368129730225,2.008000135421753,2956.0,-0.6981333494186401,2.0,20.00800132751465,0.027283327654004097,-2.2345025539398193,1.3102936744689941,7.416417598724365,-0.015623670071363449,-0.0008761938661336899,0.511128306388855,6.013957500457764,28.749622344970703,-84.5374526977539
17.03135919570923,0,52.273990631103516,1.3806400299072266,1.5,4.490492820739746,2.0199999809265137,2948.0,-0.6981333494186401,2.0,20.00400161743164,0.026658624410629272,-2.159679889678955,0.7619935274124146,7.743841648101807,-0.06649082154035568,0.1007249504327774,0.6807742714881897,5.306433200836182,26.97495460510254,-85.21920776367188
17.05152440071106,0,52.30007553100586,1.3652266263961792,1.5,4.499909400939941,2.01200008392334,2956.0,-0.6981333494186401,2.0,20.00400161743164,0.02608620747923851,-2.3093252182006836,0.32682517170906067,11.85489559173584,-0.03945932537317276,0.13241705298423767,0.8327099084854126,5.129551887512207,29.6369571685791,-84.02613830566406
17.07192063331604,0,52.32627868652344,1.3569297790527344,1.5,4.531876087188721,2.004000186920166,2948.0,-0.6981333494186401,2.0,20.012001037597656,0.026201792061328888,-2.6068198680877686,0.28253018856048584,7.5319437980651855,0.0019534602761268616,0.10165707021951675,0.9859771728515625,5.660195350646973,29.814424514770508,-83.51482391357422
17.092040061950684,0,52.353782653808594,1.3578797578811646,1.5,4.566316604614258,2.004000186920166,2972.0,-0.6981333494186401,2.0,20.012001037597656,0.027506239712238312,-3.6794769763946533,0.4010492265224457,8.499849319458008,-0.025610676035284996,0.19593439996242523,1.1176724433898926,6.190838813781738,28.57215690612793,-83.68525695800781
17.112210750579834,0,52.3814811706543,1.3651338815689087,1.5,4.586357116699219,2.004000186920166,2952.0,-0.6981333494186401,2.0,20.00800132751465,0.02769612893462181,-3.5956757068634033,-0.08619565516710281,8.999664306640625,-0.00337294302880764,0.20552192628383636,1.254560947418213,5.660195350646973,29.814424514770508,-84.19657135009766
17.13254976272583,0,52.40937423706055,1.37005615234375,1.5,4.590025901794434,2.004000186920166,2952.0,-0.6981333494186401,2.0,20.00800132751465,0.02789152041077614,-2.632558822631836,-0.6476645469665527,9.412086486816406,0.01713370904326439,0.1037876307964325,1.3528331518173218,6.544600963592529,32.12149429321289,-85.38964080810547
17.152686834335327,0,52.43557357788086,1.3570739030838013,1.5,4.602465629577637,2.004000186920166,2968.0,-0.6981333494186401,2.0,20.00400161743164,0.02619628794491291,-2.634953260421753,0.45791441202163696,7.1434645652771,-0.04145672544836998,0.10418710857629776,1.3855905532836914,5.306433200836182,30.5242919921875,-86.24183654785156
17.173051118850708,0,52.45977020263672,1.3321259021759033,1.5,4.655827045440674,2.0320000648498535,2948.0,-0.6981333494186401,2.0,20.016000747680664,0.024198336526751518,-2.8193161487579346,-0.4381612241268158,10.070525169372559,-0.061563897877931595,0.0963306650519371,1.4146194458007812,5.837076663970947,31.056692123413086,-85.04876708984375
17.193243741989136,0,52.48488998413086,1.3167284727096558,1.5,4.745473861694336,2.004000186920166,2956.0,-0.6981333494186401,2.0,20.00800132751465,0.025123007595539093,-2.891744375228882,-0.4405555725097656,10.229747772216797,-0.03879352658987045,-0.06519251316785812,1.4389877319335938,3.714503288269043,31.056692123413086,-85.73052215576172
17.213563442230225,0,52.511802673339844,1.324242353439331,1.5,4.82818603515625,2.004000186920166,2952.0,-0.6981333494186401,2.0,20.016000747680664,0.026914559304714203,-2.54935622215271,-0.4381612241268158,8.695585250854492,0.012739427387714386,-0.0011425130069255829,1.4652202129364014,4.422027587890625,31.589092254638672,-84.19657135009766
17.23371911048889,0,52.54092025756836,1.347376823425293,1.5,4.865192890167236,2.0360000133514404,2952.0,-0.6981333494186401,2.0,20.02400016784668,0.02911340817809105,-2.6942126750946045,0.0879913941025734,6.7268524169921875,-0.02494487538933754,-0.009531598538160324,1.454833745956421,4.422027587890625,30.701757431030273,-84.7078857421875
17.25405716896057,0,52.56928253173828,1.35788094997406,1.5,4.861414909362793,2.004000186920166,2956.0,-0.6981333494186401,2.0,20.00800132751465,0.028362112119793892,-2.421858310699463,0.6476645469665527,8.548334121704102,-0.030937079340219498,0.03201434761285782,1.4211442470550537,5.129551887512207,33.18629455566406,-84.02613830566406
17.27423620223999,0,52.594573974609375,1.342576026916504,1.5,4.867678165435791,2.004000186920166,2952.0,-0.6981333494186401,2.0,20.02800178527832,0.025293631479144096,-2.15908145904541,0.720691442489624,10.376998901367188,-0.01575683057308197,0.07862037420272827,1.4015697240829468,5.306433200836182,36.558162689208984,-83.85569763183594
17.294554948806763,0,52.61912155151367,1.3198188543319702,1.5,4.917133808135986,2.004000186920166,2960.0,-0.6981333494186401,2.0,20.00400161743164,0.02454233542084694,-1.9382050037384033,-0.28971317410469055,9.914894104003906,-0.0559711754322052,-0.004072034731507301,1.396642804145813,4.5989089012146,36.20322799682617,-84.5374526977539
17.31482172012329,0,52.644351959228516,1.3112434148788452,1.5,4.990875244140625,2.004000186920166,2948.0,-0.6981333494186401,2.0,20.012001037597656,0.02523033693432808,-1.992077350616455,-0.4303796887397766,10.53382682800293,-0.03120340034365654,-0.011928480118513107,1.4170162677764893,3.360740900039673,37.0905647277832,-86.07139587402344
17.334943294525146,0,52.6715202331543,1.3192765712738037,1.5,5.053922176361084,2.004000186920166,2956.0,-0.6981333494186401,2.0,20.012001037597656,0.02716774493455887,-2.3183038234710693,-0.42858394980430603,7.2356462478637695,0.050690047442913055,0.007113411091268063,1.4401861429214478,4.245146751403809,36.558162689208984,-86.58271026611328
17.355242490768433,0,52.6999397277832,1.3378592729568481,1.5,5.079155445098877,2.004000186920166,2952.0,-0.6981333494186401,2.0,20.00400161743164,0.028422655537724495,-1.7915526628494263,-0.30767059326171875,6.953714847564697,0.05308692902326584,-0.007401037961244583,1.4525700807571411,4.068265438079834,37.80043029785156,-85.38964080810547
17.37541365623474,0,52.72795104980469,1.3489292860031128,1.5,5.070594310760498,2.008000135421753,2956.0,-0.6981333494186401,2.0,20.016000747680664,0.028012607246637344,-1.7340888977050781,0.7943168878555298,9.575499534606934,-0.020550593733787537,0.07116340845823288,1.449241042137146,6.013957500457764,39.04269790649414,-85.5600814819336
17.395781755447388,0,52.754661560058594,1.3440892696380615,1.5,5.058920860290527,2.004000186920166,2968.0,-0.6981333494186401,2.0,20.00400161743164,0.026713663712143898,-2.0986247062683105,0.052076540887355804,12.026089668273926,-0.026409637182950974,0.12722380459308624,1.4576301574707031,5.660195350646973,39.7525634765625,-86.24183654785156
17.415929555892944,0,52.78000259399414,1.3320406675338745,1.5,5.069788455963135,2.004000186920166,2948.0,-0.6981333494186401,2.0,20.00800132751465,0.025334911420941353,-2.202179193496704,0.3184450566768646,11.686095237731934,0.02232695370912552,-0.019918084144592285,1.4705466032028198,5.660195350646973,39.04269790649414,-86.92359161376953
17.436277627944946,0,52.80668640136719,1.3283110857009888,1.5,5.096864700317383,2.008000135421753,2948.0,-0.6981333494186401,2.0,20.00800132751465,0.026683392003178596,-2.4392173290252686,0.19693312048912048,7.82105827331543,0.01420418918132782,-0.04015841707587242,1.4481757879257202,6.013957500457764,37.97789764404297,-86.58271026611328
17.45644974708557,0,52.83369827270508,1.3367010354995728,1.5,5.112860202789307,2.004000186920166,2952.0,-0.6981333494186401,2.0,20.012001037597656,0.027013631537556648,-2.6181929111480713,-0.14964522421360016,6.540693759918213,0.00022237934172153473,0.004050729796290398,1.4463114738464355,6.544600963592529,38.51029586791992,-86.41226959228516
17.476823568344116,0,52.861793518066406,1.3485578298568726,1.5,5.105059623718262,2.008000135421753,2944.0,-0.6981333494186401,2.0,20.012001037597656,0.02809792011976242,-2.666079521179199,0.8505834937095642,8.208938598632812,-0.04744892939925194,0.050124116241931915,1.4395203590393066,5.129551887512207,38.865230560302734,-87.43490600585938
17.49696445465088,0,52.88934326171875,1.3510998487472534,1.5,5.084010124206543,2.0160000324249268,2968.0,-0.6981333494186401,2.0,20.012001037597656,0.027547519654035568,-1.9028887748718262,0.350169837474823,9.977745056152344,-0.04172304645180702,0.05558368191123009,1.454301118850708,5.483314037322998,40.994834899902344,-87.43490600585938
17.517136573791504,0,52.91546630859375,1.345245122909546,1.5,5.072691917419434,2.004000186920166,2948.0,-0.6981333494186401,2.0,20.00800132751465,0.026127487421035767,-1.9100717306137085,0.4962235987186432,9.932252883911133,-0.05570485442876816,0.05371943861246109,1.459893822669983,4.952671051025391,41.5272331237793,-88.28709411621094
17.537498712539673,0,52.9423942565918,1.3435677289962769,1.5,5.071742534637451,2.004000186920166,2976.0,-0.6981333494186401,2.0,20.00400161743164,0.026925567537546158,-2.0573227405548096,-0.27355149388313293,9.011635780334473,-0.08619850873947144,0.04280031472444534,1.4634891748428345,5.129551887512207,41.7047004699707,-89.48016357421875
17.55766272544861,0,52.96998977661133,1.3519272804260254,1.5,5.063548564910889,2.008000135421753,2952.0,-0.6981333494186401,2.0,20.00400161743164,0.027597056701779366,-1.8532065153121948,-0.36752867698669434,8.996072769165039,-0.020017951726913452,0.060377441346645355,1.4804004430770874,6.013957500457764,42.23710250854492,-89.65060424804688
17.577838897705078,0,52.99855041503906,1.3650754690170288,1.5,5.032970905303955,2.0240001678466797,2956.0,-0.6981333494186401,2.0,20.00400161743164,0.02855750359594822,-1.62993586063385,-0.32383227348327637,9.050543785095215,0.014603666961193085,0.024424221366643906,1.4893221855163574,6.89836311340332,42.059635162353516,-88.79840850830078
17.598225831985474,0,53.026329040527344,1.3677161931991577,1.5,4.989407539367676,2.004000186920166,2968.0,-0.6981333494186401,2.0,20.012001037597656,0.027781439945101738,-1.8154959678649902,0.4070350229740143,7.554689884185791,-0.11203156411647797,0.032413825392723083,1.4535021781921387,6.89836311340332,43.4793701171875,-88.79840850830078
17.618348360061646,0,53.05192947387695,1.353362798690796,1.5,4.967166900634766,2.004000186920166,2948.0,-0.6981333494186401,2.0,20.00800132751465,0.02559635229408741,-2.974348545074463,-0.10894172638654709,10.704422950744629,-0.1253475844860077,0.058380041271448135,1.4372565746307373,7.075243949890137,44.366703033447266,-89.30972290039062
17.638696670532227,0,53.07814407348633,1.3398377895355225,1.5,4.980350494384766,2.008000135421753,3072.0,-0.6981333494186401,2.0,20.064001083374023,0.02621830441057682,-3.432861566543579,-0.2520025670528412,9.397122383117676,-0.07820890843868256,-0.06559199094772339,1.4395203590393066,6.367719650268555,44.366703033447266,-90.67323303222656
17.658855438232422,0,53.104881286621094,1.3447312116622925,1.5,4.998082160949707,2.004000186920166,2952.0,-0.6981333494186401,2.0,20.016000747680664,0.026732927188277245,-2.4823150634765625,-0.22626358270645142,6.944137096405029,-0.029605478048324585,-0.07358159869909286,1.4569642543792725,7.605887413024902,44.54417037963867,-90.84367370605469
17.679184436798096,0,53.13371276855469,1.3622264862060547,1.5,4.987980842590332,2.004000186920166,2948.0,-0.6981333494186401,2.0,20.00400161743164,0.02882995270192623,-1.587436556816101,-0.2843259274959564,7.4469451904296875,-0.05197637155652046,-0.0006098728626966476,1.4650870561599731,9.020936012268066,44.18923568725586,-89.13928985595703
17.699390172958374,0,53.16222381591797,1.371591567993164,1.5,4.950150966644287,2.008000135421753,2952.0,-0.6981333494186401,2.0,20.012001037597656,0.028510719537734985,-1.7879612445831299,0.1831657588481903,8.178411483764648,-0.08007314801216125,0.0794193297624588,1.4696145057678223,8.667174339294434,45.963905334472656,-89.13928985595703
17.719735383987427,0,53.1885871887207,1.3629546165466309,1.5,4.920385360717773,2.004000186920166,2960.0,-0.6981333494186401,2.0,20.00800132751465,0.026366911828517914,-1.802925705909729,0.049083635210990906,8.805724143981934,-0.0903264731168747,0.08980581909418106,1.4753403663635254,7.429006576538086,46.49630355834961,-89.9914779663086
17.74022603034973,0,53.21518325805664,1.3486778736114502,1.5,4.92140007019043,2.01200008392334,3116.0,-0.6981333494186401,2.0,20.264001846313477,0.02659807913005352,-1.9400007724761963,-0.15682820975780487,11.071950912475586,-0.09711764007806778,0.06357328593730927,1.4507057666778564,8.313411712646484,45.608970642089844,-91.52542877197266
17.760375261306763,0,53.24116134643555,1.3450202941894531,1.5,4.9399518966674805,2.008000135421753,2956.0,-0.6981333494186401,2.0,20.016000747680664,0.02597612887620926,-2.5571377277374268,-0.05746376886963844,11.081528663635254,-0.08832907676696777,-0.005936276167631149,1.450439453125,7.429006576538086,46.49630355834961,-92.0367431640625
17.780786752700806,0,53.269039154052734,1.3540847301483154,1.5,4.949143409729004,2.008000135421753,2948.0,-0.6981333494186401,2.0,20.00400161743164,0.02787775918841362,-2.665480852127075,-0.13827219605445862,9.5814847946167,-0.05264217033982277,0.04226767271757126,1.474541425704956,9.020936012268066,47.02870559692383,-91.1845474243164
17.801013946533203,0,53.297401428222656,1.363805890083313,1.5,4.936192989349365,2.008000135421753,2960.0,-0.6981333494186401,2.0,20.00800132751465,0.02835935913026333,-1.9830986261367798,-0.4543229341506958,7.545112609863281,0.015535790473222733,0.04120239242911339,1.499176025390625,8.490293502807617,46.1413688659668,-88.62797546386719
17.8212251663208,0,53.32456970214844,1.363777756690979,1.5,4.916378021240234,2.004000186920166,2956.0,-0.6981333494186401,2.0,20.00800132751465,0.02716774493455887,-2.165067195892334,0.8481891751289368,6.660409927368164,-0.09951452165842056,0.0938006266951561,1.4778704643249512,10.78974723815918,49.86817169189453,-91.52542877197266
17.841362714767456,0,53.3514404296875,1.3556348085403442,1.5,4.909722805023193,2.004000186920166,3028.0,-0.6981333494186401,2.0,20.00800132751465,0.026873279362916946,-2.5571377277374268,-0.12869489192962646,11.113852500915527,-0.1116320863366127,0.10778243094682693,1.4850610494613647,9.905342102050781,47.916038513183594,-90.67323303222656
17.86158800125122,0,53.37773513793945,1.3527946472167969,1.5,4.91689920425415,2.008000135421753,2956.0,-0.6981333494186401,2.0,20.012001037597656,0.02629811130464077,-2.9396309852600098,-0.43456974625587463,9.198991775512695,-0.032668158411979675,-0.030171409249305725,1.4927843809127808,10.612866401672363,48.62590408325195,-91.69586181640625
17.881983041763306,0,53.40554428100586,1.3591210842132568,1.5,4.9179368019104,2.0320000648498535,2952.0,-0.6981333494186401,2.0,20.02400016784668,0.027806207537651062,-2.2626359462738037,-0.7284730076789856,5.92595100402832,0.0019534602761268616,-0.07731007784605026,1.5041029453277588,12.73543930053711,48.980838775634766,-91.69586181640625
17.902092695236206,0,53.433414459228516,1.3638890981674194,1.5,4.906441688537598,2.008000135421753,2960.0,-0.6981333494186401,2.0,20.00800132751465,0.027872256934642792,-2.339254140853882,0.17837712168693542,8.797344207763672,-0.04465256631374359,-0.011129520833492279,1.4919854402542114,11.497271537780762,48.44844055175781,-93.91156005859375
17.922379732131958,0,53.460147857666016,1.3604118824005127,1.5,4.896427154541016,2.008000135421753,2948.0,-0.6981333494186401,2.0,20.020000457763672,0.026732927188277245,-1.8352490663528442,0.30647343397140503,8.830863952636719,-0.07927419245243073,0.004583369940519333,1.4773378372192383,12.73543930053711,47.916038513183594,-94.76375579833984
17.942566871643066,0,53.4865837097168,1.3514539003372192,1.5,4.902615070343018,2.004000186920166,2964.0,-0.6981333494186401,2.0,20.012001037597656,0.026435712352395058,-1.8819384574890137,-0.06823822855949402,10.72058391571045,-0.03746192157268524,0.03427806869149208,1.4814658164978027,13.089201927185059,47.56110382080078,-95.44551086425781
17.962950229644775,0,53.513179779052734,1.3489036560058594,1.5,4.920632362365723,2.008000135421753,2956.0,-0.6981333494186401,2.0,20.00800132751465,0.02659807913005352,-2.505659818649292,-0.47886472940444946,9.252264976501465,-0.03399975970387459,0.06290748715400696,1.4717451333999634,13.973607063293457,48.093505859375,-95.27507019042969
17.98324990272522,0,53.54103088378906,1.3563071489334106,1.5,4.929868698120117,2.0360000133514404,2952.0,-0.6981333494186401,2.0,20.040000915527344,0.027844736352562904,-2.2650301456451416,-0.3160507380962372,9.7245454788208,-0.02387959510087967,0.0300169438123703,1.4817321300506592,14.150487899780273,47.916038513183594,-95.78638458251953
18.003416061401367,0,53.569419860839844,1.36583411693573,1.5,4.919848918914795,2.004000186920166,2968.0,-0.6981333494186401,2.0,20.012001037597656,0.02838963270187378,-1.6006053686141968,0.3352053165435791,8.878151893615723,-0.04252200573682785,0.06344012916088104,1.4835963249206543,15.388655662536621,46.673770904541016,-97.32032775878906
18.023555994033813,0,53.597076416015625,1.370392084121704,1.5,4.897492408752441,2.0160000324249268,2952.0,-0.6981333494186401,2.0,20.00400161743164,0.027660351246595383,-1.5616976022720337,-0.5447086691856384,7.931197166442871,-0.003772422671318054,0.04786039516329765,1.4925180673599243,15.388655662536621,47.73857116699219,-98.00208282470703
18.04395341873169,0,53.624420166015625,1.368009090423584,1.5,4.876685619354248,2.008000135421753,2968.0,-0.6981333494186401,2.0,20.00400161743164,0.02734387293457985,-2.0495409965515137,0.2723543345928192,6.643649578094482,-0.09498707950115204,0.030682746320962906,1.454833745956421,17.157466888427734,47.02870559692383,-99.02471923828125
18.06404185295105,0,53.65055847167969,1.3589953184127808,1.5,4.872323513031006,2.008000135421753,2952.0,-0.6981333494186401,2.0,20.012001037597656,0.02613849565386772,-2.75826096534729,-0.36154288053512573,9.080472946166992,-0.07647782564163208,0.03787338733673096,1.4447135925292969,16.44994354248047,46.3188362121582,-99.02471923828125
18.08438539505005,0,53.677040100097656,1.350014328956604,1.5,4.887711524963379,2.01200008392334,2956.0,-0.6981333494186401,2.0,20.00800132751465,0.02647974342107773,-2.0573227405548096,-0.29569897055625916,10.089081764221191,0.009809905663132668,-0.0606650710105896,1.482264757156372,19.280040740966797,47.73857116699219,-100.38822174072266
18.10452938079834,0,53.70366668701172,1.3489519357681274,1.5,4.9111151695251465,2.008000135421753,2952.0,-0.6981333494186401,2.0,20.016000747680664,0.02662835270166397,-1.5311700105667114,-0.3914719223976135,7.839015960693359,-0.034931883215904236,-0.03576413542032242,1.485194206237793,18.3956356048584,46.1413688659668,-100.8995361328125
18.1248619556427,0,53.731651306152344,1.357961893081665,1.5,4.9220805168151855,2.004000186920166,2952.0,-0.6981333494186401,2.0,20.012001037597656,0.027982335537672043,-2.1411240100860596,-0.5429129004478455,6.429357528686523,-0.07434726506471634,0.0362754687666893,1.4891890287399292,19.63380241394043,45.25403594970703,-100.7291030883789
18.145024061203003,0,53.7601432800293,1.3682416677474976,1.5,4.910833835601807,2.004000186920166,2960.0,-0.6981333494186401,2.0,20.00400161743164,0.028496960178017616,-2.3500287532806396,0.1741870492696762,8.767415046691895,-0.08366847038269043,0.025356341153383255,1.486659049987793,19.63380241394043,45.963905334472656,-102.09260559082031
18.16536784172058,0,53.787620544433594,1.3707431554794312,1.5,4.8890299797058105,2.008000135421753,2948.0,-0.6981333494186401,2.0,20.00800132751465,0.02747596800327301,-2.3141138553619385,0.22446784377098083,7.868346214294434,-0.07501306384801865,-0.0050041563808918,1.4849278926849365,20.518207550048828,43.301902770996094,-102.60391998291016
18.1855525970459,0,53.81409454345703,1.3618112802505493,1.5,4.878182411193848,2.004000186920166,2948.0,-0.6981333494186401,2.0,20.00400161743164,0.02647423930466175,-2.4847095012664795,0.3370010554790497,10.588297843933105,-0.06569185853004456,0.023092620074748993,1.4746745824813843,21.756376266479492,43.4793701171875,-104.13787078857422
18.205864667892456,0,53.83993148803711,1.349180817604065,1.5,4.89307165145874,2.004000186920166,2948.0,-0.6981333494186401,2.0,20.00800132751465,0.02583027258515358,-2.893540143966675,-0.19573596119880676,8.846427917480469,-0.06689029932022095,-0.003139914944767952,1.4634891748428345,21.40261459350586,44.54417037963867,-104.47874450683594
18.22602343559265,0,53.86656951904297,1.3460954427719116,1.5,4.922723770141602,2.0199999809265137,2952.0,-0.6981333494186401,2.0,20.02400016784668,0.026644863188266754,-2.7349162101745605,-0.18795441091060638,9.236701965332031,-0.029339157044887543,0.039737630635499954,1.48612642288208,21.57949447631836,43.65683364868164,-103.62655639648438
18.246417760849,0,53.89504623413086,1.3581379652023315,1.5,4.9378862380981445,2.004000186920166,2960.0,-0.6981333494186401,2.0,20.012001037597656,0.02847769670188427,-1.9352121353149414,0.43995699286460876,10.293197631835938,-0.06768926233053207,0.08181621134281158,1.4773378372192383,21.57949447631836,46.1413688659668,-104.30830383300781
18.26654601097107,0,53.923614501953125,1.3722370862960815,1.5,4.921635150909424,2.008000135421753,2952.0,-0.6981333494186401,2.0,20.012001037597656,0.02856576070189476,-2.239291191101074,0.014964522793889046,11.262300491333008,-0.07274934649467468,0.12016631662845612,1.4835963249206543,23.171424865722656,45.25403594970703,-107.88751220703125
18.286876440048218,0,53.951171875,1.3729233741760254,1.5,4.893657207489014,2.004000186920166,2952.0,-0.6981333494186401,2.0,20.00400161743164,0.02755577675998211,-2.540377378463745,0.08439990878105164,10.144749641418457,-0.021749034523963928,-0.019651763141155243,1.5049018859863281,24.055830001831055,45.43150329589844,-106.01268768310547
18.307037591934204,0,53.97757339477539,1.3631149530410767,1.5,4.8820013999938965,2.008000135421753,2960.0,-0.6981333494186401,2.0,20.012001037597656,0.02639993652701378,-2.0112318992614746,0.13647645711898804,8.377738952636719,-0.03506503999233246,-0.037495214492082596,1.4966460466384888,24.055830001831055,47.206172943115234,-108.3988265991211
18.327396392822266,0,54.0039176940918,1.3548259735107422,1.5,4.891579627990723,2.01200008392334,2952.0,-0.6981333494186401,2.0,20.020000457763672,0.026344895362854004,-2.1393282413482666,-0.16161684691905975,9.342052459716797,-0.08753011375665665,-0.016988564282655716,1.4862595796585083,25.29399871826172,48.80337142944336,-108.56926727294922
18.3475980758667,0,54.03125,1.3549784421920776,1.5,4.908228397369385,2.004000186920166,2968.0,-0.6981333494186401,2.0,20.00400161743164,0.02733011171221733,-2.0232036113739014,-0.5369271039962769,7.336806297302246,-0.07448042929172516,-0.043620578944683075,1.4776041507720947,26.709047317504883,50.223106384277344,-110.27365112304688
18.36771845817566,0,54.058773040771484,1.360567331314087,1.5,4.914590835571289,2.008000135421753,2956.0,-0.6981333494186401,2.0,20.012001037597656,0.02752825617790222,-2.588862419128418,-0.09517436474561691,8.525588035583496,-0.040790922939777374,0.05292047932744026,1.4907869100570679,27.947214126586914,51.110443115234375,-110.444091796875
18.388081073760986,0,54.08668518066406,1.3606456518173218,1.5,4.914205074310303,2.004000186920166,3020.0,-0.6981333494186401,2.0,20.06800079345703,0.027913536876440048,-2.8294920921325684,0.2250664234161377,9.000263214111328,-0.049313172698020935,0.059179000556468964,1.4870585203170776,32.36924362182617,50.93297576904297,-111.29627990722656
18.408223390579224,0,54.112709045410156,1.355034589767456,1.5,4.921741485595703,2.008000135421753,2948.0,-0.6981333494186401,2.0,20.00800132751465,0.026017408818006516,-2.5625250339508057,0.10535024106502533,9.02360725402832,-0.05570485442876816,0.030815904960036278,1.4780036211013794,32.89988708496094,51.46537399291992,-112.8302230834961
18.42857575416565,0,54.13956832885742,1.3528220653533936,1.5,4.9376091957092285,2.008000135421753,2948.0,-0.6981333494186401,2.0,20.040000915527344,0.026865024119615555,-1.9471837282180786,-0.1550324559211731,9.694018363952637,-0.07927419245243073,-0.020051244646310806,1.475074052810669,35.729984283447266,52.530174255371094,-111.8075942993164
18.44896674156189,0,54.16759490966797,1.3596081733703613,1.5,4.946177959442139,2.004000186920166,2968.0,-0.6981333494186401,2.0,20.016000747680664,0.028020864352583885,-2.165665864944458,-0.0640481561422348,9.378565788269043,-0.06635765731334686,-0.023779727518558502,1.4841289520263672,36.7912712097168,51.820308685302734,-113.85285949707031
18.469289302825928,0,54.195796966552734,1.3701364994049072,1.5,4.934754371643066,2.004000186920166,2952.0,-0.6981333494186401,2.0,20.00400161743164,0.028202496469020844,-2.0597169399261475,0.1682012379169464,8.212530136108398,-0.08300267159938812,0.031215384602546692,1.4837294816970825,39.621368408203125,52.17524337768555,-111.46672058105469
18.489590883255005,0,54.22443771362305,1.3731422424316406,1.5,4.91000509262085,2.008000135421753,3108.0,-0.6981333494186401,2.0,20.21200180053711,0.02864556759595871,-2.157884120941162,-0.03771059960126877,10.557770729064941,-0.04997897148132324,0.05678212270140648,1.497977614402771,40.50577163696289,51.64284133911133,-111.29627990722656
18.50977110862732,0,54.25046157836914,1.3657630681991577,1.5,4.8966569900512695,2.004000186920166,2944.0,-0.6981333494186401,2.0,20.012001037597656,0.026025664061307907,-2.0244007110595703,-0.18137001991271973,10.904348373413086,-0.015490509569644928,-0.005270475521683693,1.502371907234192,42.27458572387695,48.80337142944336,-110.6145248413086
18.530075311660767,0,54.27693557739258,1.3578388690948486,1.5,4.902533531188965,2.004000186920166,2948.0,-0.6981333494186401,2.0,20.00800132751465,0.026468735188245773,-2.6864311695098877,0.07242829352617264,10.50090503692627,-0.06023229658603668,-0.02045072615146637,1.4849278926849365,40.50577163696289,48.44844055175781,-109.5918960571289
18.55027747154236,0,54.30453872680664,1.3597381114959717,1.5,4.913554668426514,2.004000186920166,2960.0,-0.6981333494186401,2.0,20.00400161743164,0.027605311945080757,-2.797767162322998,-0.4291825294494629,8.131721496582031,-0.09085911512374878,-0.01419220119714737,1.4802672863006592,40.682655334472656,46.85123825073242,-108.05795288085938
18.570589542388916,0,54.332340240478516,1.3673157691955566,1.5,4.911414623260498,2.004000186920166,2956.0,-0.6981333494186401,2.0,20.04400062561035,0.027803456410765648,-2.369183301925659,-0.14186367392539978,7.769580364227295,-0.06342813372612,0.04160187393426895,1.4814658164978027,41.036415100097656,44.01176834106445,-105.67181396484375
18.590800046920776,0,54.36101531982422,1.3729103803634644,1.5,4.895768642425537,2.008000135421753,3044.0,-0.6981333494186401,2.0,20.02800178527832,0.02867583930492401,-2.245875597000122,0.4752732515335083,8.045526504516602,-0.09445443749427795,0.039737630635499954,1.473875641822815,38.383201599121094,43.83430099487305,-104.13787078857422
18.611109972000122,0,54.387664794921875,1.3711824417114258,1.5,4.879909992218018,2.008000135421753,2948.0,-0.6981333494186401,2.0,20.012001037597656,0.02665036730468273,-2.215946674346924,0.3513669967651367,8.702169418334961,-0.141060471534729,0.04373243451118469,1.472677230834961,38.20631790161133,42.94696807861328,-101.58129119873047
18.63177251815796,0,54.41447067260742,1.3647831678390503,1.5,4.875868797302246,2.01200008392334,2952.0,-0.6981333494186401,2.0,20.016000747680664,0.026798976585268974,-2.7403035163879395,-0.2759458124637604,8.330451011657715,-0.1427915394306183,0.04825987666845322,1.4798678159713745,37.1450309753418,41.5272331237793,-99.87690734863281
18.651618003845215,0,54.441375732421875,1.3598119020462036,1.5,4.885087013244629,2.004000186920166,2964.0,-0.6981333494186401,2.0,20.00800132751465,0.026909055188298225,-2.369781970977783,-0.38249319791793823,8.127532005310059,-0.08420111238956451,-0.03935945779085159,1.479601502418518,34.49181365966797,40.63990020751953,-98.00208282470703
18.67179012298584,0,54.46853256225586,1.361243486404419,1.5,4.8959641456604,2.0160000324249268,2956.0,-0.6981333494186401,2.0,20.016000747680664,0.027151232585310936,-2.5679121017456055,0.20052461326122284,9.605427742004395,-0.061697058379650116,0.01670093648135662,1.4774709939956665,32.36924362182617,39.930030822753906,-97.32032775878906
18.692116498947144,0,54.49668884277344,1.366809606552124,1.5,4.897468090057373,2.004000186920166,2972.0,-0.6981333494186401,2.0,20.016000747680664,0.028161216527223587,-2.5655179023742676,0.35854998230934143,9.296560287475586,-0.1292092204093933,0.09553170204162598,1.458162784576416,31.307954788208008,40.994834899902344,-95.27507019042969
18.712280988693237,0,54.52421951293945,1.3706445693969727,1.5,4.889272689819336,2.008000135421753,2948.0,-0.6981333494186401,2.0,20.00400161743164,0.027531007304787636,-2.887554407119751,0.4902377724647522,11.53704833984375,-0.1591702401638031,0.07728877663612366,1.467617154121399,30.777311325073242,41.172298431396484,-95.78638458251953
18.732503414154053,0,54.55171203613281,1.3714805841445923,1.5,4.87884521484375,2.01200008392334,2960.0,-0.6981333494186401,2.0,20.00800132751465,0.027492480352520943,-2.5571377277374268,-0.6949524283409119,9.565921783447266,-0.0559711754322052,0.005382330156862736,1.5021055936813354,30.069787979125977,39.39763259887695,-94.08200073242188
18.75279402732849,0,54.57963562011719,1.3739601373672485,1.5,4.867369651794434,2.004000186920166,2960.0,-0.6981333494186401,2.0,20.012001037597656,0.027919039130210876,-2.0938360691070557,0.10954030603170395,10.75111198425293,-0.003772422671318054,-0.03802785649895668,1.508630394935608,26.53216552734375,41.172298431396484,-92.37761688232422
18.77297306060791,0,54.607505798339844,1.37913978099823,1.5,4.849204063415527,2.01200008392334,2952.0,-0.6981333494186401,2.0,20.00800132751465,0.027875008061528206,-1.6353230476379395,-0.766183614730835,7.107550144195557,-0.06396077573299408,-0.00806683860719204,1.510095238685608,27.59345245361328,41.5272331237793,-92.0367431640625
18.793299674987793,0,54.63569641113281,1.3826136589050293,1.5,4.824577331542969,2.004000186920166,2960.0,-0.6981333494186401,2.0,20.00800132751465,0.02819148823618889,-1.5449373722076416,-0.4782661497592926,9.112197875976562,-0.07807575166225433,0.09087110310792923,1.5026382207870483,26.53216552734375,40.462432861328125,-91.35498809814453
18.81345534324646,0,54.66326141357422,1.3833320140838623,1.5,4.800077438354492,2.008000135421753,2952.0,-0.6981333494186401,2.0,20.00800132751465,0.027561280876398087,-2.2626359462738037,0.44594278931617737,9.683842658996582,-0.07141774147748947,0.06530436873435974,1.4971786737442017,26.355283737182617,43.4793701171875,-91.1845474243164
18.83379864692688,0,54.69069290161133,1.3814213275909424,1.5,4.780821323394775,2.01200008392334,2952.0,-0.6981333494186401,2.0,20.02400016784668,0.027434688061475754,-2.7001986503601074,-0.31066349148750305,9.96098518371582,-0.044253088533878326,0.09619750082492828,1.504236102104187,25.824642181396484,42.59203338623047,-89.65060424804688
18.853976726531982,0,54.718135833740234,1.3777176141738892,1.5,4.7700724601745605,2.004000186920166,2960.0,-0.6981333494186401,2.0,20.00800132751465,0.02744019217789173,-3.1640987396240234,-0.08619565516710281,9.14033031463623,-0.04957948997616768,0.08035145699977875,1.511959433555603,25.117116928100586,43.301902770996094,-89.9914779663086
18.874305963516235,0,54.74541091918945,1.376933217048645,1.5,4.766449451446533,2.01200008392334,2944.0,-0.6981333494186401,2.0,20.032001495361328,0.027275072410702705,-1.9771127700805664,-0.4585129916667938,9.562929153442383,-0.057435933500528336,-0.021116524934768677,1.4965128898620605,25.29399871826172,43.12443542480469,-89.48016357421875
18.894479513168335,0,54.77387237548828,1.382988452911377,1.5,4.757063865661621,2.004000186920166,2964.0,-0.6981333494186401,2.0,20.00800132751465,0.028458431363105774,-2.1518983840942383,-0.3334095776081085,9.707785606384277,-0.021749034523963928,0.05092307925224304,1.5075651407241821,24.409591674804688,44.01176834106445,-90.33235931396484
18.914811849594116,0,54.80207443237305,1.3897744417190552,1.5,4.735422134399414,2.008000135421753,2948.0,-0.6981333494186401,2.0,20.012001037597656,0.02820800058543682,-1.868769645690918,-0.5776305794715881,6.869314670562744,-0.07061877846717834,0.11204355210065842,1.5061004161834717,24.940235137939453,44.18923568725586,-88.11666107177734
18.934982776641846,0,54.82988357543945,1.3894743919372559,1.5,4.709314346313477,2.008000135421753,2952.0,-0.6981333494186401,2.0,20.016000747680664,0.027808960527181625,-3.01385498046875,0.5979823470115662,12.247564315795898,-0.08486691117286682,0.11657099425792694,1.5114268064498901,26.355283737182617,45.25403594970703,-87.43490600585938
18.955154418945312,0,54.85654067993164,1.3786548376083374,1.5,4.700139999389648,2.004000186920166,2948.0,-0.6981333494186401,2.0,20.00800132751465,0.026653120294213295,-2.497878313064575,-0.9403706192970276,6.276719570159912,0.059744931757450104,-0.02151600643992424,1.536594033241272,26.355283737182617,42.769500732421875,-88.11666107177734
18.975536823272705,0,54.8828125,1.3670082092285156,1.5,4.717506408691406,2.01200008392334,2948.0,-0.6981333494186401,2.0,20.016000747680664,0.026273343712091446,-2.165067195892334,-0.6303057074546814,8.413653373718262,0.03577611967921257,0.018298856914043427,1.533930778503418,26.53216552734375,43.301902770996094,-88.28709411621094
18.99568271636963,0,54.91013717651367,1.3652859926223755,1.5,4.746004581451416,2.004000186920166,2956.0,-0.6981333494186401,2.0,20.00800132751465,0.02733011171221733,-2.2776005268096924,-0.17538420855998993,8.443582534790039,-0.05490589514374733,-0.005270475521683693,1.5195494890213013,28.47785758972168,43.83430099487305,-88.11666107177734
19.01601219177246,0,54.938297271728516,1.3744630813598633,1.5,4.761341094970703,2.008000135421753,2944.0,-0.6981333494186401,2.0,20.00800132751465,0.028152959421277046,-2.287177801132202,-0.44594278931617737,11.022868156433105,-0.05930017679929733,0.04133555293083191,1.5116931200027466,26.709047317504883,43.83430099487305,-87.09402465820312
19.03618860244751,0,54.967491149902344,1.3860043287277222,1.5,4.751567840576172,2.008000135421753,2944.0,-0.6981333494186401,2.0,20.012001037597656,0.029193215072155,-2.548158884048462,-0.14784948527812958,12.067391395568848,0.023125912994146347,-0.006335757672786713,1.5191500186920166,29.008501052856445,43.301902770996094,-86.58271026611328
19.056538820266724,0,54.99517059326172,1.388901948928833,1.5,4.729556560516357,2.004000186920166,2944.0,-0.6981333494186401,2.0,20.012001037597656,0.027682367712259293,-2.372176170349121,-0.2753472328186035,8.833258628845215,0.05748121440410614,-0.030437730252742767,1.5255417823791504,28.831619262695312,43.12443542480469,-86.41226959228516
19.076707363128662,0,55.02194595336914,1.37973952293396,1.5,4.718872547149658,2.004000186920166,2952.0,-0.6981333494186401,2.0,20.036001205444336,0.026776960119605064,-2.5691094398498535,0.41361942887306213,11.225188255310059,0.006081422790884972,0.0017870087176561356,1.5094293355941772,29.185382843017578,44.89910125732422,-86.07139587402344
19.09705924987793,0,55.04835510253906,1.3668625354766846,1.5,4.734806537628174,2.008000135421753,2964.0,-0.6981333494186401,2.0,20.00800132751465,0.02640819177031517,-2.327881336212158,-0.05686518922448158,10.220170974731445,-0.04065776616334915,-0.022181805223226547,1.5009071826934814,29.716026306152344,43.301902770996094,-85.90095520019531
19.117210865020752,0,55.0750617980957,1.3632402420043945,1.5,4.765114784240723,2.008000135421753,2952.0,-0.6981333494186401,2.0,20.012001037597656,0.026705408468842506,-2.240488290786743,-0.04429498687386513,8.258621215820312,0.0032850615680217743,0.040936071425676346,1.5260744094848633,28.654739379882812,39.7525634765625,-85.21920776367188
19.137401819229126,0,55.103580474853516,1.3725793361663818,1.5,4.783691883087158,2.008000135421753,2976.0,-0.6981333494186401,2.0,20.00800132751465,0.02852172777056694,-2.241685628890991,-0.24841108918190002,8.139503479003906,-0.01988479308784008,0.07808773219585419,1.52261221408844,30.777311325073242,42.23710250854492,-85.90095520019531
19.157748699188232,0,55.13185119628906,1.3814915418624878,1.5,4.779367923736572,2.008000135421753,2952.0,-0.6981333494186401,2.0,20.016000747680664,0.028271295130252838,-2.3428456783294678,-0.30288195610046387,10.657135009765625,-0.02587699517607689,-0.03909313678741455,1.5146225690841675,29.716026306152344,40.81736755371094,-83.85569763183594
19.177900791168213,0,55.15933609008789,1.379408359527588,1.5,4.770320415496826,2.0240001678466797,2948.0,-0.6981333494186401,2.0,20.016000747680664,0.027484223246574402,-2.1333425045013428,0.10295592248439789,8.34182357788086,0.03803984075784683,-0.05453970283269882,1.5066330432891846,29.185382843017578,41.7047004699707,-84.02613830566406
19.19823455810547,0,55.1861572265625,1.3706353902816772,1.5,4.77596378326416,2.008000135421753,2960.0,-0.6981333494186401,2.0,20.00400161743164,0.026820991188287735,-2.3099238872528076,0.2741500735282898,7.524162292480469,-0.06276233494281769,-0.003006754443049431,1.4910533428192139,32.36924362182617,40.28496551513672,-83.3443832397461
19.218400716781616,0,55.21249008178711,1.3631519079208374,1.5,4.797717571258545,2.004000186920166,2948.0,-0.6981333494186401,2.0,20.00400161743164,0.026331136003136635,-2.4446043968200684,-0.20830616354942322,7.088395118713379,-0.15703967213630676,0.0587795227766037,1.495314359664917,30.954193115234375,40.994834899902344,-84.02613830566406
19.238760471343994,0,55.240135192871094,1.3600022792816162,1.5,4.827892780303955,2.008000135421753,3072.0,-0.6981333494186401,2.0,20.080001831054688,0.027649344876408577,-2.751077890396118,-0.2292564958333969,9.898134231567383,-0.18779966235160828,0.10764927417039871,1.494781732559204,31.661718368530273,40.63990020751953,-81.98087310791016
19.25896644592285,0,55.26676940917969,1.360295057296753,1.5,4.855464935302734,2.004000186920166,2952.0,-0.6981333494186401,2.0,20.012001037597656,0.026631103828549385,-2.555940628051758,-0.19693312048912048,9.112197875976562,-0.10524040460586548,0.012839294970035553,1.4930506944656372,30.954193115234375,40.28496551513672,-80.95824432373047
19.279250621795654,0,55.29423522949219,1.3621333837509155,1.5,4.877780437469482,2.0160000324249268,2952.0,-0.6981333494186401,2.0,20.012001037597656,0.027464959770441055,-2.1465113162994385,0.2322493940591812,10.70023250579834,-0.09006015211343765,0.02495686151087284,1.4918522834777832,31.307954788208008,40.28496551513672,-82.66262817382812
19.299438953399658,0,55.32145690917969,1.3602796792984009,1.5,4.897554397583008,2.008000135421753,2968.0,-0.6981333494186401,2.0,20.012001037597656,0.027222784236073494,-2.1806302070617676,-0.5309413075447083,10.283021926879883,-0.10936836898326874,-0.026442930102348328,1.4786694049835205,32.192359924316406,40.10749816894531,-81.81044006347656
19.319809436798096,0,55.34830093383789,1.3585946559906006,1.5,4.919124603271484,2.004000186920166,2948.0,-0.6981333494186401,2.0,20.02800178527832,0.026843007653951645,-2.7355148792266846,0.022147493436932564,9.016424179077148,-0.13932937383651733,-0.08663128316402435,1.4642881155014038,32.015480041503906,40.63990020751953,-81.63999938964844
19.340269327163696,0,55.37666320800781,1.3609880208969116,1.5,4.938157081604004,2.004000186920166,3108.0,-0.6981333494186401,2.0,20.216001510620117,0.028362112119793892,-1.9663383960723877,-0.24362243711948395,6.935757160186768,-0.1285434067249298,-0.04615061730146408,1.4589617252349854,35.022457122802734,39.7525634765625,-82.83306884765625
19.360440254211426,0,55.40401077270508,1.3673267364501953,1.5,4.944537162780762,2.004000186920166,2956.0,-0.6981333494186401,2.0,20.012001037597656,0.027346624061465263,-2.2273197174072266,0.1711941510438919,8.50284194946289,-0.13333716988563538,0.0016538482159376144,1.460559606552124,32.36924362182617,38.51029586791992,-83.3443832397461
19.380836725234985,0,55.431819915771484,1.3710232973098755,1.5,4.939507484436035,2.0320000648498535,2948.0,-0.6981333494186401,2.0,20.02400016784668,0.027806207537651062,-2.803154468536377,0.1921444833278656,11.120436668395996,-0.14452263712882996,-0.07557899504899979,1.461758017539978,33.6074104309082,38.33283233642578,-82.15131378173828
19.400990962982178,0,55.45888900756836,1.3662725687026978,1.5,4.93804931640625,2.004000186920166,2964.0,-0.6981333494186401,2.0,20.012001037597656,0.0270741768181324,-2.9527997970581055,0.009577294811606407,8.280768394470215,-0.009764626622200012,-0.04335425794124603,1.497444987297058,33.6074104309082,39.04269790649414,-82.15131378173828
19.421287775039673,0,55.485565185546875,1.3617475032806396,1.5,4.947960376739502,2.0240001678466797,2948.0,-0.6981333494186401,2.0,20.00800132751465,0.026675136759877205,-2.7857956886291504,0.5596731901168823,7.582823276519775,-0.028939679265022278,-0.016855403780937195,1.5212806463241577,33.07676696777344,37.80043029785156,-82.66262817382812
19.441468477249146,0,55.513145446777344,1.3610973358154297,1.5,4.961894512176514,2.008000135421753,3012.0,-0.6981333494186401,2.0,20.00400161743164,0.027580544352531433,-1.886128544807434,-0.022746074944734573,7.066247940063477,-0.10590620338916779,-0.026176609098911285,1.5130246877670288,33.96117401123047,37.268028259277344,-80.78780364990234
19.461621046066284,0,55.54031753540039,1.3644685745239258,1.5,4.97052526473999,2.004000186920166,2952.0,-0.6981333494186401,2.0,20.00800132751465,0.027173247188329697,-1.9819014072418213,0.2412281185388565,10.108236312866211,-0.13280454277992249,0.0587795227766037,1.5021055936813354,32.72300338745117,38.51029586791992,-80.61737060546875
19.48198127746582,0,55.56831741333008,1.370833396911621,1.5,4.968159198760986,2.004000186920166,2956.0,-0.6981333494186401,2.0,20.00800132751465,0.02800160087645054,-2.285382032394409,-0.52016681432724,9.41268539428711,-0.07807575166225433,0.0037844087928533554,1.5171526670455933,31.838598251342773,36.9130973815918,-81.81044006347656
19.502163410186768,0,55.5966682434082,1.3774545192718506,1.5,4.953060626983643,2.008000135421753,2960.0,-0.6981333494186401,2.0,20.016000747680664,0.028348352760076523,-2.212953567504883,0.35795140266418457,10.548791885375977,-0.049180008471012115,0.0300169438123703,1.533398151397705,33.6074104309082,37.622962951660156,-80.78780364990234
19.522465229034424,0,55.6242561340332,1.379361629486084,1.5,4.931758880615234,2.01200008392334,2944.0,-0.6981333494186401,2.0,20.00400161743164,0.02758604846894741,-1.8693681955337524,-0.41062650084495544,9.694616317749023,-0.06555870175361633,0.04732775688171387,1.5359282493591309,33.4305305480957,37.80043029785156,-81.63999938964844
19.542654037475586,0,55.65166091918945,1.3755909204483032,1.5,4.916664123535156,2.004000186920166,2956.0,-0.6981333494186401,2.0,20.00400161743164,0.027404416352510452,-3.0713186264038086,0.44773852825164795,10.861849784851074,-0.08753011375665665,-0.015523802489042282,1.4977113008499146,34.668697357177734,36.9130973815918,-82.83306884765625
19.562990188598633,0,55.67900466918945,1.3760943412780762,1.5,4.908344745635986,2.01200008392334,2952.0,-0.6981333494186401,2.0,20.00400161743164,0.027341119945049286,-2.6547064781188965,-0.09577295184135437,6.61192512512207,-0.08766327053308487,0.011640854179859161,1.4825310707092285,32.36924362182617,37.0905647277832,-82.66262817382812
19.58318281173706,0,55.707393646240234,1.3836778402328491,1.5,4.891711235046387,2.004000186920166,2956.0,-0.6981333494186401,2.0,20.00800132751465,0.028392383828759193,-3.2443087100982666,0.5902007818222046,11.917746543884277,-0.10843624919652939,0.12828907370567322,1.4865258932113647,34.31493377685547,36.558162689208984,-82.4921875
19.60334587097168,0,55.73604202270508,1.3902417421340942,1.5,4.861746311187744,2.008000135421753,2968.0,-0.6981333494186401,2.0,20.020000457763672,0.028648320585489273,-3.010263442993164,-0.050280798226594925,10.693049430847168,-0.08353531360626221,-0.06079822778701782,1.5219464302062988,32.72300338745117,36.025760650634766,-81.98087310791016
19.62364625930786,0,55.76372146606445,1.3908284902572632,1.5,4.830338001251221,2.0240001678466797,2944.0,-0.6981333494186401,2.0,20.00800132751465,0.02767961658537388,-2.5595319271087646,0.23643946647644043,9.494091987609863,0.025922276079654694,-0.04908014088869095,1.5672208070755005,35.022457122802734,35.848297119140625,-83.17394256591797
19.643863677978516,0,55.79187774658203,1.3922640085220337,1.5,4.802432060241699,2.0160000324249268,2956.0,-0.0,2.0,20.00400161743164,0.028158463537693024,-2.239291191101074,-0.4890406131744385,7.950351715087891,0.014869987964630127,-0.03776153549551964,1.5870617628097534,33.6074104309082,35.138427734375,-82.15131378173828
19.664191484451294,0,55.82008361816406,1.3969528675079346,1.5,4.77123498916626,2.004000186920166,2948.0,-0.0,2.0,20.00400161743164,0.028202496469020844,-1.6915897130966187,-0.18256717920303345,10.255487442016602,-0.06449341773986816,-0.05999927222728729,1.5564348697662354,33.25364685058594,32.653892517089844,-83.85569763183594
19.684361934661865,0,55.84840393066406,1.3991247415542603,1.5,4.736781597137451,2.004000186920166,2952.0,-0.0,2.0,20.016000747680664,0.028320832177996635,-2.285980463027954,-1.0954030752182007,9.989717483520508,-0.0043050628155469894,0.07142972946166992,1.5415209531784058,31.838598251342773,33.008827209472656,-82.15131378173828
19.704701900482178,0,55.876033782958984,1.3967958688735962,1.5,4.707974910736084,2.01200008392334,2952.0,-0.0,2.0,20.00800132751465,0.02763558365404606,-1.1690285205841064,-0.7057269215583801,10.242318153381348,0.025922276079654694,-0.09901516884565353,1.463222861289978,33.4305305480957,31.766559600830078,-82.3217544555664
19.724859952926636,0,55.90325927734375,1.3900986909866333,1.5,4.693498611450195,2.01200008392334,2952.0,-0.0,2.0,20.00800132751465,0.027217280119657516,0.4740760922431946,-0.6937552690505981,8.01918888092041,-0.013226788491010666,-0.1481512486934662,1.2614853382110596,33.4305305480957,31.766559600830078,-83.00350189208984
19.745017528533936,0,55.930824279785156,1.3857877254486084,1.5,4.692931652069092,2.004000186920166,2972.0,-0.0,2.0,20.00400161743164,0.0275640320032835,0.9469550251960754,-1.5479302406311035,10.488933563232422,-0.04878053069114685,-0.10607264935970306,1.045100212097168,33.6074104309082,31.589092254638672,-81.81044006347656
19.765373468399048,0,55.95858383178711,1.3883886337280273,1.5,4.693602085113525,2.0160000324249268,2948.0,-0.0,2.0,20.00800132751465,0.02776217646896839,0.720691442489624,-1.3815248012542725,9.773031234741211,-0.04997897148132324,-0.19622203707695007,0.8187280893325806,32.54612350463867,31.23415756225586,-82.15131378173828
19.785518646240234,0,55.987403869628906,1.397761583328247,1.5,4.681461811065674,2.01200008392334,2944.0,-0.0,2.0,20.012001037597656,0.028824448585510254,1.1121633052825928,-0.18077144026756287,7.075226306915283,-0.07115142047405243,-0.19409146904945374,0.5794394612312317,32.72300338745117,32.12149429321289,-81.98087310791016
19.8058819770813,0,56.01667404174805,1.4093458652496338,1.5,4.648880958557129,2.0160000324249268,2956.0,-0.0,2.0,20.012001037597656,0.029270272701978683,2.162074327468872,-1.4126509428024292,10.354252815246582,-0.055172212421894073,-0.06838835030794144,0.3919500410556793,32.89988708496094,33.008827209472656,-82.15131378173828
19.826020002365112,0,56.045433044433594,1.4140745401382446,1.5,4.604010581970215,2.0320000648498535,2948.0,-0.0,2.0,20.02400016784668,0.02875564806163311,1.779581069946289,-1.2570199966430664,9.238497734069824,0.05814701318740845,-0.13550102710723877,0.10299266874790192,32.89988708496094,31.589092254638672,-82.83306884765625
19.84636878967285,0,56.07321548461914,1.4071162939071655,1.5,4.568583011627197,2.01200008392334,2968.0,-0.0,2.0,20.012001037597656,0.027784191071987152,0.8697381019592285,0.4710831940174103,8.305310249328613,0.028185997158288956,-0.06452671438455582,-0.0571989081799984,31.661718368530273,30.701757431030273,-80.2764892578125
19.866538286209106,0,56.09965133666992,1.3937619924545288,1.5,4.561032772064209,2.0160000324249268,2952.0,-0.0,2.0,20.00400161743164,0.026432959362864494,0.22267210483551025,-0.15383529663085938,12.698295593261719,-0.018553191795945168,-0.12910935282707214,-0.16612383723258972,30.24666976928711,31.056692123413086,-82.3217544555664
19.88686966896057,0,56.12666702270508,1.3859901428222656,1.5,4.576712608337402,2.0160000324249268,2952.0,-0.0,2.0,20.00400161743164,0.027013631537556648,0.19872887432575226,0.053273703902959824,6.14323616027832,0.05029056966304779,-0.091957688331604,-0.14148923754692078,32.015480041503906,32.12149429321289,-79.25386047363281
19.907062768936157,0,56.15476989746094,1.3896836042404175,1.5,4.593511581420898,2.01200008392334,2952.0,-0.0,2.0,20.012001037597656,0.028106175363063812,1.0451222658157349,0.3262265920639038,9.616202354431152,-0.022281674668192863,0.020429419353604317,-0.09461688995361328,32.015480041503906,33.18629455566406,-80.95824432373047
19.92724919319153,0,56.184024810791016,1.4029096364974976,1.5,4.5895233154296875,2.008000135421753,2960.0,-0.0,2.0,20.012001037597656,0.02925376035273075,-0.09697011113166809,-0.354359894990921,8.368760108947754,-0.013759428635239601,0.042001351714134216,-0.10633497685194016,31.838598251342773,32.29895782470703,-80.10604858398438
19.947560787200928,0,56.21387481689453,1.4166820049285889,1.5,4.55665397644043,2.004000186920166,2956.0,-0.0,2.0,20.012001037597656,0.02985369600355625,0.5794263482093811,0.025738980621099472,11.264694213867188,0.0572148934006691,0.011374534107744694,-0.12950482964515686,31.48483657836914,31.94402503967285,-80.10604858398438
19.967794179916382,0,56.24175262451172,1.4137189388275146,1.5,4.517947673797607,2.01200008392334,2956.0,-0.0,2.0,20.00400161743164,0.027880512177944183,0.010175875388085842,0.46270304918289185,6.69692325592041,0.05042372643947601,0.011640854179859161,-0.13336646556854248,30.954193115234375,32.47642517089844,-80.61737060546875
19.9880588054657,0,56.268531799316406,1.393835425376892,1.5,4.511710166931152,2.01200008392334,3024.0,-0.0,2.0,20.084001541137695,0.0267742071300745,0.20890474319458008,0.5985808968544006,10.49851131439209,-0.030937079340219498,-0.0007430333644151688,-0.13882604241371155,30.954193115234375,33.18629455566406,-79.93561553955078
20.008288383483887,0,56.29410934448242,1.3786051273345947,1.5,4.543193817138672,2.008000135421753,2948.0,-0.0,2.0,20.00400161743164,0.025579839944839478,-0.2322493940591812,-0.2939032316207886,8.912271499633789,-0.03945932537317276,-0.04388689994812012,-0.15360680222511292,30.777311325073242,33.008827209472656,-80.44692993164062
20.028594970703125,0,56.321407318115234,1.3761390447616577,1.5,4.587655544281006,2.01200008392334,2952.0,-0.0,2.0,20.012001037597656,0.02729984000325203,0.7524162530899048,0.11792044341564178,8.492666244506836,-0.0005765818059444427,-0.017920684069395065,-0.1510767638683319,31.838598251342773,33.008827209472656,-80.78780364990234
20.048770904541016,0,56.35006332397461,1.385132908821106,1.5,4.618249416351318,2.01200008392334,2968.0,-0.0,2.0,20.00400161743164,0.028651071712374687,0.4291825294494629,-0.0305276270955801,9.486908912658691,-0.03226868063211441,0.11137775331735611,-0.14828041195869446,30.954193115234375,34.251094818115234,-80.95824432373047
20.069132089614868,0,56.37943649291992,1.401441216468811,1.5,4.617619037628174,2.01200008392334,2952.0,-0.0,2.0,20.00400161743164,0.029374847188591957,-0.18795441091060638,-0.11792044341564178,10.811568260192871,-0.03506503999233246,0.050656758248806,-0.1529410183429718,32.015480041503906,32.83135986328125,-79.59473419189453
20.089463233947754,0,56.40894317626953,1.4058518409729004,-0.0,2.169374942779541,2.004000186920166,3104.0,-0.0,2.0,20.22800064086914,0.029504191130399704,0.09637153148651123,0.4633016288280487,8.615973472595215,0.0715961828827858,-0.028174009174108505,-0.12870585918426514,30.600431442260742,32.47642517089844,-80.61737060546875
20.109865188598633,0,56.43321228027344,1.3764734268188477,-0.0,-0.42723530530929565,2.008000135421753,2948.0,-0.0,2.0,20.012001037597656,0.024269888177514076,-0.07781551778316498,0.7889296412467957,7.018959999084473,0.019796911627054214,-0.014059040695428848,-0.1103297770023346,31.131074905395508,34.42856216430664,-80.78780364990234
20.129996299743652,0,56.45552062988281,1.3290778398513794,-0.0,-2.6664421558380127,2.004000186920166,2952.0,-0.0,2.0,20.016000747680664,0.0223049595952034,0.846992015838623,-0.9289975762367249,11.834543228149414,-0.059566497802734375,-0.07344843447208405,-0.0896899625658989,32.192359924316406,35.138427734375,-79.76517486572266
20.15030860900879,0,56.47496032714844,1.2622472047805786,-0.0,-4.519711971282959,2.01200008392334,2972.0,-0.0,2.0,20.00800132751465,0.01944563165307045,0.238235205411911,0.06584390252828598,6.695127487182617,-0.0039055831730365753,-0.02883981168270111,-0.11192770302295685,30.954193115234375,34.960960388183594,-80.2764892578125
20.170668840408325,0,56.48958969116211,1.168228030204773,-0.0,-5.9457807540893555,2.008000135421753,2944.0,-0.0,2.0,20.012001037597656,0.014629632234573364,0.6937552690505981,-0.3082691729068756,8.512419700622559,-0.04012512415647507,0.050124116241931915,-0.1235126256942749,30.600431442260742,33.89616012573242,-80.95824432373047
20.19064712524414,0,56.50202178955078,1.0651605129241943,-0.0,-7.0225396156311035,2.008000135421753,3040.0,-0.0,2.0,20.00400161743164,0.012430784292519093,0.5632646679878235,-1.7454619407653809,9.584477424621582,-0.20204779505729675,-0.010330557823181152,-0.1485467255115509,31.131074905395508,35.138427734375,-79.76517486572266
20.21104383468628,0,56.5103874206543,0.9523099660873413,-0.0,-7.7161736488342285,2.004000186920166,2952.0,-0.0,2.0,20.012001037597656,0.00836608000099659,-0.26157987117767334,-3.3688135147094727,9.719757080078125,0.032846599817276,-0.05760239064693451,-0.185298889875412,30.42354965209961,34.07362747192383,-79.42430114746094
20.231186866760254,0,56.514137268066406,0.8147193789482117,-0.0,-8.080334663391113,2.01200008392334,2952.0,-0.0,2.0,20.016000747680664,0.0037509759422391653,0.345979779958725,-3.05096697807312,6.308444499969482,0.11300896853208542,0.021361539140343666,-0.17704299092292786,30.069787979125977,34.78349304199219,-79.76517486572266
20.251533031463623,0,56.518463134765625,0.7068530917167664,0.0,-8.111740112304688,2.01200008392334,2976.0,-0.0,0.0,20.00800132751465,0.004320640116930008,0.2531997263431549,-2.9504053592681885,9.852043151855469,-0.04278832674026489,0.010042932815849781,-0.18756261467933655,31.307954788208008,34.960960388183594,-79.25386047363281
20.271790266036987,0,56.52751541137695,0.6627510190010071,0.0,-8.111740112304688,2.0160000324249268,2944.0,-0.0,0.0,20.00800132751465,0.00905683171004057,0.30886775255203247,-2.796570062637329,10.654740333557129,0.012606266885995865,0.004317048937082291,-0.19182375073432922,32.015480041503906,34.960960388183594,-80.61737060546875
20.29188060760498,0,56.54045486450195,0.6597044467926025,0.0,-8.111740112304688,2.01200008392334,2976.0,-0.0,0.0,20.00800132751465,0.012937151826918125,-0.09697011113166809,-1.693984031677246,10.697239875793457,0.07385990023612976,0.04453139379620552,-0.17318132519721985,31.838598251342773,35.138427734375,-80.78780364990234
20.312225580215454,0,56.560302734375,0.7215068936347961,0.0,-8.111740112304688,2.01200008392334,2940.0,-0.0,0.0,20.012001037597656,0.01984742470085621,0.16939839720726013,-1.8376433849334717,8.723119735717773,-0.10044664144515991,-0.03456569463014603,-0.16878706216812134,32.192359924316406,35.49336242675781,-79.76517486572266
20.332401990890503,0,56.58365249633789,0.8014028668403625,0.0,-8.111740112304688,2.004000186920166,2952.0,-0.0,0.0,20.00400161743164,0.023347968235611916,0.6129468679428101,-0.7404446005821228,10.344077110290527,-0.029605478048324585,0.05371943861246109,-0.14761459827423096,31.661718368530273,35.67082977294922,-81.29911804199219
20.35271382331848,0,56.603145599365234,0.8295432329177856,-0.0,-8.59682846069336,2.008000135421753,2956.0,-0.0,2.0,20.00400161743164,0.019495168700814247,0.6883680820465088,-0.28791743516921997,7.311666011810303,0.12832236289978027,-0.005936276167631149,-0.1247110664844513,30.24666976928711,36.38069534301758,-78.57210540771484
20.372913122177124,0,56.61016082763672,0.7435247302055359,-0.0,-9.038595199584961,2.01200008392334,2948.0,-0.0,2.0,20.00400161743164,0.007017599884420633,0.5315398573875427,-0.2681642472743988,7.865952014923096,0.06760138273239136,0.0036512482911348343,-0.10060909390449524,30.600431442260742,36.73563003540039,-80.95824432373047
20.393221139907837,0,56.61472702026367,0.6502115726470947,-0.0,-9.234423637390137,2.004000186920166,2972.0,-0.0,2.0,20.00800132751465,0.004565568175166845,0.38189461827278137,-2.6421360969543457,10.310556411743164,-0.12468177825212479,0.07342712581157684,-0.0866272822022438,31.307954788208008,35.67082977294922,-80.2764892578125
20.41336488723755,0,56.617149353027344,0.5552621483802795,-0.0,-9.23108196258545,2.01200008392334,2948.0,-0.0,2.0,20.00800132751465,0.0024190079420804977,-0.414218008518219,-2.9539968967437744,10.682873725891113,-0.03613032400608063,-0.008199997246265411,-0.10300597548484802,31.48483657836914,36.558162689208984,-81.1286849975586
20.433724880218506,0,56.61555480957031,0.4414047300815582,-0.0,-9.006617546081543,2.0240001678466797,2952.0,-0.0,2.0,20.016000747680664,-0.0015906560001894832,-0.3142549991607666,-1.4808892011642456,7.474480152130127,0.11567216366529465,-0.06279563158750534,-0.09461688995361328,30.954193115234375,37.44549560546875,-81.98087310791016
20.45387625694275,0,56.61548614501953,0.3612039387226105,-0.0,-8.625605583190918,2.01200008392334,2960.0,-0.0,2.0,20.012001037597656,-6.604800000786781e-05,0.46270304918289185,-3.054558515548706,8.589635848999023,0.003950862213969231,0.02988378517329693,-0.07144702970981598,31.131074905395508,37.622962951660156,-80.78780364990234
20.474215269088745,0,56.614986419677734,0.2922247350215912,-0.0,-8.156786918640137,2.004000186920166,2948.0,-0.0,2.0,20.020000457763672,-0.0005036160000599921,-0.2980932891368866,-2.7289304733276367,11.242547035217285,-0.022414833307266235,-0.04308793693780899,-0.08076824247837067,30.600431442260742,37.0905647277832,-78.57210540771484
20.494389295578003,0,56.61464309692383,0.23647181689739227,-0.0,-7.617796421051025,2.008000135421753,2960.0,-0.0,2.0,20.00800132751465,-0.00034124800004065037,0.25738978385925293,-2.244079828262329,7.534337997436523,0.06666926294565201,-0.026975568383932114,-0.06185951083898544,29.716026306152344,37.268028259277344,-81.81044006347656
20.514578104019165,0,56.61463928222656,0.19434231519699097,-0.0,-7.064905166625977,2.004000186920166,2948.0,-0.0,2.0,20.00400161743164,-2.7520000003278255e-06,0.19334164261817932,-2.411682605743408,8.63752269744873,0.006081422790884972,0.020562579855322838,-0.06146002933382988,29.716026306152344,36.9130973815918,-81.81044006347656
20.534891843795776,0,56.61463928222656,0.15946975350379944,-0.0,-6.504635334014893,2.004000186920166,2956.0,-0.0,2.0,20.012001037597656,0.0,0.11971618235111237,-2.509849786758423,10.005878448486328,-0.015357349999248981,-0.013659562915563583,-0.0553346648812294,30.24666976928711,37.0905647277832,-80.95824432373047
20.555049180984497,0,56.61463928222656,0.13083405792713165,-0.0,-5.955216884613037,2.004000186920166,2948.0,-0.0,2.0,20.00800132751465,0.0,0.4321754276752472,-2.371577739715576,9.51145076751709,0.008211985230445862,0.021361539140343666,-0.052804622799158096,31.307954788208008,36.025760650634766,-80.2764892578125
20.575433492660522,0,56.61463928222656,0.10736099630594254,-0.0,-5.427183151245117,2.01200008392334,2940.0,-0.0,2.0,20.00800132751465,0.0,0.29450181126594543,-2.3242897987365723,9.201386451721191,-0.012827308848500252,0.014437215402722359,-0.057731546461582184,29.362262725830078,38.33283233642578,-81.81044006347656
20.595574378967285,0,56.61648941040039,0.10544273257255554,0.0,-5.323132514953613,2.004000186920166,2960.0,-0.0,0.0,20.00800132751465,0.0018493440002202988,-0.05686518922448158,-2.163271427154541,8.903292655944824,-0.0029734615236520767,0.011241373606026173,-0.06279163062572479,30.24666976928711,37.44549560546875,-80.61737060546875
20.615925073623657,0,56.623931884765625,0.1539154201745987,0.0,-5.323132514953613,2.01200008392334,2944.0,-0.0,0.0,20.012001037597656,0.007435903884470463,-0.3244308531284332,-1.9405993223190308,9.858628273010254,0.008877784013748169,0.0024528075009584427,-0.05546782538294792,31.48483657836914,38.68776321411133,-80.78780364990234
20.636071920394897,0,56.63389205932617,0.21496756374835968,0.0,-5.323132514953613,2.01200008392334,2944.0,-0.0,0.0,20.012001037597656,0.009964992292225361,0.12929348647594452,-0.6793893575668335,8.600410461425781,0.03564295917749405,-0.010730039328336716,-0.016718242317438126,30.777311325073242,38.68776321411133,-81.81044006347656
20.65631651878357,0,56.642677307128906,0.25584495067596436,0.0,-5.323132514953613,2.01200008392334,2948.0,-0.0,0.0,20.00400161743164,0.008784383535385132,-0.022746074944734573,0.4674917161464691,8.917658805847168,0.03444451838731766,0.04852619767189026,-0.016718242317438126,32.192359924316406,36.558162689208984,-79.08341979980469
20.676598072052002,0,56.650184631347656,0.27700865268707275,0.0,-5.323132514953613,2.008000135421753,2948.0,-0.0,0.0,20.036001205444336,0.007510208059102297,0.14844806492328644,-0.1502438187599182,9.30972957611084,-0.01362626813352108,0.0012543685734272003,-0.019780924543738365,30.600431442260742,37.44549560546875,-79.93561553955078
20.696937799453735,0,56.656349182128906,0.28197604417800903,0.0,-5.323132514953613,2.008000135421753,2952.0,-0.0,0.0,20.00800132751465,0.006164480000734329,-0.08260416984558105,-0.03651343658566475,9.090049743652344,0.0018202997744083405,0.02801954373717308,-0.016851402819156647,30.777311325073242,37.97789764404297,-79.76517486572266
20.717103719711304,0,56.66096496582031,0.27293410897254944,0.0,-5.323132514953613,2.01200008392334,2936.0,-0.0,0.0,20.00400161743164,0.004615103825926781,0.1729898899793625,-0.10235733538866043,8.750056266784668,0.008478304371237755,0.0174998976290226,-0.01352240052074194,31.48483657836914,37.97789764404297,-80.44692993164062
20.73727035522461,0,56.6644172668457,0.2544266879558563,0.0,-5.323132514953613,2.01200008392334,2964.0,-0.0,0.0,20.00400161743164,0.0034482560586184263,-0.11971618235111237,0.08020984381437302,9.080472946166992,-0.0053703440353274345,0.023225780576467514,-0.029102129861712456,29.362262725830078,37.97789764404297,-80.10604858398438
20.757591009140015,0,56.666419982910156,0.22691303491592407,0.0,-5.323132514953613,2.01200008392334,2936.0,-0.0,0.0,20.00400161743164,0.002003456000238657,0.18077144026756287,-0.38369038701057434,9.54736614227295,-0.0025739818811416626,-0.0028735939413309097,-0.025773126631975174,32.36924362182617,39.22016525268555,-79.59473419189453
20.77779769897461,0,56.66754913330078,0.19628705084323883,0.0,-5.323132514953613,2.0160000324249268,2944.0,-0.0,0.0,20.00400161743164,0.0011310719419270754,-0.08439990878105164,-0.1340821236371994,8.761428833007812,0.00901094451546669,0.012706134468317032,-0.03336325287818909,31.661718368530273,38.865230560302734,-81.29911804199219
20.798091173171997,0,56.66886901855469,0.1728062778711319,0.0,-5.323132514953613,2.01200008392334,2948.0,-0.0,0.0,20.00800132751465,0.0013209600001573563,-0.06285099685192108,-1.1839931011199951,9.35522174835205,-0.042122527956962585,-0.005137316882610321,-0.011524999514222145,30.954193115234375,39.57509994506836,-80.61737060546875
20.81852436065674,0,56.673179626464844,0.1810513585805893,0.0,-5.323132514953613,2.01200008392334,2948.0,-0.0,0.0,20.00400161743164,0.004306879825890064,0.17239131033420563,-1.3090964555740356,9.471944808959961,-0.026542795822024345,-0.019119124859571457,-0.006331756245344877,31.307954788208008,38.155364990234375,-79.93561553955078
20.838651418685913,0,56.67934799194336,0.20314998924732208,0.0,-5.323132514953613,2.01200008392334,3056.0,-0.0,0.0,20.016000747680664,0.0061727361753582954,0.10175875574350357,-0.21369339525699615,8.491469383239746,0.03351239860057831,0.0017870087176561356,-0.019647764042019844,30.069787979125977,39.39763259887695,-82.15131378173828
20.85879397392273,0,56.68440628051758,0.21277205646038055,0.0,-5.323132514953613,2.01200008392334,2944.0,-0.0,0.0,20.00800132751465,0.00506092794239521,-0.020351750776171684,0.013168780133128166,9.013431549072266,0.01726686954498291,0.0035180896520614624,-0.020713044330477715,32.192359924316406,36.9130973815918,-79.42430114746094
20.879114866256714,0,56.68830490112305,0.20926816761493683,0.0,-5.323132514953613,2.0160000324249268,2940.0,-0.0,0.0,20.00800132751465,0.0038913278840482235,-0.008380132727324963,-0.10235733538866043,9.790987968444824,-0.00337294302880764,-0.00021039322018623352,-0.01512032188475132,30.777311325073242,36.20322799682617,-80.10604858398438
20.899263858795166,0,56.69087600708008,0.19419221580028534,0.0,-5.323132514953613,2.01200008392334,2952.0,-0.0,0.0,20.00400161743164,0.002573119942098856,0.08619565516710281,0.005985809490084648,8.811111450195312,-0.002840302884578705,-0.007267877459526062,-0.01458768080919981,31.131074905395508,38.33283233642578,-81.46955871582031
20.919601678848267,0,56.691959381103516,0.169361412525177,0.0,-5.323132514953613,2.01200008392334,2944.0,-0.0,0.0,20.00800132751465,0.0010815360583364964,-0.03591485694050789,-0.001197161851450801,9.165471076965332,-0.01775423064827919,0.0013875272125005722,-0.019780924543738365,30.600431442260742,40.28496551513672,-81.63999938964844
20.939773559570312,0,56.69277572631836,0.14531537890434265,0.0,-5.323132514953613,2.01200008392334,3104.0,-0.0,0.0,20.00400161743164,0.0008173440000973642,-0.09278004616498947,-0.048485055565834045,9.39472770690918,-0.0003102608025074005,-0.010730039328336716,-0.006331756245344877,32.36924362182617,37.44549560546875,-82.3217544555664
20.95999789237976,0,56.69322967529297,0.12413198500871658,0.0,-5.323132514953613,2.01200008392334,2948.0,-0.0,0.0,20.00800132751465,0.00045683200005441904,0.13767361640930176,-0.5369271039962769,8.97153091430664,0.005282461643218994,-0.006602076813578606,0.008715333417057991,30.954193115234375,38.865230560302734,-81.29911804199219
20.980294227600098,0,56.69463348388672,0.11464311182498932,0.0,-5.323132514953613,2.004000186920166,2936.0,-0.0,0.0,20.00400161743164,0.001406271941959858,0.14784948527812958,-0.8727309703826904,9.445008277893066,-0.018020551651716232,-0.004072034731507301,-0.0043343547731637955,31.131074905395508,38.68776321411133,-80.10604858398438
21.00043296813965,0,56.697242736816406,0.11752162873744965,0.0,-5.323132514953613,2.01200008392334,2952.0,-0.0,0.0,20.012001037597656,0.002603392116725445,0.08320274949073792,-0.563863217830658,9.033185005187988,0.006347743794322014,-0.006735237315297127,-0.01205763965845108,29.892906188964844,38.865230560302734,-80.95824432373047
21.020798444747925,0,56.69999694824219,0.12119629234075546,0.0,-5.323132514953613,2.01200008392334,2944.0,-0.0,0.0,20.012001037597656,0.0027520000003278255,-0.001197161851450801,-0.049682218581438065,8.946390151977539,0.020329549908638,0.0015206877142190933,-0.009527597576379776,31.661718368530273,37.80043029785156,-80.61737060546875
21.040906190872192,0,56.70184326171875,0.11529771983623505,0.0,-5.323132514953613,2.01200008392334,3040.0,-0.0,0.0,20.016000747680664,0.0018520960584282875,0.0305276270955801,0.021548913791775703,9.326489448547363,0.004616662859916687,-0.00047671422362327576,-0.002336953766644001,31.48483657836914,37.622962951660156,-80.78780364990234
21.06128239631653,0,56.70164489746094,0.09308529645204544,0.0,-5.323132514953613,2.008000135421753,2940.0,-0.0,0.0,20.012001037597656,-0.00020089600002393126,0.03830917924642563,-0.011373037472367287,9.23969554901123,-0.007367745041847229,-0.0014088340103626251,-0.003402234520763159,30.777311325073242,37.268028259277344,-79.76517486572266
21.081442832946777,0,56.701568603515625,0.07573536783456802,0.0,-5.323132514953613,2.008000135421753,2944.0,-0.0,0.0,20.032001495361328,-7.705600000917912e-05,0.052675120532512665,-0.32083937525749207,9.017023086547852,-0.01362626813352108,-0.0018083136528730392,-0.0012716734781861305,30.42354965209961,37.97789764404297,-80.78780364990234
21.10179591178894,0,56.701568603515625,0.06206461042165756,0.0,-5.323132514953613,2.01200008392334,2964.0,-0.0,0.0,20.012001037597656,2.7520000003278255e-06,0.06584390252828598,-0.5524901747703552,9.202583312988281,-0.002840302884578705,0.0003222469240427017,0.0008588880300521851,31.307954788208008,38.51029586791992,-78.9129867553711
21.121944665908813,0,56.701656341552734,0.05180783569812775,0.0,-5.323132514953613,2.008000135421753,2944.0,-0.0,0.0,20.00800132751465,8.806400001049042e-05,0.06045667454600334,-0.5674546957015991,9.133746147155762,0.0038177017122507095,-0.001275673508644104,0.001657848246395588,31.838598251342773,39.39763259887695,-80.10604858398438
21.142090320587158,0,56.70166778564453,0.04250052198767662,0.0,-5.323132514953613,2.01200008392334,2960.0,-0.0,0.0,20.00400161743164,8.256000000983477e-06,0.03292195126414299,-0.5483001470565796,9.209766387939453,-0.0017750207334756851,0.0021864883601665497,-0.0007390324026346207,30.600431442260742,38.155364990234375,-81.63999938964844
21.162433862686157,0,56.70166778564453,0.034942664206027985,0.0,-5.323132514953613,2.008000135421753,2944.0,-0.0,0.0,20.012001037597656,0.0,0.03651343658566475,-0.3860847055912018,9.07568359375,0.0016871411353349686,-0.0026072748005390167,-0.0007390324026346207,32.54612350463867,37.97789764404297,-82.83306884765625
21.182592153549194,0,56.70166778564453,0.02867238037288189,0.0,-5.323132514953613,2.0160000324249268,2936.0,-0.0,0.0,20.00800132751465,0.0,0.06943538784980774,-0.16460976004600525,9.105612754821777,0.0056819431483745575,-0.00047671422362327576,-0.00020639225840568542,30.069787979125977,38.68776321411133,-79.76517486572266
21.203670740127563,0,56.70166778564453,0.0234993789345026,0.0,-5.323132514953613,2.008000135421753,2944.0,-0.0,0.0,20.020000457763672,0.0,0.08020984381437302,0.03411911427974701,9.219942092895508,0.006880383938550949,0.0003222469240427017,0.00445421040058136,30.069787979125977,38.68776321411133,-78.74254608154297
21.223148822784424,0,56.70164489746094,0.019146088510751724,0.0,-5.323132514953613,2.004000186920166,2932.0,-0.0,0.0,20.00800132751465,-1.6512000001966953e-05,0.047287892550230026,0.23165081441402435,9.131950378417969,0.006880383938550949,-7.72327184677124e-05,0.002723129466176033,30.954193115234375,38.51029586791992,-79.93561553955078
21.243455171585083,0,56.701541900634766,0.014728937298059464,0.0,-5.323132514953613,2.0160000324249268,2952.0,-0.0,0.0,20.00400161743164,-0.0001073280000127852,0.02992904558777809,0.34478262066841125,9.130154609680176,0.004749821498990059,-0.0019414741545915604,0.0023236488923430443,30.069787979125977,37.97789764404297,-81.46955871582031
21.26376438140869,0,56.70153045654297,0.012015090323984623,0.0,-5.323132514953613,2.01200008392334,2940.0,-0.0,0.0,20.012001037597656,-1.1008000001311302e-05,0.02992904558777809,0.39985206723213196,9.156492233276367,0.002752421423792839,-0.003006754443049431,0.0023236488923430443,31.307954788208008,38.155364990234375,-81.63999938964844
21.283950090408325,0,56.70153045654297,0.009859059937298298,0.0,-5.323132514953613,2.004000186920166,2944.0,-0.0,0.0,20.032001495361328,0.0,0.09876585006713867,0.4100279211997986,9.113394737243652,0.002486100420355797,-0.003273075446486473,0.004587369970977306,31.661718368530273,39.22016525268555,-80.61737060546875
21.30413007736206,0,56.7015266418457,0.008051756769418716,0.0,-5.323132514953613,2.01200008392334,2956.0,-0.0,0.0,20.012001037597656,-2.7520000003278255e-06,0.07242829352617264,0.40763360261917114,9.128358840942383,-4.3939799070358276e-05,0.000854887068271637,0.0056526511907577515,30.600431442260742,37.44549560546875,-79.93561553955078
21.324512004852295,0,56.7015266418457,0.00661429762840271,0.0,-5.323132514953613,2.01200008392334,2944.0,-0.0,0.0,20.00800132751465,0.0,0.06943538784980774,0.39087334275245667,9.113993644714355,0.0011545009911060333,0.00325176864862442,0.001791008748114109,30.954193115234375,38.865230560302734,-79.93561553955078
21.34466004371643,0,56.7015266418457,0.005422623828053474,0.0,-5.323132514953613,2.004000186920166,2944.0,-0.0,0.0,20.00800132751465,0.0,0.03172478824853897,0.41062650084495544,9.14332389831543,0.0011545009911060333,5.5927783250808716e-05,-0.0008721929043531418,30.42354965209961,38.33283233642578,-80.78780364990234
21.365036725997925,0,56.7015266418457,0.004454720765352249,0.0,-5.323132514953613,2.01200008392334,2944.0,-0.0,0.0,20.012001037597656,0.0,0.06644248217344284,0.4160137474536896,9.131950378417969,-4.3939799070358276e-05,-0.001009354367852211,-0.001404833048582077,30.600431442260742,39.22016525268555,-80.95824432373047
21.385141849517822,0,56.7015266418457,0.003653065301477909,0.0,-5.323132514953613,2.01200008392334,2940.0,-0.0,0.0,20.00400161743164,0.0,0.0820055902004242,0.39386624097824097,9.100225448608398,0.00022237934172153473,0.0003222469240427017,-0.00047271233052015305,31.307954788208008,38.865230560302734,-81.29911804199219
21.405295848846436,0,56.7015266418457,0.002999392803758383,0.0,-5.323132514953613,2.01200008392334,2940.0,-0.0,0.0,20.00800132751465,0.0,0.09697011113166809,0.3854861259460449,9.15589427947998,0.0006218589842319489,0.0012543685734272003,-0.00020639225840568542,31.131074905395508,37.97789764404297,-80.78780364990234
21.425678491592407,0,56.7015266418457,0.0024608811363577843,0.0,-5.323132514953613,2.008000135421753,2940.0,-0.0,0.0,20.00400161743164,0.0,0.07961126416921616,0.38369038701057434,9.176844596862793,0.0014208201318979263,0.000988047569990158,-7.323268800973892e-05,32.192359924316406,38.33283233642578,-79.76517486572266
21.445826053619385,0,56.7015266418457,0.002017041901126504,0.0,-5.323132514953613,2.01200008392334,2960.0,-0.0,0.0,20.012001037597656,0.0,0.03890775889158249,0.354359894990921,9.13793659210205,-0.0009760614484548569,0.0003222469240427017,-0.0007390324026346207,29.53914451599121,38.51029586791992,-80.61737060546875
21.466041326522827,0,56.7015266418457,0.0016572640743106604,0.0,-5.323132514953613,2.008000135421753,2940.0,-0.0,0.0,20.012001037597656,0.0,0.055668026208877563,0.3352053165435791,9.154696464538574,-0.0016418620944023132,-0.00047671422362327576,-0.0011385129764676094,30.954193115234375,39.57509994506836,-80.95824432373047
21.48634648323059,0,56.7015266418457,0.00135849229991436,0.0,-5.323132514953613,2.01200008392334,2936.0,-0.0,0.0,20.00400161743164,0.0,0.07182971388101578,0.3070720136165619,9.160682678222656,-0.0007097404450178146,-0.001009354367852211,-0.001005353406071663,32.015480041503906,38.865230560302734,-81.98087310791016
21.506521463394165,0,56.7015266418457,0.0011159642599523067,0.0,-5.323132514953613,2.01200008392334,2936.0,-0.0,0.0,20.00800132751465,0.0,0.07422403246164322,0.28253018856048584,9.146915435791016,-0.0017750207334756851,-0.0015419945120811462,-0.00033955276012420654,30.777311325073242,37.268028259277344,-81.1286849975586
21.526875972747803,0,56.7015266418457,0.0009156037704087794,0.0,-5.323132514953613,2.01200008392334,2944.0,-0.0,0.0,20.00400161743164,0.0,0.05746376886963844,0.2669670879840851,9.140929222106934,-0.0009760614484548569,0.0003222469240427017,-0.0007390324026346207,30.600431442260742,39.930030822753906,-80.2764892578125
21.54703378677368,0,56.7015266418457,0.0007503779488615692,0.0,-5.323132514953613,2.01200008392334,2948.0,-0.0,0.0,20.00800132751465,0.0,0.04010492190718651,0.2442210167646408,9.127760887145996,-0.0012423805892467499,-0.00047671422362327576,-0.0015379935503005981,31.661718368530273,37.80043029785156,-80.61737060546875
21.567378997802734,0,56.7015266418457,0.0006165567319840193,0.0,-5.323132514953613,2.01200008392334,2948.0,-0.0,0.0,20.012001037597656,0.0,0.06165383383631706,0.18675725162029266,9.160682678222656,0.00035553984344005585,-0.0014088340103626251,-0.00220379326492548,29.892906188964844,36.73563003540039,-80.95824432373047
21.587538719177246,0,56.7015266418457,0.0005049632163718343,0.0,-5.323132514953613,2.008000135421753,2976.0,-0.0,0.0,20.00400161743164,0.0,0.05686518922448158,0.17837712168693542,9.133148193359375,-0.001109221950173378,-0.00047671422362327576,-0.0012716734781861305,29.53914451599121,38.51029586791992,-80.61737060546875
21.607702016830444,0,56.7015266418457,0.00041518089710734785,0.0,-5.323132514953613,2.01200008392334,2940.0,-0.0,0.0,20.00800132751465,0.0,0.07063254714012146,0.1550324559211731,9.140929222106934,-0.001109221950173378,0.000588567927479744,-0.00220379326492548,32.89988708496094,37.97789764404297,-82.15131378173828
21.62806797027588,0,56.7015266418457,0.00034066473017446697,0.0,-5.323132514953613,2.0160000324249268,2936.0,-0.0,0.0,20.02800178527832,0.0,0.06644248217344284,0.14425800740718842,9.121175765991211,-4.3939799070358276e-05,-0.0006098728626966476,-0.0007390324026346207,30.954193115234375,38.865230560302734,-81.29911804199219
21.648208379745483,0,56.7015266418457,0.00027915791724808514,0.0,-5.323132514953613,2.01200008392334,2960.0,-0.0,0.0,20.00800132751465,0.0,0.07661835849285126,0.11492753773927689,9.14452075958252,-0.0015087015926837921,0.0003222469240427017,5.9927813708782196e-05,30.24666976928711,39.930030822753906,-79.59473419189453
21.668569087982178,0,56.7015266418457,0.00022938233450986445,0.0,-5.323132514953613,2.01200008392334,2940.0,-0.0,0.0,20.012001037597656,0.0,0.04609072953462601,0.10475166141986847,9.189414024353027,-0.00044342130422592163,0.000588567927479744,-0.0016711531206965446,31.48483657836914,36.9130973815918,-80.44692993164062
21.688753366470337,0,56.7015266418457,0.00018728422583080828,0.0,-5.323132514953613,2.008000135421753,3064.0,-0.0,0.0,20.00800132751465,0.0,0.06285099685192108,0.07961126416921616,9.153499603271484,-0.00044342130422592163,0.000588567927479744,0.0008588880300521851,30.069787979125977,37.97789764404297,-81.81044006347656
21.709076404571533,0,56.7015266418457,0.00015447418263647705,0.0,-5.323132514953613,2.01200008392334,2936.0,-0.0,0.0,20.012001037597656,0.0,0.07781551778316498,0.10475166141986847,9.140929222106934,-0.0007097404450178146,-0.0006098728626966476,-0.00020639225840568542,31.661718368530273,38.155364990234375,-82.3217544555664
21.729243755340576,0,56.7015266418457,0.0001267201587324962,0.0,-5.323132514953613,2.01200008392334,2940.0,-0.0,0.0,20.016000747680664,0.0,0.07482261210680008,0.13827219605445862,9.140929222106934,0.00075501948595047,5.5927783250808716e-05,-0.00033955276012420654,30.42354965209961,37.97789764404297,-80.44692993164062
21.749560832977295,0,56.7015266418457,0.00010384115012129769,0.0,-5.323132514953613,2.01200008392334,2948.0,-0.0,0.0,20.016000747680664,0.0,0.056266605854034424,0.1550324559211731,9.14332389831543,0.0006218589842319489,5.5927783250808716e-05,0.0005925679579377174,32.89988708496094,38.33283233642578,-81.1286849975586
21.76992630958557,0,56.7015266418457,8.531894127372652e-05,0.0,-5.323132514953613,2.01200008392334,2940.0,-0.0,0.0,20.016000747680664,0.0,0.05746376886963844,0.18855299055576324,9.14452075958252,0.00075501948595047,-0.0008761938661336899,0.0007257284596562386,30.42354965209961,38.68776321411133,-81.81044006347656
21.79006314277649,0,56.7015266418457,6.961007602512836e-05,0.0,-5.323132514953613,2.008000135421753,3096.0,-0.0,0.0,20.012001037597656,0.0,0.06644248217344284,0.2220735251903534,9.160083770751953,0.00022237934172153473,-0.0007430333644151688,0.0007257284596562386,30.954193115234375,38.865230560302734,-81.98087310791016
21.810254096984863,0,56.7015266418457,5.74573059566319e-05,0.0,-5.323132514953613,2.008000135421753,2936.0,-0.0,0.0,20.00800132751465,0.0,0.06524532288312912,0.24362243711948395,9.140929222106934,0.000488700345158577,-0.0006098728626966476,0.0003262478858232498,32.192359924316406,38.33283233642578,-80.44692993164062
21.83058524131775,0,56.7015266418457,4.714326132670976e-05,0.0,-5.323132514953613,2.008000135421753,2944.0,-0.0,0.0,20.020000457763672,0.0,0.06943538784980774,0.2561926245689392,9.12656307220459,0.0011545009911060333,-0.00021039322018623352,-0.0015379935503005981,30.600431442260742,37.80043029785156,-80.95824432373047
21.850763082504272,0,56.7015266418457,3.863166057271883e-05,0.0,-5.323132514953613,2.008000135421753,2956.0,-0.0,0.0,20.012001037597656,0.0,0.07841410487890244,0.26576992869377136,9.10740852355957,0.00075501948595047,-0.0008761938661336899,0.0003262478858232498,29.892906188964844,39.930030822753906,-81.63999938964844
21.87113618850708,0,56.7015266418457,3.174843732267618e-05,0.0,-5.323132514953613,2.008000135421753,2936.0,-0.0,0.0,20.020000457763672,0.0,0.05686518922448158,0.2729529142379761,9.151703834533691,-0.0015087015926837921,-7.72327184677124e-05,0.0004594074562191963,31.307954788208008,38.51029586791992,-82.3217544555664
21.89125919342041,0,56.7015266418457,2.594654870335944e-05,0.0,-5.323132514953613,2.008000135421753,3020.0,-0.0,0.0,20.00400161743164,0.0,0.0700339674949646,0.2609812915325165,9.146915435791016,0.000488700345158577,0.0001890864223241806,-0.0015379935503005981,31.661718368530273,39.57509994506836,-80.2764892578125
21.911432027816772,0,56.7015266418457,2.1368674424593337e-05,0.0,-5.323132514953613,2.01200008392334,2940.0,-0.0,0.0,20.00800132751465,0.0,0.06584390252828598,0.2699599862098694,9.148711204528809,-0.00044342130422592163,5.5927783250808716e-05,-0.0012716734781861305,31.838598251342773,38.33283233642578,-81.1286849975586
21.93180561065674,0,56.7015266418457,1.7536201994516887e-05,0.0,-5.323132514953613,2.01200008392334,2948.0,-0.0,0.0,20.00400161743164,0.0,0.05866093188524246,0.25439688563346863,9.134943962097168,0.0006218589842319489,-0.00034355372190475464,-0.0015379935503005981,29.892906188964844,39.57509994506836,-81.29911804199219
21.951942920684814,0,56.7015266418457,1.4374512829817832e-05,0.0,-5.323132514953613,2.01200008392334,2948.0,-0.0,0.0,20.012001037597656,0.0,0.07482261210680008,0.234045147895813,9.143921852111816,-4.3939799070358276e-05,0.0003222469240427017,5.9927813708782196e-05,31.661718368530273,38.51029586791992,-80.61737060546875
21.972332239151,0,56.7015266418457,1.1808726412709802e-05,0.0,-5.323132514953613,2.008000135421753,2944.0,-0.0,0.0,20.00800132751465,0.0,0.04190066456794739,0.21249623596668243,9.141528129577637,-0.0003102608025074005,0.00045540742576122284,-0.0006058728322386742,31.131074905395508,37.268028259277344,-80.78780364990234
21.992440700531006,0,56.7015266418457,9.677805792307481e-06,0.0,-5.323132514953613,2.01200008392334,2956.0,-0.0,0.0,20.00800132751465,0.0,0.048485055565834045,0.21369339525699615,9.145119667053223,-0.00044342130422592163,0.0003222469240427017,-0.00047271233052015305,32.54612350463867,37.268028259277344,-81.46955871582031
22.012979984283447,0,56.7015266418457,7.950348845042754e-06,0.0,-5.323132514953613,2.01200008392334,2948.0,-0.0,0.0,20.00400161743164,0.0,0.03950634226202965,0.2011231929063797,9.142724990844727,-4.3939799070358276e-05,-0.00047671422362327576,-7.323268800973892e-05,30.954193115234375,37.80043029785156,-81.98087310791016
22.03294801712036,0,56.7015266418457,6.524699074361706e-06,0.0,-5.323132514953613,2.008000135421753,2944.0,-0.0,0.0,20.00800132751465,0.0,0.07242829352617264,0.1729898899793625,9.137337684631348,-0.0005765818059444427,-7.72327184677124e-05,-0.00220379326492548,32.192359924316406,39.04269790649414,-80.44692993164062
22.053266525268555,0,56.7015266418457,5.346492343960563e-06,0.0,-5.323132514953613,2.004000186920166,2960.0,-0.0,0.0,20.00800132751465,0.0,0.06823822855949402,0.18256717920303345,9.1253662109375,0.000488700345158577,0.000854887068271637,-0.00047271233052015305,30.954193115234375,37.80043029785156,-79.59473419189453
22.07344388961792,0,56.7015266418457,4.393856670503737e-06,0.0,-5.323132514953613,2.01200008392334,2940.0,-0.0,0.0,20.016000747680664,0.0,0.0640481561422348,0.180172860622406,9.147513389587402,0.0006218589842319489,-0.0008761938661336899,-0.00020639225840568542,31.838598251342773,37.622962951660156,-80.78780364990234
22.09380054473877,0,56.7015266418457,3.59944669980905e-06,0.0,-5.323132514953613,2.01200008392334,2964.0,-0.0,0.0,20.012001037597656,0.0,0.07123112678527832,0.18795441091060638,9.158886909484863,0.00075501948595047,-0.0008761938661336899,-0.0007390324026346207,31.131074905395508,39.04269790649414,-80.44692993164062
22.11399793624878,0,56.7015266418457,2.9580949103547027e-06,0.0,-5.323132514953613,2.008000135421753,2936.0,-0.0,0.0,20.012001037597656,0.0,0.0670410618185997,0.18795441091060638,9.140929222106934,0.0008881799876689911,-7.72327184677124e-05,0.0019241683185100555,31.48483657836914,38.68776321411133,-81.81044006347656
22.134284019470215,0,56.7015266418457,2.427942717986298e-06,0.0,-5.323132514953613,2.01200008392334,2940.0,-0.0,0.0,20.012001037597656,0.0,0.06883680820465088,0.19693312048912048,9.132549285888672,0.00022237934172153473,-0.00021039322018623352,0.0004594074562191963,31.48483657836914,39.39763259887695,-82.15131378173828
22.15443515777588,0,56.7015266418457,1.9888939277734607e-06,0.0,-5.323132514953613,2.01200008392334,2956.0,-0.0,0.0,20.00800132751465,0.0,0.06464674323797226,0.21129906177520752,9.12656307220459,0.00022237934172153473,-0.00047671422362327576,-0.00020639225840568542,31.131074905395508,39.04269790649414,-82.4921875
22.174806118011475,0,56.7015266418457,1.6345137510143104e-06,0.0,-5.323132514953613,2.01200008392334,2940.0,-0.0,0.0,20.040000915527344,0.0,0.06763964146375656,0.21967920660972595,9.11279582977295,-0.0007097404450178146,-0.001275673508644104,0.0007257284596562386,29.892906188964844,39.22016525268555,-81.98087310791016
22.194940328598022,0,56.7015266418457,1.3387856370172813e-06,0.0,-5.323132514953613,2.01200008392334,2960.0,-0.0,0.0,20.012001037597656,0.0,0.05925951153039932,0.2202777862548828,9.147513389587402,0.00075501948595047,-0.00047671422362327576,5.9927813708782196e-05,30.069787979125977,36.9130973815918,-81.81044006347656
22.21514105796814,0,56.7015266418457,1.1002413202731987e-06,0.0,-5.323132514953613,2.01200008392334,2944.0,-0.0,0.0,20.016000747680664,0.0,0.08020984381437302,0.22686217725276947,9.140929222106934,0.0006218589842319489,5.5927783250808716e-05,-7.323268800973892e-05,31.307954788208008,38.155364990234375,-79.93561553955078
22.235426902770996,0,56.7015266418457,9.024213341035647e-07,0.0,-5.323132514953613,2.008000135421753,2948.0,-0.0,0.0,20.00400161743164,0.0,0.0580623485147953,0.22865791618824005,9.133148193359375,0.0018202997744083405,-0.00034355372190475464,0.0001930873841047287,30.24666976928711,38.51029586791992,-80.2764892578125
22.25558638572693,0,56.7015266418457,7.409734621433017e-07,0.0,-5.323132514953613,2.01200008392334,2940.0,-0.0,0.0,20.012001037597656,0.0,0.0640481561422348,0.21967920660972595,9.157690048217773,-0.0001771003007888794,-0.00047671422362327576,0.0004594074562191963,29.53914451599121,38.155364990234375,-81.63999938964844
22.275936126708984,0,56.7015266418457,6.078215051275038e-07,0.0,-5.323132514953613,2.0160000324249268,2944.0,-0.0,0.0,20.02800178527832,0.0,0.05746376886963844,0.22626358270645142,9.172654151916504,0.0010213404893875122,0.0003222469240427017,-0.0006058728322386742,30.954193115234375,38.51029586791992,-81.98087310791016
22.29609990119934,0,56.7015266418457,4.979432901563996e-07,0.0,-5.323132514953613,2.008000135421753,2960.0,-0.0,0.0,20.00400161743164,0.0,0.06943538784980774,0.21070048213005066,9.151104927062988,-0.0008429009467363358,0.0015206877142190933,-7.323268800973892e-05,31.307954788208008,38.155364990234375,-81.63999938964844
22.31648325920105,0,56.7015266418457,4.093154188922199e-07,0.0,-5.323132514953613,2.008000135421753,2940.0,-0.0,0.0,20.00400161743164,0.0,0.06165383383631706,0.21129906177520752,9.166069984436035,0.0006218589842319489,0.000854887068271637,-7.323268800973892e-05,29.892906188964844,38.155364990234375,-81.63999938964844
22.336649417877197,0,56.7015266418457,3.358532296715566e-07,0.0,-5.323132514953613,2.008000135421753,2940.0,-0.0,0.0,20.00400161743164,0.0,0.06225241720676422,0.2160877138376236,9.116387367248535,-0.0009760614484548569,-0.00047671422362327576,-7.323268800973892e-05,30.600431442260742,38.865230560302734,-82.66262817382812
22.356959104537964,0,56.7015266418457,2.7567216420720797e-07,0.0,-5.323132514953613,2.008000135421753,2940.0,-0.0,0.0,20.00800132751465,0.0,0.05866093188524246,0.19453880190849304,9.140929222106934,-0.0016418620944023132,0.000588567927479744,-0.0008721929043531418,29.892906188964844,38.865230560302734,-81.29911804199219
22.377145290374756,0,56.7015266418457,2.2613423311668157e-07,0.0,-5.323132514953613,2.0280001163482666,2944.0,-0.0,0.0,20.020000457763672,0.0,0.0700339674949646,0.20651042461395264,9.138534545898438,-0.0007097404450178146,-7.72327184677124e-05,5.9927813708782196e-05,30.600431442260742,38.51029586791992,-79.93561553955078
22.397470235824585,0,56.7015266418457,1.8527050826833147e-07,0.0,-5.323132514953613,2.01200008392334,2964.0,-0.0,0.0,20.00800132751465,0.0,0.06524532288312912,0.20591184496879578,9.127760887145996,-4.3939799070358276e-05,-0.00021039322018623352,-0.0007390324026346207,30.24666976928711,37.44549560546875,-79.59473419189453
22.41767168045044,0,56.7015266418457,1.522830785916085e-07,0.0,-5.323132514953613,2.01200008392334,2944.0,-0.0,0.0,20.00800132751465,0.0,0.07123112678527832,0.20172177255153656,9.124767303466797,0.00035553984344005585,0.00045540742576122284,-0.001404833048582077,31.131074905395508,37.622962951660156,-80.78780364990234
22.437811613082886,0,56.7015266418457,1.2422161432823486e-07,0.0,-5.323132514953613,2.008000135421753,3016.0,-0.0,0.0,20.00400161743164,0.0,0.04249924421310425,0.2160877138376236,9.128957748413086,-0.0003102608025074005,-0.00047671422362327576,-0.00033955276012420654,29.892906188964844,38.51029586791992,-81.63999938964844
22.45816731452942,0,56.7015266418457,1.0252648507957929e-07,0.0,-5.323132514953613,2.01200008392334,2936.0,-0.0,0.0,20.012001037597656,0.0,0.06285099685192108,0.20770758390426636,9.14571762084961,-4.3939799070358276e-05,0.0003222469240427017,-0.00033955276012420654,31.307954788208008,37.80043029785156,-81.29911804199219
22.47833752632141,0,56.7015266418457,8.412191476736552e-08,0.0,-5.323132514953613,2.0160000324249268,2940.0,-0.0,0.0,20.00400161743164,0.0,0.06584390252828598,0.2011231929063797,9.174449920654297,0.0008881799876689911,0.0001890864223241806,-0.00047271233052015305,31.307954788208008,38.865230560302734,-81.29911804199219
22.498661994934082,0,56.7015266418457,6.893115056527677e-08,0.0,-5.323132514953613,2.01200008392334,2964.0,-0.0,0.0,20.00800132751465,0.0,0.0550694465637207,0.20591184496879578,9.163076400756836,-0.00044342130422592163,-0.0006098728626966476,0.0007257284596562386,29.716026306152344,38.33283233642578,-80.78780364990234
22.518874645233154,0,56.7015266418457,5.666665003900562e-08,0.0,-5.323132514953613,2.01200008392334,2940.0,-0.0,0.0,20.012001037597656,0.0,0.05686518922448158,0.23763662576675415,9.140929222106934,0.0008881799876689911,-7.72327184677124e-05,0.0008588880300521851,30.777311325073242,37.97789764404297,-81.1286849975586
22.539048671722412,0,56.7015266418457,4.621531601856077e-08,0.0,-5.323132514953613,2.01200008392334,3088.0,-0.0,0.0,20.00800132751465,0.0,0.05686518922448158,0.23284797370433807,9.122971534729004,-0.0003102608025074005,-0.00021039322018623352,0.0008588880300521851,29.716026306152344,38.33283233642578,-82.83306884765625
22.559342861175537,0,56.7015266418457,3.814533044987911e-08,0.0,-5.323132514953613,2.01200008392334,2936.0,-0.0,0.0,20.012001037597656,0.0,0.06225241720676422,0.2292564958333969,9.151104927062988,-0.0003102608025074005,-0.00021039322018623352,-7.323268800973892e-05,31.307954788208008,38.865230560302734,-80.95824432373047
22.57970929145813,0,56.7015266418457,3.130029924136579e-08,0.0,-5.323132514953613,2.0160000324249268,2940.0,-0.0,0.0,20.012001037597656,0.0,0.07482261210680008,0.21249623596668243,9.146915435791016,-4.3939799070358276e-05,-0.00047671422362327576,5.9927813708782196e-05,30.777311325073242,39.39763259887695,-81.1286849975586
22.599876403808594,0,56.7015266418457,2.565120382769237e-08,0.0,-5.323132514953613,2.008000135421753,2964.0,-0.0,0.0,20.012001037597656,0.0,0.053872283548116684,0.21249623596668243,9.119978904724121,-0.00044342130422592163,0.0001890864223241806,0.0015246886759996414,30.600431442260742,38.51029586791992,-80.61737060546875
22.62020206451416,0,56.7015266418457,2.107908869675157e-08,0.0,-5.323132514953613,2.008000135421753,2940.0,-0.0,0.0,20.00800132751465,0.0,0.06644248217344284,0.20950332283973694,9.117584228515625,0.00035553984344005585,5.5927783250808716e-05,-0.0007390324026346207,30.777311325073242,38.33283233642578,-82.15131378173828
22.640350818634033,0,56.7015266418457,1.720190390130938e-08,0.0,-5.323132514953613,2.01200008392334,3068.0,-0.0,0.0,20.00400161743164,0.0,0.07781551778316498,0.20531325042247772,9.125965118408203,8.921884000301361e-05,-0.00047671422362327576,-0.00033955276012420654,31.307954788208008,39.22016525268555,-82.3217544555664
22.66062593460083,0,56.7015266418457,1.4192668373880224e-08,0.0,-5.323132514953613,2.008000135421753,2940.0,-0.0,0.0,20.012001037597656,0.0,0.05746376886963844,0.20471467077732086,9.114591598510742,0.00022237934172153473,-7.72327184677124e-05,-7.323268800973892e-05,30.600431442260742,36.73563003540039,-80.95824432373047
22.68092131614685,0,56.7015266418457,1.1649512465794487e-08,0.0,-5.323132514953613,2.004000186920166,2944.0,-0.0,0.0,20.012001037597656,0.0,0.07123112678527832,0.21848203241825104,9.134345054626465,-0.0005765818059444427,0.000588567927479744,-7.323268800973892e-05,30.777311325073242,38.68776321411133,-81.1286849975586
22.701053380966187,0,56.7015266418457,9.545884971373653e-09,0.0,-5.323132514953613,2.008000135421753,2960.0,-0.0,0.0,20.016000747680664,0.0,0.06524532288312912,0.21369339525699615,9.124767303466797,-4.3939799070358276e-05,0.0001890864223241806,-0.001005353406071663,29.716026306152344,39.39763259887695,-81.81044006347656
22.7213933467865,0,56.7015266418457,7.842600346918971e-09,0.0,-5.323132514953613,2.004000186920166,2944.0,-0.0,0.0,20.00400161743164,0.0,0.049083635210990906,0.20770758390426636,9.14332389831543,-0.0001771003007888794,0.0003222469240427017,-0.00020639225840568542,30.069787979125977,37.622962951660156,-82.15131378173828
22.741559267044067,0,56.7015266418457,6.414524467146521e-09,0.0,-5.323132514953613,2.01200008392334,3004.0,-0.0,0.0,20.00800132751465,0.0,0.08260416984558105,0.2130948156118393,9.141528129577637,0.0008881799876689911,-0.00021039322018623352,0.0015246886759996414,31.48483657836914,37.97789764404297,-80.10604858398438
22.761707544326782,0,56.7015266418457,5.280340165114694e-09,0.0,-5.323132514953613,2.008000135421753,2944.0,-0.0,0.0,20.00800132751465,0.0,0.07063254714012146,0.21788345277309418,9.14332389831543,0.0010213404893875122,-0.0011425130069255829,-0.00047271233052015305,30.42354965209961,37.97789764404297,-80.78780364990234
22.782069206237793,0,56.7015266418457,4.332971315079703e-09,0.0,-5.323132514953613,2.008000135421753,2936.0,-0.0,0.0,20.00800132751465,0.0,0.06344957649707794,0.19753170013427734,9.170259475708008,0.0012876596301794052,0.000588567927479744,-7.323268800973892e-05,30.777311325073242,37.622962951660156,-81.1286849975586
22.80222249031067,0,56.7015266418457,3.5521794394810513e-09,0.0,-5.323132514953613,2.004000186920166,2952.0,-0.0,0.0,20.012001037597656,0.0,0.09158287942409515,0.20950332283973694,9.154696464538574,-4.3939799070358276e-05,-0.00034355372190475464,-0.001404833048582077,32.015480041503906,38.155364990234375,-80.2764892578125
22.822563648223877,0,56.7015266418457,2.917679209346602e-09,0.0,-5.323132514953613,2.01200008392334,2944.0,-0.0,0.0,20.00400161743164,0.0,0.07123112678527832,0.21728487312793732,9.122373580932617,8.921884000301361e-05,-0.0011425130069255829,-0.0006058728322386742,31.131074905395508,36.9130973815918,-80.10604858398438
22.842775106430054,0,56.7015266418457,2.391640441246068e-09,0.0,-5.323132514953613,2.01200008392334,2956.0,-0.0,0.0,20.016000747680664,0.0,0.06045667454600334,0.20651042461395264,9.169661521911621,0.00075501948595047,0.0003222469240427017,5.9927813708782196e-05,30.600431442260742,37.44549560546875,-82.3217544555664
22.8631010055542,0,56.7015266418457,1.964360230033435e-09,0.0,-5.323132514953613,2.008000135421753,2944.0,-0.0,0.0,20.016000747680664,0.0,0.0760197788476944,0.21249623596668243,9.16247844696045,0.0011545009911060333,-0.00021039322018623352,-0.00020639225840568542,31.131074905395508,37.97789764404297,-81.46955871582031
22.88330864906311,0,56.7015266418457,1.6119277024273515e-09,0.0,-5.323132514953613,2.004000186920166,2944.0,-0.0,0.0,20.012001037597656,0.0,0.06584390252828598,0.21788345277309418,9.130753517150879,-0.0003102608025074005,-7.72327184677124e-05,0.0007257284596562386,30.24666976928711,38.155364990234375,-80.95824432373047
22.90356183052063,0,56.7015266418457,1.320185738507007e-09,0.0,-5.323132514953613,2.008000135421753,2968.0,-0.0,0.0,20.012001037597656,0.0,0.06524532288312912,0.22985507547855377,9.146915435791016,0.000488700345158577,-7.72327184677124e-05,0.0004594074562191963,31.307954788208008,37.44549560546875,-79.93561553955078
22.923760414123535,0,56.7015266418457,1.0853741239102987e-09,0.0,-5.323132514953613,2.0160000324249268,2940.0,-0.0,0.0,20.00400161743164,0.0,0.06464674323797226,0.20291893184185028,9.164274215698242,0.0011545009911060333,-7.72327184677124e-05,0.0005925679579377174,30.954193115234375,38.865230560302734,-80.61737060546875
22.94389533996582,0,56.7015266418457,8.895200132030823e-10,0.0,-5.323132514953613,2.01200008392334,2956.0,-0.0,0.0,20.016000747680664,0.0,0.052675120532512665,0.1921444833278656,9.146915435791016,0.00035553984344005585,0.0011212080717086792,-0.00033955276012420654,29.716026306152344,38.33283233642578,-79.42430114746094
22.96429753303528,0,56.7015266418457,7.30971783102774e-10,0.0,-5.323132514953613,2.01200008392334,2940.0,-0.0,0.0,20.00800132751465,0.0,0.07661835849285126,0.19753170013427734,9.13793659210205,0.0008881799876689911,-0.0006098728626966476,-0.00020639225840568542,32.36924362182617,38.155364990234375,-80.2764892578125
22.984474897384644,0,56.7015266418457,5.997816687752788e-10,0.0,-5.323132514953613,2.008000135421753,2944.0,-0.0,0.0,20.00400161743164,0.0,0.049682218581438065,0.21967920660972595,9.139732360839844,0.00022237934172153473,-0.001275673508644104,0.0004594074562191963,32.015480041503906,38.51029586791992,-81.98087310791016
23.004767656326294,0,56.7015266418457,4.920581719858319e-10,0.0,-5.323132514953613,2.01200008392334,2944.0,-0.0,0.0,20.00400161743164,0.0,0.06285099685192108,0.22446784377098083,9.148112297058105,-4.3939799070358276e-05,-0.0011425130069255829,0.0008588880300521851,30.954193115234375,37.44549560546875,-81.63999938964844
23.024938106536865,0,56.7015266418457,4.038069045808612e-10,0.0,-5.323132514953613,2.0280001163482666,2944.0,-0.0,0.0,20.00400161743164,0.0,0.051477961242198944,0.20770758390426636,9.136738777160645,0.000488700345158577,5.5927783250808716e-05,-7.323268800973892e-05,30.777311325073242,37.268028259277344,-81.1286849975586
23.045251846313477,0,56.7015266418457,3.308492091402826e-10,0.0,-5.323132514953613,2.01200008392334,2972.0,-0.0,0.0,20.012001037597656,0.0,0.055668026208877563,0.22147494554519653,9.135541915893555,-0.0007097404450178146,-7.72327184677124e-05,-0.0016711531206965446,31.131074905395508,39.04269790649414,-80.44692993164062
23.065431356430054,0,56.7015266418457,2.719619252022909e-10,0.0,-5.323132514953613,2.01200008392334,2944.0,-0.0,0.0,20.00800132751465,0.0,0.04429498687386513,0.22327068448066711,9.150506973266602,0.00035553984344005585,-0.0008761938661336899,0.0009920485317707062,31.661718368530273,38.865230560302734,-79.93561553955078
23.085729598999023,0,56.7015266418457,2.2307244940122928e-10,0.0,-5.323132514953613,2.008000135421753,2940.0,-0.0,0.0,20.012001037597656,0.0,0.05925951153039932,0.22267210483551025,9.132549285888672,0.00022237934172153473,-0.00047671422362327576,-0.00020639225840568542,31.661718368530273,38.155364990234375,-82.66262817382812
23.10591173171997,0,56.7015266418457,1.830924301060577e-10,0.0,-5.323132514953613,2.004000186920166,2940.0,-0.0,0.0,20.00800132751465,0.0,0.06344957649707794,0.22865791618824005,9.127161979675293,-0.0007097404450178146,-0.0008761938661336899,0.0003262478858232498,32.015480041503906,38.51029586791992,-80.2764892578125
23.12628746032715,0,56.7015266418457,1.501959945304776e-10,0.0,-5.323132514953613,2.0360000133514404,2940.0,-0.0,0.0,20.032001495361328,0.0,0.05746376886963844,0.23045365512371063,9.160682678222656,-0.0005765818059444427,-0.0014088340103626251,0.0009920485317707062,32.192359924316406,37.268028259277344,-80.78780364990234
23.14644193649292,0,56.7015266418457,1.2312617592158404e-10,0.0,-5.323132514953613,2.008000135421753,2960.0,-0.0,0.0,20.016000747680664,0.0,0.056266605854034424,0.20471467077732086,9.15589427947998,8.921884000301361e-05,-7.72327184677124e-05,-0.00047271233052015305,30.42354965209961,37.97789764404297,-81.1286849975586
23.166623830795288,0,56.7015266418457,1.0114869358757161e-10,0.0,-5.323132514953613,2.008000135421753,2940.0,-0.0,0.0,20.012001037597656,0.0,0.0580623485147953,0.21070048213005066,9.1253662109375,0.00022237934172153473,5.5927783250808716e-05,0.0007257284596562386,29.892906188964844,38.865230560302734,-80.95824432373047
23.18695569038391,0,56.7015266418457,8.298843556797664e-11,0.0,-5.323132514953613,2.01200008392334,2940.0,-0.0,0.0,20.00800132751465,0.0,0.05686518922448158,0.22147494554519653,9.14452075958252,-0.001109221950173378,-0.0006098728626966476,-0.0007390324026346207,31.131074905395508,37.268028259277344,-82.15131378173828
23.207117080688477,0,56.7015266418457,6.809910968463839e-11,0.0,-5.323132514953613,2.01200008392334,2936.0,-0.0,0.0,20.012001037597656,0.0,0.06524532288312912,0.21369339525699615,9.12656307220459,0.0012876596301794052,-0.0006098728626966476,-0.00020639225840568542,30.600431442260742,38.155364990234375,-80.95824432373047
23.22749090194702,0,56.7015266418457,5.5887766636786296e-11,0.0,-5.323132514953613,2.0199999809265137,2940.0,-0.0,0.0,20.012001037597656,0.0,0.07721693813800812,0.204116091132164,9.1253662109375,0.0006218589842319489,-0.0007430333644151688,-0.00020639225840568542,32.015480041503906,38.51029586791992,-81.98087310791016
23.247685194015503,0,56.7015266418457,4.5790142511048515e-11,0.0,-5.323132514953613,2.01200008392334,2952.0,-0.0,0.0,20.012001037597656,0.0,0.06225241720676422,0.21489055454730988,9.14452075958252,-0.0001771003007888794,-0.00034355372190475464,0.0009920485317707062,29.716026306152344,36.9130973815918,-81.46955871582031
23.26785683631897,0,56.7015266418457,3.7615178333227917e-11,0.0,-5.323132514953613,2.01200008392334,2948.0,-0.0,0.0,20.00800132751465,0.0,0.07362545281648636,0.21668629348278046,9.121175765991211,8.921884000301361e-05,0.0003222469240427017,-0.0007390324026346207,30.24666976928711,38.155364990234375,-80.61737060546875
23.28820037841797,0,56.7015266418457,3.076213589414678e-11,0.0,-5.323132514953613,2.01200008392334,3032.0,-0.0,0.0,20.012001037597656,0.0,0.049083635210990906,0.21489055454730988,9.148112297058105,0.00035553984344005585,0.00045540742576122284,-0.0008721929043531418,31.307954788208008,39.57509994506836,-80.95824432373047
23.30833649635315,0,56.7015266418457,2.5329687999842143e-11,0.0,-5.323132514953613,2.01200008392334,2940.0,-0.0,0.0,20.012001037597656,0.0,0.07482261210680008,0.20232035219669342,9.146316528320312,0.0008881799876689911,-0.0008761938661336899,0.0005925679579377174,31.307954788208008,38.51029586791992,-79.93561553955078
23.32874846458435,0,56.7015266418457,2.078348777800887e-11,0.0,-5.323132514953613,2.0160000324249268,2936.0,-0.0,0.0,20.016000747680664,0.0,0.06285099685192108,0.21070048213005066,9.130753517150879,0.0012876596301794052,0.0011212080717086792,0.0007257284596562386,31.48483657836914,39.04269790649414,-81.46955871582031
23.34886407852173,0,56.7015266418457,1.7039631858284388e-11,0.0,-5.323132514953613,2.01200008392334,2948.0,-0.0,0.0,20.00400161743164,0.0,0.0700339674949646,0.19573596119880676,9.171457290649414,0.00035553984344005585,0.000588567927479744,-0.0006058728322386742,31.661718368530273,38.865230560302734,-79.59473419189453
23.369203567504883,0,56.7015266418457,1.3997026628020937e-11,0.0,-5.323132514953613,2.01200008392334,2940.0,-0.0,0.0,20.00400161743164,0.0,0.051477961242198944,0.2101019024848938,9.135541915893555,-0.0009760614484548569,-0.00034355372190475464,-0.0012716734781861305,31.48483657836914,38.33283233642578,-80.44692993164062
23.38936734199524,0,56.7015266418457,1.1413296523155037e-11,0.0,-5.323132514953613,2.01200008392334,3100.0,-0.0,0.0,20.012001037597656,0.0,0.052076540887355804,0.23045365512371063,9.129556655883789,-0.0009760614484548569,-0.00034355372190475464,-7.323268800973892e-05,30.069787979125977,37.622962951660156,-80.78780364990234
23.40953826904297,0,56.7015266418457,9.42619853699922e-12,0.0,-5.323132514953613,2.008000135421753,2944.0,-0.0,0.0,20.00400161743164,0.0,0.08080842345952988,0.21668629348278046,9.14033031463623,-0.0001771003007888794,0.0001890864223241806,-7.323268800973892e-05,30.600431442260742,38.51029586791992,-80.2764892578125
23.42990207672119,0,56.7015266418457,7.735619436677332e-12,0.0,-5.323132514953613,2.008000135421753,2944.0,-0.0,0.0,20.012001037597656,0.0,0.04249924421310425,0.21788345277309418,9.147513389587402,0.0010213404893875122,0.000854887068271637,0.0009920485317707062,31.48483657836914,37.97789764404297,-80.44692993164062
23.45005702972412,0,56.7015266418457,6.3397030680700794e-12,0.0,-5.323132514953613,2.01200008392334,2948.0,-0.0,0.0,20.016000747680664,0.0,0.08020984381437302,0.22446784377098083,9.142724990844727,0.0010213404893875122,0.0003222469240427017,5.9927813708782196e-05,30.24666976928711,38.51029586791992,-81.63999938964844
23.470425367355347,0,56.7015266418457,5.20768497769275e-12,0.0,-5.323132514953613,2.01200008392334,2948.0,-0.0,0.0,20.020000457763672,0.0,0.07123112678527832,0.21070048213005066,9.119978904724121,-0.0001771003007888794,-0.00021039322018623352,0.0001930873841047287,29.185382843017578,39.57509994506836,-80.61737060546875
23.490580558776855,0,56.7015266418457,4.253064480458368e-12,0.0,-5.323132514953613,2.008000135421753,3056.0,-0.0,0.0,20.00400161743164,0.0,0.0610552541911602,0.21967920660972595,9.141528129577637,-0.00044342130422592163,0.0001890864223241806,-0.00047271233052015305,29.892906188964844,37.44549560546875,-80.61737060546875
23.51079249382019,0,56.7015266418457,3.506749795059716e-12,0.0,-5.323132514953613,2.01200008392334,2948.0,-0.0,0.0,20.016000747680664,0.0,0.050280798226594925,0.21848203241825104,9.139732360839844,-0.0001771003007888794,-0.00047671422362327576,-0.00020639225840568542,30.42354965209961,37.268028259277344,-81.1286849975586
23.531131267547607,0,56.7015266418457,2.877145136720438e-12,0.0,-5.323132514953613,2.01200008392334,2940.0,-0.0,0.0,20.00800132751465,0.0,0.06763964146375656,0.20471467077732086,9.142724990844727,0.00022237934172153473,0.0003222469240427017,-0.00033955276012420654,29.892906188964844,38.155364990234375,-80.95824432373047
23.551270723342896,0,56.7015266418457,2.3580464837691384e-12,0.0,-5.323132514953613,2.01200008392334,2956.0,-0.0,0.0,20.00800132751465,0.0,0.0670410618185997,0.21489055454730988,9.138534545898438,0.0008881799876689911,-0.00047671422362327576,-0.00020639225840568542,31.131074905395508,37.97789764404297,-81.81044006347656
23.57162094116211,0,56.7015266418457,1.9375933149601288e-12,0.0,-5.323132514953613,2.008000135421753,2944.0,-0.0,0.0,20.012001037597656,0.0,0.0670410618185997,0.2071090042591095,9.148112297058105,-4.3939799070358276e-05,-0.0006098728626966476,-0.0015379935503005981,31.661718368530273,37.80043029785156,-81.29911804199219
23.592752695083618,0,56.7015266418457,1.5856338594563701e-12,0.0,-5.323132514953613,2.01200008392334,2988.0,-0.0,0.0,20.012001037597656,0.0,0.06165383383631706,0.21548913419246674,9.129556655883789,-0.0024408213794231415,0.0001890864223241806,0.0001930873841047287,29.892906188964844,37.44549560546875,-81.29911804199219
23.612140893936157,0,56.7015266418457,1.3045656135218797e-12,0.0,-5.323132514953613,2.008000135421753,2948.0,-0.0,0.0,20.00400161743164,0.0,0.06344957649707794,0.19274306297302246,9.153499603271484,0.00035553984344005585,0.000588567927479744,-0.0006058728322386742,31.307954788208008,38.155364990234375,-80.61737060546875
23.632315158843994,0,56.7015266418457,1.0708023009953216e-12,0.0,-5.323132514953613,2.004000186920166,2940.0,-0.0,0.0,20.012001037597656,0.0,0.09936443716287613,0.22386926412582397,9.130753517150879,-0.0021745022386312485,-0.00034355372190475464,-0.001005353406071663,31.307954788208008,38.51029586791992,-79.93561553955078
23.652459383010864,0,56.7015266418457,8.769998074108221e-13,0.0,-5.323132514953613,2.01200008392334,2956.0,-0.0,0.0,20.012001037597656,0.0,0.07063254714012146,0.19633454084396362,9.150506973266602,0.000488700345158577,0.000588567927479744,5.9927813708782196e-05,30.069787979125977,38.33283233642578,-82.15131378173828
23.67283296585083,0,56.7015266418457,7.207631843794693e-13,0.0,-5.323132514953613,2.008000135421753,2940.0,-0.0,0.0,20.032001495361328,0.0,0.0760197788476944,0.21728487312793732,9.120577812194824,8.921884000301361e-05,5.5927783250808716e-05,-0.00047271233052015305,29.362262725830078,37.622962951660156,-80.78780364990234
23.692957639694214,0,56.7015266418457,5.906316559965707e-13,0.0,-5.323132514953613,2.01200008392334,2972.0,-0.0,0.0,20.00800132751465,0.0,0.0640481561422348,0.238235205411911,9.118183135986328,-4.3939799070358276e-05,0.000588567927479744,0.0009920485317707062,31.661718368530273,38.51029586791992,-79.59473419189453
23.713377952575684,0,56.7015266418457,4.85224219744923e-13,0.0,-5.323132514953613,2.01200008392334,2940.0,-0.0,0.0,20.012001037597656,0.0,0.05746376886963844,0.22087636590003967,9.152302742004395,0.00035553984344005585,0.000854887068271637,-7.323268800973892e-05,31.661718368530273,38.155364990234375,-80.95824432373047
23.733525037765503,0,56.7015266418457,3.9818446933778673e-13,0.0,-5.323132514953613,2.01200008392334,2948.0,-0.0,0.0,20.020000457763672,0.0,0.06464674323797226,0.2190806120634079,9.163675308227539,-0.0003102608025074005,-0.00034355372190475464,5.9927813708782196e-05,31.838598251342773,37.622962951660156,-80.10604858398438
23.75385093688965,0,56.7015266418457,3.262177312134129e-13,0.0,-5.323132514953613,2.01200008392334,2956.0,-0.0,0.0,20.00800132751465,0.0,0.050280798226594925,0.21369339525699615,9.14571762084961,0.00035553984344005585,-0.00047671422362327576,-0.0008721929043531418,31.131074905395508,37.268028259277344,-80.78780364990234
23.774096727371216,0,56.7015266418457,2.680293324525823e-13,0.0,-5.323132514953613,2.0280001163482666,2940.0,-0.0,0.0,20.016000747680664,0.0,0.0670410618185997,0.21429197490215302,9.155295372009277,-0.0012423805892467499,-0.0011425130069255829,0.0007257284596562386,29.892906188964844,37.44549560546875,-80.61737060546875
23.794355869293213,0,56.7015266418457,2.1958576992310574e-13,0.0,-5.323132514953613,2.01200008392334,2968.0,-0.0,0.0,20.00800132751465,0.0,0.06823822855949402,0.2202777862548828,9.123570442199707,0.00075501948595047,0.0001890864223241806,-0.0006058728322386742,30.42354965209961,37.622962951660156,-82.15131378173828
23.814530611038208,0,56.7015266418457,1.8052295498293541e-13,0.0,-5.323132514953613,2.008000135421753,2944.0,-0.0,0.0,20.00800132751465,0.0,0.0610552541911602,0.21249623596668243,9.161280632019043,0.00075501948595047,-0.00034355372190475464,-0.0015379935503005981,30.42354965209961,39.39763259887695,-80.78780364990234
23.83485245704651,0,56.7015266418457,1.481290405006691e-13,0.0,-5.323132514953613,2.01200008392334,2940.0,-0.0,0.0,20.012001037597656,0.0,0.06225241720676422,0.21070048213005066,9.109803199768066,-0.00044342130422592163,-0.0007430333644151688,-0.00047271233052015305,30.42354965209961,37.97789764404297,-79.76517486572266
23.855063676834106,0,56.7015266418457,1.2154345455442361e-13,0.0,-5.323132514953613,2.01200008392334,2944.0,-0.0,0.0,20.00800132751465,0.0,0.06165383383631706,0.21129906177520752,9.117584228515625,-0.0009760614484548569,-0.0008761938661336899,-7.323268800973892e-05,32.192359924316406,36.20322799682617,-81.1286849975586
23.875219583511353,0,56.7015266418457,9.974485159266328e-14,0.0,-5.323132514953613,2.0280001163482666,2940.0,-0.0,0.0,20.012001037597656,0.0,0.07362545281648636,0.21788345277309418,9.155295372009277,0.00022237934172153473,-0.001009354367852211,-0.0019374731928110123,31.131074905395508,37.622962951660156,-80.78780364990234
23.89553689956665,0,56.7015266418457,8.174282648334974e-14,0.0,-5.323132514953613,2.01200008392334,2948.0,-0.0,0.0,20.00400161743164,0.0,0.055668026208877563,0.21129906177520752,9.118782043457031,-0.0012423805892467499,0.0012543685734272003,0.0021904893219470978,30.069787979125977,38.33283233642578,-80.78780364990234
23.915719985961914,0,56.7015266418457,6.715712241953803e-14,0.0,-5.323132514953613,2.01200008392334,2936.0,-0.0,0.0,20.00800132751465,0.0,0.06045667454600334,0.2101019024848938,9.140929222106934,-0.0008429009467363358,0.0011212080717086792,0.0004594074562191963,30.069787979125977,37.622962951660156,-80.78780364990234
23.936065435409546,0,56.7015266418457,5.4854416094065467e-14,0.0,-5.323132514953613,2.01200008392334,2940.0,-0.0,0.0,20.016000747680664,0.0,0.0700339674949646,0.19753170013427734,9.160682678222656,8.921884000301361e-05,0.00045540742576122284,5.9927813708782196e-05,31.131074905395508,38.33283233642578,-81.1286849975586
23.956220388412476,0,56.7015266418457,4.5205850239364576e-14,0.0,-5.323132514953613,2.008000135421753,2948.0,-0.0,0.0,20.016000747680664,0.0,0.0790126845240593,0.21548913419246674,9.115190505981445,-4.3939799070358276e-05,0.0001890864223241806,0.0008588880300521851,32.72300338745117,37.80043029785156,-80.95824432373047
23.97662663459778,0,56.7015266418457,3.7098149124068294e-14,0.0,-5.323132514953613,2.0199999809265137,2944.0,-0.0,0.0,20.016000747680664,0.0,0.05866093188524246,0.2202777862548828,9.142126083374023,-0.0003102608025074005,0.00045540742576122284,0.0003262478858232498,31.661718368530273,38.155364990234375,-80.61737060546875
23.996744394302368,0,56.7015266418457,3.041083416989096e-14,0.0,-5.323132514953613,2.004000186920166,2956.0,-0.0,0.0,20.016000747680664,0.0,0.053273703902959824,0.234045147895813,9.11159896850586,0.00075501948595047,-0.00047671422362327576,-7.323268800973892e-05,30.954193115234375,36.73563003540039,-80.2764892578125
24.01693892478943,0,56.7015266418457,2.4975825240977113e-14,0.0,-5.323132514953613,2.01200008392334,2940.0,-0.0,0.0,20.012001037597656,0.0,0.06823822855949402,0.20950332283973694,9.118782043457031,0.0006218589842319489,0.0007217265665531158,0.0004594074562191963,29.185382843017578,38.155364990234375,-80.95824432373047
24.037246465682983,0,56.7015266418457,2.0478248003580335e-14,0.0,-5.323132514953613,2.01200008392334,2968.0,-0.0,0.0,20.00400161743164,0.0,0.09218145906925201,0.20232035219669342,9.138534545898438,-0.0009760614484548569,-0.00047671422362327576,-0.0008721929043531418,30.600431442260742,38.865230560302734,-80.61737060546875
24.05739140510559,0,56.7015266418457,1.6817749382241724e-14,0.0,-5.323132514953613,2.008000135421753,2940.0,-0.0,0.0,20.00400161743164,0.0,0.06883680820465088,0.22865791618824005,9.12656307220459,-0.001109221950173378,-0.0008761938661336899,-7.323268800973892e-05,31.661718368530273,37.0905647277832,-80.95824432373047
24.077805042266846,0,56.7015266418457,1.3803620755919923e-14,0.0,-5.323132514953613,2.008000135421753,2940.0,-0.0,0.0,20.00400161743164,0.0,0.053872283548116684,0.19992603361606598,9.13913345336914,8.921884000301361e-05,-7.72327184677124e-05,-0.00020639225840568542,29.892906188964844,38.51029586791992,-81.29911804199219
24.097976446151733,0,56.7015266418457,1.1313158390776831e-14,0.0,-5.323132514953613,2.008000135421753,2952.0,-0.0,0.0,20.00400161743164,0.0,0.07721693813800812,0.20651042461395264,9.131352424621582,-0.0015087015926837921,0.0012543685734272003,-0.0011385129764676094,30.954193115234375,38.51029586791992,-80.2764892578125
24.118289709091187,0,56.7015266418457,9.29524130734681e-15,0.0,-5.323132514953613,2.01200008392334,2936.0,-0.0,0.0,20.012001037597656,0.0,0.06464674323797226,0.21489055454730988,9.133148193359375,0.0008881799876689911,-0.001009354367852211,-0.00047271233052015305,32.192359924316406,37.622962951660156,-81.1286849975586
24.138458013534546,0,56.7015266418457,7.596292267897289e-15,0.0,-5.323132514953613,2.008000135421753,3044.0,-0.0,0.0,20.00800132751465,0.0,0.0640481561422348,0.23045365512371063,9.148711204528809,0.0016871411353349686,0.000988047569990158,0.0005925679579377174,31.131074905395508,39.04269790649414,-82.15131378173828
24.158615589141846,0,56.7015266418457,6.258712894734869e-15,0.0,-5.323132514953613,2.01200008392334,2940.0,-0.0,0.0,20.016000747680664,0.0,0.07661835849285126,0.2250664234161377,9.170858383178711,0.00022237934172153473,0.00045540742576122284,-0.0015379935503005981,30.600431442260742,37.80043029785156,-81.63999938964844
24.178970098495483,0,56.7015266418457,5.135223216573342e-15,0.0,-5.323132514953613,2.01200008392334,2940.0,-0.0,0.0,20.00400161743164,0.0,0.06823822855949402,0.21967920660972595,9.154696464538574,-0.0003102608025074005,-0.00021039322018623352,0.0009920485317707062,30.069787979125977,39.04269790649414,-80.78780364990234
24.19911241531372,0,56.7015266418457,4.209699114228775e-15,0.0,-5.323132514953613,2.01200008392334,2948.0,-0.0,0.0,20.00400161743164,0.0,0.06344957649707794,0.2220735251903534,9.15828800201416,0.00022237934172153473,0.00045540742576122284,-0.00020639225840568542,31.307954788208008,38.51029586791992,-80.95824432373047
24.2194504737854,0,56.7015266418457,3.4578817758500408e-15,0.0,-5.323132514953613,2.01200008392334,2948.0,-0.0,0.0,20.016000747680664,0.0,0.0550694465637207,0.21548913419246674,9.133746147155762,-4.3939799070358276e-05,-0.0020746346563100815,-0.0006058728322386742,30.600431442260742,37.44549560546875,-80.95824432373047
24.239607334136963,0,56.7015266418457,2.8196888251477877e-15,0.0,-5.323132514953613,2.004000186920166,3096.0,-0.0,0.0,20.00400161743164,0.0,0.050280798226594925,0.2190806120634079,9.112197875976562,-0.0009760614484548569,-0.00047671422362327576,-0.0007390324026346207,30.42354965209961,39.04269790649414,-80.10604858398438
24.2600359916687,0,56.7015266418457,2.328862454850601e-15,0.0,-5.323132514953613,2.01200008392334,2940.0,-0.0,0.0,20.00800132751465,0.0,0.0580623485147953,0.22087636590003967,9.128957748413086,8.921884000301361e-05,0.000854887068271637,0.0003262478858232498,30.600431442260742,38.865230560302734,-80.95824432373047
24.280130863189697,0,56.7015266418457,1.910361898578854e-15,0.0,-5.323132514953613,2.0280001163482666,2940.0,-0.0,0.0,20.020000457763672,0.0,0.08020984381437302,0.21129906177520752,9.15948486328125,0.0006218589842319489,5.5927783250808716e-05,-0.00020639225840568542,32.192359924316406,40.462432861328125,-80.78780364990234
24.30045199394226,0,56.7015266418457,1.5652690291644272e-15,0.0,-5.323132514953613,2.008000135421753,2972.0,-0.0,0.0,20.00800132751465,0.0,0.06165383383631706,0.21369339525699615,9.135541915893555,-0.00044342130422592163,-0.00021039322018623352,-0.00047271233052015305,30.954193115234375,38.155364990234375,-81.29911804199219
24.320655822753906,0,56.7015266418457,1.2866189064402855e-15,0.0,-5.323132514953613,2.01200008392334,2940.0,-0.0,0.0,20.00800132751465,0.0,0.0640481561422348,0.23344656825065613,9.136738777160645,8.921884000301361e-05,0.0003222469240427017,5.9927813708782196e-05,32.015480041503906,38.865230560302734,-81.63999938964844
24.34079122543335,0,56.7015266418457,1.0516578961025733e-15,0.0,-5.323132514953613,2.01200008392334,3028.0,-0.0,0.0,20.00400161743164,0.0,0.049682218581438065,0.20591184496879578,9.121175765991211,0.0019534602761268616,5.5927783250808716e-05,-7.323268800973892e-05,30.954193115234375,37.44549560546875,-80.61737060546875
24.361117601394653,0,56.7015266418457,8.663790209509109e-16,0.0,-5.323132514953613,2.01200008392334,2948.0,-0.0,0.0,20.00400161743164,0.0,0.06464674323797226,0.2292564958333969,9.134345054626465,0.00022237934172153473,0.000854887068271637,-0.00047271233052015305,30.42354965209961,38.33283233642578,-80.44692993164062
24.381319284439087,0,56.7015266418457,7.111338165265179e-16,0.0,-5.323132514953613,2.0160000324249268,2940.0,-0.0,0.0,20.00400161743164,0.0,0.07242829352617264,0.20770758390426636,9.130753517150879,-0.0001771003007888794,0.0011212080717086792,-0.00047271233052015305,31.48483657836914,37.97789764404297,-80.78780364990234
24.401617527008057,0,56.7015266418457,5.827435269970265e-16,0.0,-5.323132514953613,2.01200008392334,2948.0,-0.0,0.0,20.00400161743164,0.0,0.054470863193273544,0.21189764142036438,9.180436134338379,0.0008881799876689911,0.0001890864223241806,-0.0006058728322386742,32.015480041503906,37.80043029785156,-81.63999938964844
24.421804666519165,0,56.7015266418457,4.78818884176469e-16,0.0,-5.323132514953613,2.0199999809265137,2940.0,-0.0,0.0,20.00800132751465,0.0,0.07542119920253754,0.2160877138376236,9.160682678222656,8.921884000301361e-05,0.0011212080717086792,-7.323268800973892e-05,32.015480041503906,38.51029586791992,-80.2764892578125
24.442097663879395,0,56.7015266418457,3.921874777652922e-16,0.0,-5.323132514953613,2.008000135421753,2960.0,-0.0,0.0,20.00800132751465,0.0,0.05866093188524246,0.2280593365430832,9.136738777160645,-0.00044342130422592163,0.0015206877142190933,-0.0006058728322386742,31.131074905395508,37.268028259277344,-80.44692993164062
24.462286710739136,0,56.7015266418457,3.2245787266274605e-16,0.0,-5.323132514953613,2.01200008392334,2936.0,-0.0,0.0,20.012001037597656,0.0,0.053872283548116684,0.22327068448066711,9.142126083374023,0.0012876596301794052,0.0007217265665531158,0.0011252081021666527,32.192359924316406,37.97789764404297,-80.44692993164062
24.482643365859985,0,56.7015266418457,2.645333128065239e-16,0.0,-5.323132514953613,2.0240001678466797,2944.0,-0.0,0.0,20.00800132751465,0.0,0.047886475920677185,0.2071090042591095,9.152302742004395,0.0006218589842319489,0.0003222469240427017,-0.0015379935503005981,30.600431442260742,38.51029586791992,-80.2764892578125
24.502766370773315,0,56.7015266418457,2.1683982569217005e-16,0.0,-5.323132514953613,2.01200008392334,2956.0,-0.0,0.0,20.00800132751465,0.0,0.04429498687386513,0.21668629348278046,9.149309158325195,0.00075501948595047,0.0016538482159376144,-0.00033955276012420654,29.53914451599121,38.51029586791992,-81.63999938964844
24.523121118545532,0,56.7015266418457,1.78106795724354e-16,0.0,-5.323132514953613,2.01200008392334,2936.0,-0.0,0.0,20.00800132751465,0.0,0.07721693813800812,0.204116091132164,9.12656307220459,8.921884000301361e-05,0.000854887068271637,-0.001005353406071663,30.777311325073242,37.268028259277344,-79.76517486572266
24.543267011642456,0,56.7015266418457,1.459837197093349e-16,0.0,-5.323132514953613,2.01200008392334,2960.0,-0.0,0.0,20.012001037597656,0.0,0.04309782758355141,0.21189764142036438,9.150506973266602,0.00022237934172153473,-0.00034355372190475464,-0.00047271233052015305,30.42354965209961,37.622962951660156,-80.78780364990234
24.563419580459595,0,56.7015266418457,1.1996817476049294e-16,0.0,-5.323132514953613,2.01200008392334,2940.0,-0.0,0.0,20.00800132751465,0.0,0.05686518922448158,0.20232035219669342,9.127760887145996,8.921884000301361e-05,-0.001009354367852211,-0.00033955276012420654,30.42354965209961,37.97789764404297,-80.44692993164062
24.583816051483154,0,56.7015266418457,9.840607096796297e-17,0.0,-5.323132514953613,2.0320000648498535,2936.0,-0.0,0.0,20.00800132751465,0.0,0.052076540887355804,0.1891515702009201,9.135541915893555,0.0012876596301794052,5.5927783250808716e-05,-0.0016711531206965446,30.069787979125977,36.558162689208984,-81.1286849975586
24.603928565979004,0,56.7015266418457,8.067326416362678e-17,0.0,-5.323132514953613,2.008000135421753,2956.0,-0.0,0.0,20.00800132751465,0.0,0.0610552541911602,0.2250664234161377,9.148711204528809,-0.0016418620944023132,-0.0011425130069255829,0.0004594074562191963,31.307954788208008,37.44549560546875,-81.29911804199219
24.62427043914795,0,56.7015266418457,6.625260764596112e-17,0.0,-5.323132514953613,2.0320000648498535,2940.0,-0.0,0.0,20.00800132751465,0.0,0.07482261210680008,0.21249623596668243,9.135541915893555,0.0008881799876689911,-0.0015419945120811462,0.0005925679579377174,30.954193115234375,37.0905647277832,-79.25386047363281
24.644437789916992,0,56.7015266418457,5.43243885889831e-17,0.0,-5.323132514953613,2.01200008392334,2952.0,-0.0,0.0,20.00800132751465,0.0,0.06644248217344284,0.21129906177520752,9.165471076965332,-0.0001771003007888794,0.0001890864223241806,-0.00033955276012420654,30.24666976928711,39.22016525268555,-80.95824432373047
24.66479802131653,0,56.7015266418457,4.462771753621593e-17,0.0,-5.323132514953613,2.01200008392334,2944.0,-0.0,0.0,20.016000747680664,0.0,0.06943538784980774,0.19274306297302246,9.13913345336914,-0.0007097404450178146,0.000988047569990158,-0.0006058728322386742,32.54612350463867,38.33283233642578,-81.1286849975586
24.684948921203613,0,56.7015266418457,3.6602275575605995e-17,0.0,-5.323132514953613,2.01200008392334,2936.0,-0.0,0.0,20.00400161743164,0.0,0.0849984884262085,0.22386926412582397,9.148711204528809,0.00022237934172153473,0.0001890864223241806,0.0008588880300521851,30.24666976928711,39.22016525268555,-80.95824432373047
24.705257177352905,0,56.7015266418457,3.005043933264703e-17,0.0,-5.323132514953613,2.01200008392334,2948.0,-0.0,0.0,20.012001037597656,0.0,0.04010492190718651,0.22446784377098083,9.11159896850586,0.0011545009911060333,-0.001275673508644104,5.9927813708782196e-05,32.015480041503906,38.865230560302734,-80.95824432373047
24.725449323654175,0,56.7015266418457,2.465709600734818e-17,0.0,-5.323132514953613,2.01200008392334,2940.0,-0.0,0.0,20.00800132751465,0.0,0.0700339674949646,0.2250664234161377,9.115788459777832,-0.0008429009467363358,-0.001275673508644104,-0.00047271233052015305,31.131074905395508,37.97789764404297,-80.10604858398438
24.745776891708374,0,56.7015266418457,2.020455647790387e-17,0.0,-5.323132514953613,2.004000186920166,2956.0,-0.0,0.0,20.016000747680664,0.0,0.05746376886963844,0.20591184496879578,9.149309158325195,0.00035553984344005585,5.5927783250808716e-05,0.0004594074562191963,32.192359924316406,38.33283233642578,-80.44692993164062
24.766001224517822,0,56.7015266418457,1.6602606772347835e-17,0.0,-5.323132514953613,2.01200008392334,2940.0,-0.0,0.0,20.012001037597656,0.0,0.06524532288312912,0.2071090042591095,9.14452075958252,-0.0001771003007888794,0.0011212080717086792,0.0007257284596562386,31.838598251342773,37.97789764404297,-81.1286849975586
24.786282300949097,0,56.7015266418457,1.3586607824486603e-17,0.0,-5.323132514953613,2.008000135421753,2940.0,-0.0,0.0,20.012001037597656,0.0,0.0670410618185997,0.21788345277309418,9.152302742004395,-0.001375541090965271,-7.72327184677124e-05,-0.0006058728322386742,30.600431442260742,39.57509994506836,-80.95824432373047
24.806403398513794,0,56.7015266418457,1.117694219179409e-17,0.0,-5.323132514953613,2.008000135421753,2940.0,-0.0,0.0,20.012001037597656,0.0,0.08679423481225967,0.20770758390426636,9.138534545898438,-0.00044342130422592163,0.0011212080717086792,-0.00020639225840568542,31.307954788208008,38.51029586791992,-81.63999938964844
24.82676362991333,0,56.7015266418457,9.172722445066894e-18,0.0,-5.323132514953613,2.0160000324249268,2944.0,-0.0,0.0,20.00800132751465,0.0,0.048485055565834045,0.21848203241825104,9.137337684631348,0.0006218589842319489,5.5927783250808716e-05,0.0001930873841047287,30.42354965209961,38.33283233642578,-81.1286849975586
24.846924304962158,0,56.7015266418457,7.517494334678883e-18,0.0,-5.323132514953613,2.01200008392334,2960.0,-0.0,0.0,20.00400161743164,0.0,0.050879377871751785,0.21189764142036438,9.14332389831543,-0.0005765818059444427,-0.0006098728626966476,-0.0008721929043531418,30.954193115234375,37.44549560546875,-81.29911804199219
24.86728286743164,0,56.7015266418457,6.176843838425401e-18,0.0,-5.323132514953613,2.008000135421753,2936.0,-0.0,0.0,20.00800132751465,0.0,0.0640481561422348,0.20950332283973694,9.0786771774292,0.000488700345158577,0.0007217265665531158,0.0005925679579377174,30.600431442260742,38.155364990234375,-79.93561553955078
24.88741421699524,0,56.7015266418457,5.060458549847296e-18,0.0,-5.323132514953613,2.008000135421753,2968.0,-0.0,0.0,20.012001037597656,0.0,0.06823822855949402,0.22386926412582397,9.131950378417969,8.921884000301361e-05,-0.00034355372190475464,0.0001930873841047287,31.307954788208008,38.51029586791992,-80.61737060546875
24.907748460769653,0,56.7015266418457,4.159443795817785e-18,0.0,-5.323132514953613,2.008000135421753,2940.0,-0.0,0.0,20.016000747680664,0.0,0.049682218581438065,0.20052461326122284,9.134345054626465,0.0008881799876689911,5.5927783250808716e-05,0.0005925679579377174,30.954193115234375,38.51029586791992,-81.98087310791016
24.927923917770386,0,56.7015266418457,3.411459936652422e-18,0.0,-5.323132514953613,2.0280001163482666,2940.0,-0.0,0.0,20.020000457763672,0.0,0.06285099685192108,0.21728487312793732,9.153499603271484,0.0011545009911060333,0.0012543685734272003,0.0007257284596562386,31.661718368530273,38.155364990234375,-81.29911804199219
24.948253631591797,0,56.7015266418457,2.795311916720607e-18,0.0,-5.323132514953613,2.01200008392334,2968.0,-0.0,0.0,20.00400161743164,0.0,0.048485055565834045,0.20890474319458008,9.132549285888672,0.0006218589842319489,0.0001890864223241806,-7.323268800973892e-05,31.131074905395508,37.622962951660156,-80.44692993164062
24.968467235565186,0,56.7015266418457,2.2973316103756677e-18,0.0,-5.323132514953613,2.01200008392334,2948.0,-0.0,0.0,20.016000747680664,0.0,0.06045667454600334,0.21070048213005066,9.13793659210205,0.00035553984344005585,0.000854887068271637,5.9927813708782196e-05,30.600431442260742,37.80043029785156,-81.98087310791016
24.988734006881714,0,56.7015266418457,1.8767900918215645e-18,0.0,-5.323132514953613,2.008000135421753,3060.0,-0.0,0.0,20.00800132751465,0.0,0.04130208492279053,0.21668629348278046,9.129556655883789,0.00022237934172153473,-0.0007430333644151688,-0.001005353406071663,31.131074905395508,38.33283233642578,-80.78780364990234
25.008890867233276,0,56.7015266418457,1.5469151164263627e-18,0.0,-5.323132514953613,2.01200008392334,2944.0,-0.0,0.0,20.00800132751465,0.0,0.06045667454600334,0.2250664234161377,9.103816986083984,-0.0007097404450178146,0.0003222469240427017,-0.0007390324026346207,29.362262725830078,37.622962951660156,-80.78780364990234
25.029252290725708,0,56.7015266418457,1.269625149944499e-18,0.0,-5.323132514953613,2.01200008392334,2940.0,-0.0,0.0,20.00800132751465,0.0,0.03112620860338211,0.20172177255153656,9.127161979675293,0.00075501948595047,0.0001890864223241806,0.0004594074562191963,30.24666976928711,36.73563003540039,-81.29911804199219
25.049402952194214,0,56.7015266418457,1.0404423535274945e-18,0.0,-5.323132514953613,2.008000135421753,2956.0,-0.0,0.0,20.00400161743164,0.0,0.08140700310468674,0.21249623596668243,9.131352424621582,0.0015539806336164474,-0.0006098728626966476,0.0013915281742811203,30.600431442260742,39.57509994506836,-81.29911804199219
25.069761037826538,0,56.7015266418457,8.548925589408378e-19,0.0,-5.323132514953613,2.01200008392334,2940.0,-0.0,0.0,20.012001037597656,0.0,0.0820055902004242,0.2130948156118393,9.133148193359375,-0.0009760614484548569,0.0003222469240427017,0.0005925679579377174,30.600431442260742,39.22016525268555,-79.59473419189453
25.08990788459778,0,56.7015266418457,6.972495117762475e-19,0.0,-5.323132514953613,2.008000135421753,3100.0,-0.0,0.0,20.012001037597656,0.0,0.051477961242198944,0.21788345277309418,9.142724990844727,0.00075501948595047,-0.0008761938661336899,0.0001930873841047287,30.42354965209961,37.622962951660156,-81.1286849975586
25.110101222991943,0,56.7015266418457,5.756104313512168e-19,0.0,-5.323132514953613,2.008000135421753,2944.0,-0.0,0.0,20.00400161743164,0.0,0.055668026208877563,0.2011231929063797,9.111000061035156,-0.0007097404450178146,-0.001275673508644104,5.9927813708782196e-05,29.008501052856445,37.97789764404297,-80.78780364990234
25.13041400909424,0,56.7015266418457,4.724119985145605e-19,0.0,-5.323132514953613,2.004000186920166,2940.0,-0.0,0.0,20.02400016784668,0.0,0.049083635210990906,0.21788345277309418,9.139732360839844,0.00022237934172153473,-0.001275673508644104,0.0005925679579377174,32.192359924316406,37.97789764404297,-80.44692993164062
25.15053915977478,0,56.7015266418457,3.8706091797192485e-19,0.0,-5.323132514953613,2.008000135421753,2956.0,-0.0,0.0,20.012001037597656,0.0,0.07422403246164322,0.21668629348278046,9.148711204528809,-4.3939799070358276e-05,0.0003222469240427017,-0.00033955276012420654,32.192359924316406,37.268028259277344,-81.1286849975586
25.17090630531311,0,56.7015266418457,3.1789677973997457e-19,0.0,-5.323132514953613,2.0320000648498535,2940.0,-0.0,0.0,20.02400016784668,0.0,0.052675120532512665,0.21249623596668243,9.136140823364258,-0.0005765818059444427,0.0003222469240427017,-0.00047271233052015305,30.42354965209961,37.97789764404297,-79.76517486572266
25.191097497940063,0,56.7015266418457,2.5997172543654127e-19,0.0,-5.323132514953613,2.01200008392334,3032.0,-0.0,0.0,20.016000747680664,0.0,0.052076540887355804,0.20232035219669342,9.113394737243652,-4.3939799070358276e-05,-0.0014088340103626251,-0.0011385129764676094,31.131074905395508,38.68776321411133,-80.44692993164062
25.211379289627075,0,56.7015266418457,2.1409588799874115e-19,0.0,-5.323132514953613,2.008000135421753,2940.0,-0.0,0.0,20.016000747680664,0.0,0.06045667454600334,0.2160877138376236,9.13913345336914,0.00035553984344005585,0.0012543685734272003,0.0005925679579377174,30.42354965209961,38.68776321411133,-82.15131378173828
25.23175883293152,0,56.7015266418457,1.756777429426572e-19,0.0,-5.323132514953613,2.01200008392334,2940.0,-0.0,0.0,20.032001495361328,0.0,0.07961126416921616,0.19034872949123383,9.154696464538574,0.0008881799876689911,-0.00047671422362327576,-0.00020639225840568542,30.954193115234375,37.80043029785156,-80.61737060546875
25.25189232826233,0,56.7015266418457,1.43937452821108e-19,0.0,-5.323132514953613,2.008000135421753,2956.0,-0.0,0.0,20.00800132751465,0.0,0.04549214988946915,0.20651042461395264,9.109204292297363,0.00035553984344005585,-0.00047671422362327576,0.0001930873841047287,30.42354965209961,38.33283233642578,-81.46955871582031
25.272247314453125,0,56.7015266418457,1.1827284307285198e-19,0.0,-5.323132514953613,2.004000186920166,2940.0,-0.0,0.0,20.016000747680664,0.0,0.06464674323797226,0.21489055454730988,9.128957748413086,-0.0016418620944023132,0.0007217265665531158,-0.0007390324026346207,29.53914451599121,37.80043029785156,-79.25386047363281
25.292807579040527,0,56.7015266418457,9.6919434053737e-20,0.0,-5.323132514953613,2.008000135421753,2952.0,-0.0,0.0,20.00400161743164,0.0,0.05866093188524246,0.21848203241825104,9.119379997253418,-4.3939799070358276e-05,-0.00021039322018623352,-0.0012716734781861305,31.307954788208008,36.38069534301758,-81.29911804199219
25.312568187713623,0,56.7015266418457,7.961957192764984e-20,0.0,-5.323132514953613,2.008000135421753,2940.0,-0.0,0.0,20.012001037597656,0.0,0.06285099685192108,0.1981302797794342,9.121774673461914,-0.0025739818811416626,-0.00021039322018623352,0.0003262478858232498,29.716026306152344,39.7525634765625,-81.81044006347656
25.332947731018066,0,56.7015266418457,6.53500859756507e-20,0.0,-5.323132514953613,2.008000135421753,2944.0,-0.0,0.0,20.00400161743164,0.0,0.06464674323797226,0.2202777862548828,9.122373580932617,-0.0012423805892467499,-0.001009354367852211,-0.00020639225840568542,31.838598251342773,39.04269790649414,-81.1286849975586
25.35311269760132,0,56.7015266418457,5.35575115885849e-20,0.0,-5.323132514953613,2.008000135421753,2948.0,-0.0,0.0,20.016000747680664,0.0,0.08020984381437302,0.22686217725276947,9.113993644714355,0.0012876596301794052,-0.00034355372190475464,0.0004594074562191963,31.48483657836914,37.97789764404297,-80.78780364990234
25.373407125473022,0,56.7015266418457,4.400287757995559e-20,0.0,-5.323132514953613,2.004000186920166,2936.0,-0.0,0.0,20.032001495361328,0.0,0.03830917924642563,0.22566500306129456,9.157690048217773,0.0014208201318979263,0.000588567927479744,-0.00047271233052015305,32.015480041503906,37.44549560546875,-80.61737060546875
25.393561124801636,0,56.7015266418457,3.6037296302131857e-20,0.0,-5.323132514953613,2.01200008392334,2956.0,-0.0,0.0,20.00400161743164,0.0,0.056266605854034424,0.21189764142036438,9.12416934967041,0.00022237934172153473,0.000588567927479744,-0.0011385129764676094,30.600431442260742,37.80043029785156,-80.95824432373047
25.414653539657593,0,56.7015266418457,2.961382202417705e-20,0.0,-5.323132514953613,2.01200008392334,2944.0,-0.0,0.0,20.00800132751465,0.0,0.05746376886963844,0.21070048213005066,9.15828800201416,0.0010213404893875122,0.0001890864223241806,0.0011252081021666527,29.892906188964844,38.865230560302734,-79.25386047363281
25.43480920791626,0,56.7015266418457,2.4311108005984843e-20,0.0,-5.323132514953613,2.004000186920166,2940.0,-0.0,0.0,20.016000747680664,0.0,0.0879913941025734,0.234045147895813,9.121774673461914,-0.0003102608025074005,-0.00034355372190475464,-0.00047271233052015305,30.600431442260742,38.51029586791992,-81.29911804199219
25.45440673828125,0,56.7015266418457,1.9910300352049598e-20,0.0,-5.323132514953613,2.008000135421753,2972.0,-0.0,0.0,20.00800132751465,0.0,0.0670410618185997,0.17957428097724915,9.14033031463623,-0.0015087015926837921,0.0003222469240427017,0.0003262478858232498,30.777311325073242,37.97789764404297,-81.1286849975586
25.474613189697266,0,56.7015266418457,1.636648897122337e-20,0.0,-5.323132514953613,2.01200008392334,2940.0,-0.0,0.0,20.012001037597656,0.0,0.06344957649707794,0.22746075689792633,9.122373580932617,0.00075501948595047,-0.00021039322018623352,5.9927813708782196e-05,32.192359924316406,38.33283233642578,-80.10604858398438
25.49495506286621,0,56.7015266418457,1.3406900555200424e-20,0.0,-5.323132514953613,2.01200008392334,2964.0,-0.0,0.0,20.012001037597656,0.0,0.06225241720676422,0.2101019024848938,9.151703834533691,-4.3939799070358276e-05,-7.72327184677124e-05,-0.0015379935503005981,31.838598251342773,38.33283233642578,-80.44692993164062
25.51577925682068,0,56.7015266418457,1.1019800286833736e-20,0.0,-5.323132514953613,2.008000135421753,2948.0,-0.0,0.0,20.012001037597656,0.0,0.0580623485147953,0.20232035219669342,9.169661521911621,-0.0016418620944023132,0.00045540742576122284,0.0015246886759996414,30.777311325073242,38.33283233642578,-80.78780364990234
25.53525996208191,0,56.7015266418457,9.042005787664478e-21,0.0,-5.323132514953613,2.008000135421753,2936.0,-0.0,0.0,20.00800132751465,0.0,0.052076540887355804,0.21489055454730988,9.098429679870605,-0.0007097404450178146,0.0001890864223241806,-0.00033955276012420654,31.307954788208008,37.44549560546875,-80.95824432373047
25.55557870864868,0,56.7015266418457,7.41860082763094e-21,0.0,-5.323132514953613,2.01200008392334,2948.0,-0.0,0.0,20.016000747680664,0.0,0.07063254714012146,0.20351751148700714,9.132549285888672,-0.001109221950173378,-0.00034355372190475464,-0.00033955276012420654,32.015480041503906,38.865230560302734,-80.95824432373047
25.575961351394653,0,56.7015266418457,6.0880731383005086e-21,0.0,-5.323132514953613,2.01200008392334,2940.0,-0.0,0.0,20.032001495361328,0.0,0.0640481561422348,0.2071090042591095,9.164872169494629,-0.0001771003007888794,-7.72327184677124e-05,0.0012583686038851738,30.777311325073242,37.97789764404297,-81.1286849975586
25.596116304397583,0,56.7015266418457,4.9871611742713514e-21,0.0,-5.323132514953613,2.01200008392334,2960.0,-0.0,0.0,20.00400161743164,0.0,0.06225241720676422,0.19992603361606598,9.16247844696045,0.000488700345158577,5.5927783250808716e-05,5.9927813708782196e-05,31.661718368530273,38.155364990234375,-80.2764892578125
25.616263151168823,0,56.7015266418457,4.0987118430461465e-21,0.0,-5.323132514953613,2.008000135421753,2940.0,-0.0,0.0,20.016000747680664,0.0,0.07362545281648636,0.2071090042591095,9.160682678222656,-0.0009760614484548569,-0.00021039322018623352,-0.00047271233052015305,30.777311325073242,39.04269790649414,-81.46955871582031
25.6366229057312,0,56.7015266418457,3.362566940158876e-21,0.0,-5.323132514953613,2.008000135421753,2944.0,-0.0,0.0,20.00400161743164,0.0,0.0670410618185997,0.20950332283973694,9.131950378417969,-0.00044342130422592163,-0.00034355372190475464,0.0004594074562191963,30.777311325073242,37.97789764404297,-80.78780364990234
25.656851053237915,0,56.7015266418457,2.7595924613376745e-21,0.0,-5.323132514953613,2.008000135421753,2936.0,-0.0,0.0,20.00800132751465,0.0,0.052675120532512665,0.19992603361606598,9.136738777160645,0.0008881799876689911,0.0001890864223241806,-0.0008721929043531418,30.42354965209961,38.68776321411133,-81.46955871582031
25.677173614501953,0,56.7015266418457,2.264131267309193e-21,0.0,-5.323132514953613,2.0199999809265137,2948.0,-0.0,0.0,20.012001037597656,0.0,0.03232337161898613,0.20890474319458008,9.148711204528809,-0.001375541090965271,-0.0006098728626966476,-0.001005353406071663,31.307954788208008,38.155364990234375,-81.29911804199219
25.697283506393433,0,56.7015266418457,1.8560670768241587e-21,0.0,-5.323132514953613,2.01200008392334,2956.0,-0.0,0.0,20.012001037597656,0.0,0.054470863193273544,0.20830616354942322,9.142126083374023,0.0014208201318979263,-7.72327184677124e-05,0.0012583686038851738,31.307954788208008,38.51029586791992,-80.2764892578125
25.717620134353638,0,56.7015266418457,1.5247064196175328e-21,0.0,-5.323132514953613,2.01200008392334,2936.0,-0.0,0.0,20.00800132751465,0.0,0.06225241720676422,0.20770758390426636,9.132549285888672,-0.0001771003007888794,-7.72327184677124e-05,-0.00047271233052015305,30.954193115234375,37.44549560546875,-80.2764892578125
25.737786054611206,0,56.7015266418457,1.242473949617056e-21,0.0,-5.323132514953613,2.01200008392334,2992.0,-0.0,0.0,20.020000457763672,0.0,0.052675120532512665,0.21967920660972595,9.152900695800781,0.0012876596301794052,0.0001890864223241806,-0.00047271233052015305,31.838598251342773,37.97789764404297,-81.1286849975586
25.758167028427124,0,56.7015266418457,1.0265113492359172e-21,0.0,-5.323132514953613,2.004000186920166,2940.0,-0.0,0.0,20.00800132751465,0.0,0.044893570244312286,0.19573596119880676,9.116986274719238,0.00022237934172153473,-7.72327184677124e-05,-7.323268800973892e-05,32.015480041503906,37.0905647277832,-80.61737060546875
25.778281688690186,0,56.7015266418457,8.423408278335947e-22,0.0,-5.323132514953613,2.004000186920166,2944.0,-0.0,0.0,20.012001037597656,0.0,0.08140700310468674,0.21129906177520752,9.146316528320312,-0.0001771003007888794,-0.001009354367852211,-0.0012716734781861305,31.307954788208008,38.865230560302734,-80.95824432373047
25.79859232902527,0,56.7015266418457,6.901797828537932e-22,0.0,-5.323132514953613,2.01200008392334,2956.0,-0.0,0.0,20.00800132751465,0.0,0.07182971388101578,0.21668629348278046,9.166667938232422,-0.0008429009467363358,0.000854887068271637,5.9927813708782196e-05,31.48483657836914,37.97789764404297,-80.44692993164062
25.81891679763794,0,56.7015266418457,5.671593354435028e-22,0.0,-5.323132514953613,2.01200008392334,2940.0,-0.0,0.0,20.012001037597656,0.0,0.055668026208877563,0.2310522347688675,9.143921852111816,-0.0001771003007888794,0.0003222469240427017,-0.00047271233052015305,30.42354965209961,39.04269790649414,-79.76517486572266
25.839227437973022,0,56.7015266418457,4.6284062177256585e-22,0.0,-5.323132514953613,2.01200008392334,3084.0,-0.0,0.0,20.00800132751465,0.0,0.053273703902959824,0.21489055454730988,9.155295372009277,-0.00044342130422592163,0.0003222469240427017,-0.00047271233052015305,29.008501052856445,38.33283233642578,-81.46955871582031
25.85924243927002,0,56.7015266418457,3.8193285114433874e-22,0.0,-5.323132514953613,2.01200008392334,2940.0,-0.0,0.0,20.00400161743164,0.0,0.05866093188524246,0.19154590368270874,9.136140823364258,0.00035553984344005585,-0.00034355372190475464,-0.0008721929043531418,31.838598251342773,38.68776321411133,-80.44692993164062
25.879603385925293,0,56.7015266418457,3.133473402911535e-22,0.0,-5.323132514953613,2.0240001678466797,2940.0,-0.0,0.0,20.016000747680664,0.0,0.07422403246164322,0.21189764142036438,9.097831726074219,-0.001109221950173378,0.0013875272125005722,0.0001930873841047287,30.42354965209961,38.68776321411133,-81.1286849975586
25.89978790283203,0,56.7015266418457,2.568329159007878e-22,0.0,-5.323132514953613,2.01200008392334,2968.0,-0.0,0.0,20.016000747680664,0.0,0.07482261210680008,0.21728487312793732,9.137337684631348,-4.3939799070358276e-05,-0.0016751531511545181,-0.00047271233052015305,31.48483657836914,37.622962951660156,-81.81044006347656
25.92015027999878,0,56.7015266418457,2.1107980381331053e-22,0.0,-5.323132514953613,2.008000135421753,2940.0,-0.0,0.0,20.00800132751465,0.0,0.04130208492279053,0.22087636590003967,9.106810569763184,0.00022237934172153473,0.000588567927479744,5.9927813708782196e-05,30.777311325073242,38.68776321411133,-80.10604858398438
25.9402437210083,0,56.7015266418457,1.7216864012899616e-22,0.0,-5.323132514953613,2.01200008392334,3080.0,-0.0,0.0,20.00400161743164,0.0,0.055668026208877563,0.21548913419246674,9.125965118408203,-4.3939799070358276e-05,-0.00034355372190475464,-0.001404833048582077,30.24666976928711,38.155364990234375,-80.61737060546875
25.96038007736206,0,56.7015266418457,1.4212213993947824e-22,0.0,-5.323132514953613,2.008000135421753,2944.0,-0.0,0.0,20.00400161743164,0.0,0.07362545281648636,0.20291893184185028,9.13793659210205,0.00075501948595047,-0.00047671422362327576,-0.00033955276012420654,31.307954788208008,37.44549560546875,-81.29911804199219
25.980788946151733,0,56.7015266418457,1.1662827594084837e-22,0.0,-5.323132514953613,2.01200008392334,2936.0,-0.0,0.0,20.00400161743164,0.0,0.08739281445741653,0.2160877138376236,9.133746147155762,-0.0005765818059444427,-0.001009354367852211,-0.0007390324026346207,31.48483657836914,39.04269790649414,-81.1286849975586
26.000889778137207,0,56.7015266418457,9.55750046410162e-23,0.0,-5.323132514953613,2.01200008392334,2952.0,-0.0,0.0,20.00400161743164,0.0,0.056266605854034424,0.22267210483551025,9.137337684631348,0.00035553984344005585,0.0011212080717086792,-0.00020639225840568542,30.42354965209961,38.68776321411133,-81.81044006347656
26.02126932144165,0,56.7015266418457,7.85089645223076e-23,0.0,-5.323132514953613,2.0160000324249268,2944.0,-0.0,0.0,20.020000457763672,0.0,0.05925951153039932,0.21788345277309418,9.133746147155762,0.0006218589842319489,0.0001890864223241806,0.0001930873841047287,31.307954788208008,38.155364990234375,-81.98087310791016
26.041378498077393,0,56.7015266418457,6.424278108284563e-23,0.0,-5.323132514953613,2.01200008392334,2992.0,-0.0,0.0,20.00800132751465,0.0,0.06045667454600334,0.22386926412582397,9.127161979675293,-0.0019081812351942062,-0.0006098728626966476,0.0003262478858232498,31.307954788208008,39.22016525268555,-81.29911804199219
26.06250500679016,0,56.7015266418457,5.288177356436452e-23,0.0,-5.323132514953613,2.008000135421753,2940.0,-0.0,0.0,20.012001037597656,0.0,0.07841410487890244,0.20651042461395264,9.146316528320312,0.000488700345158577,0.000988047569990158,0.0004594074562191963,32.72300338745117,38.155364990234375,-81.29911804199219
26.08191418647766,0,56.7015266418457,4.338913892368869e-23,0.0,-5.323132514953613,2.008000135421753,2936.0,-0.0,0.0,20.02400016784668,0.0,0.056266605854034424,0.20950332283973694,9.156492233276367,-0.0003102608025074005,0.000588567927479744,-0.0012716734781861305,30.42354965209961,37.97789764404297,-80.10604858398438
26.102261066436768,0,56.7015266418457,3.553891899857025e-23,0.0,-5.323132514953613,2.01200008392334,2960.0,-0.0,0.0,20.016000747680664,0.0,0.052675120532512665,0.21429197490215302,9.134943962097168,8.921884000301361e-05,-0.0007430333644151688,-7.323268800973892e-05,31.131074905395508,39.04269790649414,-81.81044006347656
26.122422218322754,0,56.7015266418457,2.9198629333142756e-23,0.0,-5.323132514953613,2.01200008392334,2948.0,-0.0,0.0,20.00400161743164,0.0,0.044893570244312286,0.21429197490215302,9.153499603271484,-0.001375541090965271,-0.00034355372190475464,-7.323268800973892e-05,30.42354965209961,38.33283233642578,-81.46955871582031
26.14275860786438,0,56.7015266418457,2.3929630131945313e-23,0.0,-5.323132514953613,2.01200008392334,2964.0,-0.0,0.0,20.016000747680664,0.0,0.047886475920677185,0.20890474319458008,9.12416934967041,0.0006218589842319489,5.5927783250808716e-05,0.0003262478858232498,28.831619262695312,38.51029586791992,-79.93561553955078
26.162923574447632,0,56.7015266418457,1.9664344414393066e-23,0.0,-5.323132514953613,2.008000135421753,2948.0,-0.0,0.0,20.012001037597656,0.0,0.056266605854034424,0.21548913419246674,9.134943962097168,-0.0015087015926837921,-0.0008761938661336899,0.0003262478858232498,31.307954788208008,39.22016525268555,-83.00350189208984
26.183289527893066,0,56.7015266418457,1.6136288655815115e-23,0.0,-5.323132514953613,2.0199999809265137,2940.0,-0.0,0.0,20.02400016784668,0.0,0.056266605854034424,0.22147494554519653,9.108606338500977,-0.0003102608025074005,-0.00034355372190475464,-0.00020639225840568542,30.069787979125977,37.622962951660156,-80.78780364990234
26.20340132713318,0,56.7015266418457,1.3223968021615658e-23,0.0,-5.323132514953613,2.01200008392334,2964.0,-0.0,0.0,20.012001037597656,0.0,0.0550694465637207,0.21668629348278046,9.1253662109375,0.00022237934172153473,-0.0006098728626966476,-0.001404833048582077,30.777311325073242,37.268028259277344,-80.44692993164062
26.223780155181885,0,56.7015266418457,1.0863523432656147e-23,0.0,-5.323132514953613,2.0240001678466797,2936.0,-0.0,0.0,20.00800132751465,0.0,0.047287892550230026,0.19334164261817932,9.128358840942383,-0.0001771003007888794,-0.00021039322018623352,-0.00047271233052015305,29.716026306152344,38.68776321411133,-79.76517486572266
26.243903160095215,0,56.7015266418457,8.904201203366132e-24,0.0,-5.323132514953613,2.008000135421753,2948.0,-0.0,0.0,20.012001037597656,0.0,0.07123112678527832,0.2101019024848938,9.11159896850586,0.0008881799876689911,-0.00047671422362327576,-0.00047271233052015305,32.54612350463867,38.68776321411133,-81.1286849975586
26.264137029647827,0,56.7015266418457,7.313979103019976e-24,0.0,-5.323132514953613,2.01200008392334,2948.0,-0.0,0.0,20.00400161743164,0.0,0.07063254714012146,0.21369339525699615,9.148711204528809,-0.00044342130422592163,0.0012543685734272003,5.9927813708782196e-05,30.42354965209961,37.622962951660156,-79.42430114746094
26.284427642822266,0,56.7015266418457,6.002674158502361e-24,0.0,-5.323132514953613,2.01200008392334,2936.0,-0.0,0.0,20.00800132751465,0.0,0.07123112678527832,0.21489055454730988,9.145119667053223,-0.0001771003007888794,0.0015206877142190933,0.0007257284596562386,31.661718368530273,38.51029586791992,-80.95824432373047
26.30458164215088,0,56.7015266418457,4.926097142915974e-24,0.0,-5.323132514953613,2.01200008392334,2940.0,-0.0,0.0,20.012001037597656,0.0,0.050879377871751785,0.20950332283973694,9.128358840942383,0.0006218589842319489,0.000588567927479744,-0.0008721929043531418,29.362262725830078,39.39763259887695,-80.44692993164062
26.32500147819519,0,56.7015266418457,4.04166179472291e-24,0.0,-5.323132514953613,2.01200008392334,2940.0,-0.0,0.0,20.00800132751465,0.0,0.02933046594262123,0.21489055454730988,9.130753517150879,-0.0001771003007888794,0.0003222469240427017,0.0004594074562191963,31.838598251342773,37.622962951660156,-80.10604858398438
26.34514284133911,0,56.7015266418457,3.31219896022142e-24,0.0,-5.323132514953613,2.008000135421753,2940.0,-0.0,0.0,20.012001037597656,0.0,0.04549214988946915,0.22327068448066711,9.161879539489746,-0.0001771003007888794,0.00045540742576122284,-0.00047271233052015305,32.015480041503906,37.80043029785156,-81.29911804199219
26.3654363155365,0,56.7015266418457,2.721293035619532e-24,0.0,-5.323132514953613,2.01200008392334,2940.0,-0.0,0.0,20.012001037597656,0.0,0.049682218581438065,0.22147494554519653,9.165471076965332,0.00035553984344005585,-0.0008761938661336899,-0.00047271233052015305,29.185382843017578,37.44549560546875,-80.2764892578125
26.38562822341919,0,56.7015266418457,2.2324440184783493e-24,0.0,-5.323132514953613,2.008000135421753,2944.0,-0.0,0.0,20.012001037597656,0.0,0.07482261210680008,0.20830616354942322,9.142126083374023,0.0008881799876689911,0.0007217265665531158,-0.0011385129764676094,29.892906188964844,38.155364990234375,-80.61737060546875
26.4058575630188,0,56.7015266418457,1.8325499152382827e-24,0.0,-5.323132514953613,2.008000135421753,2936.0,-0.0,0.0,20.012001037597656,0.0,0.0670410618185997,0.22327068448066711,9.134345054626465,0.0006218589842319489,0.0001890864223241806,-0.001005353406071663,30.777311325073242,37.268028259277344,-80.44692993164062
26.42616105079651,0,56.7015266418457,1.5038273359053215e-24,0.0,-5.323132514953613,2.008000135421753,2940.0,-0.0,0.0,20.02400016784668,0.0,0.06763964146375656,0.2280593365430832,9.152900695800781,-0.00044342130422592163,-7.72327184677124e-05,-0.00047271233052015305,31.48483657836914,36.9130973815918,-80.44692993164062
