time,layout.data_offset,data[0],data[1],data[2],data[3],data[4],data[5],data[6],data[7],data[8],data[9],data[10],data[11],data[12],data[13],data[14],data[15],data[16],data[17],data[18]
0.0,0,-0.00037152000004425645,-1.5414283107572988e-44,0.0,0.0,2.004000186920166,2940.0,-0.0,0.0,20.00800132751465,0.0,0.14485658705234528,0.3890776038169861,9.095437049865723,-0.0001651216298341751,-0.00012916140258312225,0.0004793768748641014,37.1450309753418,37.268028259277344,-89.9914779663086
0.01985025405883789,0,-0.00037152000004425645,-1.5414283107572988e-44,0.0,0.0,2.0280001163482666,2936.0,-0.0,0.0,20.020000457763672,0.0,0.14425800740718842,0.39566197991371155,9.086458206176758,0.0010333191603422165,-0.00012916140258312225,-0.0009853839874267578,36.9681510925293,37.80043029785156,-90.84367370605469
0.04014015197753906,0,-0.00037152000004425645,-1.5414283107572988e-44,0.0,0.0,2.008000135421753,2972.0,-0.0,0.0,20.012001037597656,0.0,0.15323671698570251,0.37650740146636963,9.119978904724121,-0.00043144263327121735,0.00013715960085391998,-0.00045274337753653526,37.32191467285156,39.22016525268555,-90.50279235839844
0.06041741371154785,0,-0.00037152000004425645,-1.5414283107572988e-44,0.0,0.0,2.008000135421753,2944.0,-0.0,0.0,20.012001037597656,0.0,0.14964522421360016,0.3932676613330841,9.13793659210205,-0.0010972414165735245,3.999099135398865e-06,0.0006125369109213352,37.85255813598633,37.268028259277344,-90.33235931396484
0.08050417900085449,0,-0.00037152000004425645,-1.5414283107572988e-44,0.0,0.0,2.004000186920166,2940.0,-0.0,0.0,20.012001037597656,0.0,0.14425800740718842,0.41361942887306213,9.103816986083984,-0.0001651216298341751,0.0005366392433643341,0.000745696946978569,35.906864166259766,37.44549560546875,-91.1845474243164
0.10074615478515625,0,-0.00037152000004425645,-1.5414283107572988e-44,0.0,0.0,2.004000186920166,2936.0,-0.0,0.0,20.00800132751465,0.0,0.16341258585453033,0.3932676613330841,9.109803199768066,-0.0010972414165735245,0.0016019195318222046,0.0011451775208115578,37.32191467285156,38.51029586791992,-91.1845474243164
0.12106490135192871,0,-0.00037152000004425645,-1.5414283107572988e-44,0.0,0.0,2.01200008392334,2944.0,-0.0,0.0,20.036001205444336,0.0,0.13168780505657196,0.38069745898246765,9.086458206176758,0.0006338395178318024,-0.00026232004165649414,-5.326326936483383e-05,37.1450309753418,37.268028259277344,-91.01410675048828
0.1414027214050293,0,-0.00037152000004425645,-1.5414283107572988e-44,0.0,0.0,2.008000135421753,2956.0,-0.0,0.0,20.012001037597656,0.0,0.1490466445684433,0.3800988793373108,9.10501480102539,0.00036751851439476013,0.0008029602468013763,-0.00018642330542206764,36.26062774658203,38.51029586791992,-89.48016357421875
0.16188955307006836,0,-0.00037152000004425645,-1.5414283107572988e-44,0.0,0.0,2.004000186920166,2944.0,-0.0,0.0,20.00800132751465,0.0,0.16281400620937347,0.4100279211997986,9.124767303466797,-0.0005646012723445892,-0.00039548054337501526,-0.0016511841677129269,36.7912712097168,37.622962951660156,-89.9914779663086
0.1817626953125,0,-0.00037152000004425645,-1.5414283107572988e-44,0.0,0.0,2.01200008392334,3028.0,-0.0,0.0,20.012001037597656,0.0,0.1711941510438919,0.39266908168792725,9.102021217346191,-0.00029828213155269623,-0.0006618015468120575,0.001677817665040493,37.67567443847656,38.155364990234375,-89.48016357421875
0.2020256519317627,0,-0.00037152000004425645,-1.5414283107572988e-44,0.0,0.0,2.004000186920166,2940.0,-0.0,0.0,20.016000747680664,0.0,0.1550324559211731,0.37590882182121277,9.127760887145996,-0.0008309222757816315,3.999099135398865e-06,0.0011451775208115578,37.49879455566406,38.33283233642578,-91.01410675048828
0.22231721878051758,0,-0.00037152000004425645,-1.5414283107572988e-44,0.0,0.0,2.008000135421753,2952.0,-0.0,0.0,20.00800132751465,0.0,0.15263813734054565,0.3902747631072998,9.099028587341309,0.0011664796620607376,-0.0007949620485305786,0.0010120170190930367,37.67567443847656,38.51029586791992,-90.16191864013672
0.2426128387451172,0,-0.00037152000004425645,-1.5414283107572988e-44,0.0,0.0,2.008000135421753,2956.0,-0.0,0.0,20.016000747680664,0.0,0.13049064576625824,0.39566197991371155,9.101423263549805,-0.00029828213155269623,-0.00039548054337501526,0.0004793768748641014,37.67567443847656,38.51029586791992,-89.48016357421875
0.26293373107910156,0,-0.00037152000004425645,-1.5414283107572988e-44,0.0,0.0,2.004000186920166,2944.0,-0.0,0.0,20.012001037597656,0.0,0.15323671698570251,0.38069745898246765,9.138534545898438,-0.00029828213155269623,-0.0005286410450935364,-0.001518024131655693,36.7912712097168,37.97789764404297,-89.65060424804688
0.28301477432250977,0,-0.00037152000004425645,-1.5414283107572988e-44,0.0,0.0,2.01200008392334,3104.0,-0.0,0.0,20.00800132751465,0.0,0.13587787747383118,0.40164780616760254,9.119978904724121,-0.0005646012723445892,0.0010692793875932693,-5.326326936483383e-05,37.67567443847656,37.44549560546875,-90.50279235839844
0.30385494232177734,0,-0.00037152000004425645,-1.5414283107572988e-44,0.0,0.0,2.004000186920166,2940.0,-0.0,0.0,20.012001037597656,0.0,0.16341258585453033,0.39386624097824097,9.109803199768066,0.00010119937360286713,0.0008029602468013763,-0.00018642330542206764,35.906864166259766,37.80043029785156,-90.50279235839844
0.32360291481018066,0,-0.00037152000004425645,-1.5414283107572988e-44,0.0,0.0,2.0160000324249268,2940.0,-0.0,0.0,20.00800132751465,0.0,0.15084239840507507,0.3902747631072998,9.099028587341309,-0.00029828213155269623,0.0014687608927488327,-0.00018642330542206764,36.61438751220703,37.80043029785156,-90.50279235839844
0.34389352798461914,0,-0.00037152000004425645,-1.5414283107572988e-44,0.0,0.0,2.01200008392334,2960.0,-0.0,0.0,20.00800132751465,0.0,0.15682820975780487,0.3884790241718292,9.095437049865723,0.0009001586586236954,0.00013715960085391998,-0.0005859034135937691,37.1450309753418,37.622962951660156,-91.35498809814453
0.3643925189971924,0,-0.00037152000004425645,-1.5414283107572988e-44,0.0,0.0,2.008000135421753,2944.0,-0.0,0.0,20.00800132751465,0.0,0.14964522421360016,0.3812960386276245,9.12656307220459,-0.0009640827775001526,0.0005366392433643341,-0.0005859034135937691,36.7912712097168,38.68776321411133,-89.30972290039062
0.3842658996582031,0,-0.00037152000004425645,-1.5414283107572988e-44,0.0,0.0,2.01200008392334,3056.0,-0.0,0.0,20.012001037597656,0.0,0.16460976004600525,0.39087334275245667,9.10501480102539,0.0005006790161132812,0.0006697997450828552,0.0004793768748641014,36.7912712097168,37.97789764404297,-89.9914779663086
0.4045274257659912,0,-0.00037152000004425645,-1.5414283107572988e-44,0.0,0.0,2.004000186920166,2940.0,-0.0,0.0,20.00800132751465,0.0,0.15443387627601624,0.3920705020427704,9.125965118408203,-0.0014967229217290878,0.0014687608927488327,-0.00018642330542206764,35.376220703125,38.33283233642578,-88.9688491821289
0.42490267753601074,0,-0.00037152000004425645,-1.5414283107572988e-44,0.0,0.0,2.004000186920166,2940.0,-0.0,0.0,20.012001037597656,0.0,0.1729898899793625,0.38967618346214294,9.118183135986328,0.00010119937360286713,0.000403478741645813,0.0003462168388068676,37.1450309753418,38.33283233642578,-91.01410675048828
0.44492626190185547,0,-0.00037152000004425645,-1.5414283107572988e-44,0.0,0.0,2.004000186920166,2940.0,-0.0,0.0,20.012001037597656,0.0,0.1670040786266327,0.40763360261917114,9.104415893554688,0.0007669981569051743,-0.00039548054337501526,0.0010120170190930367,38.02943801879883,37.44549560546875,-89.48016357421875
0.4654045104980469,0,-0.00037152000004425645,-1.5414283107572988e-44,0.0,0.0,2.0199999809265137,2936.0,-0.0,0.0,20.00800132751465,0.0,0.1670040786266327,0.38668328523635864,9.096633911132812,0.0014327988028526306,0.0009361188858747482,-0.00045274337753653526,37.1450309753418,36.9130973815918,-90.33235931396484
0.48578643798828125,0,-0.00037152000004425645,-1.5414283107572988e-44,0.0,0.0,2.01200008392334,2972.0,-0.0,0.0,20.00400161743164,0.0,0.17059555649757385,0.39685913920402527,9.116387367248535,0.0006338395178318024,0.00013715960085391998,-0.00031958334147930145,36.26062774658203,38.51029586791992,-90.16191864013672
0.505850076675415,0,-0.00037152000004425645,-1.5414283107572988e-44,0.0,0.0,2.004000186920166,2940.0,-0.0,0.0,20.00400161743164,0.0,0.14844806492328644,0.40164780616760254,9.09483814239502,0.00036751851439476013,-0.00039548054337501526,-0.00018642330542206764,37.1450309753418,38.33283233642578,-89.65060424804688
0.5275661945343018,0,-0.00037152000004425645,-1.5414283107572988e-44,0.0,0.0,2.01200008392334,2948.0,-0.0,0.0,20.00400161743164,0.0,0.15563103556632996,0.38788044452667236,9.11159896850586,0.0006338395178318024,-0.0006618015468120575,-0.0005859034135937691,37.49879455566406,37.97789764404297,-91.35498809814453
0.54783034324646,0,-0.00037152000004425645,-1.5414283107572988e-44,0.0,0.0,2.008000135421753,2944.0,-0.0,0.0,20.012001037597656,0.0,0.13767361640930176,0.38967618346214294,9.089451789855957,-0.0001651216298341751,0.0006697997450828552,-0.0007190639153122902,36.083744049072266,36.9130973815918,-89.9914779663086
0.5665044784545898,0,-0.00037152000004425645,-1.5414283107572988e-44,0.0,0.0,2.004000186920166,2940.0,-0.0,0.0,20.012001037597656,0.0,0.1622154265642166,0.3783031404018402,9.121175765991211,-0.0012304019182920456,3.999099135398865e-06,-5.326326936483383e-05,34.845577239990234,38.155364990234375,-88.45753479003906
0.5867338180541992,0,-0.00037152000004425645,-1.5414283107572988e-44,0.0,0.0,2.01200008392334,3000.0,-0.0,0.0,20.00800132751465,0.0,0.15383529663085938,0.3884790241718292,9.097831726074219,-0.0001651216298341751,0.0010692793875932693,-0.0011185440234839916,36.61438751220703,37.0905647277832,-90.16191864013672
0.6070377826690674,0,-0.00037152000004425645,-1.5414283107572988e-44,0.0,0.0,2.004000186920166,2948.0,-0.0,0.0,20.00800132751465,0.0,0.14545516669750214,0.3932676613330841,9.084064483642578,-0.0006977617740631104,3.999099135398865e-06,0.0002130568027496338,37.49879455566406,36.9130973815918,-89.9914779663086
0.627171516418457,0,-0.00037152000004425645,-1.5414283107572988e-44,0.0,0.0,2.004000186920166,2944.0,-0.0,0.0,20.00400161743164,0.0,0.14485658705234528,0.4010492265224457,9.112197875976562,-3.196112811565399e-05,0.0008029602468013763,0.0008788574486970901,36.9681510925293,36.38069534301758,-88.79840850830078
0.6477611064910889,0,-0.00037152000004425645,-1.5414283107572988e-44,0.0,0.0,2.008000135421753,2944.0,-0.0,0.0,20.012001037597656,0.0,0.15862394869327545,0.3974577486515045,9.113993644714355,-0.0009640827775001526,-0.00039548054337501526,7.989676669239998e-05,37.49879455566406,37.268028259277344,-88.9688491821289
0.6677794456481934,0,-0.00037152000004425645,-1.5414283107572988e-44,0.0,0.0,2.004000186920166,2940.0,-0.0,0.0,20.016000747680664,0.0,0.14784948527812958,0.40164780616760254,9.119379997253418,-3.196112811565399e-05,-0.00012916140258312225,0.0010120170190930367,36.7912712097168,38.33283233642578,-89.30972290039062
0.6880054473876953,0,-0.00037152000004425645,-1.5414283107572988e-44,0.0,0.0,2.01200008392334,2996.0,-0.0,0.0,20.00400161743164,0.0,0.1771799474954605,0.38069745898246765,9.0786771774292,-0.0010972414165735245,0.0009361188858747482,0.0002130568027496338,36.083744049072266,37.622962951660156,-91.35498809814453
0.7081212997436523,0,-0.00037152000004425645,-1.5414283107572988e-44,0.0,0.0,2.004000186920166,2940.0,-0.0,0.0,20.012001037597656,0.0,0.15563103556632996,0.3980563282966614,9.10740852355957,-0.00043144263327121735,-0.0013276021927595139,0.0008788574486970901,37.1450309753418,36.9130973815918,-90.67323303222656
0.7284021377563477,0,-0.00037152000004425645,-1.5414283107572988e-44,0.0,0.0,2.0160000324249268,2940.0,-0.0,0.0,20.00800132751465,0.0,0.1652083396911621,0.3860847055912018,9.086458206176758,-0.0001651216298341751,0.0002703201025724411,0.0012783370912075043,38.20631790161133,37.268028259277344,-88.28709411621094
0.7486381530761719,0,-0.00037152000004425645,-1.5414283107572988e-44,0.0,0.0,2.004000186920166,2940.0,-0.0,0.0,20.00800132751465,0.0,0.1490466445684433,0.38369038701057434,9.127760887145996,0.0014327988028526306,3.999099135398865e-06,-0.00045274337753653526,36.61438751220703,37.44549560546875,-90.84367370605469
0.7689669132232666,0,-0.00037152000004425645,-1.5414283107572988e-44,0.0,0.0,2.008000135421753,2940.0,-0.0,0.0,20.020000457763672,0.0,0.15263813734054565,0.3872818648815155,9.135541915893555,-3.196112811565399e-05,0.0010692793875932693,0.0010120170190930367,36.26062774658203,38.155364990234375,-90.50279235839844
0.7892599105834961,0,-0.00037152000004425645,-1.5414283107572988e-44,0.0,0.0,2.01200008392334,3064.0,-0.0,0.0,20.00400161743164,0.0,0.15443387627601624,0.3932676613330841,9.09364128112793,-0.0009640827775001526,-0.0013276021927595139,-0.0007190639153122902,37.49879455566406,38.68776321411133,-89.9914779663086
0.8093996047973633,0,-0.00037152000004425645,-1.5414283107572988e-44,0.0,0.0,2.008000135421753,2940.0,-0.0,0.0,20.00800132751465,0.0,0.18077144026756287,0.39386624097824097,9.064311027526855,0.0010333191603422165,-0.0006618015468120575,-0.0011185440234839916,37.32191467285156,37.80043029785156,-90.84367370605469
0.8296518325805664,0,-0.00037152000004425645,-1.5414283107572988e-44,0.0,0.0,2.01200008392334,2940.0,-0.0,0.0,20.016000747680664,0.0,0.15742678940296173,0.4022463858127594,9.108007431030273,-0.0001651216298341751,0.0009361188858747482,0.000745696946978569,37.32191467285156,37.0905647277832,-89.48016357421875
0.8498966693878174,0,-0.00037152000004425645,-1.5414283107572988e-44,0.0,0.0,2.004000186920166,2940.0,-0.0,0.0,20.00800132751465,0.0,0.14665232598781586,0.3932676613330841,9.093042373657227,-0.0009640827775001526,0.0009361188858747482,7.989676669239998e-05,37.32191467285156,37.80043029785156,-89.48016357421875
0.8703863620758057,0,-0.00037152000004425645,-1.5414283107572988e-44,0.0,0.0,2.01200008392334,2944.0,-0.0,0.0,20.012001037597656,0.0,0.15323671698570251,0.4022463858127594,9.080472946166992,-0.00043144263327121735,0.00013715960085391998,0.0003462168388068676,37.85255813598633,38.33283233642578,-89.9914779663086
0.8903264999389648,0,-0.00037152000004425645,-1.5414283107572988e-44,0.0,0.0,2.01200008392334,2964.0,-0.0,0.0,20.00400161743164,0.0,0.14725090563297272,0.3914719223976135,9.109803199768066,0.00036751851439476013,-0.00039548054337501526,-0.00045274337753653526,37.67567443847656,38.155364990234375,-90.50279235839844
0.9105679988861084,0,-0.00037152000004425645,-1.5414283107572988e-44,0.0,0.0,2.008000135421753,2944.0,-0.0,0.0,20.00800132751465,0.0,0.18077144026756287,0.38967618346214294,9.09244441986084,0.0010333191603422165,-0.0006618015468120575,-0.00018642330542206764,37.49879455566406,37.97789764404297,-91.01410675048828
0.930858850479126,0,-0.00037152000004425645,-1.5414283107572988e-44,0.0,0.0,2.008000135421753,2948.0,-0.0,0.0,20.00800132751465,0.0,0.13587787747383118,0.3723173439502716,9.113394737243652,-0.0012304019182920456,-0.0009281206876039505,-0.0009853839874267578,36.9681510925293,38.51029586791992,-90.84367370605469
0.9511561393737793,0,-0.00037152000004425645,-1.5414283107572988e-44,0.0,0.0,2.004000186920166,2936.0,-0.0,0.0,20.012001037597656,0.0,0.1490466445684433,0.3980563282966614,9.102620124816895,-0.0014967229217290878,-0.00012916140258312225,-0.00031958334147930145,36.7912712097168,37.622962951660156,-89.30972290039062
0.9712467193603516,0,-0.00037152000004425645,-1.5414283107572988e-44,0.0,0.0,2.0160000324249268,2944.0,-0.0,0.0,20.012001037597656,0.0,0.14725090563297272,0.37770456075668335,9.071494102478027,-0.0005646012723445892,0.000403478741645813,7.989676669239998e-05,36.7912712097168,36.9130973815918,-90.67323303222656
0.9915926456451416,0,-0.00037152000004425645,-1.5414283107572988e-44,0.0,0.0,2.0160000324249268,2956.0,-0.0,0.0,20.012001037597656,0.0,0.15563103556632996,0.3884790241718292,9.097831726074219,-0.002162523567676544,0.0009361188858747482,-0.0012517040595412254,35.5531005859375,38.51029586791992,-89.821044921875
1.0126898288726807,0,-0.00037152000004425645,-1.5414283107572988e-44,0.0,0.0,2.004000186920166,2944.0,-0.0,0.0,20.016000747680664,0.0,0.1400679349899292,0.39685913920402527,9.073887825012207,-0.00029828213155269623,-0.0005286410450935364,-5.326326936483383e-05,38.560081481933594,37.97789764404297,-90.33235931396484
1.0321149826049805,0,-0.00037152000004425645,-1.5414283107572988e-44,0.0,0.0,2.01200008392334,3040.0,-0.0,0.0,20.016000747680664,0.0,0.14964522421360016,0.3962605595588684,9.109204292297363,0.00010119937360286713,0.0005366392433643341,-0.000852223951369524,36.26062774658203,37.0905647277832,-90.16191864013672
1.0523972511291504,0,-0.00037152000004425645,-1.5414283107572988e-44,0.0,0.0,2.004000186920166,2936.0,-0.0,0.0,20.00800132751465,0.0,0.15263813734054565,0.36992302536964417,9.086458206176758,-0.0012304019182920456,0.0006697997450828552,0.0002130568027496338,36.083744049072266,36.9130973815918,-89.9914779663086
1.0726842880249023,0,-0.00037152000004425645,-1.5414283107572988e-44,0.0,0.0,2.004000186920166,2940.0,-0.0,0.0,20.016000747680664,0.0,0.13767361640930176,0.3800988793373108,9.111000061035156,-0.0010972414165735245,-0.0010612811893224716,-0.00045274337753653526,37.32191467285156,37.44549560546875,-90.84367370605469
1.0927858352661133,0,-0.00037152000004425645,-1.5414283107572988e-44,0.0,0.0,2.0160000324249268,2968.0,-0.0,0.0,20.00400161743164,0.0,0.1550324559211731,0.3842889666557312,9.097232818603516,-0.00043144263327121735,3.999099135398865e-06,-0.00018642330542206764,36.7912712097168,37.268028259277344,-89.30972290039062
1.113154649734497,0,-0.00037152000004425645,-1.5414283107572988e-44,0.0,0.0,2.008000135421753,2952.0,-0.0,0.0,20.00800132751465,0.0,0.1370750367641449,0.3944648206233978,9.100225448608398,-3.196112811565399e-05,3.999099135398865e-06,-0.000852223951369524,37.67567443847656,37.44549560546875,-90.16191864013672
1.133390188217163,0,-0.00037152000004425645,-1.5414283107572988e-44,0.0,0.0,2.008000135421753,3104.0,-0.0,0.0,20.00400161743164,0.0,0.1550324559211731,0.3854861259460449,9.10621166229248,0.0007669981569051743,-0.00026232004165649414,0.0008788574486970901,37.67567443847656,36.73563003540039,-90.16191864013672
1.1534717082977295,0,-0.00037152000004425645,-1.5414283107572988e-44,0.0,0.0,2.004000186920166,2940.0,-0.0,0.0,20.00800132751465,0.0,0.1502438187599182,0.3914719223976135,9.113394737243652,0.0012996401637792587,0.0006697997450828552,7.989676669239998e-05,36.61438751220703,37.44549560546875,-90.16191864013672
1.1737403869628906,0,-0.00037152000004425645,-1.5414283107572988e-44,0.0,0.0,2.008000135421753,2940.0,-0.0,0.0,20.032001495361328,0.0,0.14485658705234528,0.3902747631072998,9.131352424621582,-0.0001651216298341751,0.0013356003910303116,-0.000852223951369524,38.20631790161133,37.268028259277344,-90.33235931396484
1.1940422058105469,0,-0.00037152000004425645,-1.5414283107572988e-44,0.0,0.0,2.01200008392334,2956.0,-0.0,0.0,20.00800132751465,0.0,0.13827219605445862,0.3830918073654175,9.130154609680176,-0.0010972414165735245,-0.00012916140258312225,0.0002130568027496338,36.083744049072266,36.558162689208984,-88.9688491821289
1.214341640472412,0,-0.00037152000004425645,-1.5414283107572988e-44,0.0,0.0,2.01200008392334,2940.0,-0.0,0.0,20.020000457763672,0.0,0.15084239840507507,0.408232182264328,9.084064483642578,0.0007669981569051743,0.0012024398893117905,-0.000852223951369524,36.9681510925293,39.22016525268555,-91.52542877197266
1.2346382141113281,0,-0.00037152000004425645,-1.5414283107572988e-44,0.0,0.0,2.008000135421753,3040.0,-0.0,0.0,20.00800132751465,0.0,0.14186367392539978,0.3842889666557312,9.101423263549805,-0.00043144263327121735,3.999099135398865e-06,-0.0007190639153122902,37.49879455566406,38.33283233642578,-90.33235931396484
1.2547118663787842,0,-0.00037152000004425645,-1.5414283107572988e-44,0.0,0.0,2.0160000324249268,2948.0,-0.0,0.0,20.00800132751465,0.0,0.17897570133209229,0.38189461827278137,9.099028587341309,0.0005006790161132812,-0.0011944416910409927,-0.00018642330542206764,37.32191467285156,38.155364990234375,-89.821044921875
1.2751049995422363,0,-0.00037152000004425645,-1.5414283107572988e-44,0.0,0.0,2.01200008392334,2940.0,-0.0,0.0,20.00400161743164,0.0,0.12989206612110138,0.39087334275245667,9.095437049865723,-0.00029828213155269623,0.0005366392433643341,0.000745696946978569,36.9681510925293,37.44549560546875,-90.50279235839844
1.296954870223999,0,-0.00037152000004425645,-1.5414283107572988e-44,0.0,0.0,2.01200008392334,2936.0,-0.0,0.0,20.00800132751465,0.0,0.1550324559211731,0.3800988793373108,9.095437049865723,0.0006338395178318024,0.0005366392433643341,-0.00018642330542206764,37.85255813598633,38.33283233642578,-90.67323303222656
1.315800666809082,0,-0.00037152000004425645,-1.5414283107572988e-44,0.0,0.0,2.0280001163482666,2940.0,-0.0,0.0,20.012001037597656,0.0,0.169996976852417,0.3872818648815155,9.102620124816895,0.00010119937360286713,0.000403478741645813,0.0015446580946445465,35.906864166259766,37.44549560546875,-90.50279235839844
1.3364627361297607,0,-0.00037152000004425645,-1.5414283107572988e-44,0.0,0.0,2.01200008392334,2980.0,-0.0,0.0,20.016000747680664,0.0,0.1580253690481186,0.39386624097824097,9.116986274719238,0.00036751851439476013,0.00013715960085391998,-5.326326936483383e-05,36.9681510925293,36.38069534301758,-90.50279235839844
1.3559610843658447,0,-0.00037152000004425645,-1.5414283107572988e-44,0.0,0.0,2.01200008392334,2948.0,-0.0,0.0,20.012001037597656,0.0,0.16760265827178955,0.4052392840385437,9.108606338500977,0.00023435801267623901,0.0005366392433643341,-0.0011185440234839916,36.7912712097168,37.622962951660156,-90.33235931396484
1.376347303390503,0,-0.00037152000004425645,-1.5414283107572988e-44,0.0,0.0,2.01200008392334,2940.0,-0.0,0.0,20.016000747680664,0.0,0.14126509428024292,0.39266908168792725,9.09483814239502,-0.0008309222757816315,-0.0010612811893224716,0.0002130568027496338,36.083744049072266,38.33283233642578,-91.35498809814453
1.3965935707092285,0,-0.00037152000004425645,-1.5414283107572988e-44,0.0,0.0,2.01200008392334,2936.0,-0.0,0.0,20.012001037597656,0.0,0.14126509428024292,0.38249319791793823,9.109803199768066,0.0005006790161132812,-0.00039548054337501526,7.989676669239998e-05,35.5531005859375,37.80043029785156,-90.50279235839844
1.416865348815918,0,-0.00037152000004425645,-1.5414283107572988e-44,0.0,0.0,2.0240001678466797,2936.0,-0.0,0.0,20.00400161743164,0.0,0.14545516669750214,0.3974577486515045,9.09364128112793,-0.0009640827775001526,0.0012024398893117905,-0.00031958334147930145,35.729984283447266,37.622962951660156,-89.30972290039062
1.436934471130371,0,-0.00037152000004425645,-1.5414283107572988e-44,0.0,0.0,2.01200008392334,2968.0,-0.0,0.0,20.016000747680664,0.0,0.14665232598781586,0.3962605595588684,9.097831726074219,-0.0001651216298341751,-0.0007949620485305786,-0.0009853839874267578,36.7912712097168,38.33283233642578,-89.9914779663086
1.4572391510009766,0,-0.00037152000004425645,-1.5414283107572988e-44,0.0,0.0,2.01200008392334,2936.0,-0.0,0.0,20.00400161743164,0.0,0.15084239840507507,0.3962605595588684,9.129556655883789,-0.00043144263327121735,3.999099135398865e-06,-0.00031958334147930145,37.1450309753418,36.9130973815918,-89.65060424804688
1.4783453941345215,0,-0.00037152000004425645,-1.5414283107572988e-44,0.0,0.0,2.0160000324249268,2940.0,-0.0,0.0,20.016000747680664,0.0,0.1502438187599182,0.3920705020427704,9.122373580932617,-0.0014967229217290878,0.0017350800335407257,-0.0009853839874267578,37.1450309753418,37.622962951660156,-89.65060424804688
1.4978346824645996,0,-0.00037152000004425645,-1.5414283107572988e-44,0.0,0.0,2.01200008392334,2940.0,-0.0,0.0,20.00800132751465,0.0,0.1729898899793625,0.3872818648815155,9.133148193359375,-0.0005646012723445892,-0.00039548054337501526,-0.0007190639153122902,37.1450309753418,36.558162689208984,-89.65060424804688
1.5181076526641846,0,-0.00037152000004425645,-1.5414283107572988e-44,0.0,0.0,2.004000186920166,2940.0,-0.0,0.0,20.032001495361328,0.0,0.15144097805023193,0.3962605595588684,9.106810569763184,-0.0013635624200105667,0.00013715960085391998,0.0004793768748641014,37.32191467285156,37.0905647277832,-89.13928985595703
1.538238286972046,0,-0.00037152000004425645,-1.5414283107572988e-44,0.0,0.0,2.0160000324249268,2960.0,-0.0,0.0,20.012001037597656,0.0,0.1502438187599182,0.38967618346214294,9.105612754821777,0.00036751851439476013,0.0013356003910303116,0.0004793768748641014,37.1450309753418,37.268028259277344,-91.01410675048828
1.5584437847137451,0,-0.00037152000004425645,-1.5414283107572988e-44,0.0,0.0,2.0160000324249268,2936.0,-0.0,0.0,20.00400161743164,0.0,0.15682820975780487,0.36094430088996887,9.11279582977295,0.00010119937360286713,-0.00012916140258312225,0.0004793768748641014,37.49879455566406,37.622962951660156,-91.35498809814453
1.580268383026123,0,-0.00037152000004425645,-1.5414283107572988e-44,0.0,0.0,2.01200008392334,2952.0,-0.0,0.0,20.00400161743164,0.0,0.1490466445684433,0.3860847055912018,9.128358840942383,-0.0010972414165735245,-0.0006618015468120575,-5.326326936483383e-05,37.32191467285156,36.73563003540039,-89.821044921875
1.5990102291107178,0,-0.00037152000004425645,-1.5414283107572988e-44,0.0,0.0,2.01200008392334,2940.0,-0.0,0.0,20.012001037597656,0.0,0.14066651463508606,0.38967618346214294,9.087656021118164,-0.00043144263327121735,3.999099135398865e-06,-0.00018642330542206764,37.1450309753418,36.558162689208984,-90.33235931396484
1.619293451309204,0,-0.00037152000004425645,-1.5414283107572988e-44,0.0,0.0,2.008000135421753,2948.0,-0.0,0.0,20.00800132751465,0.0,0.13527928292751312,0.3830918073654175,9.095437049865723,0.00036751851439476013,3.999099135398865e-06,0.0008788574486970901,36.9681510925293,36.73563003540039,-90.16191864013672
1.6394011974334717,0,-0.00037152000004425645,-1.5414283107572988e-44,0.0,0.0,2.01200008392334,2968.0,-0.0,0.0,20.00800132751465,0.0,0.1520395576953888,0.37770456075668335,9.12416934967041,-0.0009640827775001526,0.00013715960085391998,-0.00031958334147930145,37.49879455566406,37.97789764404297,-90.33235931396484
1.6596860885620117,0,-0.00037152000004425645,-1.5414283107572988e-44,0.0,0.0,2.01200008392334,2940.0,-0.0,0.0,20.00400161743164,0.0,0.13647645711898804,0.39685913920402527,9.12656307220459,-3.196112811565399e-05,0.0010692793875932693,0.0008788574486970901,36.9681510925293,38.155364990234375,-90.16191864013672
1.6803369522094727,0,-0.00037152000004425645,-1.5414283107572988e-44,0.0,0.0,2.0160000324249268,2944.0,-0.0,0.0,20.00800132751465,0.0,0.15323671698570251,0.3902747631072998,9.118782043457031,0.00023435801267623901,-0.00026232004165649414,-5.326326936483383e-05,38.383201599121094,37.44549560546875,-91.52542877197266
1.7001662254333496,0,-0.00037152000004425645,-1.5414283107572988e-44,0.0,0.0,2.008000135421753,2944.0,-0.0,0.0,20.00400161743164,0.0,0.1430608481168747,0.3950634002685547,9.119379997253418,0.00010119937360286713,0.000403478741645813,0.0004793768748641014,37.1450309753418,36.9130973815918,-90.33235931396484
1.7223713397979736,0,-0.00037152000004425645,-1.5414283107572988e-44,0.0,0.0,2.004000186920166,2936.0,-0.0,0.0,20.016000747680664,0.0,0.16939839720726013,0.3854861259460449,9.09244441986084,0.00036751851439476013,3.999099135398865e-06,-0.0005859034135937691,36.083744049072266,37.268028259277344,-91.01410675048828
1.7407286167144775,0,-0.00037152000004425645,-1.5414283107572988e-44,0.0,0.0,2.0160000324249268,2956.0,-0.0,0.0,20.00800132751465,0.0,0.1741870492696762,0.4010492265224457,9.114591598510742,-3.196112811565399e-05,0.000403478741645813,-0.0009853839874267578,37.1450309753418,36.9130973815918,-90.67323303222656
1.7609572410583496,0,-0.00037152000004425645,-1.5414283107572988e-44,0.0,0.0,2.01200008392334,2940.0,-0.0,0.0,20.012001037597656,0.0,0.14844806492328644,0.4064364433288574,9.080472946166992,-3.196112811565399e-05,0.0018682405352592468,0.0011451775208115578,37.85255813598633,37.97789764404297,-89.9914779663086
1.7813031673431396,0,-0.00037152000004425645,-1.5414283107572988e-44,0.0,0.0,2.0160000324249268,2980.0,-0.0,0.0,20.016000747680664,0.0,0.1640111804008484,0.3902747631072998,9.09244441986084,0.00010119937360286713,0.0002703201025724411,0.0004793768748641014,36.43750762939453,38.33283233642578,-89.30972290039062
1.8013057708740234,0,-0.00037152000004425645,-1.5414283107572988e-44,0.0,0.0,2.01200008392334,2940.0,-0.0,0.0,20.00800132751465,0.0,0.14545516669750214,0.38967618346214294,9.108606338500977,-0.0014967229217290878,0.0002703201025724411,-0.0011185440234839916,37.32191467285156,36.73563003540039,-89.13928985595703
1.8215978145599365,0,-0.00037152000004425645,-1.5414283107572988e-44,0.0,0.0,2.01200008392334,2936.0,-0.0,0.0,20.012001037597656,0.0,0.1502438187599182,0.40164780616760254,9.099028587341309,-0.00029828213155269623,0.0010692793875932693,0.000745696946978569,36.7912712097168,37.622962951660156,-90.67323303222656
1.841892957687378,0,-0.00037152000004425645,-1.5414283107572988e-44,0.0,0.0,2.0160000324249268,2952.0,-0.0,0.0,20.012001037597656,0.0,0.17239131033420563,0.3872818648815155,9.102620124816895,-0.0012304019182920456,0.0006697997450828552,-0.0007190639153122902,37.32191467285156,38.155364990234375,-89.821044921875
1.86216139793396,0,-0.00037152000004425645,-1.5414283107572988e-44,0.0,0.0,2.01200008392334,2944.0,-0.0,0.0,20.00400161743164,0.0,0.14725090563297272,0.39685913920402527,9.133148193359375,-3.196112811565399e-05,0.00013715960085391998,-0.0011185440234839916,37.85255813598633,36.558162689208984,-89.9914779663086
1.8824942111968994,0,-0.00037152000004425645,-1.5414283107572988e-44,0.0,0.0,2.004000186920166,3068.0,-0.0,0.0,20.012001037597656,0.0,0.16281400620937347,0.38069745898246765,9.127760887145996,0.0005006790161132812,-0.0005286410450935364,-0.0005859034135937691,37.85255813598633,36.558162689208984,-89.9914779663086
1.9025416374206543,0,-0.00037152000004425645,-1.5414283107572988e-44,0.0,0.0,2.01200008392334,2940.0,-0.0,0.0,20.00800132751465,0.0,0.14425800740718842,0.3783031404018402,9.124767303466797,-0.00043144263327121735,-0.00012916140258312225,0.0010120170190930367,38.02943801879883,38.155364990234375,-90.84367370605469
1.922851324081421,0,-0.00037152000004425645,-1.5414283107572988e-44,0.0,0.0,2.004000186920166,2936.0,-0.0,0.0,20.012001037597656,0.0,0.16341258585453033,0.38668328523635864,9.108007431030273,0.00010119937360286713,0.0005366392433643341,-5.326326936483383e-05,38.02943801879883,37.0905647277832,-91.86630249023438
1.9431557655334473,0,-0.00037152000004425645,-1.5414283107572988e-44,0.0,0.0,2.0160000324249268,2964.0,-0.0,0.0,20.00400161743164,0.0,0.14725090563297272,0.40164780616760254,9.08825397491455,-0.0001651216298341751,-0.0010612811893224716,-0.00018642330542206764,37.49879455566406,36.9130973815918,-91.01410675048828
1.963426113128662,0,-0.00037152000004425645,-1.5414283107572988e-44,0.0,0.0,2.01200008392334,2936.0,-0.0,0.0,20.00400161743164,0.0,0.1580253690481186,0.39685913920402527,9.12416934967041,-0.0006977617740631104,-0.00039548054337501526,0.0011451775208115578,36.7912712097168,37.97789764404297,-91.01410675048828
1.9844856262207031,0,-0.00037152000004425645,-1.5414283107572988e-44,0.0,0.0,2.008000135421753,3100.0,-0.0,0.0,20.012001037597656,0.0,0.17059555649757385,0.39566197991371155,9.11159896850586,-0.0001651216298341751,-0.00012916140258312225,0.000745696946978569,36.26062774658203,38.51029586791992,-90.50279235839844
2.0037901401519775,0,-0.00037152000004425645,-1.5414283107572988e-44,0.0,0.0,2.01200008392334,2940.0,-0.0,0.0,20.00800132751465,0.0,0.15383529663085938,0.3902747631072998,9.098429679870605,0.0007669981569051743,-0.0006618015468120575,0.0004793768748641014,37.1450309753418,36.9130973815918,-89.30972290039062
2.024338960647583,0,-0.00037152000004425645,-1.5414283107572988e-44,0.0,0.0,2.004000186920166,2940.0,-0.0,0.0,20.012001037597656,0.0,0.15323671698570251,0.3932676613330841,9.088852882385254,-0.00043144263327121735,0.00013715960085391998,-0.0007190639153122902,36.26062774658203,37.44549560546875,-90.50279235839844
2.0452542304992676,0,-0.00037152000004425645,-1.5414283107572988e-44,0.0,0.0,2.01200008392334,2960.0,-0.0,0.0,20.00800132751465,0.0,0.1610182672739029,0.38249319791793823,9.116387367248535,0.0005006790161132812,0.0008029602468013763,0.0006125369109213352,36.9681510925293,37.0905647277832,-90.84367370605469
2.064650297164917,0,-0.00037152000004425645,-1.5414283107572988e-44,0.0,0.0,2.004000186920166,2948.0,-0.0,0.0,20.00800132751465,0.0,0.17059555649757385,0.3741130828857422,9.109204292297363,0.00010119937360286713,-0.00026232004165649414,0.0014114975929260254,38.383201599121094,36.38069534301758,-91.1845474243164
2.0848324298858643,0,-0.00037152000004425645,-1.5414283107572988e-44,0.0,0.0,2.008000135421753,3028.0,-0.0,0.0,20.012001037597656,0.0,0.13468070328235626,0.3914719223976135,9.100225448608398,-0.0005646012723445892,0.000403478741645813,0.0006125369109213352,36.61438751220703,38.155364990234375,-89.821044921875
2.1050174236297607,0,-0.00037152000004425645,-1.5414283107572988e-44,0.0,0.0,2.01200008392334,2944.0,-0.0,0.0,20.00800132751465,0.0,0.16640549898147583,0.37171876430511475,9.093042373657227,-0.0012304019182920456,0.0005366392433643341,0.0004793768748641014,37.49879455566406,39.04269790649414,-91.35498809814453
2.125312566757202,0,-0.00037152000004425645,-1.5414283107572988e-44,0.0,0.0,2.01200008392334,2940.0,-0.0,0.0,20.00800132751465,0.0,0.15862394869327545,0.38369038701057434,9.10501480102539,-0.00043144263327121735,-0.00039548054337501526,-0.0013848640955984592,38.20631790161133,37.622962951660156,-89.9914779663086
2.1460959911346436,0,-0.00037152000004425645,-1.5414283107572988e-44,0.0,0.0,2.01200008392334,2944.0,-0.0,0.0,20.00400161743164,0.0,0.14425800740718842,0.39865490794181824,9.128957748413086,-0.0005646012723445892,3.999099135398865e-06,-0.0007190639153122902,36.26062774658203,37.0905647277832,-90.50279235839844
2.1659135818481445,0,-0.00037152000004425645,-1.5414283107572988e-44,0.0,0.0,2.0360000133514404,2940.0,-0.0,0.0,20.02400016784668,0.0,0.15323671698570251,0.36872583627700806,9.133148193359375,0.0010333191603422165,0.0010692793875932693,-0.00031958334147930145,38.02943801879883,38.51029586791992,-90.16191864013672
2.1859915256500244,0,-0.00037152000004425645,-1.5414283107572988e-44,0.0,0.0,2.01200008392334,2972.0,-0.0,0.0,20.00400161743164,0.0,0.1520395576953888,0.37950029969215393,9.094240188598633,-0.0009640827775001526,-0.00026232004165649414,-0.0007190639153122902,36.43750762939453,39.39763259887695,-91.01410675048828
2.206270456314087,0,-0.00037152000004425645,-1.5414283107572988e-44,0.0,0.0,2.0160000324249268,2944.0,-0.0,0.0,20.012001037597656,0.0,0.1711941510438919,0.4004506468772888,9.130154609680176,0.001832280308008194,0.0014687608927488327,-0.0007190639153122902,37.1450309753418,36.558162689208984,-89.9914779663086
2.2265825271606445,0,-0.00037152000004425645,-1.5414283107572988e-44,0.0,0.0,2.01200008392334,2940.0,-0.0,0.0,20.00400161743164,0.0,0.15563103556632996,0.3902747631072998,9.103816986083984,0.0015659593045711517,-0.00039548054337501526,0.0008788574486970901,36.083744049072266,37.622962951660156,-90.33235931396484
2.2468111515045166,0,-0.00037152000004425645,-1.5414283107572988e-44,0.0,0.0,2.01200008392334,2944.0,-0.0,0.0,20.012001037597656,0.0,0.15084239840507507,0.3920705020427704,9.143921852111816,-3.196112811565399e-05,0.0006697997450828552,-0.0005859034135937691,37.85255813598633,36.9130973815918,-90.67323303222656
2.267188787460327,0,-0.00037152000004425645,-1.5414283107572988e-44,0.0,0.0,2.008000135421753,2936.0,-0.0,0.0,20.00400161743164,0.0,0.16041968762874603,0.39985206723213196,9.129556655883789,-3.196112811565399e-05,0.0002703201025724411,-0.000852223951369524,38.560081481933594,38.33283233642578,-89.9914779663086
2.2872695922851562,0,-0.00037152000004425645,-1.5414283107572988e-44,0.0,0.0,2.01200008392334,2968.0,-0.0,0.0,20.016000747680664,0.0,0.16879981756210327,0.3920705020427704,9.106810569763184,0.00010119937360286713,0.00013715960085391998,0.0020772982388734818,37.67567443847656,37.80043029785156,-90.84367370605469
2.308392286300659,0,-0.00037152000004425645,-1.5414283107572988e-44,0.0,0.0,2.01200008392334,2940.0,-0.0,0.0,20.012001037597656,0.0,0.1490466445684433,0.3753102421760559,9.097831726074219,0.00036751851439476013,0.0016019195318222046,-0.0011185440234839916,37.32191467285156,36.73563003540039,-89.48016357421875
2.3278465270996094,0,-0.00037152000004425645,-1.5414283107572988e-44,0.0,0.0,2.01200008392334,2944.0,-0.0,0.0,20.012001037597656,0.0,0.16041968762874603,0.40404212474823,9.115788459777832,-0.0016298815608024597,-0.0007949620485305786,-0.00018642330542206764,37.67567443847656,38.51029586791992,-89.821044921875
2.348090410232544,0,-0.00037152000004425645,-1.5414283107572988e-44,0.0,0.0,2.01200008392334,2940.0,-0.0,0.0,20.00800132751465,0.0,0.13767361640930176,0.3944648206233978,9.10501480102539,-0.00043144263327121735,0.0002703201025724411,0.0002130568027496338,36.9681510925293,38.51029586791992,-90.16191864013672
2.368149995803833,0,-0.00037152000004425645,-1.5414283107572988e-44,0.0,0.0,2.008000135421753,2944.0,-0.0,0.0,20.00400161743164,0.0,0.1502438187599182,0.3860847055912018,9.102021217346191,-0.0009640827775001526,0.0006697997450828552,0.0008788574486970901,36.43750762939453,36.558162689208984,-90.67323303222656
2.3884222507476807,0,-0.00037152000004425645,-1.5414283107572988e-44,0.0,0.0,2.01200008392334,2944.0,-0.0,0.0,20.00400161743164,0.0,0.16281400620937347,0.3771059811115265,9.115788459777832,-0.001896202564239502,0.0012024398893117905,0.0012783370912075043,38.20631790161133,38.68776321411133,-91.01410675048828
2.4086861610412598,0,-0.00037152000004425645,-1.5414283107572988e-44,0.0,0.0,2.01200008392334,2940.0,-0.0,0.0,20.012001037597656,0.0,0.1400679349899292,0.3753102421760559,9.10501480102539,0.002364920452237129,-0.00012916140258312225,-0.0011185440234839916,37.85255813598633,37.268028259277344,-89.9914779663086
2.429044485092163,0,-0.00037152000004425645,-1.5414283107572988e-44,0.0,0.0,2.01200008392334,2932.0,-0.0,0.0,20.00800132751465,0.0,0.16281400620937347,0.39386624097824097,9.134345054626465,-0.0001651216298341751,-0.00039548054337501526,-0.0012517040595412254,38.383201599121094,37.80043029785156,-90.50279235839844
2.4494216442108154,0,-0.00037152000004425645,-1.5414283107572988e-44,0.0,0.0,2.008000135421753,2940.0,-0.0,0.0,20.00400161743164,0.0,0.16580691933631897,0.37590882182121277,9.10740852355957,0.0006338395178318024,0.0010692793875932693,-0.0016511841677129269,37.32191467285156,38.865230560302734,-89.821044921875
2.4695284366607666,0,-0.00037152000004425645,-1.5414283107572988e-44,0.0,0.0,2.01200008392334,2936.0,-0.0,0.0,20.02800178527832,0.0,0.1682012379169464,0.38788044452667236,9.135541915893555,-0.0009640827775001526,3.999099135398865e-06,-0.00045274337753653526,37.1450309753418,38.68776321411133,-91.01410675048828
2.489651918411255,0,-0.00037152000004425645,-1.5414283107572988e-44,0.0,0.0,2.01200008392334,2972.0,-0.0,0.0,20.00800132751465,0.0,0.13468070328235626,0.3812960386276245,9.121774673461914,0.0006338395178318024,0.0005366392433643341,-0.0017843442037701607,36.43750762939453,37.97789764404297,-89.9914779663086
2.5099120140075684,0,-0.00037152000004425645,-1.5414283107572988e-44,0.0,0.0,2.01200008392334,2940.0,-0.0,0.0,20.00800132751465,0.0,0.1502438187599182,0.3902747631072998,9.12416934967041,-0.0001651216298341751,0.0002703201025724411,-0.0009853839874267578,36.61438751220703,38.51029586791992,-90.16191864013672
2.5301966667175293,0,-0.00037152000004425645,-1.5414283107572988e-44,0.0,0.0,2.01200008392334,2936.0,-0.0,0.0,20.00400161743164,0.0,0.13228638470172882,0.4004506468772888,9.105612754821777,0.0005006790161132812,0.0005366392433643341,0.0008788574486970901,35.729984283447266,37.97789764404297,-91.35498809814453
2.550445079803467,0,-0.00037152000004425645,-1.5414283107572988e-44,0.0,0.0,2.01200008392334,2940.0,-0.0,0.0,20.00800132751465,0.0,0.15084239840507507,0.3914719223976135,9.106810569763184,-0.0008309222757816315,0.0009361188858747482,0.0008788574486970901,37.1450309753418,38.33283233642578,-91.69586181640625
2.5707614421844482,0,-0.00037152000004425645,-1.5414283107572988e-44,0.0,0.0,2.008000135421753,2940.0,-0.0,0.0,20.00400161743164,0.0,0.1580253690481186,0.39266908168792725,9.093042373657227,-0.0005646012723445892,0.0009361188858747482,-0.0009853839874267578,35.729984283447266,38.68776321411133,-89.9914779663086
2.5908358097076416,0,-0.00037152000004425645,-1.5414283107572988e-44,0.0,0.0,2.0160000324249268,2964.0,-0.0,0.0,20.012001037597656,0.0,0.15383529663085938,0.38788044452667236,9.123570442199707,0.00010119937360286713,0.0010692793875932693,0.0002130568027496338,37.1450309753418,37.622962951660156,-89.30972290039062
2.61114764213562,0,-0.00037152000004425645,-1.5414283107572988e-44,0.0,0.0,2.01200008392334,2940.0,-0.0,0.0,20.00800132751465,0.0,0.15682820975780487,0.38069745898246765,9.087656021118164,0.0005006790161132812,0.0009361188858747482,0.001677817665040493,36.43750762939453,36.558162689208984,-89.30972290039062
2.631420612335205,0,-0.00037152000004425645,-1.5414283107572988e-44,0.0,0.0,2.008000135421753,3000.0,-0.0,0.0,20.00800132751465,0.0,0.15144097805023193,0.4112251102924347,9.14571762084961,-0.00029828213155269623,0.00013715960085391998,0.0003462168388068676,36.9681510925293,38.51029586791992,-89.48016357421875
2.651747941970825,0,-0.00037152000004425645,-1.5414283107572988e-44,0.0,0.0,2.0160000324249268,2936.0,-0.0,0.0,20.00800132751465,0.0,0.1502438187599182,0.38249319791793823,9.122971534729004,0.0006338395178318024,0.000403478741645813,0.0002130568027496338,36.083744049072266,38.33283233642578,-90.33235931396484
2.6719460487365723,0,-0.00037152000004425645,-1.5414283107572988e-44,0.0,0.0,2.008000135421753,2940.0,-0.0,0.0,20.016000747680664,0.0,0.17059555649757385,0.3741130828857422,9.141528129577637,-0.0017630420625209808,-0.00012916140258312225,0.0004793768748641014,37.49879455566406,38.33283233642578,-87.94622039794922
2.6920580863952637,0,-0.00037152000004425645,-1.5414283107572988e-44,0.0,0.0,2.01200008392334,2960.0,-0.0,0.0,20.00800132751465,0.0,0.1502438187599182,0.3974577486515045,9.113394737243652,0.0005006790161132812,0.00013715960085391998,-0.00045274337753653526,37.49879455566406,37.97789764404297,-91.35498809814453
2.7123630046844482,0,-0.00037152000004425645,-1.5414283107572988e-44,0.0,0.0,2.01200008392334,2940.0,-0.0,0.0,20.00400161743164,0.0,0.15323671698570251,0.3854861259460449,9.12416934967041,-0.0008309222757816315,3.999099135398865e-06,-0.00031958334147930145,37.49879455566406,37.97789764404297,-89.65060424804688
2.7333390712738037,0,-0.00037152000004425645,-1.5414283107572988e-44,0.0,0.0,2.008000135421753,3096.0,-0.0,0.0,20.00400161743164,0.0,0.16281400620937347,0.3992534875869751,9.116986274719238,-0.0009640827775001526,0.00013715960085391998,0.0003462168388068676,36.7912712097168,37.622962951660156,-90.33235931396484
2.752983808517456,0,-0.00037152000004425645,-1.5414283107572988e-44,0.0,0.0,2.01200008392334,2940.0,-0.0,0.0,20.016000747680664,0.0,0.1592225283384323,0.37650740146636963,9.090049743652344,-0.00043144263327121735,0.0006697997450828552,-0.00031958334147930145,36.7912712097168,36.9130973815918,-90.33235931396484
2.773312568664551,0,-0.00037152000004425645,-1.5414283107572988e-44,0.0,0.0,2.008000135421753,2940.0,-0.0,0.0,20.00400161743164,0.0,0.15622961521148682,0.39865490794181824,9.108606338500977,0.0005006790161132812,-0.00012916140258312225,-0.00045274337753653526,37.85255813598633,37.97789764404297,-90.67323303222656
2.7933058738708496,0,-0.00037152000004425645,-1.5414283107572988e-44,0.0,0.0,2.01200008392334,2960.0,-0.0,0.0,20.00800132751465,0.0,0.18376433849334717,0.3771059811115265,9.108007431030273,0.0007669981569051743,-0.0006618015468120575,0.0006125369109213352,36.43750762939453,36.9130973815918,-90.33235931396484
2.8137266635894775,0,-0.00037152000004425645,-1.5414283107572988e-44,0.0,0.0,2.01200008392334,2940.0,-0.0,0.0,20.00400161743164,0.0,0.15563103556632996,0.3771059811115265,9.10501480102539,-0.0005646012723445892,0.0006697997450828552,-5.326326936483383e-05,36.7912712097168,38.33283233642578,-90.33235931396484
2.8338308334350586,0,-0.00037152000004425645,-1.5414283107572988e-44,0.0,0.0,2.008000135421753,3080.0,-0.0,0.0,20.012001037597656,0.0,0.15682820975780487,0.4004506468772888,9.139732360839844,0.00036751851439476013,-0.00026232004165649414,-5.326326936483383e-05,38.383201599121094,37.44549560546875,-88.79840850830078
2.8541066646575928,0,-0.00037152000004425645,-1.5414283107572988e-44,0.0,0.0,2.01200008392334,2948.0,-0.0,0.0,20.012001037597656,0.0,0.15622961521148682,0.3884790241718292,9.098429679870605,0.00010119937360286713,0.00013715960085391998,-5.326326936483383e-05,37.49879455566406,37.268028259277344,-89.9914779663086
2.874389886856079,0,-0.00037152000004425645,-1.5414283107572988e-44,0.0,0.0,2.0240001678466797,2944.0,-0.0,0.0,20.012001037597656,0.0,0.1729898899793625,0.3920705020427704,9.125965118408203,0.0009001586586236954,-0.00012916140258312225,7.989676669239998e-05,36.43750762939453,38.33283233642578,-91.01410675048828
2.8945083618164062,0,-0.00037152000004425645,-1.5414283107572988e-44,0.0,0.0,2.01200008392334,2956.0,-0.0,0.0,20.00400161743164,0.0,0.16281400620937347,0.3771059811115265,9.130753517150879,0.00036751851439476013,0.0002703201025724411,-0.0005859034135937691,37.85255813598633,36.9130973815918,-89.9914779663086
2.9149415493011475,0,-0.00037152000004425645,-1.5414283107572988e-44,0.0,0.0,2.01200008392334,2940.0,-0.0,0.0,20.02800178527832,0.0,0.15563103556632996,0.38668328523635864,9.102021217346191,-0.0014967229217290878,0.0010692793875932693,-0.0009853839874267578,37.32191467285156,38.865230560302734,-89.13928985595703
2.9350476264953613,0,-0.00037152000004425645,-1.5414283107572988e-44,0.0,0.0,2.004000186920166,3024.0,-0.0,0.0,20.012001037597656,0.0,0.1370750367641449,0.38788044452667236,9.128358840942383,0.0005006790161132812,0.0006697997450828552,-5.326326936483383e-05,37.1450309753418,37.97789764404297,-91.35498809814453
2.955305814743042,0,-0.00037152000004425645,-1.5414283107572988e-44,0.0,0.0,2.01200008392334,2940.0,-0.0,0.0,20.012001037597656,0.0,0.14784948527812958,0.36872583627700806,9.117584228515625,-0.0012304019182920456,0.0005366392433643341,-0.0007190639153122902,36.61438751220703,37.44549560546875,-89.48016357421875
2.975611448287964,0,-0.00037152000004425645,-1.5414283107572988e-44,0.0,0.0,2.01200008392334,2932.0,-0.0,0.0,20.00800132751465,0.0,0.15263813734054565,0.3920705020427704,9.115190505981445,-0.0010972414165735245,0.000403478741645813,-0.0012517040595412254,37.85255813598633,37.268028259277344,-89.30972290039062
2.995738983154297,0,-0.00037152000004425645,-1.5414283107572988e-44,0.0,0.0,2.01200008392334,2944.0,-0.0,0.0,20.016000747680664,0.0,0.15682820975780487,0.4052392840385437,9.090049743652344,-0.001896202564239502,0.0008029602468013763,-0.0016511841677129269,37.49879455566406,37.622962951660156,-90.33235931396484
3.015984296798706,0,-0.00037152000004425645,-1.5414283107572988e-44,0.0,0.0,2.004000186920166,2940.0,-0.0,0.0,20.00400161743164,0.0,0.1610182672739029,0.3920705020427704,9.118183135986328,-0.0009640827775001526,3.999099135398865e-06,-0.00018642330542206764,38.383201599121094,37.44549560546875,-90.84367370605469
3.0373361110687256,0,-0.00037152000004425645,-1.5414283107572988e-44,0.0,0.0,2.01200008392334,2964.0,-0.0,0.0,20.00400161743164,0.0,0.15862394869327545,0.3753102421760559,9.116986274719238,-0.0001651216298341751,0.0014687608927488327,-5.326326936483383e-05,37.67567443847656,37.44549560546875,-90.16191864013672
3.0572941303253174,0,-0.00037152000004425645,-1.5414283107572988e-44,0.0,0.0,2.01200008392334,2944.0,-0.0,0.0,20.012001037597656,0.0,0.1610182672739029,0.39266908168792725,9.131950378417969,-0.0005646012723445892,0.00013715960085391998,-0.00031958334147930145,36.61438751220703,38.51029586791992,-90.16191864013672
3.076693534851074,0,-0.00037152000004425645,-1.5414283107572988e-44,0.0,0.0,2.01200008392334,2944.0,-0.0,0.0,20.00400161743164,0.0,0.1592225283384323,0.39087334275245667,9.11040210723877,0.0007669981569051743,0.0013356003910303116,-0.00018642330542206764,36.61438751220703,37.80043029785156,-88.79840850830078
3.0969455242156982,0,-0.00037152000004425645,-1.5414283107572988e-44,0.0,0.0,2.01200008392334,2940.0,-0.0,0.0,20.00800132751465,0.0,0.14964522421360016,0.39685913920402527,9.123570442199707,0.00010119937360286713,-0.0007949620485305786,-0.0012517040595412254,37.67567443847656,36.38069534301758,-90.16191864013672
3.117295742034912,0,-0.00037152000004425645,-1.5414283107572988e-44,0.0,0.0,2.008000135421753,2944.0,-0.0,0.0,20.036001205444336,0.0,0.16640549898147583,0.3962605595588684,9.114591598510742,0.002364920452237129,0.0006697997450828552,7.989676669239998e-05,38.383201599121094,37.44549560546875,-90.50279235839844
3.13751220703125,0,-0.00037152000004425645,-1.5414283107572988e-44,0.0,0.0,2.0160000324249268,2964.0,-0.0,0.0,20.012001037597656,0.0,0.14844806492328644,0.3932676613330841,9.122373580932617,-0.00043144263327121735,0.000403478741645813,7.989676669239998e-05,37.85255813598633,39.04269790649414,-89.9914779663086
3.1578118801116943,0,-0.00037152000004425645,-1.5414283107572988e-44,0.0,0.0,2.01200008392334,2940.0,-0.0,0.0,20.00400161743164,0.0,0.13887077569961548,0.3890776038169861,9.113993644714355,0.0009001586586236954,-0.0005286410450935364,7.989676669239998e-05,36.43750762939453,37.97789764404297,-90.33235931396484
3.178046226501465,0,-0.00037152000004425645,-1.5414283107572988e-44,0.0,0.0,2.01200008392334,2944.0,-0.0,0.0,20.00400161743164,0.0,0.17179273068904877,0.38369038701057434,9.106810569763184,-0.0001651216298341751,0.00013715960085391998,-5.326326936483383e-05,38.20631790161133,37.97789764404297,-89.9914779663086
3.198160409927368,0,-0.00037152000004425645,-1.5414283107572988e-44,0.0,0.0,2.01200008392334,2948.0,-0.0,0.0,20.012001037597656,0.0,0.1580253690481186,0.37590882182121277,9.121774673461914,-0.001896202564239502,0.0005366392433643341,0.0004793768748641014,37.49879455566406,38.68776321411133,-90.33235931396484
3.21846866607666,0,-0.00037152000004425645,-1.5414283107572988e-44,0.0,0.0,2.004000186920166,2948.0,-0.0,0.0,20.02800178527832,0.0,0.14725090563297272,0.37770456075668335,9.163076400756836,-0.0010972414165735245,0.0008029602468013763,-0.0012517040595412254,36.26062774658203,36.025760650634766,-90.84367370605469
3.238757848739624,0,-0.00037152000004425645,-1.5414283107572988e-44,0.0,0.0,2.01200008392334,2960.0,-0.0,0.0,20.00800132751465,0.0,0.1622154265642166,0.3884790241718292,9.105612754821777,-0.00043144263327121735,0.0005366392433643341,-0.00045274337753653526,36.9681510925293,38.865230560302734,-90.50279235839844
3.2590386867523193,0,-0.00037152000004425645,-1.5414283107572988e-44,0.0,0.0,2.01200008392334,2940.0,-0.0,0.0,20.012001037597656,0.0,0.13767361640930176,0.3854861259460449,9.147513389587402,0.00023435801267623901,0.0005366392433643341,-0.0007190639153122902,37.1450309753418,36.9130973815918,-91.35498809814453
3.2791473865509033,0,-0.00037152000004425645,-1.5414283107572988e-44,0.0,0.0,2.01200008392334,2936.0,-0.0,0.0,20.00800132751465,0.0,0.16041968762874603,0.3932676613330841,9.091845512390137,-0.0005646012723445892,0.0005366392433643341,0.0004793768748641014,37.49879455566406,37.622962951660156,-90.67323303222656
3.299420118331909,0,-0.00037152000004425645,-1.5414283107572988e-44,0.0,0.0,2.01200008392334,2948.0,-0.0,0.0,20.00800132751465,0.0,0.15742678940296173,0.39865490794181824,9.136140823364258,-0.0008309222757816315,0.0002703201025724411,0.0012783370912075043,38.02943801879883,37.44549560546875,-90.16191864013672
3.319727897644043,0,-0.00037152000004425645,-1.5414283107572988e-44,0.0,0.0,2.004000186920166,2936.0,-0.0,0.0,20.016000747680664,0.0,0.15862394869327545,0.39386624097824097,9.13793659210205,0.0007669981569051743,-0.0007949620485305786,-5.326326936483383e-05,35.376220703125,38.68776321411133,-89.9914779663086
3.3401060104370117,0,-0.00037152000004425645,-1.5414283107572988e-44,0.0,0.0,2.0160000324249268,2960.0,-0.0,0.0,20.00800132751465,0.0,0.15862394869327545,0.37171876430511475,9.13913345336914,0.0009001586586236954,-0.00026232004165649414,-0.0007190639153122902,37.85255813598633,37.268028259277344,-89.30972290039062
3.360290765762329,0,-0.00037152000004425645,-1.5414283107572988e-44,0.0,0.0,2.01200008392334,2936.0,-0.0,0.0,20.00800132751465,0.0,0.16161684691905975,0.38488754630088806,9.134943962097168,-0.0006977617740631104,-0.00039548054337501526,-0.0011185440234839916,36.61438751220703,37.0905647277832,-91.1845474243164
3.3803906440734863,0,-0.00037152000004425645,-1.5414283107572988e-44,0.0,0.0,2.01200008392334,2944.0,-0.0,0.0,20.016000747680664,0.0,0.15742678940296173,0.39685913920402527,9.09483814239502,-0.0005646012723445892,-0.00026232004165649414,7.989676669239998e-05,36.7912712097168,37.97789764404297,-89.9914779663086
3.400632858276367,0,-0.00037152000004425645,-1.5414283107572988e-44,0.0,0.0,2.01200008392334,2940.0,-0.0,0.0,20.012001037597656,0.0,0.15144097805023193,0.3962605595588684,9.11040210723877,-0.0017630420625209808,0.0010692793875932693,0.0002130568027496338,37.49879455566406,38.68776321411133,-89.65060424804688
3.4209253787994385,0,-0.00037152000004425645,-1.5414283107572988e-44,0.0,0.0,2.01200008392334,2936.0,-0.0,0.0,20.00800132751465,0.0,0.15742678940296173,0.38249319791793823,9.104415893554688,0.0009001586586236954,3.999099135398865e-06,-0.0011185440234839916,38.02943801879883,37.44549560546875,-90.50279235839844
3.4412178993225098,0,-0.00037152000004425645,-1.5414283107572988e-44,0.0,0.0,2.008000135421753,2960.0,-0.0,0.0,20.00800132751465,0.0,0.15263813734054565,0.38967618346214294,9.10621166229248,0.00023435801267623901,0.000403478741645813,-0.0007190639153122902,37.32191467285156,37.44549560546875,-91.86630249023438
3.46150279045105,0,-0.00037152000004425645,-1.5414283107572988e-44,0.0,0.0,2.01200008392334,2944.0,-0.0,0.0,20.00800132751465,0.0,0.1550324559211731,0.38967618346214294,9.108007431030273,0.00010119937360286713,0.000403478741645813,0.0006125369109213352,35.906864166259766,37.80043029785156,-90.16191864013672
3.481586217880249,0,-0.00037152000004425645,-1.5414283107572988e-44,0.0,0.0,2.004000186920166,3024.0,-0.0,0.0,20.00800132751465,0.0,0.14126509428024292,0.37890172004699707,9.109204292297363,-0.0005646012723445892,0.0002703201025724411,0.0008788574486970901,35.729984283447266,37.97789764404297,-89.9914779663086
3.5018417835235596,0,-0.00037152000004425645,-1.5414283107572988e-44,0.0,0.0,2.0160000324249268,2936.0,-0.0,0.0,20.00800132751465,0.0,0.17179273068904877,0.39566197991371155,9.133148193359375,0.00023435801267623901,-0.0006618015468120575,7.989676669239998e-05,36.9681510925293,39.22016525268555,-90.50279235839844
3.5221481323242188,0,-0.00037152000004425645,-1.5414283107572988e-44,0.0,0.0,2.004000186920166,2944.0,-0.0,0.0,20.00800132751465,0.0,0.16341258585453033,0.3884790241718292,9.098429679870605,-0.0005646012723445892,-0.00026232004165649414,-0.00045274337753653526,37.32191467285156,37.0905647277832,-90.50279235839844
3.542436361312866,0,-0.00037152000004425645,-1.5414283107572988e-44,0.0,0.0,2.01200008392334,2960.0,-0.0,0.0,20.00400161743164,0.0,0.14665232598781586,0.38788044452667236,9.099028587341309,0.0007669981569051743,0.000403478741645813,0.0011451775208115578,37.67567443847656,38.155364990234375,-90.16191864013672
3.5627224445343018,0,-0.00037152000004425645,-1.5414283107572988e-44,0.0,0.0,2.01200008392334,2944.0,-0.0,0.0,20.00800132751465,0.0,0.14545516669750214,0.4022463858127594,9.112197875976562,0.00010119937360286713,0.0017350800335407257,-0.000852223951369524,37.1450309753418,37.97789764404297,-90.67323303222656
3.5830190181732178,0,-0.00037152000004425645,-1.5414283107572988e-44,0.0,0.0,2.008000135421753,3096.0,-0.0,0.0,20.012001037597656,0.0,0.16041968762874603,0.3920705020427704,9.082866668701172,-0.0001651216298341751,-0.00012916140258312225,-5.326326936483383e-05,36.7912712097168,38.68776321411133,-91.35498809814453
3.6030712127685547,0,-0.00037152000004425645,-1.5414283107572988e-44,0.0,0.0,2.01200008392334,2948.0,-0.0,0.0,20.016000747680664,0.0,0.1490466445684433,0.39087334275245667,9.108606338500977,0.0010333191603422165,0.00013715960085391998,0.0004793768748641014,36.61438751220703,37.44549560546875,-89.821044921875
3.6234707832336426,0,-0.00037152000004425645,-1.5414283107572988e-44,0.0,0.0,2.004000186920166,2936.0,-0.0,0.0,20.036001205444336,0.0,0.15982110798358917,0.39566197991371155,9.123570442199707,0.0007669981569051743,0.0009361188858747482,-5.326326936483383e-05,36.26062774658203,37.80043029785156,-90.50279235839844
3.6436569690704346,0,-0.00037152000004425645,-1.5414283107572988e-44,0.0,0.0,2.004000186920166,2956.0,-0.0,0.0,20.00400161743164,0.0,0.15742678940296173,0.38967618346214294,9.11279582977295,-0.0010972414165735245,0.00013715960085391998,-0.00045274337753653526,36.7912712097168,37.622962951660156,-89.65060424804688
3.6639404296875,0,-0.00037152000004425645,-1.5414283107572988e-44,0.0,0.0,2.01200008392334,2948.0,-0.0,0.0,20.00400161743164,0.0,0.14725090563297272,0.3872818648815155,9.109204292297363,0.00023435801267623901,0.0009361188858747482,0.0003462168388068676,36.7912712097168,38.33283233642578,-90.67323303222656
3.684180974960327,0,-0.00037152000004425645,-1.5414283107572988e-44,0.0,0.0,2.008000135421753,3044.0,-0.0,0.0,20.00800132751465,0.0,0.16341258585453033,0.3890776038169861,9.081669807434082,0.00010119937360286713,0.0010692793875932693,-0.000852223951369524,37.49879455566406,38.68776321411133,-89.9914779663086
3.7043521404266357,0,-0.00037152000004425645,-1.5414283107572988e-44,0.0,0.0,2.01200008392334,2948.0,-0.0,0.0,20.00400161743164,0.0,0.15682820975780487,0.3735145032405853,9.097831726074219,0.0009001586586236954,-0.00039548054337501526,-0.000852223951369524,35.906864166259766,37.80043029785156,-91.52542877197266
3.724583148956299,0,-0.00037152000004425645,-1.5414283107572988e-44,0.0,0.0,2.01200008392334,2940.0,-0.0,0.0,20.00800132751465,0.0,0.1622154265642166,0.39266908168792725,9.119978904724121,0.001965438947081566,0.0010692793875932693,0.000745696946978569,36.7912712097168,37.268028259277344,-91.01410675048828
3.744882822036743,0,-0.00037152000004425645,-1.5414283107572988e-44,0.0,0.0,2.01200008392334,2936.0,-0.0,0.0,20.00400161743164,0.0,0.16460976004600525,0.3914719223976135,9.115788459777832,-0.0006977617740631104,-0.00012916140258312225,-0.0011185440234839916,35.1993408203125,38.51029586791992,-90.16191864013672
3.7651822566986084,0,-0.00037152000004425645,-1.5414283107572988e-44,0.0,0.0,2.01200008392334,2944.0,-0.0,0.0,20.012001037597656,0.0,0.1682012379169464,0.3884790241718292,9.094240188598633,-0.0001651216298341751,-0.0013276021927595139,-0.0009853839874267578,37.49879455566406,38.33283233642578,-90.33235931396484
3.7852871417999268,0,-0.00037152000004425645,-1.5414283107572988e-44,0.0,0.0,2.01200008392334,2996.0,-0.0,0.0,20.00800132751465,0.0,0.15742678940296173,0.3980563282966614,9.122373580932617,-0.0005646012723445892,-0.00026232004165649414,-0.0005859034135937691,36.9681510925293,38.865230560302734,-89.821044921875
3.8055639266967773,0,-0.00037152000004425645,-1.5414283107572988e-44,0.0,0.0,2.01200008392334,2944.0,-0.0,0.0,20.012001037597656,0.0,0.1592225283384323,0.4010492265224457,9.117584228515625,-0.0010972414165735245,-0.0006618015468120575,0.0002130568027496338,35.906864166259766,37.80043029785156,-89.48016357421875
3.826140880584717,0,-0.00037152000004425645,-1.5414283107572988e-44,0.0,0.0,2.008000135421753,2944.0,-0.0,0.0,20.00800132751465,0.0,0.15084239840507507,0.39566197991371155,9.131352424621582,-0.0006977617740631104,0.000403478741645813,0.001677817665040493,36.083744049072266,37.622962951660156,-89.30972290039062
3.846067190170288,0,-0.00037152000004425645,-1.5414283107572988e-44,0.0,0.0,2.01200008392334,2936.0,-0.0,0.0,20.00800132751465,0.0,0.14126509428024292,0.3932676613330841,9.124767303466797,-0.00043144263327121735,0.000403478741645813,-0.0005859034135937691,35.376220703125,36.9130973815918,-90.33235931396484
3.8663642406463623,0,-0.00037152000004425645,-1.5414283107572988e-44,0.0,0.0,2.008000135421753,2944.0,-0.0,0.0,20.036001205444336,0.0,0.1520395576953888,0.38488754630088806,9.109803199768066,-0.0013635624200105667,-0.00012916140258312225,0.0006125369109213352,37.49879455566406,37.622962951660156,-89.9914779663086
3.886488199234009,0,-0.00037152000004425645,-1.5414283107572988e-44,0.0,0.0,2.004000186920166,2956.0,-0.0,0.0,20.00400161743164,0.0,0.1640111804008484,0.3812960386276245,9.10621166229248,-0.0005646012723445892,3.999099135398865e-06,0.0012783370912075043,37.1450309753418,37.268028259277344,-88.62797546386719
3.9067914485931396,0,-0.00037152000004425645,-1.5414283107572988e-44,0.0,0.0,2.01200008392334,2944.0,-0.0,0.0,20.00800132751465,0.0,0.15982110798358917,0.3693244457244873,9.12656307220459,-3.196112811565399e-05,0.000403478741645813,0.0011451775208115578,36.26062774658203,38.155364990234375,-90.16191864013672
3.9278793334960938,0,-0.00037152000004425645,-1.5414283107572988e-44,0.0,0.0,2.01200008392334,2948.0,-0.0,0.0,20.00800132751465,0.0,0.1550324559211731,0.3854861259460449,9.113394737243652,-0.0012304019182920456,0.0018682405352592468,-0.00018642330542206764,37.32191467285156,38.51029586791992,-90.84367370605469
3.9473965167999268,0,-0.00037152000004425645,-1.5414283107572988e-44,0.0,0.0,2.01200008392334,2944.0,-0.0,0.0,20.00400161743164,0.0,0.1610182672739029,0.36992302536964417,9.131352424621582,0.0006338395178318024,0.0009361188858747482,-0.00045274337753653526,37.49879455566406,36.558162689208984,-89.9914779663086
3.9676451683044434,0,-0.00037152000004425645,-1.5414283107572988e-44,0.0,0.0,2.008000135421753,2944.0,-0.0,0.0,20.032001495361328,0.0,0.15084239840507507,0.3902747631072998,9.098429679870605,-0.00043144263327121735,0.0005366392433643341,0.000745696946978569,37.67567443847656,37.80043029785156,-89.821044921875
3.987813711166382,0,-0.00037152000004425645,-1.5414283107572988e-44,0.0,0.0,2.004000186920166,2960.0,-0.0,0.0,20.016000747680664,0.0,0.15263813734054565,0.3974577486515045,9.131352424621582,-0.0009640827775001526,0.002001401036977768,0.0006125369109213352,38.383201599121094,38.865230560302734,-90.50279235839844
4.008002996444702,0,-0.00037152000004425645,-1.5414283107572988e-44,0.0,0.0,2.01200008392334,2936.0,-0.0,0.0,20.00400161743164,0.0,0.1580253690481186,0.37471166253089905,9.090049743652344,-0.0009640827775001526,0.000403478741645813,0.0003462168388068676,36.61438751220703,38.155364990234375,-89.13928985595703
4.028319835662842,0,-0.00037152000004425645,-1.5414283107572988e-44,0.0,0.0,2.01200008392334,2940.0,-0.0,0.0,20.00400161743164,0.0,0.15622961521148682,0.4094293415546417,9.095437049865723,-0.0010972414165735245,0.00013715960085391998,0.0006125369109213352,37.67567443847656,37.0905647277832,-90.16191864013672
4.048566579818726,0,-0.00037152000004425645,-1.5414283107572988e-44,0.0,0.0,2.01200008392334,2948.0,-0.0,0.0,20.012001037597656,0.0,0.15383529663085938,0.4010492265224457,9.100824356079102,-0.0005646012723445892,0.0002703201025724411,-0.00031958334147930145,36.26062774658203,37.44549560546875,-89.48016357421875
4.068868160247803,0,-0.00037152000004425645,-1.5414283107572988e-44,0.0,0.0,2.004000186920166,2944.0,-0.0,0.0,20.00800132751465,0.0,0.1610182672739029,0.37950029969215393,9.104415893554688,0.00010119937360286713,0.0002703201025724411,0.0004793768748641014,37.32191467285156,38.51029586791992,-90.16191864013672
4.088974475860596,0,-0.00037152000004425645,-1.5414283107572988e-44,0.0,0.0,2.004000186920166,2960.0,-0.0,0.0,20.00800132751465,0.0,0.14186367392539978,0.37650740146636963,9.127760887145996,-0.0017630420625209808,-0.0005286410450935364,-0.00031958334147930145,37.32191467285156,37.44549560546875,-91.1845474243164
4.109241962432861,0,-0.00037152000004425645,-1.5414283107572988e-44,0.0,0.0,2.008000135421753,2944.0,-0.0,0.0,20.012001037597656,0.0,0.15982110798358917,0.38249319791793823,9.076881408691406,-0.00043144263327121735,3.999099135398865e-06,-0.00018642330542206764,36.7912712097168,37.622962951660156,-89.9914779663086
4.129727363586426,0,-0.00037152000004425645,-1.5414283107572988e-44,0.0,0.0,2.01200008392334,2944.0,-0.0,0.0,20.00800132751465,0.0,0.1400679349899292,0.3914719223976135,9.11040210723877,-0.00029828213155269623,3.999099135398865e-06,0.000745696946978569,37.32191467285156,37.44549560546875,-89.65060424804688
4.150339603424072,0,-0.00037152000004425645,-1.5414283107572988e-44,0.0,0.0,2.008000135421753,2948.0,-0.0,0.0,20.016000747680664,0.0,0.14246225357055664,0.3914719223976135,9.103219032287598,0.00036751851439476013,0.0010692793875932693,-0.00031958334147930145,38.20631790161133,37.622962951660156,-89.9914779663086
4.1700849533081055,0,-0.00037152000004425645,-1.5414283107572988e-44,0.0,0.0,2.004000186920166,2936.0,-0.0,0.0,20.00800132751465,0.0,0.15263813734054565,0.38189461827278137,9.099627494812012,-3.196112811565399e-05,0.000403478741645813,-5.326326936483383e-05,35.5531005859375,38.155364990234375,-89.13928985595703
4.191148281097412,0,-0.00037152000004425645,-1.5414283107572988e-44,0.0,0.0,2.004000186920166,2968.0,-0.0,0.0,20.00400161743164,0.0,0.15622961521148682,0.4010492265224457,9.1253662109375,-0.0009640827775001526,0.0005366392433643341,7.989676669239998e-05,35.729984283447266,39.39763259887695,-89.9914779663086
4.210505485534668,0,-0.00037152000004425645,-1.5414283107572988e-44,0.0,0.0,2.008000135421753,2944.0,-0.0,0.0,20.016000747680664,0.0,0.15323671698570251,0.3950634002685547,9.113394737243652,-3.196112811565399e-05,3.999099135398865e-06,-0.0007190639153122902,36.9681510925293,37.0905647277832,-88.79840850830078
4.230786085128784,0,-0.00037152000004425645,-1.5414283107572988e-44,0.0,0.0,2.008000135421753,2956.0,-0.0,0.0,20.00400161743164,0.0,0.13827219605445862,0.3884790241718292,9.148711204528809,-0.00029828213155269623,-0.00026232004165649414,7.989676669239998e-05,36.9681510925293,38.865230560302734,-90.84367370605469
4.250998497009277,0,-0.00037152000004425645,-1.5414283107572988e-44,0.0,0.0,2.004000186920166,2944.0,-0.0,0.0,20.012001037597656,0.0,0.1490466445684433,0.3962605595588684,9.109204292297363,0.0006338395178318024,0.0002703201025724411,-0.00031958334147930145,37.85255813598633,37.268028259277344,-90.67323303222656
4.271373987197876,0,-0.00037152000004425645,-1.5414283107572988e-44,0.0,0.0,2.0160000324249268,2936.0,-0.0,0.0,20.012001037597656,0.0,0.15982110798358917,0.414218008518219,9.142126083374023,0.00036751851439476013,-0.0005286410450935364,-0.0007190639153122902,37.1450309753418,37.268028259277344,-91.01410675048828
4.29142427444458,0,-0.00037152000004425645,-1.5414283107572988e-44,0.0,0.0,2.008000135421753,2972.0,-0.0,0.0,20.00800132751465,0.0,0.1490466445684433,0.3711201846599579,9.105612754821777,-0.0009640827775001526,-0.00012916140258312225,-0.00031958334147930145,38.20631790161133,37.622962951660156,-89.65060424804688
4.311661958694458,0,-0.00037152000004425645,-1.5414283107572988e-44,0.0,0.0,2.004000186920166,2944.0,-0.0,0.0,20.00800132751465,0.0,0.16460976004600525,0.39266908168792725,9.133148193359375,-0.0006977617740631104,0.00013715960085391998,0.0002130568027496338,36.26062774658203,37.0905647277832,-90.50279235839844
4.331931829452515,0,-0.00037152000004425645,-1.5414283107572988e-44,0.0,0.0,2.008000135421753,3044.0,-0.0,0.0,20.00800132751465,0.0,0.15682820975780487,0.38488754630088806,9.133746147155762,-0.0008309222757816315,-0.0010612811893224716,-0.000852223951369524,37.67567443847656,37.0905647277832,-91.1845474243164
4.3521904945373535,0,-0.00037152000004425645,-1.5414283107572988e-44,0.0,0.0,2.004000186920166,2940.0,-0.0,0.0,20.016000747680664,0.0,0.15084239840507507,0.3753102421760559,9.088852882385254,0.00036751851439476013,0.0002703201025724411,0.0006125369109213352,36.61438751220703,36.38069534301758,-89.821044921875
4.372506380081177,0,-0.00037152000004425645,-1.5414283107572988e-44,0.0,0.0,2.0240001678466797,2940.0,-0.0,0.0,20.016000747680664,0.0,0.1310892254114151,0.3914719223976135,9.108606338500977,0.00010119937360286713,-0.00026232004165649414,-5.326326936483383e-05,37.1450309753418,39.04269790649414,-91.35498809814453
4.392752408981323,0,-0.00037152000004425645,-1.5414283107572988e-44,0.0,0.0,2.004000186920166,2952.0,-0.0,0.0,20.012001037597656,0.0,0.14246225357055664,0.370521605014801,9.099627494812012,0.00010119937360286713,-0.0009281206876039505,7.989676669239998e-05,36.61438751220703,36.73563003540039,-89.821044921875
4.413034200668335,0,-0.00037152000004425645,-1.5414283107572988e-44,0.0,0.0,2.008000135421753,2940.0,-0.0,0.0,20.00800132751465,0.0,0.1550324559211731,0.3932676613330841,9.086458206176758,-0.0001651216298341751,0.000403478741645813,-5.326326936483383e-05,37.85255813598633,36.9130973815918,-91.35498809814453
4.433131217956543,0,-0.00037152000004425645,-1.5414283107572988e-44,0.0,0.0,2.008000135421753,3092.0,-0.0,0.0,20.00400161743164,0.0,0.16760265827178955,0.3890776038169861,9.108606338500977,0.00010119937360286713,-0.0006618015468120575,-0.001518024131655693,36.43750762939453,37.97789764404297,-90.67323303222656
4.453429937362671,0,-0.00037152000004425645,-1.5414283107572988e-44,0.0,0.0,2.004000186920166,2948.0,-0.0,0.0,20.00800132751465,0.0,0.14784948527812958,0.37950029969215393,9.118183135986328,-0.0005646012723445892,-0.00012916140258312225,-0.0013848640955984592,37.1450309753418,37.268028259277344,-91.01410675048828
4.473749160766602,0,-0.00037152000004425645,-1.5414283107572988e-44,0.0,0.0,2.004000186920166,2936.0,-0.0,0.0,20.02400016784668,0.0,0.1400679349899292,0.3950634002685547,9.12656307220459,-3.196112811565399e-05,0.0008029602468013763,0.0003462168388068676,36.9681510925293,38.155364990234375,-89.821044921875
4.493988752365112,0,-0.00037152000004425645,-1.5414283107572988e-44,0.0,0.0,2.008000135421753,2956.0,-0.0,0.0,20.00800132751465,0.0,0.14365942776203156,0.40164780616760254,9.09483814239502,0.00010119937360286713,0.0002703201025724411,-0.00045274337753653526,38.913841247558594,39.04269790649414,-89.9914779663086
4.514260768890381,0,-0.00037152000004425645,-1.5414283107572988e-44,0.0,0.0,2.004000186920166,2940.0,-0.0,0.0,20.012001037597656,0.0,0.16760265827178955,0.3771059811115265,9.11159896850586,0.0006338395178318024,-0.0006618015468120575,0.0002130568027496338,36.083744049072266,37.268028259277344,-89.65060424804688
4.5343523025512695,0,-0.00037152000004425645,-1.5414283107572988e-44,0.0,0.0,2.008000135421753,3044.0,-0.0,0.0,20.00400161743164,0.0,0.1520395576953888,0.3830918073654175,9.096035957336426,-0.0001651216298341751,-0.0005286410450935364,0.0003462168388068676,37.49879455566406,37.268028259277344,-90.67323303222656
4.554605007171631,0,-0.00037152000004425645,-1.5414283107572988e-44,0.0,0.0,2.004000186920166,2940.0,-0.0,0.0,20.00800132751465,0.0,0.16460976004600525,0.3932676613330841,9.114591598510742,-0.0008309222757816315,0.0002703201025724411,0.000745696946978569,37.85255813598633,36.9130973815918,-91.01410675048828
4.574900388717651,0,-0.00037152000004425645,-1.5414283107572988e-44,0.0,0.0,2.008000135421753,2948.0,-0.0,0.0,20.012001037597656,0.0,0.13767361640930176,0.38488754630088806,9.089451789855957,-0.00029828213155269623,-0.0006618015468120575,-0.00018642330542206764,37.49879455566406,37.268028259277344,-89.65060424804688
4.595300912857056,0,-0.00037152000004425645,-1.5414283107572988e-44,0.0,0.0,2.008000135421753,2936.0,-0.0,0.0,20.012001037597656,0.0,0.14545516669750214,0.40404212474823,9.13913345336914,-0.0006977617740631104,-0.00012916140258312225,7.989676669239998e-05,37.32191467285156,37.80043029785156,-89.821044921875
4.617074966430664,0,-0.00037152000004425645,-1.5414283107572988e-44,0.0,0.0,2.004000186920166,2936.0,-0.0,0.0,20.00400161743164,0.0,0.1741870492696762,0.38488754630088806,9.119379997253418,0.0006338395178318024,0.000403478741645813,-0.0009853839874267578,36.7912712097168,38.68776321411133,-91.69586181640625
4.635651111602783,0,-0.00037152000004425645,-1.5414283107572988e-44,0.0,0.0,2.004000186920166,3048.0,-0.0,0.0,20.00800132751465,0.0,0.14784948527812958,0.3741130828857422,9.116986274719238,-0.0014967229217290878,3.999099135398865e-06,-0.0011185440234839916,36.083744049072266,38.33283233642578,-90.33235931396484
4.6558144092559814,0,-0.00037152000004425645,-1.5414283107572988e-44,0.0,0.0,2.0160000324249268,2940.0,-0.0,0.0,20.00400161743164,0.0,0.1610182672739029,0.3842889666557312,9.119379997253418,-0.0010972414165735245,0.00013715960085391998,0.0015446580946445465,37.49879455566406,39.39763259887695,-89.65060424804688
4.6761181354522705,0,-0.00037152000004425645,-1.5414283107572988e-44,0.0,0.0,2.008000135421753,2944.0,-0.0,0.0,20.016000747680664,0.0,0.1520395576953888,0.3783031404018402,9.109204292297363,-0.0009640827775001526,0.0014687608927488327,-0.0007190639153122902,38.20631790161133,36.9130973815918,-91.69586181640625
4.696404933929443,0,-0.00037152000004425645,-1.5414283107572988e-44,0.0,0.0,2.008000135421753,2936.0,-0.0,0.0,20.00400161743164,0.0,0.14485658705234528,0.3711201846599579,9.09244441986084,0.0009001586586236954,0.0006697997450828552,0.0006125369109213352,36.7912712097168,35.138427734375,-91.35498809814453
4.7166547775268555,0,-0.00037152000004425645,-1.5414283107572988e-44,0.0,0.0,2.01200008392334,2936.0,-0.0,0.0,20.00400161743164,0.0,0.1670040786266327,0.3944648206233978,9.102021217346191,-0.0016298815608024597,0.00013715960085391998,-0.0013848640955984592,37.32191467285156,38.155364990234375,-90.50279235839844
4.736742973327637,0,-0.00037152000004425645,-1.5414283107572988e-44,0.0,0.0,2.008000135421753,2960.0,-0.0,0.0,20.016000747680664,0.0,0.14425800740718842,0.3860847055912018,9.089451789855957,-0.0010972414165735245,0.0006697997450828552,-0.00031958334147930145,37.1450309753418,38.33283233642578,-89.65060424804688
4.757045030593872,0,-0.00037152000004425645,-1.5414283107572988e-44,0.0,0.0,2.008000135421753,2940.0,-0.0,0.0,20.00800132751465,0.0,0.1400679349899292,0.3860847055912018,9.103219032287598,-0.0008309222757816315,0.00013715960085391998,-5.326326936483383e-05,36.7912712097168,36.9130973815918,-89.9914779663086
4.777343988418579,0,-0.00037152000004425645,-1.5414283107572988e-44,0.0,0.0,2.004000186920166,2940.0,-0.0,0.0,20.00800132751465,0.0,0.1520395576953888,0.370521605014801,9.097232818603516,-0.0001651216298341751,0.0006697997450828552,-0.00031958334147930145,38.02943801879883,38.155364990234375,-89.48016357421875
4.797583341598511,0,-0.00037152000004425645,-1.5414283107572988e-44,0.0,0.0,2.004000186920166,2948.0,-0.0,0.0,20.00800132751465,0.0,0.146053746342659,0.40583786368370056,9.064311027526855,-0.0012304019182920456,0.00013715960085391998,0.0002130568027496338,36.43750762939453,37.97789764404297,-89.9914779663086
4.817870855331421,0,-0.00037152000004425645,-1.5414283107572988e-44,0.0,0.0,2.004000186920166,2936.0,-0.0,0.0,20.02400016784668,0.0,0.17777854204177856,0.3693244457244873,9.106810569763184,-0.00029828213155269623,0.0012024398893117905,0.000745696946978569,38.383201599121094,37.80043029785156,-90.50279235839844
4.8381969928741455,0,-0.00037152000004425645,-1.5414283107572988e-44,0.0,0.0,2.008000135421753,2956.0,-0.0,0.0,20.00400161743164,0.0,0.17239131033420563,0.38788044452667236,9.108007431030273,-0.0010972414165735245,0.0005366392433643341,7.989676669239998e-05,37.85255813598633,37.97789764404297,-90.67323303222656
4.858254432678223,0,-0.00037152000004425645,-1.5414283107572988e-44,0.0,0.0,2.008000135421753,2944.0,-0.0,0.0,20.012001037597656,0.0,0.14066651463508606,0.4070350229740143,9.119978904724121,0.00036751851439476013,0.0006697997450828552,-0.0005859034135937691,37.32191467285156,37.44549560546875,-89.48016357421875
4.879112482070923,0,-0.00037152000004425645,-1.5414283107572988e-44,0.0,0.0,2.004000186920166,2932.0,-0.0,0.0,20.00400161743164,0.0,0.17658136785030365,0.3800988793373108,9.101423263549805,0.0009001586586236954,-0.0011944416910409927,-0.00045274337753653526,36.9681510925293,38.865230560302734,-89.13928985595703
4.898777961730957,0,-0.00037152000004425645,-1.5414283107572988e-44,0.0,0.0,2.008000135421753,2948.0,-0.0,0.0,20.012001037597656,0.0,0.1280963122844696,0.39266908168792725,9.123570442199707,-0.0001651216298341751,0.0002703201025724411,-0.00045274337753653526,38.383201599121094,38.51029586791992,-90.16191864013672
4.9190919399261475,0,-0.00037152000004425645,-1.5414283107572988e-44,0.0,0.0,2.004000186920166,2940.0,-0.0,0.0,20.00800132751465,0.0,0.15383529663085938,0.3872818648815155,9.115190505981445,0.0015659593045711517,0.0002703201025724411,-0.0023169848136603832,36.9681510925293,37.80043029785156,-89.821044921875
4.939324617385864,0,-0.00037152000004425645,-1.5414283107572988e-44,0.0,0.0,2.008000135421753,2960.0,-0.0,0.0,20.012001037597656,0.0,0.15862394869327545,0.39985206723213196,9.15589427947998,-0.00029828213155269623,0.0013356003910303116,-0.0011185440234839916,38.560081481933594,38.68776321411133,-90.33235931396484
4.959583759307861,0,-0.00037152000004425645,-1.5414283107572988e-44,0.0,0.0,2.008000135421753,2940.0,-0.0,0.0,20.00800132751465,0.0,0.1310892254114151,0.3932676613330841,9.116986274719238,-0.00029828213155269623,-0.00012916140258312225,-0.0009853839874267578,36.61438751220703,38.51029586791992,-90.16191864013672
4.979729413986206,0,-0.00037152000004425645,-1.5414283107572988e-44,0.0,0.0,2.008000135421753,2936.0,-0.0,0.0,20.00400161743164,0.0,0.14186367392539978,0.39386624097824097,9.10740852355957,0.00036751851439476013,0.0008029602468013763,-0.0005859034135937691,37.1450309753418,37.622962951660156,-89.9914779663086
5.000793218612671,0,-0.00037152000004425645,-1.5414283107572988e-44,0.0,0.0,2.004000186920166,2936.0,-0.0,0.0,20.00800132751465,0.0,0.15742678940296173,0.39685913920402527,9.086458206176758,0.0016991198062896729,0.0002703201025724411,-0.0013848640955984592,37.49879455566406,38.33283233642578,-89.9914779663086
5.020241975784302,0,-0.00037152000004425645,-1.5414283107572988e-44,0.0,0.0,2.008000135421753,2936.0,-0.0,0.0,20.02800178527832,0.0,0.15982110798358917,0.38788044452667236,9.119978904724121,0.0006338395178318024,0.0002703201025724411,-0.0012517040595412254,36.9681510925293,37.0905647277832,-91.1845474243164
5.041096210479736,0,-0.00037152000004425645,-1.5414283107572988e-44,0.0,0.0,2.008000135421753,2964.0,-0.0,0.0,20.016000747680664,0.0,0.14665232598781586,0.3872818648815155,9.115190505981445,0.0007669981569051743,-0.0005286410450935364,-0.00018642330542206764,38.383201599121094,37.80043029785156,-89.821044921875
5.060807943344116,0,-0.00037152000004425645,-1.5414283107572988e-44,0.0,0.0,2.008000135421753,2944.0,-0.0,0.0,20.00400161743164,0.0,0.1652083396911621,0.4094293415546417,9.109204292297363,0.00036751851439476013,-0.00026232004165649414,-0.0007190639153122902,35.906864166259766,37.80043029785156,-90.16191864013672
5.081164598464966,0,-0.00037152000004425645,-1.5414283107572988e-44,0.0,0.0,2.004000186920166,2976.0,-0.0,0.0,20.012001037597656,0.0,0.1580253690481186,0.38967618346214294,9.099627494812012,-0.00029828213155269623,0.0002703201025724411,-0.0007190639153122902,38.20631790161133,37.97789764404297,-91.35498809814453
5.101325035095215,0,-0.00037152000004425645,-1.5414283107572988e-44,0.0,0.0,2.008000135421753,2944.0,-0.0,0.0,20.00400161743164,0.0,0.15323671698570251,0.38249319791793823,9.095437049865723,0.0007669981569051743,0.000403478741645813,0.0002130568027496338,36.9681510925293,37.80043029785156,-90.84367370605469
5.1214282512664795,0,-0.00037152000004425645,-1.5414283107572988e-44,0.0,0.0,2.0280001163482666,2936.0,-0.0,0.0,20.00800132751465,0.0,0.15622961521148682,0.37471166253089905,9.100824356079102,-0.00029828213155269623,-0.00039548054337501526,-0.00018642330542206764,37.67567443847656,38.51029586791992,-90.84367370605469
5.141688108444214,0,-0.00037152000004425645,-1.5414283107572988e-44,0.0,0.0,2.008000135421753,2964.0,-0.0,0.0,20.00800132751465,0.0,0.14964522421360016,0.4010492265224457,9.129556655883789,0.00036751851439476013,0.0012024398893117905,0.0003462168388068676,37.67567443847656,37.44549560546875,-90.50279235839844
5.161974191665649,0,-0.00037152000004425645,-1.5414283107572988e-44,0.0,0.0,2.008000135421753,2936.0,-0.0,0.0,20.00800132751465,0.0,0.1771799474954605,0.39386624097824097,9.113394737243652,-0.0012304019182920456,-0.00026232004165649414,0.0002130568027496338,36.61438751220703,37.44549560546875,-90.16191864013672
5.182216644287109,0,-0.00037152000004425645,-1.5414283107572988e-44,0.0,0.0,2.008000135421753,3060.0,-0.0,0.0,20.016000747680664,0.0,0.1682012379169464,0.39087334275245667,9.102620124816895,-0.00029828213155269623,-0.0006618015468120575,-0.001518024131655693,37.1450309753418,36.9130973815918,-89.9914779663086
5.202574014663696,0,-0.00037152000004425645,-1.5414283107572988e-44,0.0,0.0,2.008000135421753,2940.0,-0.0,0.0,20.016000747680664,0.0,0.1502438187599182,0.3872818648815155,9.116986274719238,-3.196112811565399e-05,-0.00012916140258312225,-0.0013848640955984592,37.49879455566406,38.68776321411133,-91.69586181640625
5.222805023193359,0,-0.00037152000004425645,-1.5414283107572988e-44,0.0,0.0,2.0160000324249268,2940.0,-0.0,0.0,20.012001037597656,0.0,0.16760265827178955,0.38488754630088806,9.103816986083984,-3.196112811565399e-05,0.0018682405352592468,0.0004793768748641014,36.7912712097168,37.97789764404297,-90.67323303222656
5.242890357971191,0,-0.00037152000004425645,-1.5414283107572988e-44,0.0,0.0,2.008000135421753,2972.0,-0.0,0.0,20.00800132751465,0.0,0.15563103556632996,0.3860847055912018,9.106810569763184,-0.00029828213155269623,0.0010692793875932693,7.989676669239998e-05,37.85255813598633,39.39763259887695,-90.67323303222656
5.263335704803467,0,-0.00037152000004425645,-1.5414283107572988e-44,0.0,0.0,2.008000135421753,2944.0,-0.0,0.0,20.012001037597656,0.0,0.1520395576953888,0.4052392840385437,9.145119667053223,0.00036751851439476013,0.0010692793875932693,0.0004793768748641014,37.49879455566406,36.9130973815918,-88.62797546386719
5.283427715301514,0,-0.00037152000004425645,-1.5414283107572988e-44,0.0,0.0,2.008000135421753,3092.0,-0.0,0.0,20.012001037597656,0.0,0.16041968762874603,0.40883076190948486,9.116387367248535,-0.0001651216298341751,0.0006697997450828552,0.0006125369109213352,36.9681510925293,38.51029586791992,-89.821044921875
5.303707122802734,0,-0.00037152000004425645,-1.5414283107572988e-44,0.0,0.0,2.008000135421753,2940.0,-0.0,0.0,20.012001037597656,0.0,0.1610182672739029,0.4022463858127594,9.140929222106934,-0.0013635624200105667,0.00013715960085391998,0.0008788574486970901,36.9681510925293,39.57509994506836,-89.48016357421875
5.323979377746582,0,-0.00037152000004425645,-1.5414283107572988e-44,0.0,0.0,2.004000186920166,2948.0,-0.0,0.0,20.00800132751465,0.0,0.16041968762874603,0.4034435451030731,9.102021217346191,0.0016991198062896729,0.0002703201025724411,-5.326326936483383e-05,37.67567443847656,37.0905647277832,-90.50279235839844
5.344265460968018,0,-0.00037152000004425645,-1.5414283107572988e-44,0.0,0.0,2.004000186920166,2964.0,-0.0,0.0,20.012001037597656,0.0,0.15443387627601624,0.38249319791793823,9.084662437438965,-0.00043144263327121735,-0.0005286410450935364,0.0006125369109213352,37.67567443847656,37.44549560546875,-90.16191864013672
5.3645524978637695,0,-0.00037152000004425645,-1.5414283107572988e-44,0.0,0.0,2.008000135421753,2936.0,-0.0,0.0,20.02400016784668,0.0,0.16640549898147583,0.38788044452667236,9.102021217346191,-0.0008309222757816315,0.0010692793875932693,-0.00018642330542206764,36.9681510925293,37.80043029785156,-90.16191864013672
5.38546895980835,0,-0.00037152000004425645,-1.5414283107572988e-44,0.0,0.0,2.004000186920166,3032.0,-0.0,0.0,20.00400161743164,0.0,0.1400679349899292,0.38369038701057434,9.100824356079102,-0.0014967229217290878,0.0005366392433643341,-0.001518024131655693,37.49879455566406,38.68776321411133,-91.35498809814453
5.405562400817871,0,-0.00037152000004425645,-1.5414283107572988e-44,0.0,0.0,2.004000186920166,2936.0,-0.0,0.0,20.012001037597656,0.0,0.1622154265642166,0.38249319791793823,9.11040210723877,-0.0008309222757816315,3.999099135398865e-06,-0.00018642330542206764,37.1450309753418,36.20322799682617,-89.30972290039062
5.4261815547943115,0,-0.00037152000004425645,-1.5414283107572988e-44,0.0,0.0,2.008000135421753,2948.0,-0.0,0.0,20.012001037597656,0.0,0.1430608481168747,0.3860847055912018,9.099028587341309,0.0010333191603422165,0.00013715960085391998,-0.00031958334147930145,37.32191467285156,37.80043029785156,-89.48016357421875
5.446130990982056,0,-0.00037152000004425645,-1.5414283107572988e-44,0.0,0.0,2.004000186920166,2940.0,-0.0,0.0,20.012001037597656,0.0,0.17179273068904877,0.3854861259460449,9.11159896850586,-0.0008309222757816315,0.0002703201025724411,-0.000852223951369524,36.61438751220703,38.51029586791992,-90.50279235839844
5.4657392501831055,0,-0.00037152000004425645,-1.5414283107572988e-44,0.0,0.0,2.01200008392334,2940.0,-0.0,0.0,20.00400161743164,0.0,0.17239131033420563,0.3842889666557312,9.100225448608398,-0.0008309222757816315,0.0002703201025724411,0.0008788574486970901,36.61438751220703,36.73563003540039,-89.13928985595703
5.486332416534424,0,-0.00037152000004425645,-1.5414283107572988e-44,0.0,0.0,2.004000186920166,2952.0,-0.0,0.0,20.00800132751465,0.0,0.146053746342659,0.4070350229740143,9.088852882385254,-0.0009640827775001526,0.0013356003910303116,0.000745696946978569,36.9681510925293,38.155364990234375,-90.84367370605469
5.506875514984131,0,-0.00037152000004425645,-1.5414283107572988e-44,0.0,0.0,2.008000135421753,2940.0,-0.0,0.0,20.00800132751465,0.0,0.16341258585453033,0.37770456075668335,9.102620124816895,0.00010119937360286713,0.0002703201025724411,-0.00018642330542206764,36.7912712097168,38.68776321411133,-89.65060424804688
5.5263800621032715,0,-0.00037152000004425645,-1.5414283107572988e-44,0.0,0.0,2.008000135421753,2944.0,-0.0,0.0,20.016000747680664,0.0,0.14485658705234528,0.3884790241718292,9.106810569763184,-0.00029828213155269623,0.0002703201025724411,-0.00018642330542206764,37.1450309753418,37.622962951660156,-90.33235931396484
5.54665207862854,0,-0.00037152000004425645,-1.5414283107572988e-44,0.0,0.0,2.004000186920166,2944.0,-0.0,0.0,20.00800132751465,0.0,0.15443387627601624,0.3890776038169861,9.105612754821777,-0.0005646012723445892,0.0002703201025724411,0.0015446580946445465,35.906864166259766,37.44549560546875,-89.821044921875
5.566956043243408,0,-0.00037152000004425645,-1.5414283107572988e-44,0.0,0.0,2.0160000324249268,2940.0,-0.0,0.0,20.00400161743164,0.0,0.18795441091060638,0.39985206723213196,9.09483814239502,0.0007669981569051743,-0.0011944416910409927,-0.0009853839874267578,37.85255813598633,37.97789764404297,-90.33235931396484
5.5870866775512695,0,-0.00037152000004425645,-1.5414283107572988e-44,0.0,0.0,2.004000186920166,2952.0,-0.0,0.0,20.016000747680664,0.0,0.14485658705234528,0.3830918073654175,9.12416934967041,0.00010119937360286713,-0.00012916140258312225,-5.326326936483383e-05,37.49879455566406,38.33283233642578,-90.33235931396484
5.60736083984375,0,-0.00037152000004425645,-1.5414283107572988e-44,0.0,0.0,2.004000186920166,2944.0,-0.0,0.0,20.012001037597656,0.0,0.1550324559211731,0.39566197991371155,9.077479362487793,0.0005006790161132812,-0.00026232004165649414,-0.00045274337753653526,37.67567443847656,38.155364990234375,-91.52542877197266
5.627628564834595,0,-0.00037152000004425645,-1.5414283107572988e-44,0.0,0.0,2.008000135421753,2944.0,-0.0,0.0,20.016000747680664,0.0,0.1520395576953888,0.3902747631072998,9.149908065795898,-0.0006977617740631104,0.0008029602468013763,-0.0005859034135937691,36.083744049072266,38.33283233642578,-90.33235931396484
5.648005962371826,0,-0.00037152000004425645,-1.5414283107572988e-44,0.0,0.0,2.004000186920166,2936.0,-0.0,0.0,20.00800132751465,0.0,0.1610182672739029,0.3621414601802826,9.090049743652344,0.0005006790161132812,0.000403478741645813,0.0004793768748641014,37.1450309753418,38.33283233642578,-90.33235931396484
5.66814661026001,0,-0.00037152000004425645,-1.5414283107572988e-44,0.0,0.0,2.0160000324249268,2940.0,-0.0,0.0,20.00800132751465,0.0,0.14425800740718842,0.3830918073654175,9.140929222106934,-0.0012304019182920456,0.0002703201025724411,-0.00045274337753653526,37.49879455566406,36.558162689208984,-90.33235931396484
5.688252925872803,0,-0.00037152000004425645,-1.5414283107572988e-44,0.0,0.0,2.004000186920166,2960.0,-0.0,0.0,20.012001037597656,0.0,0.16161684691905975,0.3800988793373108,9.115788459777832,-0.0026951637119054794,0.0005366392433643341,-0.000852223951369524,36.61438751220703,38.51029586791992,-90.50279235839844
5.70854115486145,0,-0.00037152000004425645,-1.5414283107572988e-44,0.0,0.0,2.004000186920166,2940.0,-0.0,0.0,20.00800132751465,0.0,0.1682012379169464,0.3842889666557312,9.084662437438965,0.00010119937360286713,0.0005366392433643341,-0.00018642330542206764,37.32191467285156,38.51029586791992,-90.50279235839844
5.728856801986694,0,-0.00037152000004425645,-1.5414283107572988e-44,0.0,0.0,2.004000186920166,2944.0,-0.0,0.0,20.00400161743164,0.0,0.16460976004600525,0.39985206723213196,9.13793659210205,-3.196112811565399e-05,-0.00026232004165649414,0.0010120170190930367,36.7912712097168,37.97789764404297,-90.33235931396484
5.749114036560059,0,-0.00037152000004425645,-1.5414283107572988e-44,0.0,0.0,2.008000135421753,2948.0,-0.0,0.0,20.012001037597656,0.0,0.1502438187599182,0.3854861259460449,9.113394737243652,-0.0006977617740631104,0.0010692793875932693,0.0002130568027496338,37.1450309753418,37.97789764404297,-89.30972290039062
5.769397735595703,0,-0.00037152000004425645,-1.5414283107572988e-44,0.0,0.0,2.0160000324249268,2944.0,-0.0,0.0,20.00800132751465,0.0,0.1520395576953888,0.3860847055912018,9.119379997253418,-0.0006977617740631104,3.999099135398865e-06,-0.0005859034135937691,37.32191467285156,37.44549560546875,-91.52542877197266
5.789642095565796,0,-0.00037152000004425645,-1.5414283107572988e-44,0.0,0.0,2.004000186920166,2964.0,-0.0,0.0,20.012001037597656,0.0,0.15862394869327545,0.36992302536964417,9.090049743652344,-0.0006977617740631104,0.0008029602468013763,-5.326326936483383e-05,36.26062774658203,37.44549560546875,-90.16191864013672
5.809762954711914,0,-0.00037152000004425645,-1.5414283107572988e-44,0.0,0.0,2.008000135421753,2948.0,-0.0,0.0,20.00400161743164,0.0,0.15682820975780487,0.38069745898246765,9.09483814239502,-0.0006977617740631104,0.0010692793875932693,-5.326326936483383e-05,37.49879455566406,37.97789764404297,-91.35498809814453
5.830045938491821,0,-0.00037152000004425645,-1.5414283107572988e-44,0.0,0.0,2.008000135421753,2944.0,-0.0,0.0,20.00800132751465,0.0,0.1520395576953888,0.3932676613330841,9.09483814239502,-0.0008309222757816315,3.999099135398865e-06,0.0012783370912075043,37.1450309753418,37.268028259277344,-89.9914779663086
5.850429534912109,0,-0.00037152000004425645,-1.5414283107572988e-44,0.0,0.0,2.008000135421753,2944.0,-0.0,0.0,20.00400161743164,0.0,0.17658136785030365,0.3639371991157532,9.098429679870605,0.0005006790161132812,0.0009361188858747482,-5.326326936483383e-05,36.61438751220703,37.44549560546875,-89.821044921875
5.870616912841797,0,-0.00037152000004425645,-1.5414283107572988e-44,0.0,0.0,2.0160000324249268,2940.0,-0.0,0.0,20.012001037597656,0.0,0.15144097805023193,0.3902747631072998,9.114591598510742,-0.00029828213155269623,3.999099135398865e-06,-0.0005859034135937691,37.49879455566406,37.622962951660156,-89.9914779663086
5.890724182128906,0,-0.00037152000004425645,-1.5414283107572988e-44,0.0,0.0,2.004000186920166,2972.0,-0.0,0.0,20.016000747680664,0.0,0.146053746342659,0.38249319791793823,9.09364128112793,-0.0001651216298341751,0.0005366392433643341,-0.00045274337753653526,38.02943801879883,37.80043029785156,-89.821044921875
5.910994291305542,0,-0.00037152000004425645,-1.5414283107572988e-44,0.0,0.0,2.008000135421753,2948.0,-0.0,0.0,20.016000747680664,0.0,0.16041968762874603,0.38069745898246765,9.094240188598633,0.0011664796620607376,0.0009361188858747482,0.0008788574486970901,38.02943801879883,36.025760650634766,-90.50279235839844
5.931334972381592,0,-0.00037152000004425645,-1.5414283107572988e-44,0.0,0.0,2.004000186920166,2984.0,-0.0,0.0,20.012001037597656,0.0,0.15982110798358917,0.3950634002685547,9.118782043457031,-0.0001651216298341751,-0.001727081835269928,0.0006125369109213352,36.7912712097168,38.33283233642578,-88.9688491821289
5.9515540599823,0,-0.00037152000004425645,-1.5414283107572988e-44,0.0,0.0,2.008000135421753,2940.0,-0.0,0.0,20.00800132751465,0.0,0.14365942776203156,0.38967618346214294,9.089451789855957,-0.0006977617740631104,0.0006697997450828552,-0.0005859034135937691,38.20631790161133,37.268028259277344,-89.65060424804688
5.971863508224487,0,-0.00037152000004425645,-1.5414283107572988e-44,0.0,0.0,2.004000186920166,2940.0,-0.0,0.0,20.036001205444336,0.0,0.17358846962451935,0.3842889666557312,9.113394737243652,0.0014327988028526306,-0.00012916140258312225,0.0004793768748641014,36.61438751220703,36.025760650634766,-91.1845474243164
5.9920759201049805,0,-0.00037152000004425645,-1.5414283107572988e-44,0.0,0.0,2.008000135421753,2968.0,-0.0,0.0,20.012001037597656,0.0,0.15563103556632996,0.4154151678085327,9.095437049865723,-0.0006977617740631104,0.000403478741645813,0.0002130568027496338,35.5531005859375,37.80043029785156,-90.16191864013672
6.012425422668457,0,-0.00037152000004425645,-1.5414283107572988e-44,0.0,0.0,2.008000135421753,2936.0,-0.0,0.0,20.012001037597656,0.0,0.15263813734054565,0.39685913920402527,9.101423263549805,-0.00029828213155269623,-0.00039548054337501526,-0.00031958334147930145,36.7912712097168,36.558162689208984,-90.67323303222656
6.033886432647705,0,-0.00037152000004425645,-1.5414283107572988e-44,0.0,0.0,2.008000135421753,3084.0,-0.0,0.0,20.012001037597656,0.0,0.14246225357055664,0.3920705020427704,9.12656307220459,-0.00029828213155269623,0.0008029602468013763,-0.0011185440234839916,37.85255813598633,38.33283233642578,-89.65060424804688
6.052765130996704,0,-0.00037152000004425645,-1.5414283107572988e-44,0.0,0.0,2.004000186920166,2936.0,-0.0,0.0,20.00400161743164,0.0,0.14844806492328644,0.40583786368370056,9.075085639953613,-0.0005646012723445892,0.0006697997450828552,-0.0005859034135937691,36.61438751220703,38.155364990234375,-89.48016357421875
6.073048114776611,0,-0.00037152000004425645,-1.5414283107572988e-44,0.0,0.0,2.0240001678466797,2936.0,-0.0,0.0,20.00800132751465,0.0,0.169996976852417,0.37890172004699707,9.109204292297363,0.00023435801267623901,0.0010692793875932693,-0.00045274337753653526,37.32191467285156,36.38069534301758,-90.16191864013672
6.093350648880005,0,-0.00037152000004425645,-1.5414283107572988e-44,0.0,0.0,2.004000186920166,2952.0,-0.0,0.0,20.00800132751465,0.0,0.169996976852417,0.3830918073654175,9.129556655883789,-3.196112811565399e-05,-0.0005286410450935364,-0.00045274337753653526,36.7912712097168,38.33283233642578,-89.9914779663086
6.113600015640259,0,-0.00037152000004425645,-1.5414283107572988e-44,0.0,0.0,2.0160000324249268,2944.0,-0.0,0.0,20.016000747680664,0.0,0.15443387627601624,0.3932676613330841,9.103816986083984,-0.0005646012723445892,-0.00039548054337501526,-5.326326936483383e-05,36.26062774658203,36.38069534301758,-90.50279235839844
6.13477897644043,0,-0.00037152000004425645,-1.5414283107572988e-44,0.0,0.0,2.008000135421753,3080.0,-0.0,0.0,20.00800132751465,0.0,0.15383529663085938,0.4004506468772888,9.109803199768066,-0.0010972414165735245,-0.0013276021927595139,-0.00031958334147930145,38.02943801879883,37.80043029785156,-90.16191864013672
6.153993844985962,0,-0.00037152000004425645,-1.5414283107572988e-44,0.0,0.0,2.008000135421753,2940.0,-0.0,0.0,20.012001037597656,0.0,0.1430608481168747,0.39266908168792725,9.115788459777832,-0.0014967229217290878,-0.00012916140258312225,-0.00018642330542206764,37.1450309753418,38.68776321411133,-89.9914779663086
6.174248933792114,0,-0.00037152000004425645,-1.5414283107572988e-44,0.0,0.0,2.004000186920166,2936.0,-0.0,0.0,20.020000457763672,0.0,0.16760265827178955,0.39685913920402527,9.12656307220459,0.00023435801267623901,-0.00012916140258312225,7.989676669239998e-05,37.85255813598633,37.97789764404297,-89.9914779663086
6.194488525390625,0,-0.00037152000004425645,-1.5414283107572988e-44,0.0,0.0,2.008000135421753,2964.0,-0.0,0.0,20.00400161743164,0.0,0.1490466445684433,0.39266908168792725,9.122971534729004,-0.00043144263327121735,-0.0006618015468120575,-0.00031958334147930145,37.49879455566406,37.622962951660156,-89.65060424804688
6.214812278747559,0,-0.00037152000004425645,-1.5414283107572988e-44,0.0,0.0,2.004000186920166,2936.0,-0.0,0.0,20.00400161743164,0.0,0.1622154265642166,0.39566197991371155,9.117584228515625,0.00036751851439476013,0.0009361188858747482,0.0003462168388068676,37.49879455566406,37.622962951660156,-88.62797546386719
6.23488974571228,0,-0.00037152000004425645,-1.5414283107572988e-44,0.0,0.0,2.004000186920166,3000.0,-0.0,0.0,20.012001037597656,0.0,0.16341258585453033,0.3812960386276245,9.113394737243652,0.00023435801267623901,3.999099135398865e-06,-0.0005859034135937691,36.43750762939453,36.558162689208984,-89.30972290039062
6.255163908004761,0,-0.00037152000004425645,-1.5414283107572988e-44,0.0,0.0,2.008000135421753,2952.0,-0.0,0.0,20.012001037597656,0.0,0.15323671698570251,0.37650740146636963,9.089451789855957,0.0005006790161132812,0.000403478741645813,0.0012783370912075043,36.9681510925293,38.51029586791992,-89.821044921875
6.275511026382446,0,-0.00037152000004425645,-1.5414283107572988e-44,0.0,0.0,2.004000186920166,2940.0,-0.0,0.0,20.00800132751465,0.0,0.1592225283384323,0.3842889666557312,9.141528129577637,0.0014327988028526306,0.000403478741645813,0.0011451775208115578,36.9681510925293,38.155364990234375,-91.1845474243164
6.295717000961304,0,-0.00037152000004425645,-1.5414283107572988e-44,0.0,0.0,2.008000135421753,2944.0,-0.0,0.0,20.00800132751465,0.0,0.15323671698570251,0.39685913920402527,9.09364128112793,0.00010119937360286713,-0.00026232004165649414,-0.00045274337753653526,36.43750762939453,38.68776321411133,-89.65060424804688
6.316353797912598,0,-0.00037152000004425645,-1.5414283107572988e-44,0.0,0.0,2.01200008392334,2944.0,-0.0,0.0,20.02800178527832,0.0,0.15682820975780487,0.39566197991371155,9.121175765991211,-0.0012304019182920456,0.002534041181206703,7.989676669239998e-05,36.9681510925293,37.0905647277832,-90.84367370605469
6.33614706993103,0,-0.00037152000004425645,-1.5414283107572988e-44,0.0,0.0,2.004000186920166,2964.0,-0.0,0.0,20.00800132751465,0.0,0.15982110798358917,0.39685913920402527,9.11040210723877,-0.0016298815608024597,0.0013356003910303116,-0.0007190639153122902,37.49879455566406,37.622962951660156,-89.9914779663086
6.356407165527344,0,-0.00037152000004425645,-1.5414283107572988e-44,0.0,0.0,2.008000135421753,2940.0,-0.0,0.0,20.012001037597656,0.0,0.1520395576953888,0.39985206723213196,9.085860252380371,0.00036751851439476013,0.0008029602468013763,-0.0007190639153122902,38.383201599121094,36.73563003540039,-90.84367370605469
6.376708030700684,0,-0.00037152000004425645,-1.5414283107572988e-44,0.0,0.0,2.008000135421753,2940.0,-0.0,0.0,20.00400161743164,0.0,0.13348354399204254,0.3962605595588684,9.141528129577637,0.00023435801267623901,0.0008029602468013763,-5.326326936483383e-05,37.49879455566406,37.622962951660156,-89.65060424804688
6.396967887878418,0,-0.00037152000004425645,-1.5414283107572988e-44,0.0,0.0,2.004000186920166,2944.0,-0.0,0.0,20.00400161743164,0.0,0.15383529663085938,0.38189461827278137,9.115190505981445,-0.0006977617740631104,-0.00039548054337501526,0.0010120170190930367,37.32191467285156,37.44549560546875,-91.1845474243164
6.417119264602661,0,-0.00037152000004425645,-1.5414283107572988e-44,0.0,0.0,2.0160000324249268,2940.0,-0.0,0.0,20.00400161743164,0.0,0.16760265827178955,0.4124222695827484,9.097232818603516,-0.0010972414165735245,-0.00012916140258312225,-0.0013848640955984592,37.32191467285156,36.38069534301758,-90.16191864013672
6.437523126602173,0,-0.00037152000004425645,-1.5414283107572988e-44,0.0,0.0,2.004000186920166,2964.0,-0.0,0.0,20.012001037597656,0.0,0.16580691933631897,0.39566197991371155,9.127161979675293,0.0011664796620607376,0.0008029602468013763,-0.00045274337753653526,36.43750762939453,38.68776321411133,-89.65060424804688
6.4576804637908936,0,-0.00037152000004425645,-1.5414283107572988e-44,0.0,0.0,2.004000186920166,2944.0,-0.0,0.0,20.012001037597656,0.0,0.1610182672739029,0.38069745898246765,9.088852882385254,0.0006338395178318024,0.0013356003910303116,-5.326326936483383e-05,36.43750762939453,37.268028259277344,-91.01410675048828
6.477988004684448,0,-0.00037152000004425645,-1.5414283107572988e-44,0.0,0.0,2.004000186920166,2948.0,-0.0,0.0,20.00400161743164,0.0,0.15383529663085938,0.3711201846599579,9.109803199768066,0.0005006790161132812,0.0012024398893117905,-0.0017843442037701607,36.7912712097168,37.97789764404297,-89.65060424804688
6.498105525970459,0,-0.00037152000004425645,-1.5414283107572988e-44,0.0,0.0,2.008000135421753,2940.0,-0.0,0.0,20.012001037597656,0.0,0.17179273068904877,0.40164780616760254,9.122971534729004,-0.0010972414165735245,0.0005366392433643341,-0.0009853839874267578,36.9681510925293,38.51029586791992,-90.16191864013672
6.518404722213745,0,-0.00037152000004425645,-1.5414283107572988e-44,0.0,0.0,2.01200008392334,2944.0,-0.0,0.0,20.00800132751465,0.0,0.15144097805023193,0.38069745898246765,9.10740852355957,-0.0009640827775001526,-0.00012916140258312225,-0.0005859034135937691,37.85255813598633,37.622962951660156,-89.65060424804688
6.538652658462524,0,-0.00037152000004425645,-1.5414283107572988e-44,0.0,0.0,2.004000186920166,2960.0,-0.0,0.0,20.012001037597656,0.0,0.1550324559211731,0.39685913920402527,9.086458206176758,-0.0005646012723445892,0.0012024398893117905,-0.0005859034135937691,36.9681510925293,38.51029586791992,-90.50279235839844
6.558949708938599,0,-0.00037152000004425645,-1.5414283107572988e-44,0.0,0.0,2.004000186920166,2944.0,-0.0,0.0,20.012001037597656,0.0,0.1430608481168747,0.3992534875869751,9.100824356079102,-0.0001651216298341751,0.0016019195318222046,-0.0005859034135937691,36.9681510925293,37.44549560546875,-89.13928985595703
6.579358816146851,0,-0.00037152000004425645,-1.5414283107572988e-44,0.0,0.0,2.004000186920166,2940.0,-0.0,0.0,20.012001037597656,0.0,0.1490466445684433,0.37890172004699707,9.099028587341309,-0.0001651216298341751,-0.0006618015468120575,-0.0007190639153122902,37.32191467285156,38.51029586791992,-89.821044921875
6.600318908691406,0,-0.00037152000004425645,-1.5414283107572988e-44,0.0,0.0,2.0160000324249268,2936.0,-0.0,0.0,20.00400161743164,0.0,0.15682820975780487,0.4052392840385437,9.123570442199707,0.00023435801267623901,-0.00012916140258312225,0.000745696946978569,38.20631790161133,37.97789764404297,-91.01410675048828
6.619615793228149,0,-0.00037152000004425645,-1.5414283107572988e-44,0.0,0.0,2.008000135421753,2944.0,-0.0,0.0,20.016000747680664,0.0,0.1580253690481186,0.38189461827278137,9.11279582977295,0.0007669981569051743,0.0005366392433643341,-0.0007190639153122902,37.1450309753418,38.68776321411133,-91.35498809814453
6.6407129764556885,0,-0.00037152000004425645,-1.5414283107572988e-44,0.0,0.0,2.004000186920166,2972.0,-0.0,0.0,20.00400161743164,0.0,0.16041968762874603,0.39266908168792725,9.09364128112793,-0.0017630420625209808,-0.0006618015468120575,0.0004793768748641014,38.20631790161133,38.68776321411133,-90.33235931396484
6.661092281341553,0,-0.00037152000004425645,-1.5414283107572988e-44,0.0,0.0,2.008000135421753,2940.0,-0.0,0.0,20.016000747680664,0.0,0.18137001991271973,0.39566197991371155,9.096633911132812,-0.0009640827775001526,-0.0009281206876039505,-5.326326936483383e-05,37.32191467285156,37.0905647277832,-90.50279235839844
6.680295705795288,0,-0.00037152000004425645,-1.5414283107572988e-44,-0.0,2.3541814200656927e-43,2.004000186920166,2944.0,-0.0,2.0,20.00800132751465,0.0,0.14784948527812958,0.3992534875869751,9.093042373657227,-0.00043144263327121735,0.0002703201025724411,-0.0005859034135937691,36.9681510925293,38.155364990234375,-90.50279235839844
6.70065975189209,0,-0.00037152000004425645,-1.5414283107572988e-44,-0.0,2.3541814200656927e-43,2.004000186920166,2944.0,-0.0,2.0,20.016000747680664,0.0,0.15563103556632996,0.3651343584060669,9.124767303466797,0.0005006790161132812,0.0008029602468013763,7.989676669239998e-05,36.26062774658203,36.025760650634766,-90.50279235839844
6.720842123031616,0,-0.00037152000004425645,-1.5414283107572988e-44,-0.0,2.3541814200656927e-43,2.008000135421753,2940.0,-0.0,2.0,20.016000747680664,0.0,0.14126509428024292,0.41062650084495544,9.113993644714355,-0.0005646012723445892,0.000403478741645813,0.0020772982388734818,37.67567443847656,37.80043029785156,-89.13928985595703
6.741105079650879,0,-0.00037152000004425645,-1.5414283107572988e-44,-0.0,2.3541814200656927e-43,2.004000186920166,2960.0,-0.0,2.0,20.00800132751465,0.0,0.1592225283384323,0.3902747631072998,9.124767303466797,-0.00029828213155269623,0.0008029602468013763,0.0004793768748641014,36.9681510925293,37.80043029785156,-90.16191864013672
6.761504888534546,0,-0.00037152000004425645,-1.5414283107572988e-44,-0.0,2.3541814200656927e-43,2.004000186920166,2944.0,-0.0,2.0,20.00800132751465,0.0,0.14246225357055664,0.3800988793373108,9.14033031463623,-0.0001651216298341751,0.0008029602468013763,0.0019441377371549606,36.43750762939453,38.68776321411133,-90.67323303222656
6.781526327133179,0,-0.00037152000004425645,-1.5414283107572988e-44,-0.0,2.3541814200656927e-43,2.004000186920166,3024.0,-0.0,2.0,20.00400161743164,0.0,0.16760265827178955,0.38189461827278137,9.082866668701172,0.00023435801267623901,-0.00039548054337501526,-5.326326936483383e-05,36.26062774658203,37.0905647277832,-90.84367370605469
6.801766633987427,0,-0.00037152000004425645,-1.5414283107572988e-44,-0.0,2.3541814200656927e-43,2.004000186920166,2944.0,-0.0,2.0,20.012001037597656,0.0,0.16281400620937347,0.3842889666557312,9.118183135986328,-3.196112811565399e-05,0.0012024398893117905,7.989676669239998e-05,36.61438751220703,36.73563003540039,-91.1845474243164
6.822080612182617,0,-0.00037152000004425645,-1.5414283107572988e-44,-0.0,2.3541814200656927e-43,2.008000135421753,2948.0,-0.0,2.0,20.00400161743164,0.0,0.14425800740718842,0.38488754630088806,9.097831726074219,0.00036751851439476013,0.0013356003910303116,-0.00031958334147930145,37.32191467285156,37.44549560546875,-90.84367370605469
6.8424437046051025,0,-0.00037152000004425645,-1.5414283107572988e-44,-0.0,2.3541814200656927e-43,2.004000186920166,2952.0,-0.0,2.0,20.012001037597656,0.0,0.18436291813850403,0.3902747631072998,9.095437049865723,-0.0016298815608024597,0.002001401036977768,-0.000852223951369524,37.49879455566406,37.622962951660156,-89.9914779663086
6.862643241882324,0,-0.00037152000004425645,-1.5414283107572988e-44,-0.0,2.3541814200656927e-43,2.0160000324249268,2940.0,-0.0,2.0,20.00800132751465,0.0,0.15443387627601624,0.3812960386276245,9.098429679870605,0.0005006790161132812,-0.0005286410450935364,0.0003462168388068676,36.9681510925293,38.51029586791992,-89.48016357421875
6.882744550704956,0,-0.00037152000004425645,-1.5414283107572988e-44,-0.0,2.3541814200656927e-43,2.004000186920166,3096.0,-0.0,2.0,20.02400016784668,0.0,0.14844806492328644,0.39566197991371155,9.119379997253418,0.0006338395178318024,0.00013715960085391998,-0.0011185440234839916,36.26062774658203,38.865230560302734,-90.16191864013672
6.903005123138428,0,-0.00037152000004425645,-1.5414283107572988e-44,-0.0,2.3541814200656927e-43,2.004000186920166,2936.0,-0.0,2.0,20.012001037597656,0.0,0.1592225283384323,0.4010492265224457,9.108606338500977,0.0005006790161132812,0.00013715960085391998,0.0010120170190930367,37.49879455566406,36.558162689208984,-91.69586181640625
6.923302173614502,0,-0.00037152000004425645,-1.5414283107572988e-44,-0.0,2.3541814200656927e-43,2.0240001678466797,2940.0,-0.0,2.0,20.00800132751465,0.0,0.16640549898147583,0.3830918073654175,9.113993644714355,-0.00043144263327121735,0.0005366392433643341,0.000745696946978569,38.560081481933594,37.622962951660156,-90.33235931396484
6.943564414978027,0,-0.00037152000004425645,-1.5414283107572988e-44,-0.0,2.3541814200656927e-43,2.004000186920166,2960.0,-0.0,2.0,20.00800132751465,0.0,0.16760265827178955,0.3962605595588684,9.134943962097168,0.0005006790161132812,0.000403478741645813,-0.00045274337753653526,37.1450309753418,38.33283233642578,-90.67323303222656
6.963864326477051,0,-0.00037152000004425645,-1.5414283107572988e-44,-0.0,2.3541814200656927e-43,2.004000186920166,2948.0,-0.0,2.0,20.00400161743164,0.0,0.16341258585453033,0.36453577876091003,9.101423263549805,-0.0001651216298341751,-0.0009281206876039505,-0.00031958334147930145,37.1450309753418,36.558162689208984,-89.30972290039062
6.9839794635772705,0,-0.00037152000004425645,-1.5414283107572988e-44,-0.0,2.3541814200656927e-43,2.004000186920166,3060.0,-0.0,2.0,20.016000747680664,0.0,0.15323671698570251,0.3651343584060669,9.116986274719238,-0.0009640827775001526,3.999099135398865e-06,-0.0011185440234839916,36.43750762939453,38.68776321411133,-89.30972290039062
7.004409551620483,0,-0.00037152000004425645,-1.5414283107572988e-44,-0.0,2.3541814200656927e-43,2.004000186920166,2952.0,-0.0,2.0,20.00400161743164,0.0,0.16760265827178955,0.3884790241718292,9.093042373657227,-0.0005646012723445892,0.0008029602468013763,-0.0005859034135937691,36.26062774658203,37.80043029785156,-91.52542877197266
7.024498224258423,0,-0.00037152000004425645,-1.5414283107572988e-44,-0.0,2.3541814200656927e-43,2.0160000324249268,2940.0,-0.0,2.0,20.00400161743164,0.0,0.17358846962451935,0.3962605595588684,9.116986274719238,0.0005006790161132812,0.0009361188858747482,-5.326326936483383e-05,36.61438751220703,38.865230560302734,-89.13928985595703
7.044796705245972,0,-0.00037152000004425645,-1.5414283107572988e-44,-0.0,2.3541814200656927e-43,2.004000186920166,2956.0,-0.0,2.0,20.012001037597656,0.0,0.16041968762874603,0.3992534875869751,9.124767303466797,-0.0014967229217290878,-0.00039548054337501526,-0.0016511841677129269,37.85255813598633,38.33283233642578,-91.01410675048828
7.065063714981079,0,-0.00037152000004425645,-1.5414283107572988e-44,-0.0,2.3541814200656927e-43,2.0160000324249268,2944.0,-0.0,2.0,20.00400161743164,0.0,0.14844806492328644,0.3920705020427704,9.106810569763184,-0.0010972414165735245,0.0006697997450828552,-0.00018642330542206764,37.32191467285156,38.865230560302734,-90.84367370605469
7.0851731300354,0,-0.00037152000004425645,-1.5414283107572988e-44,-0.0,2.3541814200656927e-43,2.004000186920166,3016.0,-0.0,2.0,20.012001037597656,0.0,0.15682820975780487,0.38069745898246765,9.099627494812012,-3.196112811565399e-05,-0.00012916140258312225,-0.0013848640955984592,36.9681510925293,37.44549560546875,-90.84367370605469
7.105425834655762,0,-0.00037152000004425645,-1.5414283107572988e-44,-0.0,2.3541814200656927e-43,2.004000186920166,2944.0,-0.0,2.0,20.00800132751465,0.0,0.13647645711898804,0.3974577486515045,9.115788459777832,-0.00029828213155269623,3.999099135398865e-06,-0.001518024131655693,36.7912712097168,38.33283233642578,-91.35498809814453
7.125717639923096,0,-0.00037152000004425645,-1.5414283107572988e-44,-0.0,2.3541814200656927e-43,2.004000186920166,2948.0,-0.0,2.0,20.012001037597656,0.0,0.16580691933631897,0.3980563282966614,9.089451789855957,-0.00029828213155269623,0.0005366392433643341,-0.001518024131655693,37.32191467285156,38.865230560302734,-90.50279235839844
7.146101713180542,0,-0.00037152000004425645,-1.5414283107572988e-44,-0.0,2.3541814200656927e-43,2.004000186920166,2948.0,-0.0,2.0,20.00400161743164,0.0,0.16041968762874603,0.3884790241718292,9.099028587341309,-0.0001651216298341751,-0.0015939213335514069,-0.0005859034135937691,37.1450309753418,38.68776321411133,-90.67323303222656
7.1663031578063965,0,-0.00037152000004425645,-1.5414283107572988e-44,-0.0,2.3541814200656927e-43,2.0320000648498535,2944.0,-0.0,2.0,20.012001037597656,0.0,0.1490466445684433,0.38668328523635864,9.136140823364258,-0.00029828213155269623,0.0006697997450828552,-0.000852223951369524,36.083744049072266,37.622962951660156,-90.67323303222656
7.186401128768921,0,-0.00037152000004425645,-1.5414283107572988e-44,-0.0,2.3541814200656927e-43,2.004000186920166,2972.0,-0.0,2.0,20.00400161743164,0.0,0.1520395576953888,0.3771059811115265,9.100824356079102,-3.196112811565399e-05,0.0008029602468013763,-0.0007190639153122902,37.49879455566406,37.97789764404297,-89.65060424804688
7.206651449203491,0,-0.00037152000004425645,-1.5414283107572988e-44,-0.0,2.3541814200656927e-43,2.004000186920166,2948.0,-0.0,2.0,20.00800132751465,0.0,0.16460976004600525,0.3573528230190277,9.083465576171875,-0.00043144263327121735,0.0002703201025724411,-0.00031958334147930145,37.32191467285156,38.865230560302734,-89.13928985595703
7.226999282836914,0,-0.00037152000004425645,-1.5414283107572988e-44,-0.0,2.3541814200656927e-43,2.004000186920166,2952.0,-0.0,2.0,20.00400161743164,0.0,0.1670040786266327,0.3914719223976135,9.103219032287598,0.0012996401637792587,0.00013715960085391998,0.0002130568027496338,38.20631790161133,37.268028259277344,-90.33235931396484
7.24722957611084,0,-0.00037152000004425645,-1.5414283107572988e-44,-0.0,2.3541814200656927e-43,2.004000186920166,2940.0,-0.0,2.0,20.00400161743164,0.0,0.1610182672739029,0.37171876430511475,9.089451789855957,0.00023435801267623901,0.0014687608927488327,-0.00018642330542206764,36.61438751220703,37.44549560546875,-90.16191864013672
7.267394781112671,0,-0.00037152000004425645,-1.5414283107572988e-44,-0.0,2.3541814200656927e-43,2.01200008392334,2952.0,-0.0,2.0,20.016000747680664,0.0,0.1610182672739029,0.3872818648815155,9.125965118408203,-0.0001651216298341751,0.0014687608927488327,-5.326326936483383e-05,38.02943801879883,36.73563003540039,-89.821044921875
7.288336753845215,0,0.0024685440585017204,0.0268486887216568,2.0,27.075716018676758,2.008000135421753,2964.0,-0.0,3.0,20.00400161743164,0.002840064000338316,0.16580691933631897,0.4094293415546417,9.134943962097168,0.0006338395178318024,-0.00026232004165649414,0.0014114975929260254,35.376220703125,36.9130973815918,-89.30972290039062
7.3078906536102295,0,0.012199616059660912,0.10973067581653595,2.0,18.988693237304688,2.0160000324249268,2956.0,-0.0,3.0,20.012001037597656,0.009731072001159191,0.2861216962337494,0.9272018671035767,8.884138107299805,0.019143089652061462,0.0016019195318222046,-0.0044475458562374115,36.43750762939453,37.268028259277344,-88.9688491821289
7.328267812728882,0,0.019574975594878197,0.15534350275993347,2.0,33.671688079833984,2.004000186920166,2944.0,-0.0,3.0,20.012001037597656,0.0073753600008785725,0.43756264448165894,3.136564016342163,7.76060152053833,0.13552500307559967,0.0034661609679460526,-0.011371869593858719,36.26062774658203,36.73563003540039,-88.79840850830078
7.348454713821411,0,0.02057945542037487,0.1357317566871643,2.0,47.50062942504883,2.0160000324249268,2944.0,-0.0,3.0,20.012001037597656,0.0010044800583273172,0.5345327854156494,3.5513806343078613,8.112566947937012,0.0669475644826889,-0.05246106907725334,-0.0060454667545855045,36.083744049072266,36.9130973815918,-87.60533905029297
7.368618965148926,0,0.020609727129340172,0.111678346991539,2.0,46.640750885009766,2.004000186920166,2948.0,-0.0,3.0,20.00400161743164,3.027200000360608e-05,0.32562801241874695,2.3206982612609863,11.286243438720703,-0.022536015138030052,-0.007985604926943779,-0.0032491052988916636,34.845577239990234,38.51029586791992,-89.13928985595703
7.388850212097168,0,0.023127807304263115,0.11500458419322968,2.0,31.099905014038086,2.0160000324249268,2964.0,-0.0,3.0,20.00800132751465,0.0025180799420922995,0.03292195126414299,1.1642398834228516,9.741904258728027,-0.030791940167546272,0.01864640973508358,-0.009773949161171913,36.7912712097168,37.622962951660156,-89.30972290039062
7.409119367599487,0,0.030704064294695854,0.1628943234682083,2.0,22.36954116821289,2.004000186920166,2952.0,-0.0,3.0,20.00400161743164,0.007576256059110165,-0.046689312905073166,1.463530421257019,8.750654220581055,-0.05516023561358452,-0.005988204851746559,-0.021625196561217308,35.376220703125,37.268028259277344,-88.62797546386719
7.429384231567383,0,0.038654591888189316,0.20459936559200287,2.0,26.56346321105957,2.004000186920166,2944.0,-0.0,3.0,20.00800132751465,0.007950527593493462,0.2190806120634079,2.4344286918640137,8.739880561828613,0.03512229770421982,-0.03262022137641907,-0.010972389951348305,35.1993408203125,37.44549560546875,-87.7757797241211
7.449717044830322,0,0.04432371258735657,0.21841679513454437,2.0,33.55126190185547,2.0160000324249268,2948.0,-0.0,3.0,20.012001037597656,0.005669119767844677,0.41661232709884644,2.9300537109375,8.514813423156738,0.09650909900665283,-0.06005119904875755,-0.0029827849939465523,36.083744049072266,36.9130973815918,-88.62797546386719
7.469862699508667,0,0.04952774569392204,0.22606773674488068,2.0,29.8597412109375,2.008000135421753,2944.0,-0.0,3.0,20.00400161743164,0.005204032175242901,0.23763662576675415,2.196791887283325,9.270222663879395,0.03152697905898094,0.01505108829587698,0.0028762584552168846,35.5531005859375,37.80043029785156,-90.50279235839844
7.4901392459869385,0,0.05680128186941147,0.2508094608783722,2.0,21.718137741088867,2.008000135421753,2964.0,-0.0,3.0,20.00400161743164,0.007273536175489426,0.1430608481168747,1.572472095489502,9.998695373535156,-0.033188819885253906,0.025171253830194473,-0.0023169848136603832,35.906864166259766,36.38069534301758,-89.821044921875
7.510416746139526,0,0.06632870435714722,0.29195255041122437,2.0,17.449996948242188,2.004000186920166,2940.0,-0.0,3.0,20.00400161743164,0.009527424350380898,0.23344656825065613,1.678420901298523,8.696184158325195,-0.02027229405939579,-0.022100575268268585,-0.0013848640955984592,35.5531005859375,37.44549560546875,-87.43490600585938
7.530596733093262,0,0.07673677057027817,0.3328644931316376,2.0,15.349248886108398,2.0160000324249268,2956.0,-0.0,3.0,20.00400161743164,0.010408064350485802,0.1430608481168747,2.4775264263153076,8.763823509216309,0.02819797396659851,-0.013445168733596802,0.006072100251913071,35.376220703125,37.622962951660156,-90.33235931396484
7.55077052116394,0,0.08674854040145874,0.36291223764419556,2.0,17.055978775024414,2.0160000324249268,2940.0,-0.0,3.0,20.00800132751465,0.010011776350438595,0.6686148643493652,2.3973166942596436,8.278972625732422,0.05736003443598747,0.015850048512220383,0.02138550952076912,35.022457122802734,37.268028259277344,-88.62797546386719
7.571026802062988,0,0.09706579148769379,0.39034828543663025,2.0,15.098016738891602,2.0160000324249268,2944.0,-0.0,3.0,20.00800132751465,0.010317248292267323,0.6081582307815552,2.1524970531463623,9.617998123168945,0.020607851445674896,0.04168310388922691,0.011265343986451626,36.7912712097168,38.33283233642578,-87.94622039794922
7.591269254684448,0,0.10875628888607025,0.4250635504722595,2.0,10.098159790039062,2.004000186920166,2948.0,-0.0,3.0,20.00800132751465,0.011690495535731316,0.4261896312236786,1.8837342262268066,9.676060676574707,0.008756604045629501,0.04048466309905052,-0.008042868226766586,34.668697357177734,37.622962951660156,-88.28709411621094
7.611528396606445,0,0.12194662541151047,0.4677059054374695,2.0,4.778644561767578,2.0160000324249268,2944.0,-0.0,3.0,20.012001037597656,0.013190335594117641,0.37471166253089905,1.9693312644958496,9.395326614379883,0.00955556333065033,0.02290753275156021,-0.01989411562681198,35.376220703125,37.268028259277344,-89.30972290039062
7.634963035583496,0,0.13495807349681854,0.4989015758037567,2.0,6.572093963623047,2.01200008392334,3032.0,-0.0,3.0,20.012001037597656,0.013011455535888672,0.6787907481193542,2.036372423171997,8.887130737304688,0.03405701741576195,0.04634370654821396,-0.011904509738087654,35.906864166259766,38.155364990234375,-89.13928985595703
7.6520586013793945,0,0.14816492795944214,0.5294477939605713,2.0,6.565822601318359,2.0160000324249268,2944.0,-0.0,3.0,20.00400161743164,0.013206847943365574,0.7536134123802185,1.251034140586853,8.438794136047363,0.013683527708053589,0.07191044092178345,-0.025753159075975418,36.43750762939453,37.622962951660156,-88.62797546386719
7.673237562179565,0,0.16172127425670624,0.555832028388977,2.0,2.9135704040527344,2.0360000133514404,2952.0,-0.0,3.0,20.02800178527832,0.013556351885199547,0.03172478824853897,1.6053940057754517,9.586273193359375,-0.0006977617740631104,0.07630472630262375,-0.05904318019747734,38.20631790161133,37.97789764404297,-89.9914779663086
7.692495584487915,0,0.17471621930599213,0.5720861554145813,2.0,6.255825042724609,2.004000186920166,2968.0,-0.0,3.0,20.00400161743164,0.012994944117963314,-0.2992904484272003,1.9609510898590088,8.434004783630371,-0.018674373626708984,0.031562939286231995,-0.086340993642807,36.26062774658203,37.0905647277832,-88.11666107177734
7.712899208068848,0,0.18823128938674927,0.5915061831474304,2.0,6.4816436767578125,2.004000186920166,2948.0,-0.0,3.0,20.00400161743164,0.01351507194340229,0.18137001991271973,0.9756869077682495,8.730901718139648,-0.04304266721010208,0.02996501699090004,-0.08474306762218475,37.67567443847656,38.865230560302734,-90.16191864013672
7.733181715011597,0,0.2024151086807251,0.609146237373352,2.0,2.3857765197753906,2.004000186920166,3092.0,-0.0,3.0,20.132001876831055,0.014183808118104935,-0.046689312905073166,0.8847026228904724,8.399886131286621,-0.03225670009851456,0.024505455046892166,-0.0768866240978241,38.560081481933594,36.9130973815918,-90.67323303222656
7.753272771835327,0,0.2155146300792694,0.6202495694160461,2.0,5.361171722412109,2.004000186920166,2948.0,-0.0,3.0,20.00400161743164,0.013099519535899162,0.7536134123802185,0.025140399113297462,9.044557571411133,-0.02133757434785366,0.0053304024040699005,-0.07209286093711853,37.67567443847656,37.80043029785156,-90.16191864013672
7.773684501647949,0,0.2296268790960312,0.6350738406181335,2.0,4.395790100097656,2.008000135421753,2948.0,-0.0,3.0,20.00800132751465,0.014112256467342377,0.0017957427771762013,0.8966742157936096,10.13277816772461,-0.05183123052120209,0.02916605770587921,-0.09206687659025192,36.9681510925293,38.865230560302734,-89.821044921875
7.793851375579834,0,0.24340888857841492,0.6436563730239868,2.0,2.5051193237304688,2.008000135421753,2960.0,-0.0,3.0,20.016000747680664,0.01378201600164175,0.06883680820465088,-0.07482261210680008,9.929859161376953,-0.006290486082434654,-0.023432176560163498,-0.08807207643985748,37.49879455566406,36.9130973815918,-88.28709411621094
7.814138650894165,0,0.25671204924583435,0.6482968926429749,2.0,3.277843475341797,2.0160000324249268,2944.0,-0.0,3.0,20.00400161743164,0.01330316811800003,0.5836163759231567,-0.6021724343299866,8.182003021240234,0.02193945273756981,-0.05112947151064873,-0.09473007917404175,37.32191467285156,38.865230560302734,-90.50279235839844
7.834421634674072,0,0.27040326595306396,0.6521489024162292,2.0,3.1064834594726562,2.0160000324249268,3052.0,-0.0,3.0,20.00400161743164,0.013691199943423271,0.21728487312793732,0.30467769503593445,8.281367301940918,-0.04091210663318634,0.030364498496055603,-0.10152123868465424,38.560081481933594,38.33283233642578,-89.65060424804688
7.854508638381958,0,0.2834092080593109,0.6545119285583496,2.0,2.5638580322265625,2.0160000324249268,2952.0,-0.0,3.0,20.012001037597656,0.013005952350795269,0.3920705020427704,-0.3232336938381195,9.09364128112793,-0.07113943994045258,0.00839308463037014,-0.09925752133131027,37.85255813598633,37.268028259277344,-89.9914779663086
7.874773979187012,0,0.29652249813079834,0.6547315120697021,2.0,3.3515396118164062,2.004000186920166,2952.0,-0.0,3.0,20.00400161743164,0.013113279826939106,0.3471769392490387,-0.36154288053512573,9.127161979675293,-0.032922498881816864,-0.019836854189634323,-0.09885803610086441,37.1450309753418,37.622962951660156,-88.28709411621094
7.895136833190918,0,0.3096550405025482,0.6549654006958008,2.0,3.108928680419922,2.01200008392334,2952.0,-0.0,3.0,20.00800132751465,0.013132544234395027,0.1101388931274414,-0.12570199370384216,8.975122451782227,-0.014146929606795311,-0.0013276021927595139,-0.09140107780694962,38.02943801879883,38.155364990234375,-89.13928985595703
7.9155285358428955,0,0.32268026471138,0.6541449427604675,2.0,3.47796630859375,2.0280001163482666,2944.0,-0.0,3.0,20.00800132751465,0.013025215826928616,-0.08020984381437302,0.16939839720726013,9.178640365600586,-0.044374268501996994,-0.04087614640593529,-0.09140107780694962,38.383201599121094,39.57509994506836,-89.821044921875
7.935625076293945,0,0.335741251707077,0.6525663137435913,2.0,2.4165611267089844,2.004000186920166,2988.0,-0.0,3.0,20.00800132751465,0.013060991652309895,0.19394022226333618,0.06344957649707794,9.9166898727417,-0.018940692767500877,-0.02689433842897415,-0.09419743716716766,38.02943801879883,38.155364990234375,-89.48016357421875
7.955687522888184,0,0.3483288884162903,0.6497362852096558,2.0,3.1224288940429688,2.01200008392334,2948.0,-0.0,3.0,20.00800132751465,0.012587647885084152,0.1400679349899292,-0.2352423071861267,7.826445579528809,-0.007222605869174004,-0.03794662281870842,-0.09233319759368896,39.26760482788086,39.39763259887695,-88.62797546386719
7.976088523864746,0,0.3610926866531372,0.6466881632804871,2.0,2.8181419372558594,2.01200008392334,2952.0,-0.0,3.0,20.012001037597656,0.012763775885105133,-0.04609072953462601,0.051477961242198944,9.650919914245605,-0.07473476231098175,-0.026494856923818588,-0.08354462683200836,36.61438751220703,39.57509994506836,-88.45753479003906
7.996291637420654,0,0.3735702335834503,0.6433286070823669,2.0,2.592609405517578,2.0160000324249268,2948.0,-0.0,3.0,20.00800132751465,0.012477568350732327,0.03890775889158249,0.16879981756210327,10.023836135864258,-0.10722582042217255,-0.01957053318619728,-0.071293905377388,37.85255813598633,37.268028259277344,-88.62797546386719
8.016568183898926,0,0.38593223690986633,0.6389016509056091,2.0,3.4729995727539062,2.01200008392334,2948.0,-0.0,3.0,20.036001205444336,0.012361983768641949,0.3118606507778168,-0.11851902306079865,9.17744255065918,-0.0431758277118206,-0.04340618476271629,-0.06623382121324539,37.49879455566406,38.68776321411133,-88.62797546386719
8.036812543869019,0,0.39847859740257263,0.6354825496673584,2.0,3.1658287048339844,2.0160000324249268,2968.0,-0.0,3.0,20.012001037597656,0.012546367943286896,0.2472139149904251,-0.1161246970295906,8.454955101013184,-0.021603893488645554,-0.030223339796066284,-0.068763867020607,38.02943801879883,39.57509994506836,-89.48016357421875
8.057079315185547,0,0.4106314182281494,0.6315395832061768,2.0,2.8152809143066406,2.008000135421753,2948.0,-0.0,3.0,20.00800132751465,0.012152832001447678,0.10056159645318985,-0.048485055565834045,9.668278694152832,-0.04424110800027847,-0.01863841339945793,-0.060641098767519,37.67567443847656,39.57509994506836,-88.11666107177734
8.077221155166626,0,0.4227760136127472,0.6269506216049194,2.0,2.90618896484375,2.01200008392334,2952.0,-0.0,3.0,20.00800132751465,0.012144575826823711,0.3663315176963806,-0.20591184496879578,9.455782890319824,-0.026930296793580055,-0.001727081835269928,-0.046925611793994904,36.26062774658203,39.22016525268555,-88.79840850830078
8.097506284713745,0,0.43477195501327515,0.6221316456794739,2.0,3.3437881469726562,2.004000186920166,2948.0,-0.0,3.0,20.016000747680664,0.011995968408882618,0.4393584132194519,-0.2861216962337494,8.083236694335938,-0.030392460525035858,-0.004257123917341232,-0.035740163177251816,37.1450309753418,39.7525634765625,-88.62797546386719
8.117796897888184,0,0.44662484526634216,0.6167395710945129,2.0,3.8436126708984375,2.004000186920166,2948.0,-0.0,3.0,20.012001037597656,0.011852864176034927,0.5590745806694031,-0.2633756101131439,9.015826225280762,-0.03571886196732521,0.03808778151869774,-0.025486838072538376,38.383201599121094,39.22016525268555,-89.13928985595703
8.13807225227356,0,0.4585217237472534,0.6116927862167358,2.0,3.835906982421875,2.0160000324249268,2956.0,-0.0,3.0,20.012001037597656,0.011896896176040173,0.4231967031955719,-0.42499247193336487,8.645304679870605,-0.02120441384613514,0.006662003695964813,-0.009773949161171913,37.49879455566406,39.04269790649414,-87.94622039794922
8.15842866897583,0,0.47010764479637146,0.6066790819168091,2.0,3.4038124084472656,2.0160000324249268,2948.0,-0.0,3.0,20.00800132751465,0.011585920117795467,0.2729529142379761,-0.38069745898246765,8.793752670288086,0.021406810730695724,0.014385287649929523,-0.00031958334147930145,37.1450309753418,38.33283233642578,-88.28709411621094
8.17846965789795,0,0.4816797971725464,0.6015294194221497,2.0,3.2427101135253906,2.004000186920166,2952.0,-0.0,3.0,20.012001037597656,0.011572159826755524,0.408232182264328,-0.16341258585453033,7.666624546051025,0.008756604045629501,-0.0023928824812173843,-0.0028496249578893185,37.1450309753418,39.39763259887695,-88.62797546386719
8.199218034744263,0,0.49315565824508667,0.5964555740356445,2.0,3.125091552734375,2.004000186920166,2952.0,-0.0,3.0,20.012001037597656,0.011475839652121067,0.13168780505657196,-0.07721693813800812,8.352598190307617,-0.006423644721508026,0.03302770107984543,-0.009241309016942978,38.913841247558594,39.39763259887695,-89.30972290039062
8.219078779220581,0,0.5045269131660461,0.5912016034126282,2.0,3.1392135620117188,2.0360000133514404,2944.0,-0.0,3.0,20.02800178527832,0.011371264234185219,0.3010862171649933,-0.3381982147693634,7.950950622558594,-0.01707645133137703,-0.003458162769675255,-0.0007190639153122902,38.383201599121094,39.57509994506836,-88.79840850830078
8.239348411560059,0,0.5158513784408569,0.5859469175338745,2.0,3.133319854736328,2.004000186920166,2964.0,-0.0,3.0,20.00400161743164,0.011324480175971985,0.03172478824853897,-0.050280798226594925,8.863786697387695,-0.007755246013402939,0.021442772820591927,0.002609938383102417,37.49879455566406,39.04269790649414,-87.60533905029297
8.259429454803467,0,0.5267878174781799,0.5796473026275635,2.0,4.203437805175781,2.004000186920166,2940.0,-0.0,3.0,20.016000747680664,0.010936448350548744,0.4172109067440033,-0.3190436363220215,7.813276767730713,-0.02732977829873562,-0.0153094083070755,0.015659626573324203,39.26760482788086,39.7525634765625,-86.92359161376953
8.2797212600708,0,0.5379830002784729,0.5741606950759888,2.0,3.778881072998047,2.004000186920166,2948.0,-0.0,3.0,20.016000747680664,0.011195136234164238,0.17358846962451935,0.07182971388101578,8.920052528381348,-0.019872814416885376,0.014518448151648045,0.010466382838785648,38.383201599121094,38.865230560302734,-88.11666107177734
8.300230026245117,0,0.5485974550247192,0.5679970979690552,2.0,5.775440216064453,2.008000135421753,2944.0,-0.0,3.0,20.00400161743164,0.010614464059472084,0.19154590368270874,0.07661835849285126,8.869771957397461,-0.01601117104291916,-0.03608238324522972,0.013928544707596302,37.32191467285156,40.28496551513672,-86.41226959228516
8.320304870605469,0,0.5595779418945312,0.5643869638442993,2.0,2.9975452423095703,2.01200008392334,2944.0,-0.0,3.0,20.00800132751465,0.01098048035055399,0.21129906177520752,0.22626358270645142,8.848223686218262,-0.013347969390451908,-0.0153094083070755,0.017523866146802902,36.26062774658203,38.865230560302734,-86.7531509399414
8.34055757522583,0,0.5703024864196777,0.5582227110862732,2.0,6.6872711181640625,2.004000186920166,2976.0,-0.0,3.0,20.00800132751465,0.01072454359382391,0.12869489192962646,0.4585129916667938,9.225927352905273,-0.01707645133137703,-0.01757313311100006,0.006471580825746059,37.85255813598633,40.81736755371094,-87.94622039794922
8.360671758651733,0,0.5811095833778381,0.5557239055633545,2.0,2.437103271484375,2.004000186920166,2944.0,-0.0,3.0,20.012001037597656,0.010807104408740997,0.10894172638654709,0.6452702283859253,9.841268539428711,-0.01055160816758871,0.013852647505700588,-0.0023169848136603832,35.906864166259766,39.57509994506836,-86.7531509399414
8.380928754806519,0,0.5915699005126953,0.5491408109664917,2.0,5.868314743041992,2.004000186920166,2968.0,-0.0,3.0,20.00800132751465,0.010460351593792439,-0.44654136896133423,0.9074487090110779,9.99929428100586,-0.018674373626708984,0.020377490669488907,-0.010972389951348305,38.383201599121094,38.865230560302734,-87.43490600585938
8.401213645935059,0,0.6021678447723389,0.5460081100463867,2.0,2.2786388397216797,2.0160000324249268,2948.0,-0.0,3.0,20.00400161743164,0.010597951710224152,-0.3944648206233978,0.710515558719635,10.83072280883789,-0.034120939671993256,0.010390485636889935,-0.007110747508704662,38.736961364746094,38.155364990234375,-86.07139587402344
8.4215247631073,0,0.6128070950508118,0.543490469455719,2.0,2.447813034057617,2.008000135421753,2944.0,-0.0,3.0,20.00400161743164,0.010639231652021408,-0.13767361640930176,0.6494603157043457,10.275239944458008,-0.029194019734859467,0.03196241706609726,0.0014114975929260254,39.09072494506836,38.865230560302734,-89.48016357421875
8.441634893417358,0,0.6230940818786621,0.5376080274581909,2.0,4.489500045776367,2.004000186920166,2964.0,-0.0,3.0,20.00400161743164,0.010286975651979446,-0.14066651463508606,0.4351683259010315,8.732697486877441,-0.03958050534129143,0.03955254331231117,0.0002130568027496338,38.383201599121094,38.51029586791992,-86.41226959228516
8.461908102035522,0,0.6331801414489746,0.5322970747947693,2.0,4.5187530517578125,2.01200008392334,2948.0,-0.0,3.0,20.00400161743164,0.010086080059409142,-0.46868887543678284,0.712311327457428,10.89836311340332,-0.0612855963408947,0.04168310388922691,-0.003115945030003786,37.49879455566406,40.10749816894531,-86.92359161376953
8.48223066329956,0,0.6435827016830444,0.528022050857544,2.0,3.453460693359375,2.004000186920166,3056.0,-0.0,3.0,20.012001037597656,0.010402560234069824,-0.15982110798358917,0.17658136785030365,9.498282432556152,-0.03891470283269882,0.0440799854695797,-0.0027164649218320847,38.560081481933594,39.39763259887695,-87.94622039794922
8.50255036354065,0,0.6533330678939819,0.5228821635246277,2.0,3.9245738983154297,2.004000186920166,2944.0,-0.0,3.0,20.00800132751465,0.009750336408615112,-0.24481959640979767,0.3669300973415375,10.388970375061035,-0.010285288095474243,0.057529155164957047,-0.006844427436590195,38.383201599121094,39.57509994506836,-86.41226959228516
8.523383140563965,0,0.6633861064910889,0.5192282199859619,2.0,2.5507678985595703,2.01200008392334,2956.0,-0.0,3.0,20.016000747680664,0.010053056292235851,-0.3902747631072998,0.24841108918190002,8.889525413513184,0.001832280308008194,0.03342717885971069,-0.02615264058113098,38.383201599121094,38.51029586791992,-87.7757797241211
8.542871475219727,0,0.6734997034072876,0.5159388780593872,2.0,2.8182239532470703,2.004000186920166,2964.0,-0.0,3.0,20.00400161743164,0.010113599710166454,-0.4555200934410095,0.21668629348278046,10.038800239562988,0.015148285776376724,0.0009361188858747482,-0.0406670868396759,38.736961364746094,39.57509994506836,-87.43490600585938
8.563181400299072,0,0.6833353638648987,0.5122323036193848,2.0,3.8438720703125,2.0160000324249268,2948.0,-0.0,3.0,20.012001037597656,0.009835648350417614,-0.3393953740596771,0.24242527782917023,8.653684616088867,0.022605251520872116,-0.012513048946857452,-0.04732509329915047,36.9681510925293,40.994834899902344,-86.41226959228516
8.583459854125977,0,0.6935755610466003,0.5091762542724609,2.0,2.865663528442383,2.008000135421753,3100.0,-0.0,3.0,20.144001007080078,0.010240191593766212,-0.22147494554519653,0.09397720545530319,8.700373649597168,0.022472091019153595,-0.019970010966062546,-0.04266449064016342,38.383201599121094,39.930030822753906,-89.13928985595703
8.603731393814087,0,0.7031084895133972,0.505679726600647,2.0,2.8159141540527344,2.004000186920166,2956.0,-0.0,3.0,20.00800132751465,0.009532928466796875,0.18256717920303345,0.04070350155234337,8.330451011657715,0.008357122540473938,-0.03554974123835564,-0.027484238147735596,38.02943801879883,40.28496551513672,-86.7531509399414
8.62402057647705,0,0.7127515077590942,0.5013655424118042,2.0,3.949758529663086,2.0240001678466797,2944.0,-0.0,3.0,20.012001037597656,0.0096430080011487,0.5105895400047302,-0.34478262066841125,9.050543785095215,0.005960242822766304,-0.004257123917341232,-0.016032472252845764,38.20631790161133,40.462432861328125,-88.28709411621094
8.64432168006897,0,0.7225238680839539,0.4981537163257599,2.0,3.3225955963134766,2.01200008392334,2964.0,-0.0,3.0,20.00400161743164,0.009772351942956448,-0.2160877138376236,0.2101019024848938,9.374974250793457,-0.012415848672389984,0.015450568869709969,-0.04226500913500786,37.67567443847656,41.34976577758789,-87.26446533203125
8.664566040039062,0,0.7320320010185242,0.49481067061424255,2.0,3.3064823150634766,2.0160000324249268,2952.0,-0.0,3.0,20.00800132751465,0.009508159942924976,-0.49801933765411377,0.27355149388313293,10.019047737121582,0.016213569790124893,-0.005322404205799103,-0.03534068539738655,38.383201599121094,38.865230560302734,-88.45753479003906
8.684667348861694,0,0.7416639924049377,0.49071744084358215,2.0,2.9156532287597656,2.004000186920166,3024.0,-0.0,3.0,20.012001037597656,0.009631999768316746,-0.24781250953674316,0.15742678940296173,9.099627494812012,0.016080409288406372,-0.0315549410879612,-0.024288397282361984,36.9681510925293,39.22016525268555,-88.45753479003906
8.704921007156372,0,0.7508254051208496,0.4864722192287445,2.0,3.714559555053711,2.0160000324249268,2952.0,-0.0,3.0,20.00400161743164,0.009161408059298992,0.17658136785030365,-0.09038572013378143,8.955967903137207,0.03352437913417816,-0.028092779219150543,-0.008309188298881054,38.383201599121094,39.57509994506836,-88.79840850830078
8.725201606750488,0,0.7601051330566406,0.4823039472103119,2.0,3.076467514038086,2.008000135421753,2948.0,-0.0,3.0,20.00800132751465,0.009279743768274784,0.6404815912246704,-0.3890776038169861,8.41904067993164,0.038850780576467514,-0.04953155294060707,-0.0021838247776031494,37.49879455566406,40.81736755371094,-87.60533905029297
8.745645523071289,0,0.7692170143127441,0.4775744080543518,2.0,3.2759933471679688,2.004000186920166,2952.0,-0.0,3.0,20.00800132751465,0.00911187194287777,0.14964522421360016,-0.11073747277259827,9.234906196594238,0.03365753963589668,-0.006787164136767387,-0.008442347869277,39.09072494506836,40.994834899902344,-87.7757797241211
8.7658371925354,0,0.7782601118087769,0.4729745388031006,2.0,3.3970718383789062,2.01200008392334,2940.0,-0.0,3.0,20.012001037597656,0.0090430723503232,-0.16460976004600525,0.1921444833278656,9.475536346435547,0.03112749755382538,-0.011714087799191475,-0.012437150813639164,36.9681510925293,40.994834899902344,-87.43490600585938
8.785906314849854,0,0.787278413772583,0.4681006371974945,2.0,3.0013809204101562,2.004000186920166,2972.0,-0.0,3.0,20.016000747680664,0.009018303826451302,-0.1670040786266327,0.35376131534576416,9.081070899963379,0.02606741338968277,0.00426512211561203,-0.015100352466106415,38.560081481933594,40.462432861328125,-87.60533905029297
8.806210041046143,0,0.7959499359130859,0.46273505687713623,2.0,4.127189636230469,2.004000186920166,2944.0,-0.0,3.0,20.00400161743164,0.008671551942825317,0.38967618346214294,-0.06225241720676422,8.775794982910156,0.019409410655498505,0.007061483338475227,-0.010839229449629784,37.85255813598633,39.7525634765625,-87.26446533203125
8.827334880828857,0,0.8046957850456238,0.4581156373023987,2.0,3.6050491333007812,2.004000186920166,2944.0,-0.0,3.0,20.012001037597656,0.008745855651795864,0.5309413075447083,-0.35675424337387085,8.700972557067871,0.0187436081469059,-0.017972610890865326,-0.0053796665742993355,39.44448471069336,39.930030822753906,-87.7757797241211
8.84674072265625,0,0.8133673667907715,0.45369914174079895,2.0,2.4574050903320312,2.004000186920166,2952.0,-0.0,3.0,20.00800132751465,0.008671551942825317,-0.1490466445684433,0.22865791618824005,9.622786521911621,0.0250021331012249,0.018246930092573166,-0.021625196561217308,37.1450309753418,41.172298431396484,-87.60533905029297
8.867042303085327,0,0.8219949007034302,0.4495849609375,2.0,3.837024688720703,2.01200008392334,2948.0,-0.0,3.0,20.012001037597656,0.008627519942820072,-0.19274306297302246,0.18137001991271973,9.448599815368652,0.03445649892091751,-0.010648807510733604,-0.028416361659765244,36.9681510925293,39.57509994506836,-87.43490600585938
8.887149572372437,0,0.83042973279953,0.4438607096672058,2.0,3.5391464233398438,2.004000186920166,2968.0,-0.0,3.0,20.00400161743164,0.008434879593551159,0.21070048213005066,0.17358846962451935,8.561503410339355,0.03112749755382538,0.0034661609679460526,-0.023489437997341156,38.02943801879883,40.994834899902344,-86.41226959228516
8.907544612884521,0,0.8389664888381958,0.44148924946784973,2.0,2.316732406616211,2.004000186920166,2952.0,-0.0,3.0,20.00800132751465,0.008536703884601593,0.5620675086975098,0.006584390066564083,8.872166633605957,0.022738412022590637,0.00945836491882801,-0.018163032829761505,37.49879455566406,39.7525634765625,-88.9688491821289
8.927697658538818,0,0.8474646210670471,0.4369342029094696,2.0,5.16914176940918,2.004000186920166,2944.0,-0.0,3.0,20.00400161743164,0.008498176001012325,0.052675120532512665,0.345979779958725,9.498282432556152,0.008889764547348022,-0.004523443058133125,-0.03494120389223099,36.43750762939453,40.462432861328125,-87.26446533203125
8.94779372215271,0,0.8556903600692749,0.4337126314640045,2.0,5.520635604858398,2.004000186920166,2940.0,-0.0,3.0,20.00800132751465,0.008225727826356888,-0.005387228447943926,0.3393953740596771,8.967340469360352,0.013150885701179504,0.023173853754997253,-0.0406670868396759,38.20631790161133,40.462432861328125,-88.28709411621094
8.9681875705719,0,0.8646150827407837,0.4354137182235718,2.0,4.005182266235352,2.0199999809265137,2944.0,-0.0,3.0,20.012001037597656,0.008924735710024834,-0.04190066456794739,0.7697750926017761,9.94841480255127,0.008889764547348022,0.008126764558255672,-0.03613964468240738,38.02943801879883,40.994834899902344,-88.79840850830078
8.988443851470947,0,0.8730142116546631,0.43215522170066833,2.0,2.4459495544433594,2.004000186920166,2948.0,-0.0,3.0,20.00800132751465,0.00839910376816988,0.2813330292701721,0.20890474319458008,8.030561447143555,0.03645389899611473,-0.03461762145161629,-0.027217920869588852,38.20631790161133,40.462432861328125,-86.92359161376953
9.008664846420288,0,0.8808436393737793,0.42524394392967224,2.0,5.23292350769043,2.004000186920166,2948.0,-0.0,3.0,20.016000747680664,0.007829439826309681,-0.07781551778316498,0.8140700459480286,9.671870231628418,0.00862344354391098,0.015583728440105915,-0.02881583943963051,36.9681510925293,39.57509994506836,-88.45753479003906
9.028945684432983,0,0.8892785310745239,0.4241987466812134,2.0,4.528055191040039,2.008000135421753,2944.0,-0.0,3.0,20.012001037597656,0.008434879593551159,0.1891515702009201,0.3980563282966614,9.377967834472656,0.0034302007406949997,-0.014776770025491714,-0.03094640001654625,39.09072494506836,39.930030822753906,-87.7757797241211
9.049079179763794,0,0.897212564945221,0.4190273880958557,2.0,5.431917190551758,2.008000135421753,2948.0,-0.0,3.0,20.012001037597656,0.007934016175568104,0.020351750776171684,0.5034065842628479,8.495658874511719,0.02726585417985916,-0.019703693687915802,-0.03214484080672264,37.49879455566406,40.462432861328125,-86.92359161376953
9.069340705871582,0,0.9056364297866821,0.41897350549697876,2.0,3.857301712036133,2.0320000648498535,2944.0,-0.0,3.0,20.032001495361328,0.008423872292041779,-0.017957428470253944,0.3214379549026489,9.07568359375,0.0031638797372579575,-0.01624153181910515,-0.032677482813596725,37.32191467285156,40.994834899902344,-88.11666107177734
9.089630842208862,0,0.9135318994522095,0.41411757469177246,2.0,4.06201171875,2.004000186920166,2956.0,-0.0,3.0,20.00400161743164,0.007895488291978836,0.12630057334899902,0.20950332283973694,8.828470230102539,0.016213569790124893,-0.06085015460848808,-0.030413761734962463,37.67567443847656,39.930030822753906,-88.79840850830078
9.10992980003357,0,0.9211851954460144,0.40897539258003235,2.0,2.9078807830810547,2.008000135421753,2944.0,-0.0,3.0,20.00400161743164,0.0076533118262887,0.4154151678085327,0.04130208492279053,9.018818855285645,0.020208369940519333,-0.004523443058133125,-0.029481641948223114,37.49879455566406,39.39763259887695,-88.9688491821289
9.130001068115234,0,0.9289678931236267,0.40544554591178894,2.0,3.3023910522460938,2.004000186920166,2948.0,-0.0,3.0,20.00400161743164,0.007782655768096447,0.3184450566768646,0.06165383383631706,9.001460075378418,0.005960242822766304,-0.009583527222275734,-0.03387592360377312,38.560081481933594,40.462432861328125,-87.26446533203125
9.15042757987976,0,0.9366872310638428,0.4018729627132416,2.0,3.276031494140625,2.004000186920166,2944.0,-0.0,3.0,20.00400161743164,0.007719359826296568,0.11373037844896317,0.017957428470253944,8.59083366394043,0.0027644000947475433,-0.015043091028928757,-0.04146604984998703,37.67567443847656,39.57509994506836,-87.43490600585938
9.170595645904541,0,0.9444561004638672,0.39928656816482544,2.0,3.077291488647461,2.0240001678466797,2952.0,-0.0,3.0,20.016000747680664,0.007768895942717791,-0.14066651463508606,0.2071090042591095,9.853240966796875,0.0028975605964660645,-0.01011616736650467,-0.03946864604949951,37.85255813598633,39.7525634765625,-88.62797546386719
9.190872192382812,0,0.952131450176239,0.396028071641922,2.0,3.3774490356445312,2.004000186920166,2956.0,-0.0,3.0,20.016000747680664,0.007675327826291323,0.1502438187599182,-0.0640481561422348,9.603034019470215,0.009955044835805893,-0.010382486507296562,-0.030413761734962463,36.9681510925293,40.994834899902344,-88.45753479003906
9.211158990859985,0,0.9596554040908813,0.39298343658447266,2.0,2.7284698486328125,2.004000186920166,2936.0,-0.0,3.0,20.00400161743164,0.007523967884480953,0.24242527782917023,-0.019753171131014824,8.382527351379395,0.017545167356729507,-0.008784566074609756,-0.023755759000778198,37.85255813598633,40.10749816894531,-87.60533905029297
9.231258869171143,0,0.9672564268112183,0.3898186683654785,2.0,2.912900924682617,2.0160000324249268,2992.0,-0.0,3.0,20.012001037597656,0.007601024117320776,-0.10535024106502533,0.44594278931617737,8.949383735656738,-0.011217407882213593,-0.0025260429829359055,-0.02908216044306755,38.383201599121094,39.57509994506836,-88.45753479003906
9.251569986343384,0,0.9745575189590454,0.3862079083919525,2.0,3.9050331115722656,2.0160000324249268,2944.0,-0.0,3.0,20.00400161743164,0.0073010558262467384,0.35795140266418457,-0.0760197788476944,9.772432327270508,-0.021870214492082596,0.004131961613893509,-0.01882883533835411,37.32191467285156,40.63990020751953,-87.43490600585938
9.271838426589966,0,0.9819108247756958,0.3828085958957672,2.0,2.753408432006836,2.01200008392334,2952.0,-0.0,3.0,20.02800178527832,0.00735334400087595,0.32682517170906067,0.07123112678527832,8.948784828186035,-0.011084248311817646,0.021975412964820862,-0.009507629089057446,36.61438751220703,40.28496551513672,-88.79840850830078
9.292131900787354,0,0.9892393946647644,0.379158616065979,2.0,3.198057174682617,2.004000186920166,2956.0,-0.0,3.0,20.016000747680664,0.0073285759426653385,-0.24481959640979767,0.5111880898475647,9.28039836883545,-0.03651782125234604,0.0187795702368021,-0.027217920869588852,38.20631790161133,40.462432861328125,-89.65060424804688
9.312465190887451,0,0.9963423609733582,0.37542805075645447,2.0,3.418651580810547,2.004000186920166,2948.0,-0.0,3.0,20.00800132751465,0.007102911826223135,0.4130208492279053,-0.21369339525699615,9.22832202911377,-0.01934017241001129,0.022508053109049797,-0.01257031038403511,37.85255813598633,39.7525634765625,-89.30972290039062
9.332798719406128,0,1.0036627054214478,0.3718467652797699,2.0,0.704742431640625,2.008000135421753,3088.0,-0.0,3.0,20.06800079345703,0.00732032023370266,0.21369339525699615,0.0700339674949646,8.920052528381348,0.01701252907514572,0.022108573466539383,-0.01776355504989624,37.67567443847656,39.930030822753906,-87.7757797241211
9.352785348892212,0,1.0107848644256592,0.3704449534416199,2.0,2.9988479614257812,2.01200008392334,2952.0,-0.0,3.0,20.012001037597656,0.007122175768017769,-0.09756869077682495,0.5441100597381592,9.10740852355957,-0.0052252039313316345,0.012387886643409729,-0.03281064331531525,36.26062774658203,39.930030822753906,-89.48016357421875
9.37309217453003,0,1.0178052186965942,0.36695536971092224,2.0,1.3151531219482422,2.0160000324249268,2944.0,-0.0,3.0,20.00800132751465,0.007020351942628622,0.3112620711326599,0.010774456895887852,9.153499603271484,-0.004159923642873764,0.021176451817154884,-0.015899311751127243,38.383201599121094,40.994834899902344,-88.45753479003906
9.393462896347046,0,1.025067687034607,0.3658347427845001,2.0,3.51953125,2.01200008392334,2960.0,-0.0,3.0,20.00400161743164,0.007262527942657471,-0.03352053090929985,0.35076841711997986,9.39353084564209,0.017412010580301285,0.007727283984422684,-0.01962779462337494,37.67567443847656,40.28496551513672,-89.48016357421875
9.41366720199585,0,1.0317853689193726,0.36095067858695984,2.0,4.369163513183594,2.01200008392334,2944.0,-0.0,3.0,20.00400161743164,0.006717632059007883,0.03172478824853897,0.44953426718711853,8.8117094039917,0.015414606779813766,-0.0009281206876039505,-0.02615264058113098,35.729984283447266,40.462432861328125,-88.62797546386719
9.433964252471924,0,1.0386461019515991,0.3558356761932373,2.0,3.779176712036133,2.008000135421753,3080.0,-0.0,3.0,20.07200050354004,0.006860735826194286,0.24841108918190002,0.2759458124637604,9.02241039276123,0.008223962038755417,0.0017350800335407257,-0.014035072177648544,37.32191467285156,39.57509994506836,-88.11666107177734
9.454122304916382,0,1.0450389385223389,0.35099804401397705,2.0,3.5885696411132812,2.004000186920166,2956.0,-0.0,3.0,20.00800132751465,0.0063928961753845215,-0.11732186377048492,0.4501328468322754,9.588068962097168,0.007425002753734589,-0.009050887078046799,-0.013901911675930023,37.1450309753418,40.81736755371094,-88.9688491821289
9.474360227584839,0,1.0519602298736572,0.3503042757511139,2.0,3.0336380004882812,2.004000186920166,2940.0,-0.0,3.0,20.012001037597656,0.006921280175447464,0.2771429717540741,0.13348354399204254,8.959559440612793,0.006626041606068611,0.008792564272880554,-0.005912306718528271,37.1450309753418,41.172298431396484,-87.60533905029297
9.495030403137207,0,1.0586971044540405,0.3472265303134918,2.0,5.325258255004883,2.0160000324249268,2952.0,-0.0,3.0,20.00800132751465,0.006736896000802517,0.12390625476837158,0.38488754630088806,9.349235534667969,-0.016543811187148094,0.00213455967605114,-0.007909707725048065,37.49879455566406,40.81736755371094,-88.28709411621094
9.515883445739746,0,1.0656349658966064,0.3473328948020935,2.0,4.864091873168945,2.0360000133514404,2948.0,-0.0,3.0,20.016000747680664,0.006937792059034109,0.025140399113297462,0.27055856585502625,9.335468292236328,-0.02839505858719349,-0.01624153181910515,-0.020027276128530502,36.083744049072266,41.172298431396484,-88.28709411621094
9.535204887390137,0,1.072542428970337,0.3457167446613312,2.0,3.8306045532226562,2.008000135421753,3028.0,-0.0,3.0,20.00400161743164,0.00690751988440752,0.1861586719751358,0.2520025670528412,8.532172203063965,0.007957642897963524,-0.012379888445138931,-0.022157836705446243,36.9681510925293,39.39763259887695,-88.9688491821289
9.555259943008423,0,1.0788748264312744,0.3417310416698456,2.0,0.9095287322998047,2.01200008392334,2940.0,-0.0,3.0,20.012001037597656,0.006332351826131344,0.2071090042591095,0.5399199724197388,9.20797061920166,-0.010951087810099125,-0.006520844995975494,-0.01257031038403511,36.9681510925293,41.34976577758789,-88.79840850830078
9.575596570968628,0,1.0857383012771606,0.3402192294597626,2.0,4.297704696655273,2.008000135421753,2952.0,-0.0,3.0,20.036001205444336,0.006863487884402275,-0.017957428470253944,0.4740760922431946,9.29416561126709,-0.009752647019922733,-0.02263321354985237,-0.014967191964387894,36.083744049072266,41.172298431396484,-88.9688491821289
9.59607195854187,0,1.09190833568573,0.3360694944858551,2.0,5.541282653808594,2.0160000324249268,2940.0,-0.0,3.0,20.012001037597656,0.006169984117150307,0.09038572013378143,0.32083937525749207,9.360010147094727,0.008756604045629501,-0.010915126651525497,-0.00031958334147930145,37.49879455566406,40.10749816894531,-89.9914779663086
9.616162061691284,0,1.098609447479248,0.33568069338798523,2.0,4.569372177124023,2.01200008392334,2944.0,-0.0,3.0,20.02800178527832,0.006701120175421238,-0.19034872949123383,0.6315028667449951,9.45937442779541,-0.001896202564239502,-0.01757313311100006,-0.004713865928351879,38.02943801879883,40.28496551513672,-89.48016357421875
9.637856245040894,0,1.1049528121948242,0.33183881640434265,2.0,1.3009891510009766,2.01200008392334,2968.0,-0.0,3.0,20.00400161743164,0.006343360058963299,0.11073747277259827,0.3070720136165619,9.069698333740234,0.0007669981569051743,-0.030090179294347763,-0.00404806574806571,36.61438751220703,41.34976577758789,-88.79840850830078
9.656688213348389,0,1.1110016107559204,0.32693085074424744,2.0,5.01194953918457,2.0160000324249268,2944.0,-0.0,3.0,20.00400161743164,0.006048895884305239,0.4070350229740143,-0.06045667454600334,9.031389236450195,0.016213569790124893,-0.020103171467781067,0.007670021615922451,36.61438751220703,40.28496551513672,-88.11666107177734
9.676831483840942,0,1.117526650428772,0.3265540301799774,2.0,4.756105422973633,2.004000186920166,2952.0,-0.0,3.0,20.00800132751465,0.006524992175400257,0.03950634226202965,0.49861791729927063,8.967939376831055,-0.0009640827775001526,-0.028359096497297287,-0.01043974980711937,36.7912712097168,39.7525634765625,-88.28709411621094
9.697082757949829,0,1.1236168146133423,0.32262367010116577,2.0,0.9337158203125,2.01200008392334,2944.0,-0.0,3.0,20.00800132751465,0.006090175826102495,0.4064364433288574,0.13468070328235626,8.64291000366211,0.00023435801267623901,-0.019970010966062546,0.004341019317507744,37.1450309753418,40.81736755371094,-88.9688491821289
9.717365741729736,0,1.129687786102295,0.3190430998802185,2.0,4.094600677490234,2.0160000324249268,2944.0,-0.0,3.0,20.00400161743164,0.006070911884307861,0.07482261210680008,0.1400679349899292,9.312722206115723,-0.009486326947808266,-0.018238931894302368,7.989676669239998e-05,37.1450309753418,39.39763259887695,-86.92359161376953
9.737652778625488,0,1.1356568336486816,0.3148985803127289,2.0,2.951986312866211,2.008000135421753,2956.0,-0.0,3.0,20.012001037597656,0.0059690880589187145,0.33161383867263794,-0.052076540887355804,9.034980773925781,0.0032970402389764786,-0.008518245071172714,0.005139979533851147,36.9681510925293,41.34976577758789,-88.45753479003906
9.757753849029541,0,1.1418185234069824,0.3141430914402008,2.0,2.952669143676758,2.0160000324249268,2944.0,-0.0,3.0,20.00800132751465,0.0061617279425263405,0.0305276270955801,0.2160877138376236,9.404903411865234,-0.01294848881661892,0.0029335208237171173,-0.0027164649218320847,36.43750762939453,38.68776321411133,-86.58271026611328
9.778032779693604,0,1.1477876901626587,0.3112943768501282,2.0,3.4305343627929688,2.0160000324249268,2952.0,-0.0,3.0,20.00800132751465,0.0059690880589187145,0.13887077569961548,0.08260416984558105,8.446575164794922,-0.022536015138030052,-0.005721883848309517,-0.005246506538242102,36.26062774658203,40.994834899902344,-88.79840850830078
9.798315525054932,0,1.153588891029358,0.30755138397216797,2.0,3.1809864044189453,2.01200008392334,2948.0,-0.0,3.0,20.012001037597656,0.005801215767860413,0.12869489192962646,0.053273703902959824,9.703595161437988,-0.010951087810099125,0.013719487935304642,-5.326326936483383e-05,36.9681510925293,41.7047004699707,-88.45753479003906
9.818602800369263,0,1.159332275390625,0.3039208948612213,2.0,3.7013320922851562,2.0160000324249268,2952.0,-0.0,3.0,20.00400161743164,0.005743423942476511,0.13587787747383118,-0.018556008115410805,8.877553939819336,-0.0026951637119054794,0.004930921830236912,-0.011904509738087654,36.7912712097168,40.462432861328125,-87.94622039794922
9.838894605636597,0,1.165067434310913,0.30050256848335266,2.0,3.7007198333740234,2.004000186920166,2960.0,-0.0,3.0,20.00400161743164,0.005735168233513832,0.24062953889369965,-0.0820055902004242,9.150506973266602,-0.0005646012723445892,-0.007452964782714844,-0.006578107364475727,36.7912712097168,40.462432861328125,-88.28709411621094
9.859015464782715,0,1.170670509338379,0.2972039580345154,2.0,4.597222328186035,2.0160000324249268,2948.0,-0.0,3.0,20.016000747680664,0.0056030722334980965,0.18735583126544952,0.03112620860338211,8.880546569824219,-0.006157325580716133,-0.007586125284433365,-0.011238710023462772,37.67567443847656,39.930030822753906,-88.11666107177734
9.879247188568115,0,1.1763423681259155,0.29468491673469543,2.0,3.9657840728759766,2.01200008392334,2940.0,-0.0,3.0,20.00800132751465,0.005671871826052666,0.11971618235111237,0.0879913941025734,9.257652282714844,0.005827082321047783,0.008126764558255672,0.0004793768748641014,36.43750762939453,40.462432861328125,-88.28709411621094
9.899569988250732,0,1.1818106174468994,0.2908902168273926,2.0,4.460203170776367,2.01200008392334,2940.0,-0.0,3.0,20.012001037597656,0.005468224175274372,0.15682820975780487,0.06285099685192108,8.818294525146484,0.0030307210981845856,0.009724684990942478,-0.008442347869277,36.7912712097168,40.10749816894531,-89.65060424804688
9.919830799102783,0,1.1874604225158691,0.2894262373447418,2.0,1.447793960571289,2.004000186920166,2948.0,-0.0,3.0,20.00800132751465,0.005649855826050043,0.12929348647594452,0.06763964146375656,9.325292587280273,-0.005624685436487198,0.005863042548298836,-0.011771350167691708,37.32191467285156,38.865230560302734,-87.09402465820312
9.94010066986084,0,1.1932258605957031,0.28877291083335876,2.0,4.939780235290527,2.008000135421753,2964.0,-0.0,3.0,20.012001037597656,0.005765439942479134,0.23344656825065613,0.24841108918190002,8.53995418548584,-0.0049588847905397415,-0.004123963415622711,-0.017230913043022156,36.083744049072266,40.10749816894531,-88.28709411621094
9.960204601287842,0,1.19866943359375,0.28632745146751404,2.0,-0.8555374145507812,2.01200008392334,2948.0,-0.0,3.0,20.016000747680664,0.005443456117063761,0.03950634226202965,0.47287893295288086,9.619195938110352,-0.0034941229969263077,0.017314810305833817,-0.016165632754564285,36.083744049072266,40.10749816894531,-86.58271026611328
9.980457305908203,0,1.2042807340621948,0.28521445393562317,2.0,5.011975288391113,2.01200008392334,2944.0,-0.0,3.0,20.00800132751465,0.005611327942460775,0.09876585006713867,0.6087567806243896,8.468124389648438,-0.0030946433544158936,-0.001860242336988449,-0.012170830741524696,36.43750762939453,40.462432861328125,-87.60533905029297
10.000739336013794,0,1.2097103595733643,0.28284820914268494,2.0,0.4004974365234375,2.0160000324249268,2944.0,-0.0,3.0,20.00400161743164,0.005429695826023817,0.15682820975780487,0.6165383458137512,9.608421325683594,-0.01294848881661892,0.01571688801050186,-0.008042868226766586,36.61438751220703,40.994834899902344,-88.11666107177734
10.021052598953247,0,1.2151070833206177,0.280507892370224,2.0,4.570408821105957,2.008000135421753,2956.0,-0.0,3.0,20.012001037597656,0.005396672058850527,0.13468070328235626,0.5931937098503113,8.29094409942627,0.0034302007406949997,-0.014776770025491714,-0.01043974980711937,36.43750762939453,39.39763259887695,-87.94622039794922
10.04134488105774,0,1.2201570272445679,0.2751631438732147,2.0,4.605679512023926,2.008000135421753,2956.0,-0.0,3.0,20.00400161743164,0.005049920175224543,0.18735583126544952,0.2771429717540741,9.799966812133789,-0.001896202564239502,0.020510651171207428,-0.014434551820158958,36.61438751220703,39.930030822753906,-87.7757797241211
10.061455488204956,0,1.2257462739944458,0.2763499617576599,2.0,0.06375503540039062,2.004000186920166,2952.0,-0.0,3.0,20.00400161743164,0.005589311942458153,0.0035914855543524027,0.5614688992500305,9.24208927154541,0.011952444911003113,-0.0030586831271648407,-0.011638190597295761,35.5531005859375,40.63990020751953,-87.7757797241211
10.083006381988525,0,1.230892539024353,0.2719974219799042,2.0,6.174220085144043,2.01200008392334,3024.0,-0.0,3.0,20.00400161743164,0.005146239884197712,0.08978714048862457,0.6716077923774719,8.963150978088379,-0.02013913355767727,-0.0030586831271648407,-0.013635591603815556,34.49181365966797,41.34976577758789,-88.11666107177734
10.101941585540771,0,1.2364791631698608,0.2740378677845001,2.0,1.0495319366455078,2.01200008392334,2940.0,-0.0,3.0,20.00400161743164,0.005586559884250164,0.31664931774139404,0.34059253334999084,9.128957748413086,-0.0052252039313316345,-0.015708889812231064,-0.005113346502184868,36.61438751220703,41.34976577758789,-87.43490600585938
10.122253656387329,0,1.2415565252304077,0.2703869640827179,2.0,4.804269790649414,2.0199999809265137,2948.0,-0.0,3.0,20.00800132751465,0.005077439825981855,0.2202777862548828,0.40284496545791626,8.704564094543457,-0.012415848672389984,0.0006697997450828552,-0.010173428803682327,35.729984283447266,39.39763259887695,-87.94622039794922
10.14237642288208,0,1.2466504573822021,0.26712289452552795,2.0,4.315960884094238,2.01200008392334,2960.0,-0.0,3.0,20.00800132751465,0.005093952175229788,0.03352053090929985,0.23344656825065613,9.591660499572754,-0.006157325580716133,-0.004523443058133125,-0.0069775874726474285,35.376220703125,39.04269790649414,-88.28709411621094
10.162823677062988,0,1.2519893646240234,0.26734116673469543,2.0,3.359644889831543,2.0160000324249268,2948.0,-0.0,3.0,20.016000747680664,0.005338880233466625,-0.050280798226594925,0.36573293805122375,9.024206161499023,-0.028128739446401596,-0.010249326005578041,-0.009507629089057446,36.26062774658203,41.34976577758789,-87.09402465820312
10.183120489120483,0,1.2572649717330933,0.26510655879974365,2.0,4.476357460021973,2.004000186920166,3096.0,-0.0,3.0,20.1560001373291,0.005275583826005459,0.42858394980430603,-0.009577294811606407,8.50403881072998,-0.0028283223509788513,-0.03661502152681351,0.003542059101164341,35.906864166259766,40.28496551513672,-88.11666107177734
10.203357458114624,0,1.2620837688446045,0.2619931399822235,2.0,1.4522781372070312,2.01200008392334,2948.0,-0.0,3.0,20.00800132751465,0.004818751942366362,0.36453577876091003,-0.10535024106502533,9.1720552444458,-0.005491524934768677,-0.007852446287870407,-0.009907109662890434,36.083744049072266,41.5272331237793,-88.62797546386719
10.223645687103271,0,1.267067551612854,0.25967201590538025,2.0,3.696765899658203,2.004000186920166,2940.0,-0.0,3.0,20.012001037597656,0.004983872175216675,0.13827219605445862,0.06823822855949402,9.313919067382812,-0.004159923642873764,-0.021035294979810715,-0.014967191964387894,36.9681510925293,40.63990020751953,-89.13928985595703
10.243751525878906,0,1.2720184326171875,0.25704047083854675,2.0,3.7888641357421875,2.01200008392334,2964.0,-0.0,3.0,20.00800132751465,0.004950847942382097,0.1550324559211731,0.07422403246164322,8.844033241271973,-0.017609091475605965,-0.011847246438264847,-0.01856251433491707,35.729984283447266,40.10749816894531,-87.94622039794922
10.264217615127563,0,1.276872992515564,0.254967600107193,2.0,3.2535696029663086,2.008000135421753,2940.0,-0.0,3.0,20.036001205444336,0.004854528233408928,0.3130578100681305,-0.09697011113166809,9.289976119995117,0.004628641530871391,-0.021701093763113022,-0.0016511841677129269,36.9681510925293,40.994834899902344,-88.11666107177734
10.284273386001587,0,1.2819063663482666,0.25313881039619446,2.0,3.1369590759277344,2.008000135421753,3048.0,-0.0,3.0,20.00400161743164,0.00503340782597661,0.37650740146636963,-0.12929348647594452,8.832061767578125,-0.01720961183309555,0.008659404702484608,-0.01456771232187748,35.376220703125,40.462432861328125,-89.30972290039062
10.304569959640503,0,1.2866040468215942,0.250973641872406,2.0,3.1027965545654297,2.008000135421753,2944.0,-0.0,3.0,20.00800132751465,0.004697664175182581,0.017358846962451935,0.1861586719751358,9.711377143859863,-0.014280090108513832,-0.006121363490819931,-0.02055991441011429,37.32191467285156,39.930030822753906,-87.43490600585938
10.324849605560303,0,1.2912548780441284,0.24754324555397034,2.0,4.137345314025879,2.004000186920166,2944.0,-0.0,3.0,20.012001037597656,0.004650880116969347,0.08619565516710281,0.1682012379169464,8.494462013244629,-0.02533237636089325,-0.00399080291390419,-0.015366672538220882,35.906864166259766,40.994834899902344,-88.11666107177734
10.345219612121582,0,1.295936107635498,0.2451515942811966,2.0,0.8005895614624023,2.01200008392334,2940.0,-0.0,3.0,20.00400161743164,0.0046811518259346485,-0.0017957427771762013,0.06763964146375656,9.914894104003906,-0.0026951637119054794,0.008259924128651619,-0.0011185440234839916,36.61438751220703,39.930030822753906,-88.79840850830078
10.36557388305664,0,1.3008071184158325,0.24463202059268951,2.0,3.8559436798095703,2.0199999809265137,2940.0,-0.0,3.0,20.00400161743164,0.004871040116995573,0.27355149388313293,0.09936443716287613,8.641114234924316,0.013949848711490631,-0.023032695055007935,-0.006711267400532961,34.845577239990234,40.994834899902344,-87.7757797241211
10.38549256324768,0,1.3056175708770752,0.24352994561195374,2.0,4.212889671325684,2.008000135421753,2992.0,-0.0,3.0,20.00800132751465,0.004810496233403683,0.2531997263431549,-0.03950634226202965,9.533597946166992,0.009422402828931808,0.01744796894490719,-0.014967191964387894,35.5531005859375,40.28496551513672,-88.11666107177734
10.405777215957642,0,1.3099932670593262,0.23953194916248322,2.0,5.379294395446777,2.01200008392334,2940.0,-0.0,3.0,20.00800132751465,0.004375679884105921,0.15443387627601624,0.2729529142379761,8.747062683105469,0.027931656688451767,-0.015043091028928757,-0.013635591603815556,37.49879455566406,40.10749816894531,-88.62797546386719
10.426113843917847,0,1.3153294324874878,0.24374030530452728,2.0,0.6989479064941406,2.008000135421753,2952.0,-0.0,3.0,20.012001037597656,0.0053361281752586365,0.19872887432575226,0.5111880898475647,9.091845512390137,-0.005891004577279091,-0.006121363490819931,-0.0009853839874267578,34.845577239990234,40.994834899902344,-88.11666107177734
10.4461829662323,0,1.3196748495101929,0.23931415379047394,2.0,4.967389106750488,2.008000135421753,2944.0,-0.0,3.0,20.012001037597656,0.004345408175140619,0.29869186878204346,0.6015738248825073,9.26124382019043,0.03219277784228325,0.00013715960085391998,0.0078031811863183975,34.668697357177734,39.7525634765625,-87.60533905029297
10.466545581817627,0,1.3240312337875366,0.2354145646095276,2.0,1.902928352355957,2.0199999809265137,2952.0,-0.0,3.0,20.020000457763672,0.004356415942311287,0.3250294327735901,0.5500958561897278,8.556116104125977,-0.012149528600275517,-0.007452964782714844,-0.003648585407063365,37.1450309753418,41.5272331237793,-87.60533905029297
10.487532138824463,0,1.32839035987854,0.23209883272647858,2.0,5.933833122253418,2.008000135421753,2960.0,-0.0,3.0,20.00400161743164,0.004359168000519276,0.18795441091060638,0.3741130828857422,10.008273124694824,-0.016410650685429573,0.02903289720416069,-0.013901911675930023,35.1993408203125,41.7047004699707,-88.11666107177734
10.507030487060547,0,1.3327853679656982,0.2299450933933258,2.0,2.5466461181640625,2.008000135421753,2956.0,-0.0,3.0,20.00400161743164,0.004394943825900555,0.03232337161898613,0.7153041958808899,8.556714057922363,0.011419806629419327,-0.010648807510733604,-0.011771350167691708,36.9681510925293,40.63990020751953,-87.43490600585938
10.52731966972351,0,1.3374114036560059,0.2300581932067871,2.0,2.36191463470459,2.008000135421753,2952.0,-0.0,3.0,20.012001037597656,0.004626112058758736,0.169996976852417,0.42858394980430603,8.667451858520508,-0.012282689101994038,0.004930921830236912,-0.0027164649218320847,36.083744049072266,41.5272331237793,-87.94622039794922
10.54822564125061,0,1.3416385650634766,0.2267800271511078,2.0,4.288112640380859,2.008000135421753,2948.0,-0.0,3.0,20.00800132751465,0.00422707200050354,0.25080540776252747,0.30886775255203247,9.69581413269043,0.005294442176818848,0.008659404702484608,0.0011451775208115578,35.906864166259766,40.994834899902344,-87.43490600585938
10.56795358657837,0,1.3456894159317017,0.2224443405866623,2.0,4.295271873474121,2.01200008392334,2952.0,-0.0,3.0,20.00800132751465,0.004050944000482559,0.538722813129425,0.07063254714012146,8.279571533203125,-0.0052252039313316345,0.0012024398893117905,-0.0044475458562374115,36.61438751220703,39.22016525268555,-88.45753479003906
10.587971925735474,0,1.3499908447265625,0.22089652717113495,2.0,2.995985984802246,2.008000135421753,2960.0,-0.0,3.0,20.00400161743164,0.004301376175135374,0.19932745397090912,0.11552611738443375,9.668877601623535,-0.00788840651512146,0.03808778151869774,-0.02055991441011429,37.1450309753418,42.23710250854492,-87.26446533203125
10.608225107192993,0,1.3543169498443604,0.2205289751291275,2.0,2.8962345123291016,2.008000135421753,2948.0,-0.0,3.0,20.00400161743164,0.004326144233345985,-0.04070350155234337,0.20351751148700714,8.970932006835938,0.011020325124263763,-0.005322404205799103,-0.018163032829761505,35.5531005859375,40.994834899902344,-87.7757797241211
10.628550052642822,0,1.3584202527999878,0.2177651822566986,2.0,3.88803768157959,2.008000135421753,2940.0,-0.0,3.0,20.020000457763672,0.004103232175111771,0.09936443716287613,0.06644248217344284,8.958362579345703,0.006093401461839676,0.018246930092573166,-0.010839229449629784,37.32191467285156,40.28496551513672,-88.79840850830078
10.648870944976807,0,1.3625949621200562,0.21601639688014984,2.0,4.807074546813965,2.008000135421753,2940.0,-0.0,3.0,20.00800132751465,0.004174783825874329,0.11792044341564178,0.02992904558777809,9.714369773864746,0.00968872383236885,0.004531442187726498,-0.004181225784122944,36.43750762939453,40.81736755371094,-87.94622039794922
10.669068098068237,0,1.3671385049819946,0.21796798706054688,2.0,2.1723079681396484,2.004000186920166,2944.0,-0.0,3.0,20.012001037597656,0.004543552175164223,0.4243938624858856,-0.18735583126544952,8.42023754119873,-0.008554206229746342,-0.0031918417662382126,-0.009773949161171913,35.376220703125,41.172298431396484,-88.28709411621094
10.689157962799072,0,1.3712830543518066,0.2156817615032196,2.0,2.3074588775634766,2.004000186920166,2972.0,-0.0,3.0,20.00400161743164,0.004144512116909027,0.10295592248439789,0.1490466445684433,9.525816917419434,0.009821884334087372,0.020377490669488907,-0.02881583943963051,36.26062774658203,40.28496551513672,-88.45753479003906
10.709482431411743,0,1.3753615617752075,0.2139032483100891,2.0,3.0950050354003906,2.008000135421753,2940.0,-0.0,3.0,20.00800132751465,0.004078464116901159,0.03172478824853897,0.21848203241825104,8.846427917480469,0.011020325124263763,-0.012912526726722717,-0.02588631957769394,35.729984283447266,40.462432861328125,-87.94622039794922
10.729766845703125,0,1.3794758319854736,0.2115533947944641,2.0,3.619563102722168,2.008000135421753,2948.0,-0.0,3.0,20.016000747680664,0.004114239942282438,0.08320274949073792,0.08080842345952988,9.26124382019043,-0.004026763141155243,0.005596722476184368,-0.017364073544740677,35.376220703125,41.172298431396484,-87.26446533203125
10.750016212463379,0,1.3832900524139404,0.2086925059556961,2.0,2.960430145263672,2.004000186920166,2936.0,-0.0,3.0,20.00400161743164,0.003814272116869688,0.180172860622406,0.21189764142036438,9.163675308227539,0.02100733295083046,0.002400880679488182,-0.009374468587338924,37.1450309753418,40.462432861328125,-86.92359161376953
10.77014446258545,0,1.3875914812088013,0.20995648205280304,2.0,1.37060546875,2.0160000324249268,2952.0,-0.0,3.0,20.02800178527832,0.004301376175135374,0.3118606507778168,0.011373037472367287,8.691394805908203,0.0051612816751003265,-0.006121363490819931,-0.00404806574806571,36.9681510925293,40.63990020751953,-87.43490600585938
10.79048752784729,0,1.3914551734924316,0.2066369354724884,2.0,4.041216850280762,2.008000135421753,2956.0,-0.0,3.0,20.00400161743164,0.003863808000460267,0.1891515702009201,0.023344656452536583,9.51025390625,-0.0014967229217290878,0.021043291315436363,-0.016964592039585114,35.376220703125,41.88216781616211,-88.28709411621094
10.810711860656738,0,1.395374059677124,0.20509031414985657,2.0,4.02562141418457,2.008000135421753,2948.0,-0.0,3.0,20.00400161743164,0.003918848000466824,-0.004788647405803204,0.3573528230190277,9.406100273132324,0.01474880799651146,-0.0050560832023620605,-0.023755759000778198,35.1993408203125,40.28496551513672,-88.11666107177734
10.831847667694092,0,1.3993287086486816,0.20371082425117493,2.0,4.164834022521973,2.008000135421753,2968.0,-0.0,3.0,20.00400161743164,0.003954623825848103,0.07961126416921616,0.3771059811115265,9.12656307220459,-0.007755246013402939,-0.003857642412185669,-0.016964592039585114,36.083744049072266,41.5272331237793,-88.28709411621094
10.851094722747803,0,1.403247594833374,0.20254530012607574,2.0,5.260108947753906,2.01200008392334,2944.0,-0.0,3.0,20.012001037597656,0.003918848000466824,0.19693312048912048,0.22985507547855377,9.495887756347656,-0.0029614828526973724,0.0012024398893117905,-0.009374468587338924,33.7842903137207,41.7047004699707,-87.43490600585938
10.87140679359436,0,1.407081127166748,0.20041652023792267,2.0,4.699285507202148,2.01200008392334,2956.0,-0.0,3.0,20.012001037597656,0.003833536058664322,0.22386926412582397,0.5291455388069153,9.10501480102539,0.020474690943956375,-0.003724483773112297,-0.013369271531701088,35.376220703125,40.462432861328125,-88.9688491821289
10.891660213470459,0,1.4109091758728027,0.19841238856315613,2.0,2.6919193267822266,2.004000186920166,2956.0,-0.0,3.0,20.00800132751465,0.0038280319422483444,0.12091334909200668,0.6506574749946594,9.0044527053833,-0.009220006875693798,-0.006121363490819931,-0.01576615311205387,35.5531005859375,42.769500732421875,-87.43490600585938
10.912899017333984,0,1.4143518209457397,0.19396448135375977,2.0,5.058736801147461,2.008000135421753,2944.0,-0.0,3.0,20.00800132751465,0.003442751942202449,0.3034805357456207,0.16460976004600525,9.066106796264648,-0.015611691400408745,-0.00039548054337501526,-0.012836631387472153,36.26062774658203,42.059635162353516,-88.45753479003906
10.932244777679443,0,1.4182376861572266,0.19325889647006989,2.0,1.6836872100830078,2.008000135421753,3060.0,-0.0,3.0,20.012001037597656,0.0038858240004628897,0.10834314674139023,0.4064364433288574,9.325292587280273,0.0168793685734272,0.006395682692527771,-0.021225716918706894,35.729984283447266,41.172298431396484,-87.94622039794922
10.952359914779663,0,1.4216886758804321,0.1902453750371933,2.0,4.569120407104492,2.008000135421753,2952.0,-0.0,3.0,20.016000747680664,0.0034510078839957714,0.11971618235111237,0.3130578100681305,8.709352493286133,0.0036965198814868927,-0.006254523992538452,-0.015899311751127243,35.1993408203125,40.994834899902344,-87.43490600585938
10.97258472442627,0,1.4252498149871826,0.1880514919757843,2.0,4.387838363647461,2.004000186920166,2940.0,-0.0,3.0,20.012001037597656,0.0035610878840088844,0.169996976852417,0.10415308177471161,9.339059829711914,-0.0013635624200105667,0.007460963912308216,-0.014035072177648544,35.022457122802734,41.172298431396484,-88.62797546386719
10.992851495742798,0,1.428722858428955,0.18510735034942627,2.0,3.853229522705078,2.008000135421753,2964.0,-0.0,3.0,20.016000747680664,0.003473023883998394,0.18496151268482208,0.36453577876091003,9.13793659210205,0.0168793685734272,-0.0009281206876039505,-0.01456771232187748,35.729984283447266,40.81736755371094,-87.94622039794922
11.014137983322144,0,1.4325040578842163,0.1860436052083969,2.0,2.7479066848754883,2.008000135421753,2948.0,-0.0,3.0,20.016000747680664,0.0037812478840351105,0.11193463206291199,0.34657835960388184,8.916461944580078,-0.007755246013402939,0.005463562905788422,-0.012836631387472153,34.49181365966797,41.34976577758789,-88.45753479003906
11.033424377441406,0,1.4364778995513916,0.18746386468410492,2.0,2.5192527770996094,2.01200008392334,3104.0,-0.0,3.0,20.124000549316406,0.003973888233304024,0.21788345277309418,0.12450483441352844,9.15709114074707,-0.012815329246222973,0.00945836491882801,-0.017896713688969612,34.31493377685547,40.462432861328125,-88.62797546386719
11.053739786148071,0,1.4400445222854614,0.18682804703712463,2.0,3.6645336151123047,2.008000135421753,2948.0,-0.0,3.0,20.016000747680664,0.003566592000424862,0.007781552150845528,0.45671725273132324,9.337862014770508,0.013417206704616547,-0.009317206218838692,-0.024288397282361984,35.376220703125,40.10749816894531,-88.28709411621094
11.073982000350952,0,1.4434349536895752,0.18377114832401276,2.0,4.411073684692383,2.0360000133514404,2944.0,-0.0,3.0,20.020000457763672,0.003390464000403881,0.02873188443481922,0.4202038049697876,8.779386520385742,-0.003893604502081871,-0.01424412801861763,-0.020293595269322395,35.5531005859375,40.28496551513672,-87.43490600585938
11.094248294830322,0,1.4468530416488647,0.1813865602016449,2.0,3.4210052490234375,2.008000135421753,2952.0,-0.0,3.0,20.012001037597656,0.003417984116822481,0.13767361640930176,0.3220365345478058,9.504267692565918,-0.01041844766587019,-0.017040491104125977,-0.013901911675930023,36.083744049072266,42.23710250854492,-89.30972290039062
11.114519834518433,0,1.4501471519470215,0.17868317663669586,2.0,3.3424739837646484,2.008000135421753,2944.0,-0.0,3.0,20.032001495361328,0.003294144058600068,0.2591855525970459,0.4291825294494629,9.193604469299316,0.018210969865322113,-0.013844650238752365,-0.010173428803682327,34.845577239990234,40.63990020751953,-87.43490600585938
11.134775876998901,0,1.4534715414047241,0.17586326599121094,2.0,3.519040107727051,2.01200008392334,3028.0,-0.0,3.0,20.00800132751465,0.0033244160003960133,0.1251034140586853,0.43756264448165894,8.8368501663208,-0.00482572428882122,-0.006121363490819931,-0.009640788659453392,34.845577239990234,39.930030822753906,-88.79840850830078
11.154893636703491,0,1.4565372467041016,0.17231081426143646,2.0,3.8939905166625977,2.008000135421753,2944.0,-0.0,3.0,20.012001037597656,0.0030657281167805195,0.19872887432575226,0.007781552150845528,9.253462791442871,-0.015212210826575756,0.0017350800335407257,-0.01150503009557724,36.43750762939453,41.88216781616211,-89.30972290039062
11.176343202590942,0,1.4599663019180298,0.17184919118881226,2.0,4.998769760131836,2.01200008392334,2956.0,-0.0,3.0,20.012001037597656,0.003428991883993149,0.11672328412532806,0.2130948156118393,9.453388214111328,0.022605251520872116,-0.008784566074609756,-0.020426755771040916,35.729984283447266,40.81736755371094,-87.94622039794922
11.195474863052368,0,1.4635218381881714,0.17273135483264923,2.0,5.13519287109375,2.008000135421753,2944.0,-0.0,3.0,20.00400161743164,0.0035555840004235506,0.08260416984558105,0.28672027587890625,8.99068546295166,0.013150885701179504,-0.01131460815668106,-0.018029874190688133,35.729984283447266,41.172298431396484,-88.9688491821289
11.215774536132812,0,1.4670857191085815,0.17350897192955017,2.0,5.143122673034668,2.01200008392334,2944.0,-0.0,3.0,20.00800132751465,0.003563839942216873,0.2639741897583008,0.049083635210990906,9.079874038696289,0.0011664796620607376,-0.015043091028928757,-0.012303991243243217,33.7842903137207,40.63990020751953,-88.11666107177734
11.235899209976196,0,1.4705642461776733,0.17314420640468597,2.0,2.87514591217041,2.01200008392334,2968.0,-0.0,3.0,20.00400161743164,0.0034785280004143715,0.370521605014801,0.2130948156118393,9.19420337677002,0.036054421216249466,0.0016019195318222046,-0.008442347869277,35.729984283447266,40.81736755371094,-88.9688491821289
11.256141662597656,0,1.4736272096633911,0.16966183483600616,2.0,5.064849376678467,2.01200008392334,2952.0,-0.0,3.0,20.00800132751465,0.0030629760585725307,0.17239131033420563,0.5776305794715881,8.794949531555176,0.010221365839242935,-0.009716685861349106,-0.016165632754564285,34.49181365966797,40.994834899902344,-87.7757797241211
11.276489973068237,0,1.476836085319519,0.16786767542362213,2.0,4.518919467926025,2.01200008392334,2948.0,-0.0,3.0,20.012001037597656,0.0032088318839669228,0.09038572013378143,0.2939032316207886,9.432437896728516,-0.017609091475605965,0.009991005063056946,-0.009507629089057446,34.845577239990234,40.63990020751953,-87.43490600585938
11.29672384262085,0,1.4801356792449951,0.16757351160049438,2.0,0.07691192626953125,2.01200008392334,2944.0,-0.0,3.0,20.016000747680664,0.003299647942185402,0.21548913419246674,0.18256717920303345,8.878151893615723,-0.00376044400036335,-0.005721883848309517,-0.008042868226766586,33.7842903137207,40.63990020751953,-87.7757797241211
11.31702446937561,0,1.4831904172897339,0.16481079161167145,2.0,3.396463394165039,2.004000186920166,2948.0,-0.0,3.0,20.016000747680664,0.0030547198839485645,0.046689312905073166,0.3322124183177948,9.166069984436035,0.011020325124263763,-0.0027923621237277985,-0.01976095512509346,35.729984283447266,41.88216781616211,-88.62797546386719
11.33723258972168,0,1.4861377477645874,0.1613646000623703,2.0,4.907350063323975,2.008000135421753,2952.0,-0.0,3.0,20.012001037597656,0.0029473919421434402,0.15982110798358917,0.21489055454730988,9.04276180267334,-0.005092045292258263,-0.008917726576328278,-0.011238710023462772,35.906864166259766,40.994834899902344,-87.09402465820312
11.357410907745361,0,1.48931086063385,0.16106544435024261,2.0,4.221520900726318,2.01200008392334,2948.0,-0.0,3.0,20.00800132751465,0.0031730560585856438,0.2729529142379761,0.3393953740596771,9.178041458129883,-0.0006977617740631104,0.00013715960085391998,-0.009773949161171913,34.668697357177734,41.172298431396484,-87.60533905029297
11.377737522125244,0,1.4924949407577515,0.16080236434936523,2.0,4.363259792327881,2.008000135421753,2948.0,-0.0,3.0,20.00800132751465,0.003184064058586955,0.2873188555240631,0.34178972244262695,9.032586097717285,0.005427602678537369,-0.00012916140258312225,-0.01656511425971985,33.7842903137207,41.34976577758789,-87.7757797241211
11.397987365722656,0,1.4953844547271729,0.15798017382621765,2.0,2.971257209777832,2.008000135421753,2952.0,-0.0,3.0,20.00800132751465,0.0028896001167595387,0.08140700310468674,0.20950332283973694,8.980509757995605,-0.004026763141155243,0.013053687289357185,-0.01869567483663559,34.13805389404297,40.63990020751953,-86.7531509399414
11.418286800384521,0,1.4982300996780396,0.15520724654197693,2.0,0.2202596664428711,2.004000186920166,2944.0,-0.0,3.0,20.012001037597656,0.0028455681167542934,0.15563103556632996,-0.011373037472367287,9.043959617614746,0.0030307210981845856,-0.004257123917341232,-0.01043974980711937,35.729984283447266,42.23710250854492,-88.28709411621094
11.43912959098816,0,1.501592993736267,0.1570027470588684,2.0,1.9800682067871094,2.01200008392334,2968.0,-0.0,3.0,20.00400161743164,0.003362943883985281,0.37770456075668335,0.30168479681015015,9.108007431030273,0.005028121173381805,0.013186847791075706,-0.016431953758001328,36.61438751220703,41.7047004699707,-88.79840850830078
11.45872974395752,0,1.504512906074524,0.15510307252407074,2.0,4.4692864418029785,2.008000135421753,2948.0,-0.0,3.0,20.00400161743164,0.002919872058555484,0.18496151268482208,0.5399199724197388,9.267230033874512,-0.004159923642873764,-0.0006618015468120575,-0.022157836705446243,35.376220703125,40.81736755371094,-87.60533905029297
11.48039174079895,0,1.5073447227478027,0.1526682823896408,2.0,4.387120246887207,2.004000186920166,2948.0,-0.0,3.0,20.012001037597656,0.0028318080585449934,-0.005387228447943926,0.4070350229740143,9.160083770751953,-0.017875412479043007,0.0031998418271541595,-0.018029874190688133,36.43750762939453,42.23710250854492,-87.60533905029297
11.499128103256226,0,1.5103580951690674,0.15250158309936523,2.0,2.1628646850585938,2.01200008392334,2948.0,-0.0,3.0,20.00800132751465,0.003013439942151308,0.1741870492696762,0.20232035219669342,8.952975273132324,0.002231759950518608,-0.0031918417662382126,-0.011771350167691708,34.31493377685547,40.81736755371094,-88.9688491821289
11.519335985183716,0,1.5129945278167725,0.14867715537548065,2.0,4.204008102416992,2.01200008392334,2944.0,-0.0,3.0,20.00400161743164,0.002636415883898735,0.33879679441452026,0.1741870492696762,9.13793659210205,0.018344130367040634,0.008126764558255672,-0.011105550453066826,35.022457122802734,40.81736755371094,-88.62797546386719
11.539611339569092,0,1.516197919845581,0.15037335455417633,2.0,2.2566699981689453,2.01200008392334,2968.0,-0.0,3.0,20.016000747680664,0.003203328000381589,0.2101019024848938,0.3944648206233978,9.015826225280762,-0.012282689101994038,0.00679516326636076,-0.01776355504989624,34.668697357177734,41.88216781616211,-87.94622039794922
11.559889078140259,0,1.5189388990402222,0.1481829434633255,2.0,4.514522552490234,2.008000135421753,2948.0,-0.0,3.0,20.00400161743164,0.0027409920003265142,0.022746074944734573,0.3800988793373108,9.243287086486816,-0.010285288095474243,0.007460963912308216,-0.017097752541303635,35.5531005859375,42.059635162353516,-88.79840850830078
11.580172538757324,0,1.5220431089401245,0.1497499793767929,2.0,0.2463512420654297,2.01200008392334,2944.0,-0.0,3.0,20.00400161743164,0.003104256000369787,0.1921444833278656,0.16460976004600525,8.687803268432617,0.006226561963558197,0.00013715960085391998,-0.013901911675930023,35.5531005859375,41.7047004699707,-87.43490600585938
11.600301742553711,0,1.5248639583587646,0.14822819828987122,2.0,2.9689388275146484,2.008000135421753,2948.0,-0.0,3.0,20.016000747680664,0.002820800058543682,0.1891515702009201,0.32083937525749207,9.410290718078613,0.014349326491355896,0.018513251096010208,-0.017896713688969612,35.729984283447266,41.172298431396484,-88.9688491821289
11.6205575466156,0,1.527527928352356,0.14546817541122437,2.0,5.503548622131348,2.0160000324249268,2952.0,-0.0,3.0,20.012001037597656,0.002663936000317335,0.15443387627601624,0.3663315176963806,9.316313743591309,-0.002295682206749916,0.0008029602468013763,-0.019228314980864525,35.022457122802734,41.5272331237793,-88.28709411621094
11.640854597091675,0,1.530700922012329,0.14733940362930298,2.0,5.575181484222412,2.01200008392334,2956.0,-0.0,3.0,20.00400161743164,0.0031730560585856438,-0.014964522793889046,0.5650603771209717,9.387544631958008,-0.010684767737984657,0.00426512211561203,-0.01683143340051174,35.1993408203125,42.059635162353516,-88.79840850830078
11.66115140914917,0,1.5335134267807007,0.1461460441350937,2.0,4.120511054992676,2.0160000324249268,2952.0,-0.0,3.0,20.00400161743164,0.002812543883919716,0.19334164261817932,0.46988603472709656,8.94399642944336,0.01474880799651146,-0.009317206218838692,-0.011105550453066826,35.022457122802734,40.81736755371094,-88.28709411621094
11.681296348571777,0,1.5364553928375244,0.1461527943611145,2.0,1.2653932571411133,2.004000186920166,2992.0,-0.0,3.0,20.00400161743164,0.0029418880585581064,0.3429868817329407,0.3621414601802826,8.731499671936035,0.013550367206335068,0.0018682405352592468,-0.01416823174804449,34.31493377685547,40.462432861328125,-87.94622039794922
11.701507329940796,0,1.5389541387557983,0.1425734907388687,2.0,6.01310396194458,2.0160000324249268,2948.0,-0.0,3.0,20.00400161743164,0.0024988160002976656,0.2831287682056427,0.16041968762874603,9.266033172607422,-0.0029614828526973724,0.00839308463037014,-0.019494634121656418,33.96117401123047,42.59203338623047,-87.26446533203125
11.721819400787354,0,1.5419152975082397,0.1433519572019577,2.0,5.597367286682129,2.004000186920166,2948.0,-0.0,3.0,20.00800132751465,0.0029611520003527403,0.08619565516710281,0.43995699286460876,8.975122451782227,-0.004426244646310806,0.006129362620413303,-0.018961995840072632,35.5531005859375,41.7047004699707,-88.11666107177734
11.74213695526123,0,1.5446618795394897,0.14193011820316315,2.0,4.30349063873291,2.01200008392334,2960.0,-0.0,3.0,20.00800132751465,0.002746495883911848,0.204116091132164,0.36453577876091003,9.128957748413086,0.004628641530871391,0.00945836491882801,-0.014700871892273426,35.022457122802734,41.172298431396484,-88.62797546386719
11.762382507324219,0,1.5471991300582886,0.13948294520378113,2.0,2.9225168228149414,2.01200008392334,2944.0,-0.0,3.0,20.012001037597656,0.002537344116717577,0.2741500735282898,0.14665232598781586,9.090648651123047,0.005294442176818848,0.012654206715524197,-0.014967191964387894,35.022457122802734,40.81736755371094,-87.94622039794922
11.78249478340149,0,1.5497750043869019,0.13683415949344635,2.0,4.965104103088379,2.01200008392334,3076.0,-0.0,3.0,20.056001663208008,0.0025758720003068447,0.11492753773927689,0.07422403246164322,8.876955032348633,-0.006157325580716133,0.011722085997462273,-0.020426755771040916,34.49181365966797,41.34976577758789,-87.43490600585938
11.802748680114746,0,1.5522381067276,0.13495688140392303,2.0,4.592304229736328,2.01200008392334,2944.0,-0.0,3.0,20.00800132751465,0.002463039942085743,-0.017358846962451935,0.15862394869327545,9.09364128112793,-0.005624685436487198,0.0031998418271541595,-0.02082623541355133,33.7842903137207,40.994834899902344,-88.79840850830078
11.823059797286987,0,1.5548359155654907,0.13418112695217133,2.0,0.5152587890625,2.004000186920166,2940.0,-0.0,3.0,20.036001205444336,0.0025978880003094673,0.020950332283973694,0.30886775255203247,9.116387367248535,0.0072918422520160675,0.0013356003910303116,-0.013236111029982567,35.376220703125,43.301902770996094,-88.28709411621094
11.843394041061401,0,1.5572797060012817,0.1315944641828537,2.0,4.86386775970459,2.01200008392334,2960.0,-0.0,3.0,20.012001037597656,0.002443776000291109,0.31066349148750305,0.42499247193336487,9.170858383178711,-0.002029363065958023,-0.0025260429829359055,-0.0069775874726474285,35.376220703125,41.88216781616211,-88.9688491821289
11.86359429359436,0,1.5597262382507324,0.13001099228858948,2.0,5.193920135498047,2.01200008392334,2952.0,-0.0,3.0,20.02800178527832,0.002446528058499098,0.3190436363220215,0.13468070328235626,9.027198791503906,-0.015744850039482117,0.002800360321998596,-0.01683143340051174,34.845577239990234,41.34976577758789,-88.45753479003906
11.884427309036255,0,1.563042402267456,0.1353454291820526,2.0,5.273591995239258,2.01200008392334,3076.0,-0.0,3.0,20.06800079345703,0.0033161600586026907,0.11432895809412003,0.26576992869377136,9.376172065734863,-0.008554206229746342,0.009857845492661,-0.026418957859277725,35.906864166259766,40.63990020751953,-88.79840850830078
11.904223203659058,0,1.5655385255813599,0.134015291929245,2.0,1.2175703048706055,2.008000135421753,2944.0,-0.0,3.0,20.00400161743164,0.002496063942089677,0.09517436474561691,0.34777551889419556,8.728507041931152,0.024469494819641113,-0.004123963415622711,-0.020426755771040916,35.022457122802734,43.301902770996094,-87.60533905029297
11.924529552459717,0,1.5679492950439453,0.1314869374036789,2.0,4.706045627593994,2.0199999809265137,2944.0,-0.0,3.0,20.032001495361328,0.002410752000287175,0.19932745397090912,0.38249319791793823,9.213357925415039,0.013949848711490631,0.015983209013938904,-0.010306589305400848,35.5531005859375,41.34976577758789,-88.11666107177734
11.944549322128296,0,1.570450782775879,0.13038726150989532,2.0,2.3367719650268555,2.004000186920166,2968.0,-0.0,3.0,20.00800132751465,0.0025015680585056543,0.2771429717540741,0.23763662576675415,9.09244441986084,0.005028121173381805,0.009724684990942478,-0.008042868226766586,35.376220703125,40.462432861328125,-86.92359161376953
11.964982509613037,0,1.5725477933883667,0.1259155422449112,2.0,4.467710018157959,2.0280001163482666,2948.0,-0.0,3.0,20.00400161743164,0.002097024116665125,0.10774456709623337,0.34358546137809753,9.014628410339355,-0.007622086443006992,0.007061483338475227,-0.019361473619937897,35.022457122802734,41.88216781616211,-87.94622039794922
11.985106468200684,0,1.575068712234497,0.12538500130176544,2.0,2.8018345832824707,2.01200008392334,3008.0,-0.0,3.0,20.016000747680664,0.002520832000300288,-0.018556008115410805,0.45492151379585266,9.444409370422363,-0.009885807521641254,-0.007186645641922951,-0.024288397282361984,35.729984283447266,41.5272331237793,-88.62797546386719
12.00543212890625,0,1.5773886442184448,0.12419236451387405,2.0,3.3545727729797363,2.008000135421753,2940.0,-0.0,3.0,20.012001037597656,0.002319935942068696,0.0580623485147953,0.4351683259010315,9.133746147155762,0.007957642897963524,-0.0026592016220092773,-0.01257031038403511,35.1993408203125,40.994834899902344,-88.79840850830078
12.026339769363403,0,1.5795516967773438,0.12073652446269989,2.0,4.499238014221191,2.0160000324249268,2940.0,-0.0,3.0,20.012001037597656,0.0021630721166729927,0.4124222695827484,0.2603827118873596,8.994277000427246,0.004894960671663284,-0.0015939213335514069,-0.0017843442037701607,35.5531005859375,42.059635162353516,-86.07139587402344
12.045975923538208,0,1.5816899538040161,0.11885011941194534,2.0,3.881439685821533,2.008000135421753,2940.0,-0.0,3.0,20.012001037597656,0.0021383040584623814,0.2992904484272003,0.11373037844896317,8.844632148742676,-0.00895368680357933,0.007993604056537151,-0.017097752541303635,34.31493377685547,42.23710250854492,-87.60533905029297
12.066206932067871,0,1.5837209224700928,0.1157384142279625,2.0,4.61470890045166,2.008000135421753,2952.0,-0.0,3.0,20.00800132751465,0.002030976116657257,0.03771059960126877,0.17837712168693542,9.239096641540527,-0.007755246013402939,0.009991005063056946,-0.026418957859277725,34.13805389404297,43.12443542480469,-88.11666107177734
12.0863356590271,0,1.5860271453857422,0.11541536450386047,2.0,4.3338799476623535,2.01200008392334,2960.0,-0.0,3.0,20.00800132751465,0.002306175883859396,-0.007182971108704805,0.27355149388313293,8.872764587402344,0.0007669981569051743,-0.005455564707517624,-0.016165632754564285,34.845577239990234,41.34976577758789,-87.7757797241211
12.106607913970947,0,1.5881296396255493,0.11381864547729492,2.0,0.23111534118652344,2.01200008392334,2952.0,-0.0,3.0,20.012001037597656,0.0021025280002504587,0.10235733538866043,0.2430238574743271,9.360608100891113,-0.0013635624200105667,0.0071946438401937485,-0.0053796665742993355,34.845577239990234,42.059635162353516,-87.7757797241211
12.1269211769104,0,1.5905128717422485,0.11450014263391495,2.0,4.8517231941223145,2.01200008392334,2944.0,-0.0,3.0,20.00400161743164,0.0023832321166992188,0.3352053165435791,0.22087636590003967,9.289976119995117,-0.007755246013402939,-0.0033250022679567337,-0.0069775874726474285,35.729984283447266,42.94696807861328,-87.94622039794922
12.14715838432312,0,1.5927282571792603,0.11380957067012787,2.0,3.8517775535583496,2.008000135421753,2948.0,-0.0,3.0,20.00800132751465,0.0022153600584715605,0.18077144026756287,0.19094730913639069,8.97153091430664,-0.001896202564239502,0.0012024398893117905,-0.020160436630249023,34.845577239990234,43.12443542480469,-89.13928985595703
12.167276620864868,0,1.594751000404358,0.11151789128780365,2.0,4.924869060516357,2.0199999809265137,2956.0,-0.0,3.0,20.00400161743164,0.002022719942033291,0.048485055565834045,0.24900966882705688,9.073887825012207,-0.0034941229969263077,-0.0025260429829359055,-0.026418957859277725,36.26062774658203,41.34976577758789,-88.45753479003906
12.18755578994751,0,1.596867322921753,0.11028879135847092,2.0,4.774531364440918,2.01200008392334,2968.0,-0.0,3.0,20.016000747680664,0.0021162880584597588,-0.013767361640930176,0.32562801241874695,9.201984405517578,0.005560761317610741,-0.012912526726722717,-0.018429353833198547,35.5531005859375,40.994834899902344,-87.7757797241211
12.2079017162323,0,1.598978042602539,0.10955553501844406,2.0,1.5912117958068848,2.008000135421753,2948.0,-0.0,3.0,20.00400161743164,0.0021107839420437813,0.09996301680803299,0.4405555725097656,8.92603874206543,-0.0012304019182920456,-0.008651405572891235,0.000745696946978569,36.083744049072266,41.88216781616211,-88.28709411621094
12.228169441223145,0,1.6009236574172974,0.10727962106466293,2.0,4.056422710418701,2.01200008392334,2940.0,-0.0,3.0,20.00800132751465,0.0019456639420241117,0.43995699286460876,0.20651042461395264,9.039170265197754,0.002364920452237129,-0.008917726576328278,0.0004793768748641014,35.1993408203125,42.059635162353516,-87.7757797241211
12.248228549957275,0,1.602698802947998,0.10396721959114075,2.0,4.247130393981934,2.01200008392334,2948.0,-0.0,3.0,20.00400161743164,0.0017750400584191084,0.21070048213005066,0.20890474319458008,9.023009300231934,-0.0030946433544158936,0.00945836491882801,-0.021492036059498787,34.845577239990234,42.769500732421875,-87.43490600585938
12.268535852432251,0,1.6050242185592651,0.10603303462266922,2.0,1.4786944389343262,2.0160000324249268,2944.0,-0.0,3.0,20.012001037597656,0.0023254400584846735,0.03352053090929985,0.4591115713119507,9.32349681854248,-0.008287886157631874,-0.007586125284433365,-0.02708476036787033,34.49181365966797,42.41456604003906,-88.11666107177734
12.288803577423096,0,1.607179045677185,0.10610939562320709,2.0,3.5817174911499023,2.008000135421753,2972.0,-0.0,3.0,20.00400161743164,0.0021548159420490265,0.07242829352617264,0.5159767866134644,9.076282501220703,0.003962840884923935,-0.009050887078046799,-0.015499832108616829,35.376220703125,42.23710250854492,-88.28709411621094
12.30907940864563,0,1.6091742515563965,0.10522058606147766,2.0,3.534151077270508,2.008000135421753,2940.0,-0.0,3.0,20.00800132751465,0.0019952000584453344,0.15263813734054565,0.39087334275245667,9.300151824951172,-0.00482572428882122,-0.0005286410450935364,-0.0017843442037701607,35.906864166259766,43.4793701171875,-87.7757797241211
12.329198837280273,0,1.6110455989837646,0.10318083316087723,2.0,2.113729476928711,2.0160000324249268,2952.0,-0.0,3.0,20.00800132751465,0.0018713600002229214,0.3591485619544983,0.2352423071861267,9.145119667053223,-0.002162523567676544,-0.004257123917341232,0.000745696946978569,34.845577239990234,42.41456604003906,-87.09402465820312
12.349572896957397,0,1.6130847930908203,0.10283949226140976,2.0,3.4557981491088867,2.01200008392334,2944.0,-0.0,3.0,20.012001037597656,0.0020392320584505796,0.238235205411911,0.3142549991607666,8.87515926361084,-0.004293084144592285,0.0053304024040699005,-0.017230913043022156,35.5531005859375,40.994834899902344,-86.07139587402344
12.369772911071777,0,1.615291953086853,0.10435751080513,2.0,2.5942978858947754,2.0280001163482666,2944.0,-0.0,3.0,20.00800132751465,0.002207104116678238,0.09158287942409515,0.2633756101131439,9.360608100891113,-0.013614289462566376,-0.0029255226254463196,-0.025619998574256897,35.5531005859375,42.769500732421875,-87.7757797241211
12.390010356903076,0,1.6173256635665894,0.10382960736751556,2.0,4.523208141326904,2.01200008392334,2960.0,-0.0,3.0,20.00400161743164,0.002033727942034602,-0.03112620860338211,0.33161383867263794,9.322299003601074,0.005028121173381805,-0.010382486507296562,-0.022024676203727722,34.668697357177734,42.23710250854492,-87.94622039794922
12.410139083862305,0,1.6194171905517578,0.104219950735569,2.0,4.236942291259766,2.01200008392334,2940.0,-0.0,3.0,20.012001037597656,0.0020915200002491474,0.11373037844896317,0.35795140266418457,8.85600471496582,0.00449548102915287,-0.01331200823187828,-0.007909707725048065,34.31493377685547,42.23710250854492,-89.65060424804688
12.430526733398438,0,1.621161937713623,0.10112746059894562,2.0,5.522587776184082,2.01200008392334,2944.0,-0.0,3.0,20.00400161743164,0.0017447680002078414,0.3274237811565399,0.21489055454730988,9.27261734008789,0.009422402828931808,0.008126764558255672,0.007137381471693516,34.845577239990234,41.7047004699707,-87.7757797241211
12.451377868652344,0,1.6237350702285767,0.1057552844285965,2.0,4.91413688659668,2.01200008392334,2944.0,-0.0,3.0,20.00400161743164,0.002573119942098856,0.4124222695827484,0.36154288053512573,9.109204292297363,-0.0049588847905397415,-0.008251925930380821,-0.0053796665742993355,35.729984283447266,41.88216781616211,-87.60533905029297
12.471005201339722,0,1.6256945133209229,0.10437535494565964,2.0,2.4364514350891113,2.008000135421753,2952.0,-0.0,3.0,20.016000747680664,0.001959424000233412,0.18256717920303345,0.4872448742389679,8.8865327835083,-0.0028283223509788513,0.011056286282837391,-0.02282363548874855,34.49181365966797,41.34976577758789,-88.45753479003906
12.491106271743774,0,1.6276813745498657,0.10335050523281097,2.0,2.7971134185791016,2.01200008392334,2964.0,-0.0,3.0,20.00400161743164,0.001986944116652012,0.020950332283973694,0.36752867698669434,9.028395652770996,-0.004426244646310806,-0.0026592016220092773,-0.025220517069101334,35.729984283447266,42.59203338623047,-87.26446533203125
12.511408805847168,0,1.6293354034423828,0.09982728958129883,2.0,2.3400959968566895,2.004000186920166,2940.0,-0.0,3.0,20.00400161743164,0.001653952058404684,0.07063254714012146,0.2723543345928192,9.22293472290039,-0.002162523567676544,0.0029335208237171173,-0.011771350167691708,36.083744049072266,41.88216781616211,-88.9688491821289
12.531665086746216,0,1.6316139698028564,0.10162410885095596,2.0,1.5314712524414062,2.01200008392334,3020.0,-0.0,3.0,20.012001037597656,0.0022786560002714396,0.20651042461395264,0.5333356261253357,8.981108665466309,-0.007755246013402939,0.0035993214696645737,0.0018109781667590141,35.729984283447266,41.5272331237793,-89.30972290039062
12.551945209503174,0,1.6334551572799683,0.1003899797797203,2.0,3.3585476875305176,2.01200008392334,2948.0,-0.0,3.0,20.00800132751465,0.0018410880584269762,0.3142549991607666,0.25858697295188904,9.045156478881836,-0.0032278038561344147,0.007460963912308216,0.004207858815789223,34.668697357177734,41.5272331237793,-88.28709411621094
12.572242259979248,0,1.6351557970046997,0.09764429181814194,2.0,4.011144161224365,2.008000135421753,2944.0,-0.0,3.0,20.00800132751465,0.0017007360002025962,0.2310522347688675,0.12031476944684982,8.985298156738281,-0.0070894453674554825,0.0053304024040699005,-0.013768751174211502,34.668697357177734,41.5272331237793,-87.94622039794922
12.592563152313232,0,1.63678777217865,0.09464356303215027,2.0,1.6911263465881348,2.004000186920166,2960.0,-0.0,3.0,20.012001037597656,0.0016319360584020615,0.02753472328186035,0.18795441091060638,9.259448051452637,-0.014146929606795311,0.0034661609679460526,-0.02801688015460968,34.845577239990234,41.7047004699707,-87.43490600585938
12.612798929214478,0,1.6387581825256348,0.09528721123933792,2.0,3.232123851776123,2.01200008392334,2948.0,-0.0,3.0,20.00400161743164,0.001970432000234723,-0.0017957427771762013,0.3669300973415375,9.121774673461914,-0.013214809820055962,-0.005721883848309517,-0.023089956492185593,35.022457122802734,42.23710250854492,-87.94622039794922
12.633172750473022,0,1.6403048038482666,0.09144072234630585,2.0,5.224949836730957,2.01200008392334,3100.0,-0.0,3.0,20.128000259399414,0.001546624000184238,0.11552611738443375,0.31365641951560974,8.92065143585205,-0.0006977617740631104,-0.007186645641922951,-0.0032491052988916636,35.729984283447266,41.88216781616211,-87.60533905029297
12.65323781967163,0,1.642842173576355,0.09797844290733337,2.0,4.380948066711426,2.01200008392334,2944.0,-0.0,3.0,20.00800132751465,0.002537344116717577,0.3010862171649933,0.2873188555240631,9.331876754760742,-0.0010972414165735245,0.01358632743358612,0.0086021414026618,35.1993408203125,44.89910125732422,-88.11666107177734
12.673458099365234,0,1.64443838596344,0.09483925998210907,2.0,-0.07714462280273438,2.0360000133514404,2944.0,-0.0,3.0,20.00800132751465,0.0015961600001901388,0.3340081572532654,0.11193463206291199,8.929630279541016,0.016613047569990158,0.0017350800335407257,-0.0021838247776031494,34.845577239990234,41.7047004699707,-88.79840850830078
12.693745613098145,0,1.6463454961776733,0.09471775591373444,2.0,1.8696856498718262,2.008000135421753,2952.0,-0.0,3.0,20.00400161743164,0.001907136058434844,0.16760265827178955,0.21668629348278046,9.133746147155762,-0.005491524934768677,0.008659404702484608,-0.02295679599046707,34.31493377685547,41.5272331237793,-87.94622039794922
12.714025497436523,0,1.6478976011276245,0.09171921759843826,2.0,5.195911407470703,2.01200008392334,2948.0,-0.0,3.0,20.016000747680664,0.0015521280001848936,0.0760197788476944,0.25260114669799805,8.985298156738281,0.0014327988028526306,-0.004922924563288689,-0.024421557784080505,35.5531005859375,41.34976577758789,-88.45753479003906
12.734314680099487,0,1.6504322290420532,0.09707774221897125,2.0,2.01832914352417,2.01200008392334,3048.0,-0.0,3.0,20.00400161743164,0.0025345920585095882,0.06644248217344284,0.5494973063468933,9.22293472290039,-0.0052252039313316345,0.0005366392433643341,-0.014967191964387894,33.96117401123047,42.59203338623047,-88.62797546386719
12.754394292831421,0,1.652009129524231,0.0941619947552681,2.0,4.554163932800293,2.01200008392334,2944.0,-0.0,3.0,20.012001037597656,0.001576896058395505,0.18376433849334717,0.5189696550369263,8.84343433380127,0.00862344354391098,0.0031998418271541595,-0.0033822653349488974,35.376220703125,41.88216781616211,-88.62797546386719
12.774678468704224,0,1.6537373065948486,0.09286382794380188,2.0,0.6156735420227051,2.01200008392334,2952.0,-0.0,3.0,20.00800132751465,0.0017282560002058744,0.3322124183177948,0.18975014984607697,9.303144454956055,0.010754004120826721,0.015317408367991447,0.0003462168388068676,34.49181365966797,42.769500732421875,-87.7757797241211
12.795015096664429,0,1.6551793813705444,0.08905194699764252,2.0,6.275745391845703,2.0160000324249268,2944.0,-0.0,3.0,20.00400161743164,0.0014420480001717806,0.2430238574743271,0.2561926245689392,8.93860912322998,0.010088205337524414,0.0034661609679460526,-0.008575508370995522,35.1993408203125,41.7047004699707,-88.45753479003906
12.815422058105469,0,1.6574745178222656,0.09339138865470886,2.0,4.886780738830566,2.008000135421753,2952.0,-0.0,3.0,20.012001037597656,0.0022951681166887283,0.11851902306079865,0.2903117537498474,9.273215293884277,-0.0017630420625209808,0.00426512211561203,-0.018296193331480026,34.13805389404297,42.41456604003906,-87.7757797241211
12.835360050201416,0,1.6591285467147827,0.09123554080724716,2.0,2.8136072158813477,2.008000135421753,2976.0,-0.0,3.0,20.00400161743164,0.001653952058404684,0.0305276270955801,0.3280223608016968,9.06071949005127,0.006759202107787132,3.999099135398865e-06,-0.018029874190688133,34.31493377685547,41.172298431396484,-87.94622039794922
12.855610847473145,0,1.6605733633041382,0.08800094574689865,2.0,4.738370895385742,2.01200008392334,2948.0,-0.0,3.0,20.00400161743164,0.0014448000583797693,0.051477961242198944,0.21489055454730988,9.030790328979492,0.002364920452237129,-0.0066540054976940155,-0.01004026923328638,35.729984283447266,42.94696807861328,-88.62797546386719
12.87590742111206,0,1.6621254682540894,0.08582785725593567,2.0,4.084479331970215,2.0160000324249268,2944.0,-0.0,3.0,20.00400161743164,0.0015521280001848936,0.16939839720726013,0.18256717920303345,9.070895195007324,0.0027644000947475433,-0.0066540054976940155,-5.326326936483383e-05,35.022457122802734,42.59203338623047,-88.62797546386719
12.896173238754272,0,1.66375732421875,0.08545008301734924,2.0,2.5475964546203613,2.008000135421753,2948.0,-0.0,3.0,20.00800132751465,0.0016319360584020615,0.29869186878204346,0.13887077569961548,8.87635612487793,0.006492882966995239,0.004930921830236912,0.006338420324027538,35.376220703125,43.301902770996094,-88.62797546386719
12.91659927368164,0,1.6651829481124878,0.08289384096860886,2.0,4.154815196990967,2.008000135421753,2940.0,-0.0,3.0,20.036001205444336,0.0014255360001698136,0.26457276940345764,0.16760265827178955,9.381558418273926,0.0015659593045711517,0.00426512211561203,-0.0021838247776031494,36.26062774658203,43.12443542480469,-87.7757797241211
12.936729431152344,0,1.66650390625,0.07968126982450485,2.0,4.596985816955566,2.01200008392334,2960.0,-0.0,3.0,20.012001037597656,0.0013209600001573563,0.11432895809412003,0.18855299055576324,9.070895195007324,-0.00882052630186081,0.0017350800335407257,-0.016032472252845764,35.022457122802734,42.94696807861328,-87.94622039794922
12.956836223602295,0,1.6681715250015259,0.08050952851772308,2.0,3.9279069900512695,2.008000135421753,2944.0,-0.0,3.0,20.00400161743164,0.0016677120001986623,-0.011373037472367287,0.17239131033420563,9.227723121643066,-0.012549009174108505,-0.004656603559851646,-0.01856251433491707,35.906864166259766,42.059635162353516,-87.7757797241211
12.977142572402954,0,1.6695311069488525,0.07826685905456543,2.0,4.214115142822266,2.01200008392334,2944.0,-0.0,3.0,20.016000747680664,0.0013594880001619458,0.07242829352617264,0.24781250953674316,9.003854751586914,0.002098599448800087,-0.006121363490819931,-0.011238710023462772,34.31493377685547,44.366703033447266,-88.62797546386719
12.997642278671265,0,1.6709015369415283,0.07660528272390366,2.0,3.012932300567627,2.01200008392334,2940.0,-0.0,3.0,20.012001037597656,0.0013704960001632571,0.15862394869327545,0.2549954652786255,9.10621166229248,-0.005891004577279091,-0.0026592016220092773,-0.001518024131655693,34.668697357177734,42.94696807861328,-87.26446533203125
13.017683029174805,0,1.6724178791046143,0.07637237012386322,2.0,3.278477191925049,2.008000135421753,2944.0,-0.0,3.0,20.00800132751465,0.001516351941972971,0.2741500735282898,0.20770758390426636,9.315115928649902,-0.008154726587235928,0.0029335208237171173,0.0030094189569354057,35.1993408203125,43.12443542480469,-89.821044921875
13.037962436676025,0,1.6736811399459839,0.07384149730205536,2.0,5.133599281311035,2.0160000324249268,2964.0,-0.0,3.0,20.012001037597656,0.001263167941942811,0.24242527782917023,0.36094430088996887,9.034980773925781,0.0007669981569051743,0.0034661609679460526,-0.0029827849939465523,35.5531005859375,42.059635162353516,-88.11666107177734
13.058219194412231,0,1.6754010915756226,0.07597243040800095,2.0,4.9987664222717285,2.004000186920166,2944.0,-0.0,3.0,20.012001037597656,0.0017200000584125519,0.1592225283384323,0.28791743516921997,9.346242904663086,-0.0010972414165735245,0.007594123482704163,-0.007776548154652119,35.376220703125,41.88216781616211,-87.60533905029297
13.07835865020752,0,1.6768513917922974,0.07532371580600739,2.0,2.0685477256774902,2.004000186920166,2952.0,-0.0,3.0,20.00800132751465,0.0014503039419651031,0.053273703902959824,0.4190066456794739,9.16247844696045,0.009022925049066544,0.004930921830236912,-0.007243907544761896,35.022457122802734,42.94696807861328,-88.9688491821289
13.098682403564453,0,1.6780402660369873,0.07244633138179779,2.0,3.386474132537842,2.01200008392334,2948.0,-0.0,3.0,20.00800132751465,0.0011888640001416206,0.0610552541911602,0.528546929359436,9.0289945602417,0.0009001586586236954,-0.0005286410450935364,-0.006178626790642738,33.96117401123047,42.23710250854492,-86.92359161376953
13.118898391723633,0,1.679826259613037,0.07537519186735153,2.0,-0.2236943244934082,2.0160000324249268,2948.0,-0.0,3.0,20.016000747680664,0.0017860480584204197,0.15383529663085938,0.5698490142822266,9.050543785095215,-0.002029363065958023,-0.004390282556414604,-0.01043974980711937,34.668697357177734,42.41456604003906,-88.45753479003906
13.139187335968018,0,1.6812821626663208,0.07469341903924942,2.0,5.41318416595459,2.01200008392334,2956.0,-0.0,3.0,20.00800132751465,0.0014558080583810806,0.17837712168693542,0.5249554514884949,9.18881607055664,-0.005092045292258263,-0.003724483773112297,-0.013369271531701088,36.083744049072266,41.88216781616211,-89.9914779663086
13.159449100494385,0,1.682724118232727,0.07430840283632278,2.0,4.679727077484131,2.01200008392334,2948.0,-0.0,3.0,20.00400161743164,0.0014420480001717806,0.14425800740718842,0.6327000260353088,9.318109512329102,-0.01614433154463768,0.002267720177769661,-0.010972389951348305,33.96117401123047,42.94696807861328,-87.94622039794922
13.179556608200073,0,1.6840780973434448,0.0729440301656723,2.0,2.4657764434814453,2.01200008392334,2952.0,-0.0,3.0,20.00400161743164,0.0013539840001612902,0.1640111804008484,0.4920335114002228,8.987692832946777,-0.002295682206749916,-0.0010612811893224716,-0.003648585407063365,34.49181365966797,44.54417037963867,-86.7531509399414
13.199803829193115,0,1.6852366924285889,0.07050721347332001,2.0,4.858114242553711,2.0160000324249268,2948.0,-0.0,3.0,20.00400161743164,0.0011585920583456755,0.1741870492696762,0.24781250953674316,9.11040210723877,0.0028975605964660645,0.008925724774599075,0.0020772982388734818,35.376220703125,42.94696807861328,-88.28709411621094
13.22011947631836,0,1.6868962049484253,0.07252206653356552,2.0,4.880694389343262,2.004000186920166,2948.0,-0.0,3.0,20.00800132751465,0.0016594559419900179,0.15383529663085938,0.40464070439338684,9.197196006774902,0.0006338395178318024,0.010257325135171413,-0.0011185440234839916,35.022457122802734,43.301902770996094,-88.28709411621094
13.240371465682983,0,1.6885225772857666,0.0737798884510994,2.0,2.4473929405212402,2.0160000324249268,2960.0,-0.0,3.0,20.012001037597656,0.001626431941986084,0.12989206612110138,0.4704846143722534,9.174449920654297,-0.004026763141155243,0.0002703201025724411,-0.010839229449629784,35.022457122802734,41.88216781616211,-87.60533905029297
13.260642528533936,0,1.6902344226837158,0.07608333975076675,2.0,2.237957000732422,2.01200008392334,2952.0,-0.0,3.0,20.00400161743164,0.0017117440002039075,0.1652083396911621,0.30946633219718933,9.212759017944336,-0.0049588847905397415,-0.0009281206876039505,-0.01976095512509346,32.192359924316406,42.59203338623047,-87.26446533203125
13.280805587768555,0,1.6916351318359375,0.07496149837970734,2.0,4.544963836669922,2.01200008392334,2964.0,-0.0,3.0,20.012001037597656,0.0014007680583745241,0.18556009232997894,0.24841108918190002,9.198991775512695,0.004628641530871391,-0.004656603559851646,-0.016032472252845764,35.376220703125,43.301902770996094,-87.26446533203125
13.301040172576904,0,1.6927413940429688,0.07148601859807968,2.0,3.8125271797180176,2.008000135421753,2952.0,-0.0,3.0,20.00800132751465,0.0011063040001317859,0.14246225357055664,0.2609812915325165,8.94100284576416,-0.002428842708468437,0.0053304024040699005,-0.009108148515224457,36.26062774658203,42.769500732421875,-89.13928985595703
13.32136344909668,0,1.6943899393081665,0.07365189492702484,2.0,2.9363160133361816,2.0199999809265137,2944.0,-0.0,3.0,20.00800132751465,0.0016484479419887066,0.24661533534526825,0.019154589623212814,9.215751647949219,-0.0049588847905397415,0.008526244200766087,-0.0016511841677129269,35.5531005859375,43.12443542480469,-88.79840850830078
13.34158444404602,0,1.6957824230194092,0.07292313128709793,2.0,3.7436351776123047,2.01200008392334,2956.0,-0.0,3.0,20.012001037597656,0.0013925120001658797,0.22686217725276947,0.056266605854034424,9.09483814239502,0.011419806629419327,0.016382688656449318,-0.006178626790642738,34.668697357177734,43.65683364868164,-88.28709411621094
13.36189317703247,0,1.6968419551849365,0.06944354623556137,2.0,3.2489447593688965,2.01200008392334,2956.0,-0.0,3.0,20.012001037597656,0.0010595200583338737,0.047287892550230026,0.13468070328235626,9.122373580932617,0.006226561963558197,0.013186847791075706,-0.012170830741524696,35.376220703125,42.59203338623047,-89.30972290039062
13.381987810134888,0,1.698421597480774,0.07064718008041382,2.0,4.621307849884033,2.0160000324249268,3044.0,-0.0,3.0,20.016000747680664,0.0015796480001881719,-0.0005985809257254004,0.28073444962501526,9.332475662231445,-0.007622086443006992,0.007460963912308216,-0.01150503009557724,34.845577239990234,44.18923568725586,-88.11666107177734
13.402271747589111,0,1.6997562646865845,0.07008670270442963,2.0,4.028210639953613,2.004000186920166,2948.0,-0.0,3.0,20.012001037597656,0.0013347200583666563,0.11732186377048492,0.3232336938381195,9.046952247619629,-0.0032278038561344147,-0.006121363490819931,-0.010173428803682327,36.26062774658203,42.41456604003906,-87.7757797241211
13.422630786895752,0,1.7012038230895996,0.07068601250648499,2.0,1.9798235893249512,2.01200008392334,2944.0,-0.0,3.0,20.016000747680664,0.0014475520001724362,0.20651042461395264,0.10774456709623337,8.988290786743164,-0.00482572428882122,0.0002703201025724411,-0.010306589305400848,34.31493377685547,40.462432861328125,-87.26446533203125
13.442818880081177,0,1.702486276626587,0.0693083181977272,2.0,3.040085792541504,2.01200008392334,2956.0,-0.0,3.0,20.00800132751465,0.0012824320001527667,0.15383529663085938,0.22686217725276947,9.12416934967041,-0.00043144263327121735,-0.0011944416910409927,-0.012703470885753632,35.376220703125,42.94696807861328,-88.62797546386719
13.463090658187866,0,1.7036311626434326,0.06729023158550262,2.0,4.325761318206787,2.004000186920166,2952.0,-0.0,3.0,20.00800132751465,0.0011448320001363754,0.1550324559211731,0.2460167557001114,9.005051612854004,-0.007488925941288471,0.0014687608927488327,-0.010706069879233837,35.376220703125,42.94696807861328,-88.28709411621094
13.483444929122925,0,1.7050511837005615,0.06776835024356842,2.0,2.3320937156677246,2.004000186920166,3112.0,-0.0,3.0,20.1200008392334,0.001420032000169158,0.1502438187599182,0.14365942776203156,9.405502319335938,-0.003360964357852936,0.005996203050017357,-0.0044475458562374115,33.6074104309082,43.65683364868164,-88.28709411621094
13.50380802154541,0,1.706146478652954,0.06573621183633804,2.0,4.504744529724121,2.008000135421753,2940.0,-0.0,3.0,20.00800132751465,0.0010952960001304746,0.13348354399204254,0.292107492685318,8.969735145568848,0.005294442176818848,0.007061483338475227,-0.005246506538242102,33.25364685058594,42.94696807861328,-88.9688491821289
13.523972034454346,0,1.7072087526321411,0.06341928243637085,2.0,4.173688888549805,2.01200008392334,2944.0,-0.0,3.0,20.016000747680664,0.0010622720001265407,0.10175875574350357,0.3130578100681305,9.131352424621582,-0.00029828213155269623,0.006395682692527771,-0.0048470264300704,35.376220703125,43.301902770996094,-88.62797546386719
13.544072389602661,0,1.708251714706421,0.061386119574308395,2.0,1.8861002922058105,2.01200008392334,2964.0,-0.0,3.0,20.00400161743164,0.001043007941916585,0.09816727042198181,0.28552308678627014,9.352827072143555,-0.0029614828526973724,0.005863042548298836,-0.007110747508704662,34.13805389404297,42.41456604003906,-87.7757797241211
13.564350128173828,0,1.709580898284912,0.062278714030981064,2.0,1.9935388565063477,2.004000186920166,2940.0,-0.0,3.0,20.00400161743164,0.0013292159419506788,0.0640481561422348,0.45073142647743225,9.09483814239502,-0.0001651216298341751,-0.0011944416910409927,-0.007243907544761896,35.376220703125,43.65683364868164,-87.60533905029297
13.584647178649902,0,1.710896372795105,0.06269539892673492,2.0,4.788233757019043,2.01200008392334,3032.0,-0.0,3.0,20.00400161743164,0.0013154560001567006,0.13887077569961548,0.38967618346214294,8.879947662353516,0.00010119937360286713,-0.0033250022679567337,-0.008042868226766586,35.022457122802734,42.59203338623047,-87.94622039794922
13.60492730140686,0,1.711936593055725,0.061116550117731094,2.0,2.267683506011963,2.01200008392334,2948.0,-0.0,3.0,20.00400161743164,0.001040256000123918,0.1921444833278656,0.3531627357006073,9.1965970993042,0.001965438947081566,0.0010692793875932693,-0.009773949161171913,35.729984283447266,42.23710250854492,-88.28709411621094
13.6250159740448,0,1.7129521369934082,0.05917872115969658,2.0,4.26979398727417,2.01200008392334,2952.0,-0.0,3.0,20.00400161743164,0.0010154880583286285,0.16341258585453033,0.4291825294494629,9.122373580932617,-0.004559403285384178,-0.00012916140258312225,-0.011238710023462772,34.668697357177734,41.172298431396484,-86.24183654785156
13.645410299301147,0,1.7139759063720703,0.05775627866387367,2.0,4.318090915679932,2.008000135421753,2948.0,-0.0,3.0,20.00800132751465,0.001023744000121951,0.1340821236371994,0.3723173439502716,9.20797061920166,-0.005624685436487198,0.0010692793875932693,-0.01043974980711937,34.845577239990234,42.769500732421875,-88.11666107177734
13.665587186813354,0,1.7148427963256836,0.055150873959064484,2.0,4.448404312133789,2.004000186920166,2944.0,-0.0,3.0,20.00400161743164,0.000866880000103265,0.10954030603170395,0.27055856585502625,9.066106796264648,-0.002428842708468437,-0.0007949620485305786,-0.0069775874726474285,35.022457122802734,42.23710250854492,-87.94622039794922
13.685861587524414,0,1.7159903049468994,0.055605366826057434,2.0,2.4040699005126953,2.01200008392334,2968.0,-0.0,3.0,20.00800132751465,0.0011475840583443642,0.15622961521148682,0.2412281185388565,9.076881408691406,-0.0012304019182920456,0.0029335208237171173,-0.0044475458562374115,35.906864166259766,41.7047004699707,-86.7531509399414
13.705962181091309,0,1.7170994281768799,0.055573880672454834,2.0,3.4619386196136475,2.008000135421753,2948.0,-0.0,3.0,20.00800132751465,0.0011090559419244528,0.16460976004600525,0.31784647703170776,9.212160110473633,0.0016991198062896729,0.006395682692527771,-0.006444946862757206,34.668697357177734,43.65683364868164,-87.26446533203125
13.726229429244995,0,1.718161702156067,0.05515488237142563,2.0,4.9292893409729,2.0160000324249268,2948.0,-0.0,3.0,20.00800132751465,0.0010622720001265407,0.13527928292751312,0.30467769503593445,8.965544700622559,0.0010333191603422165,0.0053304024040699005,-0.009507629089057446,35.5531005859375,42.769500732421875,-87.43490600585938
13.746542930603027,0,1.7192872762680054,0.05533641204237938,2.0,2.4808216094970703,2.01200008392334,2952.0,-0.0,3.0,20.00400161743164,0.0011255680583417416,0.09697011113166809,0.30288195610046387,9.231913566589355,0.0006338395178318024,0.006662003695964813,-0.009108148515224457,33.7842903137207,42.769500732421875,-87.43490600585938
13.767385005950928,0,1.7205365896224976,0.05671217665076256,2.0,4.4763898849487305,2.008000135421753,2948.0,-0.0,3.0,20.036001205444336,0.0012494080001488328,0.08858997374773026,0.3669300973415375,8.859596252441406,0.0028975605964660645,0.0014687608927488327,-0.007909707725048065,34.31493377685547,42.23710250854492,-89.30972290039062
13.78709101676941,0,1.7215384244918823,0.05551605671644211,2.0,2.582505226135254,2.01200008392334,2964.0,-0.0,3.0,20.012001037597656,0.0010017280001193285,0.12749773263931274,0.3040791153907776,9.204379081726074,0.006626041606068611,0.0017350800335407257,-0.004580705892294645,34.845577239990234,42.769500732421875,-88.79840850830078
13.807338953018188,0,1.7225483655929565,0.05472381040453911,2.0,4.898828983306885,2.01200008392334,2944.0,-0.0,3.0,20.00400161743164,0.001009983941912651,0.12091334909200668,0.42858394980430603,9.076282501220703,-0.003360964357852936,0.0012024398893117905,-0.006578107364475727,35.5531005859375,43.83430099487305,-87.7757797241211
13.827441930770874,0,1.7235748767852783,0.054192449897527695,2.0,2.439779281616211,2.004000186920166,2948.0,-0.0,3.0,20.00800132751465,0.0010264960583299398,0.15622961521148682,0.3070720136165619,9.194801330566406,-0.005491524934768677,0.002001401036977768,-0.009773949161171913,34.668697357177734,42.94696807861328,-88.9688491821289
13.847687005996704,0,1.7245324850082397,0.05300113558769226,2.0,4.074771404266357,2.01200008392334,2944.0,-0.0,3.0,20.012001037597656,0.0009576960001140833,0.10535024106502533,0.4124222695827484,9.08825397491455,-0.007622086443006992,-0.0023928824812173843,-0.010839229449629784,35.1993408203125,42.769500732421875,-88.79840850830078
13.868003368377686,0,1.7254847288131714,0.05205831676721573,2.0,4.367100715637207,2.0160000324249268,2944.0,-0.0,3.0,20.00800132751465,0.0009521920001134276,0.09158287942409515,0.30886775255203247,8.94399642944336,-0.008287886157631874,-0.0006618015468120575,-0.012836631387472153,34.845577239990234,42.41456604003906,-89.13928985595703
13.888230800628662,0,1.7262910604476929,0.04983970522880554,2.0,4.8872785568237305,2.01200008392334,2948.0,-0.0,3.0,20.00800132751465,0.0008063360000960529,0.10834314674139023,0.22626358270645142,9.197196006774902,-0.0026951637119054794,0.0013356003910303116,-0.006844427436590195,35.022457122802734,44.366703033447266,-88.28709411621094
13.90856385231018,0,1.7273120880126953,0.0502018965780735,2.0,2.367185115814209,2.01200008392334,2956.0,-0.0,3.0,20.00400161743164,0.0010209919419139624,0.14066651463508606,0.19453880190849304,9.11279582977295,-0.003893604502081871,0.002400880679488182,-0.0032491052988916636,36.26062774658203,43.83430099487305,-87.09402465820312
13.928623914718628,0,1.7283577919006348,0.05050625279545784,2.0,3.2811179161071777,2.01200008392334,2944.0,-0.0,3.0,20.00800132751465,0.0010457600001245737,0.12091334909200668,0.2813330292701721,9.235505104064941,-0.0013635624200105667,0.0071946438401937485,-0.00404806574806571,33.07676696777344,42.41456604003906,-89.13928985595703
13.948891162872314,0,1.7292301654815674,0.04929190129041672,2.0,4.2734808921813965,2.01200008392334,2944.0,-0.0,3.0,20.00400161743164,0.0008723840001039207,0.10954030603170395,0.3154521584510803,9.00984001159668,0.005427602678537369,0.0035993214696645737,-0.005912306718528271,33.96117401123047,42.59203338623047,-89.30972290039062
13.969189643859863,0,1.72995126247406,0.046892937272787094,2.0,5.105423927307129,2.004000186920166,2948.0,-0.0,3.0,20.016000747680664,0.0007210240000858903,0.10654740780591965,0.2699599862098694,9.146915435791016,0.004229161888360977,0.004131961613893509,-0.004980186000466347,33.7842903137207,42.059635162353516,-89.13928985595703
13.989444971084595,0,1.731118083000183,0.04879419878125191,2.0,3.2929880619049072,2.01200008392334,2952.0,-0.0,3.0,20.00400161743164,0.001166848000138998,0.14126509428024292,0.23883378505706787,9.300151824951172,0.0030307210981845856,0.0016019195318222046,-0.0033822653349488974,33.07676696777344,43.83430099487305,-89.48016357421875
14.009727716445923,0,1.7319079637527466,0.047139521688222885,2.0,4.902804374694824,2.004000186920166,2948.0,-0.0,3.0,20.012001037597656,0.0007898240000940859,0.14425800740718842,0.350169837474823,8.950580596923828,0.006759202107787132,-0.0005286410450935364,-0.005645986646413803,34.845577239990234,43.83430099487305,-89.13928985595703
14.030012130737305,0,1.7330032587051392,0.04840705171227455,2.0,2.4645349979400635,2.01200008392334,2948.0,-0.0,3.0,20.00800132751465,0.0010952960001304746,0.1370750367641449,0.4435484707355499,9.131950378417969,-0.0029614828526973724,0.0006697997450828552,-0.006844427436590195,35.5531005859375,42.41456604003906,-88.79840850830078
14.050081253051758,0,1.7337902784347534,0.046786725521087646,2.0,5.719163417816162,2.004000186920166,2948.0,-0.0,3.0,20.016000747680664,0.0007870720000937581,0.13527928292751312,0.3489726781845093,9.145119667053223,0.0005006790161132812,-0.0007949620485305786,-0.00884182844310999,35.376220703125,43.65683364868164,-89.30972290039062
14.070393800735474,0,1.7351635694503784,0.050536368042230606,2.0,4.1979146003723145,2.004000186920166,2944.0,-0.0,3.0,20.016000747680664,0.001373247941955924,0.13168780505657196,0.540518581867218,9.088852882385254,-0.004293084144592285,-0.00039548054337501526,-0.008042868226766586,34.668697357177734,42.23710250854492,-87.94622039794922
14.090658187866211,0,1.7360166311264038,0.04905664175748825,2.0,4.726868152618408,2.004000186920166,2952.0,-0.0,3.0,20.016000747680664,0.0008531200001016259,0.14425800740718842,0.4782661497592926,9.029593467712402,-0.0013635624200105667,-0.003458162769675255,-0.008575508370995522,35.376220703125,43.301902770996094,-88.9688491821289
14.11091661453247,0,1.7372385263442993,0.05110543221235275,2.0,2.211592197418213,2.01200008392334,2952.0,-0.0,3.0,20.00400161743164,0.0012218880001455545,0.14725090563297272,0.5477015376091003,9.073887825012207,0.001832280308008194,0.0005366392433643341,-0.0069775874726474285,35.5531005859375,41.34976577758789,-88.11666107177734
14.131202697753906,0,1.7378604412078857,0.04748660326004028,2.0,3.587721347808838,2.004000186920166,2984.0,-0.0,3.0,20.00800132751465,0.0006219520000740886,0.20651042461395264,0.27055856585502625,9.178640365600586,0.004628641530871391,0.0005366392433643341,-0.003914905712008476,33.96117401123047,42.94696807861328,-88.28709411621094
14.151543378829956,0,1.7388787269592285,0.04811568185687065,2.0,3.884730577468872,2.01200008392334,2940.0,-0.0,3.0,20.012001037597656,0.0010182400001212955,0.18855299055576324,0.32083937525749207,9.202583312988281,0.0016991198062896729,0.006928323768079281,-0.006578107364475727,35.5531005859375,42.059635162353516,-88.79840850830078
14.171589136123657,0,1.7396024465560913,0.04593992233276367,2.0,5.037038326263428,2.008000135421753,2952.0,-0.0,3.0,20.012001037597656,0.0007237760000862181,0.14725090563297272,0.24481959640979767,9.068501472473145,0.008357122540473938,0.005197241902351379,-0.0069775874726474285,35.1993408203125,42.41456604003906,-89.13928985595703
14.191890716552734,0,1.7411105632781982,0.050743818283081055,2.0,3.91257643699646,2.01200008392334,2972.0,-0.0,3.0,20.016000747680664,0.0015080960001796484,0.09158287942409515,0.5620675086975098,9.24508285522461,-0.0005646012723445892,0.005064082331955433,-0.008176027797162533,33.96117401123047,42.23710250854492,-88.62797546386719
14.212172746658325,0,1.741905927658081,0.04879589006304741,2.0,5.371274948120117,2.008000135421753,2948.0,-0.0,3.0,20.012001037597656,0.0007953280000947416,0.15862394869327545,0.3711201846599579,9.072690963745117,0.007957642897963524,-0.00199340283870697,-0.0053796665742993355,34.13805389404297,43.4793701171875,-88.11666107177734
14.232453346252441,0,1.7434388399124146,0.05322160944342613,2.0,5.567127227783203,2.004000186920166,3084.0,-0.0,3.0,20.036001205444336,0.0015328640583902597,0.17658136785030365,0.528546929359436,9.462367057800293,-0.004692563787102699,0.003732481971383095,-0.0053796665742993355,34.845577239990234,43.83430099487305,-89.13928985595703
14.252673864364624,0,1.7447211742401123,0.055127181112766266,2.0,3.3461756706237793,2.004000186920166,2944.0,-0.0,3.0,20.012001037597656,0.0012824320001527667,0.1682012379169464,0.6410802006721497,8.930229187011719,0.009289242327213287,-0.005189243704080582,-0.0063117872923612595,35.022457122802734,44.01176834106445,-87.26446533203125
14.273002862930298,0,1.7454065084457397,0.05125667154788971,2.0,6.069509029388428,2.0160000324249268,2944.0,-0.0,3.0,20.02400016784668,0.0006852480000816286,0.2412281185388565,0.21070048213005066,8.969136238098145,0.0072918422520160675,0.0043982816860079765,-0.00897498894482851,33.7842903137207,43.12443542480469,-87.43490600585938
14.29323935508728,0,1.7467989921569824,0.05433628708124161,2.0,4.631396293640137,2.01200008392334,2964.0,-0.0,3.0,20.016000747680664,0.0013925120001658797,0.1759827882051468,0.20052461326122284,9.403706550598145,-0.0005646012723445892,0.0016019195318222046,-0.011638190597295761,36.083744049072266,43.65683364868164,-88.62797546386719
14.313574075698853,0,1.7475035190582275,0.051017966121435165,2.0,2.8213064670562744,2.01200008392334,2948.0,-0.0,3.0,20.016000747680664,0.0007045120000839233,0.1592225283384323,0.18376433849334717,8.540553092956543,0.01474880799651146,-0.0014607608318328857,-0.01004026923328638,35.1993408203125,42.769500732421875,-88.45753479003906
14.333860397338867,0,1.7482575178146362,0.048356927931308746,2.0,4.282505035400391,2.008000135421753,3092.0,-0.0,3.0,20.080001831054688,0.0007540480000898242,0.1951373815536499,-0.019154589623212814,9.218745231628418,0.0032970402389764786,0.00786044355481863,-0.005512826610356569,34.49181365966797,42.769500732421875,-88.11666107177734
14.353945255279541,0,1.7488436698913574,0.04513099789619446,2.0,4.3464765548706055,2.004000186920166,2948.0,-0.0,3.0,20.012001037597656,0.0005861760000698268,0.1711941510438919,-0.03651343658566475,9.191808700561523,0.008756604045629501,0.003998802043497562,-0.005779146682471037,34.49181365966797,42.059635162353516,-89.13928985595703
14.374205827713013,0,1.7496308088302612,0.04418269917368889,2.0,2.9951725006103516,2.004000186920166,2940.0,-0.0,3.0,20.012001037597656,0.0007870720000937581,0.07422403246164322,0.018556008115410805,8.891321182250977,0.005028121173381805,0.0038656415417790413,-0.007110747508704662,34.49181365966797,43.12443542480469,-88.45753479003906
14.394923686981201,0,1.750761866569519,0.0461946576833725,2.0,4.144970893859863,2.008000135421753,2948.0,-0.0,3.0,20.00400161743164,0.0011310719419270754,0.07362545281648636,0.13348354399204254,9.251667022705078,-0.0008309222757816315,0.0016019195318222046,-0.006844427436590195,33.96117401123047,42.94696807861328,-86.58271026611328
14.41474199295044,0,1.7514498233795166,0.04418499395251274,2.0,3.5884127616882324,2.01200008392334,2952.0,-0.0,3.0,20.00400161743164,0.0006880000000819564,0.11133605241775513,0.22087636590003967,8.99068546295166,0.005693921819329262,-0.0026592016220092773,-0.0023169848136603832,35.022457122802734,44.01176834106445,-86.92359161376953
14.43491268157959,0,1.7521625757217407,0.042487189173698425,2.0,4.199600696563721,2.0160000324249268,3000.0,-0.0,3.0,20.00400161743164,0.0007127680000849068,0.1682012379169464,0.17059555649757385,9.170858383178711,-0.0026951637119054794,0.0008029602468013763,-0.0021838247776031494,35.022457122802734,43.65683364868164,-87.26446533203125
14.4551420211792,0,1.752671718597412,0.0395301915705204,2.0,4.652591705322266,2.0160000324249268,2952.0,-0.0,3.0,20.00800132751465,0.0005091200000606477,0.15742678940296173,0.1741870492696762,9.121774673461914,0.0005006790161132812,-0.0005286410450935364,-0.004713865928351879,33.7842903137207,43.12443542480469,-87.7757797241211
14.476351737976074,0,1.7536101341247559,0.04097926616668701,2.0,1.8989684581756592,2.01200008392334,2948.0,-0.0,3.0,20.012001037597656,0.0009384320001117885,0.10116017609834671,0.2753472328186035,9.04276180267334,0.0006338395178318024,-0.0007949620485305786,-0.003648585407063365,36.083744049072266,42.23710250854492,-88.62797546386719
14.495699644088745,0,1.7544054985046387,0.040659982711076736,2.0,3.7467851638793945,2.008000135421753,2948.0,-0.0,3.0,20.016000747680664,0.0007953280000947416,0.10954030603170395,0.3854861259460449,9.204379081726074,0.0006338395178318024,-0.0010612811893224716,-0.004181225784122944,34.49181365966797,44.54417037963867,-88.45753479003906
14.515987634658813,0,1.7550770044326782,0.03940112143754959,2.0,4.9811553955078125,2.01200008392334,2944.0,-0.0,3.0,20.020000457763672,0.0006714880000799894,0.11792044341564178,0.3914719223976135,9.128358840942383,-0.0008309222757816315,-0.0005286410450935364,-0.0019175042398273945,34.31493377685547,43.301902770996094,-88.62797546386719
14.536133289337158,0,1.7561860084533691,0.04188759997487068,2.0,3.4661734104156494,2.004000186920166,2960.0,-0.0,3.0,20.00400161743164,0.0011090559419244528,0.11672328412532806,0.5153781771659851,9.236104011535645,-0.003893604502081871,-0.00039548054337501526,-0.003515425371006131,35.5531005859375,42.769500732421875,-88.11666107177734
14.556385040283203,0,1.7567859888076782,0.03971792012453079,2.0,3.6208789348602295,2.0160000324249268,2952.0,-0.0,3.0,20.00800132751465,0.000599936000071466,0.12270908802747726,0.5243569016456604,8.747062683105469,0.007824482396245003,-0.0031918417662382126,-0.004980186000466347,35.906864166259766,43.12443542480469,-87.43490600585938
14.576776027679443,0,1.7575730085372925,0.039513543248176575,2.0,4.29434061050415,2.004000186920166,2940.0,-0.0,3.0,20.00800132751465,0.0007870720000937581,0.15144097805023193,0.39985206723213196,9.207371711730957,0.00010119937360286713,0.002400880679488182,-0.003781745443120599,35.1993408203125,44.54417037963867,-90.16191864013672
14.597177982330322,0,1.7581206560134888,0.03739355877041817,2.0,2.102140188217163,2.01200008392334,2948.0,-0.0,3.0,20.012001037597656,0.0005476480000652373,0.14066651463508606,0.36992302536964417,8.95896053314209,0.007691323757171631,-0.00012916140258312225,-0.003115945030003786,35.729984283447266,42.94696807861328,-88.62797546386719
14.617559671401978,0,1.7590783834457397,0.03930236026644707,2.0,4.031357288360596,2.0160000324249268,2948.0,-0.0,3.0,20.012001037597656,0.0009576960001140833,0.16341258585453033,0.42858394980430603,9.06191635131836,0.0011664796620607376,0.00213455967605114,-0.003515425371006131,36.26062774658203,43.4793701171875,-88.11666107177734
14.638275623321533,0,1.7597168684005737,0.03792525827884674,2.0,4.248700141906738,2.0160000324249268,2976.0,-0.0,3.0,20.00400161743164,0.0006384640000760555,0.169996976852417,0.2549954652786255,8.968538284301758,0.005028121173381805,0.0006697997450828552,-0.003648585407063365,33.96117401123047,44.72163772583008,-86.92359161376953
14.65762209892273,0,1.760294795036316,0.03626812621951103,2.0,5.870543479919434,2.004000186920166,2944.0,-0.0,3.0,20.00800132751465,0.0005779200000688434,0.12031476944684982,0.41481658816337585,9.099627494812012,0.0012996401637792587,0.002001401036977768,-0.004314385820180178,36.26062774658203,42.769500732421875,-87.7757797241211
14.677917718887329,0,1.7615139484405518,0.040387269109487534,2.0,4.7500224113464355,2.01200008392334,2948.0,-0.0,3.0,20.016000747680664,0.0012191359419375658,0.1550324559211731,0.3812960386276245,9.368390083312988,-0.008421046659350395,0.0038656415417790413,-0.0076433876529335976,33.6074104309082,42.94696807861328,-89.65060424804688
14.698173999786377,0,1.7622073888778687,0.039542242884635925,2.0,0.9915523529052734,2.01200008392334,2952.0,-0.0,3.0,20.00400161743164,0.000693504000082612,0.07422403246164322,0.37650740146636963,9.064311027526855,0.013150885701179504,0.002800360321998596,-0.009241309016942978,35.5531005859375,43.83430099487305,-88.79840850830078
14.718499660491943,0,1.7631871700286865,0.04129493981599808,2.0,4.004412651062012,2.008000135421753,2948.0,-0.0,3.0,20.00800132751465,0.000979712000116706,0.05686518922448158,0.4261896312236786,9.063712120056152,-0.0030946433544158936,0.0035993214696645737,-0.006444946862757206,35.5531005859375,41.7047004699707,-87.7757797241211
14.73859453201294,0,1.7637430429458618,0.03880110755562782,2.0,5.554535388946533,2.008000135421753,2968.0,-0.0,3.0,20.012001037597656,0.0005559040000662208,0.09756869077682495,0.3082691729068756,9.045755386352539,0.002098599448800087,0.0009361188858747482,-0.005912306718528271,34.31493377685547,41.88216781616211,-88.62797546386719
14.758869647979736,0,1.7647777795791626,0.0409640371799469,2.0,3.1069746017456055,2.008000135421753,2948.0,-0.0,3.0,20.012001037597656,0.0010347520001232624,0.13647645711898804,0.35256415605545044,9.266631126403809,-0.0028283223509788513,0.0002703201025724411,-0.004181225784122944,33.6074104309082,43.65683364868164,-88.62797546386719
14.779173612594604,0,1.7653859853744507,0.0390140563249588,2.0,3.6445531845092773,2.01200008392334,2944.0,-0.0,3.0,20.00800132751465,0.0006081920000724494,0.1280963122844696,0.38668328523635864,9.137337684631348,-0.003360964357852936,0.002800360321998596,-0.0060454667545855045,34.845577239990234,43.12443542480469,-88.45753479003906
14.799434185028076,0,1.7659363746643066,0.03695935755968094,2.0,5.032969951629639,2.01200008392334,2940.0,-0.0,3.0,20.016000747680664,0.0005504000000655651,0.13946935534477234,0.22566500306129456,9.070297241210938,-0.003893604502081871,0.0029335208237171173,-0.00737706758081913,33.07676696777344,42.059635162353516,-88.11666107177734
14.819572687149048,0,1.7669711112976074,0.03942134603857994,2.0,4.548255443572998,2.0240001678466797,2944.0,-0.0,3.0,20.012001037597656,0.0010347520001232624,0.12989206612110138,0.11792044341564178,9.332475662231445,-0.0034941229969263077,0.0017350800335407257,-0.005512826610356569,34.13805389404297,42.769500732421875,-87.7757797241211
14.841377258300781,0,1.7675820589065552,0.03778766468167305,2.0,3.436847448348999,2.01200008392334,2960.0,-0.0,3.0,20.012001037597656,0.0006109440000727773,0.09457578510046005,0.18376433849334717,8.985897064208984,0.006226561963558197,0.00213455967605114,-0.0063117872923612595,35.376220703125,43.65683364868164,-86.92359161376953
14.860096454620361,0,1.7680251598358154,0.035052355378866196,2.0,4.515101432800293,2.008000135421753,2940.0,-0.0,3.0,20.00400161743164,0.0004430720000527799,0.12450483441352844,0.15443387627601624,9.039170265197754,-0.004559403285384178,0.000403478741645813,-0.0063117872923612595,33.96117401123047,42.23710250854492,-88.28709411621094
14.880393743515015,0,1.769304871559143,0.04003022983670235,2.0,4.4055585861206055,2.01200008392334,2948.0,-0.0,3.0,20.012001037597656,0.0012796800583600998,0.13827219605445862,0.06763964146375656,9.155295372009277,-0.0026951637119054794,-0.0007949620485305786,-0.006844427436590195,33.6074104309082,42.59203338623047,-88.62797546386719
14.901365756988525,0,1.7698689699172974,0.03802688792347908,2.0,2.297830581665039,2.0160000324249268,2952.0,-0.0,3.0,20.00800132751465,0.0005641600000672042,0.10954030603170395,0.2741500735282898,8.811111450195312,0.009289242327213287,0.0010692793875932693,-0.006178626790642738,35.376220703125,42.23710250854492,-89.30972290039062
14.920920848846436,0,1.7705074548721313,0.03696060925722122,2.0,4.6909685134887695,2.01200008392334,2944.0,-0.0,3.0,20.032001495361328,0.0006384640000760555,0.15323671698570251,0.1640111804008484,9.337264060974121,0.00036751851439476013,0.0033330004662275314,-0.004713865928351879,35.729984283447266,43.301902770996094,-88.28709411621094
14.94103455543518,0,1.7710275650024414,0.034914273768663406,2.0,3.5139243602752686,2.0160000324249268,2960.0,-0.0,3.0,20.00400161743164,0.000520128000061959,0.13168780505657196,0.2831287682056427,8.849420547485352,0.009422402828931808,0.0017350800335407257,-0.005912306718528271,36.61438751220703,43.12443542480469,-87.43490600585938
14.961288928985596,0,1.7715367078781128,0.03326297551393509,2.0,5.52439546585083,2.008000135421753,2940.0,-0.0,3.0,20.016000747680664,0.0005091200000606477,0.12749773263931274,0.18675725162029266,9.187618255615234,0.0012996401637792587,0.0038656415417790413,-0.0044475458562374115,34.668697357177734,44.366703033447266,-88.62797546386719
14.981587648391724,0,1.7728439569473267,0.038578324019908905,2.0,4.869379043579102,2.0160000324249268,3020.0,-0.0,3.0,20.02800178527832,0.0013071999419480562,0.15622961521148682,0.5195682644844055,9.224132537841797,0.00449548102915287,-0.0031918417662382126,-0.004181225784122944,35.906864166259766,42.769500732421875,-88.45753479003906
15.001917362213135,0,1.773496150970459,0.03779047727584839,2.0,2.0462911128997803,2.01200008392334,2944.0,-0.0,3.0,20.00400161743164,0.0006522240000776947,0.18675725162029266,0.5441100597381592,8.749457359313965,0.013284046202898026,-0.0015939213335514069,-0.002450144849717617,34.31493377685547,45.076568603515625,-89.30972290039062
15.022174835205078,0,1.7742501497268677,0.03783562779426575,2.0,4.766587734222412,2.0320000648498535,2944.0,-0.0,3.0,20.02400016784668,0.0007540480000898242,0.1622154265642166,0.356155663728714,9.440818786621094,0.0036965198814868927,0.006129362620413303,-0.0023169848136603832,35.022457122802734,42.94696807861328,-86.58271026611328
15.042405366897583,0,1.7747647762298584,0.035707514733076096,2.0,2.5631535053253174,2.01200008392334,2956.0,-0.0,3.0,20.00800132751465,0.0005146240000613034,0.0879913941025734,0.5093923807144165,8.88892650604248,0.014349326491355896,0.0006697997450828552,-0.0021838247776031494,33.6074104309082,42.59203338623047,-88.28709411621094
15.0626802444458,0,1.775183081626892,0.033109959214925766,2.0,4.342430591583252,2.004000186920166,2944.0,-0.0,3.0,20.00800132751465,0.0004183040000498295,0.16460976004600525,0.3220365345478058,9.161280632019043,-0.0012304019182920456,0.0029335208237171173,-0.0016511841677129269,35.376220703125,42.94696807861328,-87.94622039794922
15.082974195480347,0,1.7759206295013428,0.03364906832575798,2.0,3.623016595840454,2.008000135421753,3100.0,-0.0,3.0,20.148000717163086,0.0007375360000878572,0.1580253690481186,0.24781250953674316,9.228920936584473,-0.00043144263327121735,0.0002703201025724411,-0.004980186000466347,32.89988708496094,41.88216781616211,-86.92359161376953
15.103238105773926,0,1.776482105255127,0.03274250403046608,2.0,4.391667366027832,2.0160000324249268,2948.0,-0.0,3.0,20.00400161743164,0.0005614080000668764,0.13228638470172882,0.3453812003135681,8.97572135925293,0.004628641530871391,3.999099135398865e-06,-0.004580705892294645,34.845577239990234,42.41456604003906,-87.7757797241211
15.123586416244507,0,1.776914119720459,0.030738960951566696,2.0,4.393909931182861,2.0360000133514404,2944.0,-0.0,3.0,20.02800178527832,0.0004320640000514686,0.12091334909200668,0.2711571455001831,9.02779769897461,-0.008687366731464863,0.0034661609679460526,-0.005779146682471037,34.13805389404297,42.41456604003906,-88.79840850830078
15.143642663955688,0,1.7773488759994507,0.029098020866513252,2.0,3.9064645767211914,2.01200008392334,2972.0,-0.0,3.0,20.00400161743164,0.00043481600005179644,0.10415308177471161,0.16879981756210327,9.268426895141602,-0.004559403285384178,0.00013715960085391998,-0.006178626790642738,35.1993408203125,43.12443542480469,-86.7531509399414
15.16394853591919,0,1.7777947187423706,0.02795807644724846,2.0,4.048704147338867,2.008000135421753,2948.0,-0.0,3.0,20.00400161743164,0.00044582400005310774,0.1101388931274414,0.15682820975780487,9.050543785095215,-0.0010972414165735245,-0.00012916140258312225,-0.004314385820180178,35.376220703125,44.366703033447266,-88.62797546386719
15.184344053268433,0,1.7782845497131348,0.027194809168577194,2.0,4.119503498077393,2.0160000324249268,3052.0,-0.0,3.0,20.012001037597656,0.000489856000058353,0.0879913941025734,0.12749773263931274,9.175048828125,-0.004293084144592285,0.00013715960085391998,-0.003115945030003786,36.083744049072266,43.301902770996094,-88.28709411621094
15.204484462738037,0,1.778631329536438,0.025531208142638206,2.0,4.338210105895996,2.004000186920166,2940.0,-0.0,3.0,20.00400161743164,0.000346752000041306,0.12270908802747726,0.11193463206291199,9.128957748413086,-0.0012304019182920456,-0.0007949620485305786,-0.002450144849717617,34.668697357177734,43.65683364868164,-88.28709411621094
15.224609613418579,0,1.7789478302001953,0.023799529299139977,2.0,4.3343987464904785,2.01200008392334,2948.0,-0.0,3.0,20.00400161743164,0.00031648000003769994,0.11672328412532806,0.09397720545530319,9.064909934997559,-0.0017630420625209808,0.00013715960085391998,-0.0023169848136603832,33.6074104309082,43.65683364868164,-88.28709411621094
15.244877576828003,0,1.7794734239578247,0.024265261366963387,2.0,4.168682098388672,2.0160000324249268,2940.0,-0.0,3.0,20.00800132751465,0.0005256320000626147,0.15084239840507507,0.10954030603170395,9.30972957611084,-0.001896202564239502,-0.00026232004165649414,-0.003115945030003786,34.31493377685547,43.301902770996094,-87.26446533203125
15.26518726348877,0,1.7803568840026855,0.0276524368673563,2.0,4.53661584854126,2.0199999809265137,2940.0,-0.0,3.0,20.00400161743164,0.000883392000105232,0.1280963122844696,0.3860847055912018,9.085860252380371,0.004096001386642456,-0.0023928824812173843,-0.002450144849717617,36.43750762939453,41.88216781616211,-88.28709411621094
15.285466432571411,0,1.780747652053833,0.02618771605193615,2.0,3.6636009216308594,2.008000135421753,2976.0,-0.0,3.0,20.016000747680664,0.00039078400004655123,0.1310892254114151,0.3884790241718292,8.952975273132324,0.006492882966995239,0.000403478741645813,7.989676669239998e-05,34.845577239990234,44.18923568725586,-87.43490600585938
15.305560827255249,0,1.7812485694885254,0.026039842516183853,2.0,5.133657455444336,2.004000186920166,2952.0,-0.0,3.0,20.00400161743164,0.0005008640000596642,0.14964522421360016,0.34478262066841125,9.348636627197266,0.0007669981569051743,0.0005366392433643341,-0.0016511841677129269,35.376220703125,44.01176834106445,-88.62797546386719
15.325851440429688,0,1.7821786403656006,0.029449986293911934,2.0,1.842677354812622,2.01200008392334,2944.0,-0.0,3.0,20.012001037597656,0.000930176000110805,0.10894172638654709,0.6398829817771912,9.032586097717285,0.005693921819329262,-0.0027923621237277985,-0.0005859034135937691,34.13805389404297,42.059635162353516,-88.79840850830078
15.346264123916626,0,1.7825226783752441,0.027265120297670364,2.0,5.1068291664123535,2.008000135421753,2948.0,-0.0,3.0,20.00800132751465,0.0003440000000409782,0.1640111804008484,0.5542859435081482,8.86019515991211,0.004761802032589912,-0.0006618015468120575,-0.0032491052988916636,34.668697357177734,42.59203338623047,-88.28709411621094
15.366509437561035,0,1.7831445932388306,0.027797749266028404,2.0,4.9386444091796875,2.0280001163482666,2944.0,-0.0,3.0,20.00800132751465,0.0006219520000740886,0.14126509428024292,0.586010754108429,9.146915435791016,0.002098599448800087,0.0017350800335407257,-0.0044475458562374115,34.13805389404297,43.4793701171875,-88.11666107177734
15.386595010757446,0,1.7836894989013672,0.027631716802716255,2.0,4.8448991775512695,2.004000186920166,2960.0,-0.0,3.0,20.012001037597656,0.0005448960000649095,0.1819685995578766,0.5620675086975098,9.02121353149414,0.0051612816751003265,0.00013715960085391998,-0.004580705892294645,35.1993408203125,43.83430099487305,-88.45753479003906
15.40677261352539,0,1.7844958305358887,0.029955601319670677,2.0,1.318004846572876,2.01200008392334,2944.0,-0.0,3.0,20.00800132751465,0.0008063360000960529,0.14365942776203156,0.5147795677185059,9.128358840942383,0.005560761317610741,0.004131961613893509,-0.0044475458562374115,33.25364685058594,43.65683364868164,-88.28709411621094
15.427110433578491,0,1.7851811647415161,0.030816437676548958,2.0,4.728745460510254,2.008000135421753,2940.0,-0.0,3.0,20.00800132751465,0.0006852480000816286,0.1502438187599182,0.3902747631072998,9.033782958984375,0.0072918422520160675,-0.0005286410450935364,-0.004580705892294645,34.13805389404297,43.12443542480469,-89.48016357421875
15.447479486465454,0,1.785665512084961,0.02969738095998764,2.0,1.7628271579742432,2.0160000324249268,2940.0,-0.0,3.0,20.00800132751465,0.0004843520000576973,0.11432895809412003,0.3669300973415375,9.237300872802734,0.00755816325545311,0.0030666813254356384,-0.004713865928351879,33.07676696777344,43.83430099487305,-88.79840850830078
15.467689752578735,0,1.7861332893371582,0.02854025922715664,2.0,4.943231105804443,2.01200008392334,2944.0,-0.0,3.0,20.02400016784668,0.00046784000005573034,0.07482261210680008,0.37770456075668335,8.89551067352295,-0.005092045292258263,-0.001860242336988449,-0.005512826610356569,33.7842903137207,42.41456604003906,-87.43490600585938
15.48775339126587,0,1.786818504333496,0.029575243592262268,2.0,1.8937535285949707,2.0160000324249268,2956.0,-0.0,3.0,20.016000747680664,0.0006852480000816286,0.1370750367641449,0.2322493940591812,9.161280632019043,-0.0034941229969263077,0.0014687608927488327,-0.004181225784122944,36.26062774658203,43.4793701171875,-88.11666107177734
15.508034944534302,0,1.7877074480056763,0.03252534568309784,2.0,1.7141478061676025,2.0160000324249268,2944.0,-0.0,3.0,20.00400161743164,0.0008888960001058877,0.14126509428024292,0.26876282691955566,8.960756301879883,-0.00575784407556057,0.0002703201025724411,-0.005246506538242102,33.6074104309082,42.94696807861328,-87.26446533203125
15.52834439277649,0,1.788260579109192,0.031671974807977676,2.0,3.4909780025482178,2.01200008392334,2944.0,-0.0,3.0,20.00800132751465,0.0005531520000658929,0.10954030603170395,0.292107492685318,9.254659652709961,-0.002295682206749916,0.0016019195318222046,-0.005645986646413803,34.13805389404297,42.41456604003906,-89.13928985595703
15.548729419708252,0,1.7888109683990479,0.031010080128908157,2.0,4.101118087768555,2.0160000324249268,2940.0,-0.0,3.0,20.012001037597656,0.0005504000000655651,0.09278004616498947,0.2310522347688675,9.02779769897461,-0.007755246013402939,-0.0010612811893224716,-0.005246506538242102,35.5531005859375,43.12443542480469,-88.79840850830078
15.568891525268555,0,1.7892292737960815,0.02921321801841259,2.0,3.7785868644714355,2.01200008392334,2952.0,-0.0,3.0,20.02800178527832,0.0004183040000498295,0.10295592248439789,0.18256717920303345,9.286384582519531,-0.006956284865736961,-0.00199340283870697,-0.006444946862757206,35.376220703125,43.65683364868164,-88.62797546386719
15.589008808135986,0,1.7896283864974976,0.027484292164444923,2.0,4.076040267944336,2.004000186920166,2968.0,-0.0,3.0,20.00800132751465,0.0003990400000475347,0.09517436474561691,0.20890474319458008,9.072690963745117,-0.008421046659350395,-0.001727081835269928,-0.005113346502184868,33.96117401123047,42.94696807861328,-88.9688491821289
15.609294414520264,0,1.7899173498153687,0.025170259177684784,2.0,4.303108215332031,2.004000186920166,2940.0,-0.0,3.0,20.00400161743164,0.0002889600000344217,0.12151192873716354,0.11313179135322571,9.186421394348145,-0.005491524934768677,3.999099135398865e-06,-0.005512826610356569,35.906864166259766,43.12443542480469,-88.11666107177734
15.629589796066284,0,1.7901842594146729,0.02293395809829235,2.0,3.8311681747436523,2.008000135421753,2944.0,-0.0,3.0,20.02800178527832,0.0002669440000317991,0.11792044341564178,0.06763964146375656,9.113394737243652,-0.0012304019182920456,-0.00012916140258312225,-0.0048470264300704,34.49181365966797,42.769500732421875,-87.7757797241211
15.650567770004272,0,1.7906190156936646,0.02286503277719021,2.0,4.602490425109863,2.008000135421753,2940.0,-0.0,3.0,20.00800132751465,0.00043481600005179644,0.10774456709623337,0.10116017609834671,9.135541915893555,-0.0017630420625209808,-0.0007949620485305786,-0.002583304885774851,33.96117401123047,44.72163772583008,-87.60533905029297
15.67013669013977,0,1.791216254234314,0.024230007082223892,2.0,2.4816529750823975,2.01200008392334,2940.0,-0.0,3.0,20.02800178527832,0.0005971840000711381,0.13228638470172882,0.14246225357055664,9.15589427947998,0.0009001586586236954,-0.0006618015468120575,-0.0020506642758846283,34.845577239990234,43.12443542480469,-87.43490600585938
15.690463304519653,0,1.7916868925094604,0.02393740601837635,2.0,3.9489798545837402,2.004000186920166,2964.0,-0.0,3.0,20.020000457763672,0.00047059200005605817,0.11313179135322571,0.34358546137809753,9.163076400756836,0.001832280308008194,-0.0013276021927595139,-0.0007190639153122902,34.668697357177734,43.65683364868164,-88.9688491821289
15.710511684417725,0,1.7919483184814453,0.021995674818754196,2.0,4.959952354431152,2.008000135421753,2944.0,-0.0,3.0,20.00800132751465,0.0002614400000311434,0.1280963122844696,0.40464070439338684,9.054733276367188,-0.0013635624200105667,0.0005366392433643341,-0.0005859034135937691,34.845577239990234,43.12443542480469,-88.45753479003906
15.730790138244629,0,1.7925289869308472,0.023174641653895378,2.0,2.061978816986084,2.01200008392334,2964.0,-0.0,3.0,20.00800132751465,0.0005806720000691712,0.13527928292751312,0.3771059811115265,9.351630210876465,-0.0016298815608024597,0.0026672016829252243,-0.0007190639153122902,33.25364685058594,44.366703033447266,-87.94622039794922
15.751375675201416,0,1.7929362058639526,0.022663487121462822,2.0,4.858415126800537,2.004000186920166,2944.0,-0.0,3.0,20.016000747680664,0.0004072960000485182,0.11193463206291199,0.5907993912696838,8.986495018005371,0.007158683612942696,-0.0005286410450935364,-0.0019175042398273945,34.668697357177734,43.301902770996094,-89.30972290039062
15.771361351013184,0,1.7934150695800781,0.02291693165898323,2.0,3.212770938873291,2.0160000324249268,2944.0,-0.0,3.0,20.016000747680664,0.00047884800005704165,0.16460976004600525,0.4674917161464691,9.181034088134766,0.002231759950518608,0.0005366392433643341,-0.000852223951369524,34.668697357177734,43.301902770996094,-87.94622039794922
15.791626691818237,0,1.7936792373657227,0.02115698531270027,2.0,4.2182135581970215,2.008000135421753,2964.0,-0.0,3.0,20.012001037597656,0.00026419200003147125,0.12151192873716354,0.538722813129425,9.050543785095215,0.002231759950518608,-0.001727081835269928,-0.0021838247776031494,34.668697357177734,43.65683364868164,-87.94622039794922
15.811899900436401,0,1.7940205335617065,0.0203976109623909,2.0,5.381855487823486,2.004000186920166,2940.0,-0.0,3.0,20.012001037597656,0.00034124800004065037,0.16580691933631897,0.47587183117866516,9.172654151916504,-0.0006977617740631104,0.0014687608927488327,-0.0032491052988916636,32.89988708496094,44.72163772583008,-88.62797546386719
15.832030057907104,0,1.7946754693984985,0.022498372942209244,2.0,2.3248867988586426,2.01200008392334,3052.0,-0.0,3.0,20.00800132751465,0.0006549760000780225,0.14186367392539978,0.5105895400047302,9.100225448608398,0.0027644000947475433,-0.00026232004165649414,-0.0044475458562374115,35.5531005859375,43.4793701171875,-86.7531509399414
15.853030920028687,0,1.7950167655944824,0.02159413881599903,2.0,4.028991222381592,2.01200008392334,2940.0,-0.0,3.0,20.012001037597656,0.00034124800004065037,0.11552611738443375,0.4543229341506958,9.048149108886719,0.006359722465276718,3.999099135398865e-06,-0.0053796665742993355,34.13805389404297,43.83430099487305,-88.11666107177734
15.872599601745605,0,1.795272707939148,0.019985904917120934,2.0,4.262065887451172,2.0320000648498535,2948.0,-0.0,3.0,20.032001495361328,0.0002559360000304878,0.11193463206291199,0.36752867698669434,9.102021217346191,-0.0009640827775001526,0.002267720177769661,-0.0023169848136603832,34.845577239990234,42.769500732421875,-89.48016357421875
15.892845153808594,0,1.7955313920974731,0.01869869977235794,2.0,4.091283798217773,2.004000186920166,2960.0,-0.0,3.0,20.016000747680664,0.0002586880000308156,0.11073747277259827,0.3100649118423462,9.174449920654297,-0.0005646012723445892,-0.0014607608318328857,-0.0033822653349488974,33.7842903137207,43.12443542480469,-88.79840850830078
15.913125991821289,0,1.7958616018295288,0.018307840451598167,2.0,4.008850574493408,2.01200008392334,2944.0,-0.0,3.0,20.012001037597656,0.00033024000003933907,0.12689915299415588,0.2741500735282898,9.093042373657227,0.0011664796620607376,-0.0015939213335514069,-0.0032491052988916636,35.022457122802734,42.59203338623047,-87.94622039794922
15.933403730392456,0,1.7961368560791016,0.017428742721676826,2.0,4.232820987701416,2.004000186920166,3112.0,-0.0,3.0,20.112001419067383,0.00027520000003278255,0.12330766767263412,0.15323671698570251,9.154098510742188,-0.0008309222757816315,-0.0007949620485305786,-0.0027164649218320847,35.1993408203125,42.769500732421875,-87.09402465820312
15.953708410263062,0,1.79651939868927,0.017821894958615303,2.0,3.7589354515075684,2.0160000324249268,2944.0,-0.0,3.0,20.00800132751465,0.00038252800004556775,0.14186367392539978,0.180172860622406,9.096633911132812,0.0009001586586236954,-0.0005286410450935364,-0.0033822653349488974,34.13805389404297,44.18923568725586,-88.45753479003906
15.973968744277954,0,1.7969183921813965,0.01818983443081379,2.0,3.826286792755127,2.008000135421753,2948.0,-0.0,3.0,20.012001037597656,0.0003990400000475347,0.11193463206291199,0.17658136785030365,9.035578727722168,0.002098599448800087,3.999099135398865e-06,-0.004580705892294645,34.845577239990234,43.83430099487305,-88.79840850830078
15.994225263595581,0,1.7971991300582886,0.017400752753019333,2.0,4.129510402679443,2.004000186920166,2964.0,-0.0,3.0,20.016000747680664,0.0002807040000334382,0.12570199370384216,0.18256717920303345,9.116986274719238,0.002098599448800087,-0.0005286410450935364,-0.0016511841677129269,34.49181365966797,43.4793701171875,-87.7757797241211
16.01451802253723,0,1.797405481338501,0.016145870089530945,2.0,4.361939430236816,2.004000186920166,2940.0,-0.0,3.0,20.012001037597656,0.00020640000002458692,0.11193463206291199,0.17658136785030365,9.097831726074219,0.0015659593045711517,0.000403478741645813,-0.0033822653349488974,35.1993408203125,42.059635162353516,-87.7757797241211
16.03467345237732,0,1.7976008653640747,0.014952855184674263,2.0,4.591238021850586,2.004000186920166,3024.0,-0.0,3.0,20.012001037597656,0.00019539200002327561,0.13827219605445862,0.16281400620937347,9.082268714904785,0.00036751851439476013,0.0005366392433643341,-0.0016511841677129269,35.906864166259766,43.4793701171875,-88.45753479003906
16.054871559143066,0,1.797812819480896,0.014269228093326092,2.0,3.415226459503174,2.01200008392334,2952.0,-0.0,3.0,20.00400161743164,0.00021190400002524257,0.12091334909200668,0.2202777862548828,9.115788459777832,-0.0013635624200105667,-0.0007949620485305786,-0.0012517040595412254,35.376220703125,43.301902770996094,-88.28709411621094
16.07517957687378,0,1.7980246543884277,0.013615988194942474,2.0,4.815092086791992,2.004000186920166,2948.0,-0.0,3.0,20.00400161743164,0.00021190400002524257,0.16161684691905975,0.238235205411911,9.237899780273438,0.0014327988028526306,3.999099135398865e-06,7.989676669239998e-05,34.668697357177734,42.94696807861328,-87.94622039794922
16.095576524734497,0,1.7987236976623535,0.01739853248000145,2.0,3.241255760192871,2.0160000324249268,2952.0,-0.0,3.0,20.00400161743164,0.0006990080000832677,0.1251034140586853,0.4633016288280487,9.174449920654297,0.0010333191603422165,-0.0013276021927595139,0.0004793768748641014,34.845577239990234,42.41456604003906,-87.43490600585938
16.115635633468628,0,1.799009919166565,0.01681552082300186,2.0,3.618427276611328,2.004000186920166,2948.0,-0.0,3.0,20.012001037597656,0.00028620800003409386,0.15563103556632996,0.5010122060775757,8.97272777557373,0.005960242822766304,-0.002126561477780342,7.989676669239998e-05,36.61438751220703,42.41456604003906,-88.45753479003906
16.13583469390869,0,1.7992218732833862,0.015667293220758438,2.0,4.627188205718994,2.004000186920166,2964.0,-0.0,3.0,20.00400161743164,0.00021190400002524257,0.16281400620937347,0.42259812355041504,9.237300872802734,0.0006338395178318024,0.0014687608927488327,-0.000852223951369524,34.49181365966797,43.4793701171875,-87.7757797241211
16.156108856201172,0,1.7995465993881226,0.01575332134962082,2.0,4.2327880859375,2.0160000324249268,2948.0,-0.0,3.0,20.00400161743164,0.0003247360000386834,0.09816727042198181,0.5315398573875427,9.013431549072266,0.0014327988028526306,0.00013715960085391998,-0.0005859034135937691,34.668697357177734,42.94696807861328,-88.28709411621094
16.17639136314392,0,1.7997392416000366,0.014691473916172981,2.0,3.3636927604675293,2.004000186920166,2948.0,-0.0,3.0,20.012001037597656,0.0001926400000229478,0.1490466445684433,0.4513300061225891,9.119978904724121,0.0015659593045711517,0.0014687608927488327,-0.00018642330542206764,34.668697357177734,43.65683364868164,-87.60533905029297
16.197380542755127,0,1.7999649047851562,0.014053096994757652,2.0,4.690850734710693,2.004000186920166,2948.0,-0.0,3.0,20.00400161743164,0.0002256640000268817,0.14246225357055664,0.3974577486515045,9.205575942993164,-0.0010972414165735245,-0.00039548054337501526,-0.0021838247776031494,35.022457122802734,44.01176834106445,-89.30972290039062
16.216770887374878,0,1.800407886505127,0.015452220104634762,2.0,2.817348003387451,2.0199999809265137,2948.0,-0.0,3.0,20.00800132751465,0.0004430720000527799,0.11313179135322571,0.47587183117866516,9.026599884033203,-0.00029828213155269623,-0.0011944416910409927,-0.0027164649218320847,35.022457122802734,42.94696807861328,-88.28709411621094
16.23703360557556,0,1.8006253242492676,0.01459411345422268,2.0,4.753092288970947,2.01200008392334,2972.0,-0.0,3.0,20.00800132751465,0.00021740800002589822,0.1550324559211731,0.35974714159965515,9.034980773925781,-3.196112811565399e-05,-0.0009281206876039505,-0.003515425371006131,34.845577239990234,42.769500732421875,-86.07139587402344
16.257302045822144,0,1.8009445667266846,0.014830970205366611,2.0,3.4992942810058594,2.01200008392334,2948.0,-0.0,3.0,20.012001037597656,0.00031923200003802776,0.10954030603170395,0.35795140266418457,9.208568572998047,-0.00043144263327121735,0.0008029602468013763,-0.0021838247776031494,36.083744049072266,43.65683364868164,-88.62797546386719
16.277652263641357,0,1.8011317253112793,0.013839456252753735,2.0,4.663498401641846,2.0160000324249268,2944.0,-0.0,3.0,20.00800132751465,0.00018713600002229214,0.1251034140586853,0.2939032316207886,9.048149108886719,-3.196112811565399e-05,-0.0005286410450935364,-0.0012517040595412254,35.729984283447266,43.65683364868164,-87.26446533203125
16.298569440841675,0,1.801365613937378,0.013465452007949352,2.0,4.11190128326416,2.0160000324249268,2944.0,-0.0,3.0,20.012001037597656,0.00023392000002786517,0.11672328412532806,0.2250664234161377,9.102021217346191,0.0005006790161132812,0.0008029602468013763,-0.0011185440234839916,35.022457122802734,42.94696807861328,-89.30972290039062
16.318013191223145,0,1.8015252351760864,0.012491410598158836,2.0,4.187909126281738,2.01200008392334,2948.0,-0.0,3.0,20.012001037597656,0.00015961600001901388,0.11313179135322571,0.19453880190849304,9.076282501220703,0.0012996401637792587,0.0010692793875932693,-0.001518024131655693,33.07676696777344,42.41456604003906,-87.7757797241211
16.338274002075195,0,1.8020371198654175,0.014801431447267532,2.0,4.171238899230957,2.008000135421753,2960.0,-0.0,3.0,20.00800132751465,0.0005118720000609756,0.11133605241775513,0.2741500735282898,9.067902565002441,0.0005006790161132812,-0.0006618015468120575,-0.002450144849717617,33.7842903137207,43.12443542480469,-88.79840850830078
16.358582019805908,0,1.8024306297302246,0.015792550519108772,2.0,3.230839729309082,2.01200008392334,2944.0,-0.0,3.0,20.00400161743164,0.00039353600004687905,0.15263813734054565,0.2561926245689392,9.10621166229248,0.0012996401637792587,-0.00039548054337501526,-0.001518024131655693,34.49181365966797,42.41456604003906,-88.79840850830078
16.37883687019348,0,1.8027498722076416,0.015743974596261978,2.0,4.390500068664551,2.004000186920166,2952.0,-0.0,3.0,20.00400161743164,0.00031923200003802776,0.09756869077682495,0.3872818648815155,9.136140823364258,0.0010333191603422165,0.0002703201025724411,-0.00031958334147930145,33.96117401123047,43.65683364868164,-88.62797546386719
16.40039300918579,0,1.8029534816741943,0.014741095714271069,2.0,4.154938220977783,2.0160000324249268,2944.0,-0.0,3.0,20.012001037597656,0.0002036480000242591,0.11792044341564178,0.3854861259460449,9.08825397491455,-0.002029363065958023,-0.0005286410450935364,-0.0016511841677129269,33.7842903137207,42.41456604003906,-87.43490600585938
16.419193744659424,0,1.8030939102172852,0.013357863761484623,2.0,4.2266693115234375,2.0199999809265137,2944.0,-0.0,3.0,20.012001037597656,0.0001403520000167191,0.10774456709623337,0.3453812003135681,9.145119667053223,-0.0001651216298341751,-0.00039548054337501526,-0.0009853839874267578,35.022457122802734,43.301902770996094,-89.9914779663086
16.43949580192566,0,1.8032424449920654,0.012265344150364399,2.0,4.6127142906188965,2.004000186920166,2956.0,-0.0,3.0,20.00800132751465,0.00014860800001770258,0.1550324559211731,0.3423883020877838,9.088852882385254,0.0015659593045711517,-0.0010612811893224716,-0.002583304885774851,33.96117401123047,43.65683364868164,-88.62797546386719
16.45978355407715,0,1.8034791946411133,0.012211410328745842,2.0,3.982598304748535,2.01200008392334,2952.0,-0.0,3.0,20.012001037597656,0.000236672000028193,0.12929348647594452,0.3034805357456207,9.130753517150879,0.0012996401637792587,-0.0005286410450935364,-0.0013848640955984592,34.668697357177734,42.23710250854492,-88.28709411621094
16.480063438415527,0,1.8036304712295532,0.011382834985852242,2.0,4.291521072387695,2.004000186920166,2944.0,-0.0,3.0,20.012001037597656,0.0001513600000180304,0.12151192873716354,0.3004876375198364,9.098429679870605,-0.0006977617740631104,-0.0009281206876039505,-0.0011185440234839916,35.729984283447266,43.301902770996094,-88.9688491821289
16.500144004821777,0,1.8038479089736938,0.011258191429078579,2.0,4.13036584854126,2.004000186920166,2948.0,-0.0,3.0,20.012001037597656,0.00021740800002589822,0.15443387627601624,0.32981809973716736,9.128957748413086,-0.0016298815608024597,0.0012024398893117905,-0.00018642330542206764,34.668697357177734,43.65683364868164,-88.28709411621094
16.52052354812622,0,1.8040186166763306,0.0107653783634305,2.0,4.200891494750977,2.004000186920166,2952.0,-0.0,3.0,20.016000747680664,0.00017062400002032518,0.14844806492328644,0.33460673689842224,9.076881408691406,0.0011664796620607376,0.0005366392433643341,-0.0012517040595412254,34.13805389404297,43.83430099487305,-88.11666107177734
16.540745973587036,0,1.8041809797286987,0.010276620276272297,2.0,4.1979594230651855,2.008000135421753,2948.0,-0.0,3.0,20.00400161743164,0.0001623680000193417,0.1640111804008484,0.32862094044685364,9.147513389587402,0.0007669981569051743,0.0009361188858747482,-0.000852223951369524,33.7842903137207,44.54417037963867,-88.11666107177734
16.560984134674072,0,1.8043185472488403,0.009674787521362305,2.0,4.272510051727295,2.008000135421753,2952.0,-0.0,3.0,20.00400161743164,0.00013760000001639128,0.1340821236371994,0.3082691729068756,9.076282501220703,0.0011664796620607376,0.00013715960085391998,-0.001518024131655693,33.96117401123047,44.01176834106445,-88.9688491821289
16.58129334449768,0,1.804439663887024,0.009009428322315216,2.0,4.3474531173706055,2.008000135421753,2984.0,-0.0,3.0,20.00800132751465,0.00012108800001442432,0.1340821236371994,0.3292195200920105,9.142724990844727,0.0006338395178318024,0.0005366392433643341,-0.0011185440234839916,34.13805389404297,42.059635162353516,-88.45753479003906
16.60141348838806,0,1.8046212196350098,0.009024843573570251,2.0,4.345887184143066,2.004000186920166,2952.0,-0.0,3.0,20.00800132751465,0.00018163200002163649,0.11552611738443375,0.32682517170906067,9.11279582977295,-0.0001651216298341751,0.000403478741645813,-0.0009853839874267578,34.668697357177734,43.65683364868164,-87.60533905029297
16.621670961380005,0,1.804728627204895,0.00837902631610632,2.0,4.18583869934082,2.01200008392334,2944.0,-0.0,3.0,20.00800132751465,0.0001073280000127852,0.13168780505657196,0.3531627357006073,9.07328987121582,0.0012996401637792587,0.0010692793875932693,-0.0011185440234839916,34.845577239990234,44.54417037963867,-88.79840850830078
16.64214277267456,0,1.8048441410064697,0.007881177589297295,2.0,4.3411946296691895,2.008000135421753,2956.0,-0.0,3.0,20.012001037597656,0.00011558400001376867,0.12869489192962646,0.3639371991157532,9.152900695800781,0.001832280308008194,-0.0007949620485305786,-0.0021838247776031494,32.89988708496094,43.65683364868164,-86.58271026611328
16.662199020385742,0,1.8049404621124268,0.007343113422393799,2.0,4.1043195724487305,2.004000186920166,2940.0,-0.0,3.0,20.012001037597656,9.63200000114739e-05,0.12390625476837158,0.3549584746360779,9.09244441986084,-0.0006977617740631104,-0.0006618015468120575,-0.00018642330542206764,33.7842903137207,43.12443542480469,-88.11666107177734
16.682576417922974,0,1.8050203323364258,0.006710478104650974,2.0,4.254996299743652,2.004000186920166,3084.0,-0.0,3.0,20.00800132751465,7.980800000950694e-05,0.12270908802747726,0.36453577876091003,9.118782043457031,-0.0008309222757816315,-0.0009281206876039505,-0.0011185440234839916,34.31493377685547,43.301902770996094,-89.30972290039062
16.70260524749756,0,1.8050836324691772,0.0061057088896632195,2.0,4.331472873687744,2.004000186920166,2944.0,-0.0,3.0,20.012001037597656,6.329600000753999e-05,0.12031476944684982,0.35675424337387085,9.090648651123047,0.0016991198062896729,0.000403478741645813,-0.0013848640955984592,34.31493377685547,42.769500732421875,-87.43490600585938
16.722878217697144,0,1.8051248788833618,0.005379903130233288,2.0,4.567992687225342,2.008000135421753,2952.0,-0.0,3.0,20.032001495361328,4.128000000491738e-05,0.14665232598781586,0.31245923042297363,9.146915435791016,0.00010119937360286713,3.999099135398865e-06,-0.000852223951369524,36.61438751220703,43.4793701171875,-88.45753479003906
16.74314284324646,0,1.8051440715789795,0.004584684502333403,2.0,4.567379474639893,2.004000186920166,2964.0,-0.0,3.0,20.00400161743164,1.926400000229478e-05,0.12450483441352844,0.31066349148750305,9.122971534729004,-0.0001651216298341751,0.0016019195318222046,-0.0007190639153122902,35.1993408203125,43.4793701171875,-89.48016357421875
16.76345992088318,0,1.8051661252975464,0.003971978090703487,2.0,4.488868236541748,2.004000186920166,2948.0,-0.0,3.0,20.00800132751465,2.2016000002622604e-05,0.13288496434688568,0.2909103333950043,9.108007431030273,-0.0012304019182920456,3.999099135398865e-06,-0.00045274337753653526,34.31493377685547,42.59203338623047,-87.60533905029297
16.783754587173462,0,1.8051881790161133,0.0034383111633360386,2.0,4.644313812255859,2.008000135421753,3092.0,-0.0,3.0,20.04400062561035,2.2016000002622604e-05,0.13168780505657196,0.3082691729068756,9.109204292297363,-0.0001651216298341751,0.0006697997450828552,-0.0019175042398273945,35.022457122802734,44.01176834106445,-88.28709411621094
16.803977727890015,0,1.8052129745483398,0.0030626244843006134,2.0,4.484360218048096,2.004000186920166,2944.0,-0.0,3.0,20.016000747680664,2.476800000295043e-05,0.13887077569961548,0.32383227348327637,9.093042373657227,0.0007669981569051743,0.0009361188858747482,0.000745696946978569,34.845577239990234,43.12443542480469,-87.43490600585938
16.824286222457886,0,1.8052239418029785,0.0026105372235178947,2.0,4.566550254821777,2.0320000648498535,2952.0,-0.0,3.0,20.012001037597656,1.1008000001311302e-05,0.13887077569961548,0.3262265920639038,9.10740852355957,0.00023435801267623901,0.0002703201025724411,-5.326326936483383e-05,34.31493377685547,43.65683364868164,-87.94622039794922
16.844427585601807,0,1.8052321672439575,0.0022137812338769436,2.0,4.643265247344971,2.008000135421753,2964.0,-0.0,3.0,20.00800132751465,8.256000000983477e-06,0.1251034140586853,0.34178972244262695,9.09364128112793,0.0009001586586236954,-0.00039548054337501526,-0.0007190639153122902,35.376220703125,42.59203338623047,-88.9688491821289
16.864840745925903,0,1.8052432537078857,0.0019193863263353705,2.0,4.562903881072998,2.0360000133514404,2948.0,-0.0,3.0,20.020000457763672,1.1008000001311302e-05,0.13767361640930176,0.36573293805122375,9.152900695800781,-0.0006977617740631104,-0.0006618015468120575,-0.00031958334147930145,33.25364685058594,42.59203338623047,-87.60533905029297
16.884949445724487,0,1.805248737335205,0.0016197635559365153,2.0,4.64286994934082,2.004000186920166,3016.0,-0.0,3.0,20.012001037597656,5.504000000655651e-06,0.12570199370384216,0.36752867698669434,9.118183135986328,0.00023435801267623901,-0.00012916140258312225,-0.001518024131655693,34.13805389404297,42.41456604003906,-89.48016357421875
16.905210971832275,0,1.805256962776184,0.0014065689174458385,2.0,4.565152645111084,2.0160000324249268,2948.0,-0.0,3.0,20.00400161743164,8.256000000983477e-06,0.13887077569961548,0.3854861259460449,9.10501480102539,-0.0006977617740631104,-0.0005286410450935364,-0.0017843442037701607,34.13805389404297,42.41456604003906,-87.7757797241211
16.92550277709961,0,1.8052597045898438,0.0011779661290347576,2.0,4.642608642578125,2.01200008392334,2944.0,-0.0,3.0,20.00800132751465,2.7520000003278255e-06,0.09038572013378143,0.38369038701057434,9.098429679870605,0.0006338395178318024,0.0010692793875932693,-0.0007190639153122902,34.31493377685547,42.23710250854492,-87.94622039794922
16.946619272232056,0,1.8052624464035034,0.000989164924249053,2.0,4.642543315887451,2.0160000324249268,2952.0,-0.0,3.0,20.012001037597656,2.7520000003278255e-06,0.12749773263931274,0.3519655764102936,9.10740852355957,0.00023435801267623901,0.0009361188858747482,-5.326326936483383e-05,34.13805389404297,42.41456604003906,-89.13928985595703
16.965909004211426,0,1.8052679300308228,0.0008609850774519145,2.0,4.6424126625061035,2.008000135421753,2952.0,-0.0,3.0,20.012001037597656,5.504000000655651e-06,0.1280963122844696,0.3591485619544983,9.113394737243652,-0.0013635624200105667,-0.0005286410450935364,-0.0011185440234839916,33.96117401123047,42.59203338623047,-87.94622039794922
16.987173795700073,0,1.8052679300308228,0.0007053730660118163,2.0,4.6424126625061035,2.004000186920166,2960.0,-0.0,3.0,20.00800132751465,0.0,0.1101388931274414,0.3483740985393524,9.09124755859375,-0.0016298815608024597,-0.0009281206876039505,-0.0009853839874267578,33.07676696777344,43.12443542480469,-88.79840850830078
17.00645923614502,0,1.805273413658142,0.0006282557151280344,2.0,4.642282009124756,2.01200008392334,2940.0,-0.0,3.0,20.00800132751465,5.504000000655651e-06,0.11792044341564178,0.3483740985393524,9.133746147155762,-0.0008309222757816315,0.00013715960085391998,-0.0019175042398273945,33.7842903137207,42.769500732421875,-88.45753479003906
17.026631593704224,0,1.805279016494751,0.0005644259508699179,2.0,4.642148494720459,2.004000186920166,2952.0,-0.0,3.0,20.00800132751465,5.504000000655651e-06,0.14784948527812958,0.3453812003135681,9.149309158325195,-0.0008309222757816315,-0.00012916140258312225,-0.0009853839874267578,33.6074104309082,42.23710250854492,-87.94622039794922
17.046844244003296,0,1.80528724193573,0.0005366324912756681,2.0,4.641952037811279,2.004000186920166,2948.0,-0.0,3.0,20.00400161743164,8.256000000983477e-06,0.12450483441352844,0.3471769392490387,9.130154609680176,0.00010119937360286713,-0.00026232004165649414,-0.0007190639153122902,35.1993408203125,41.7047004699707,-89.13928985595703
17.06715154647827,0,1.805295467376709,0.0005127526819705963,2.0,4.641756057739258,2.004000186920166,2948.0,-0.0,3.0,20.012001037597656,8.256000000983477e-06,0.12749773263931274,0.356155663728714,9.115190505981445,0.00036751851439476013,3.999099135398865e-06,-0.00045274337753653526,34.845577239990234,43.12443542480469,-86.07139587402344
17.08741807937622,0,1.805295467376709,0.0004200146358925849,2.0,4.641756057739258,2.0160000324249268,2976.0,-0.0,3.0,20.012001037597656,0.0,0.12151192873716354,0.354359894990921,9.13793659210205,0.00036751851439476013,3.999099135398865e-06,-0.00031958334147930145,34.845577239990234,43.12443542480469,-88.45753479003906
17.10769557952881,0,1.8052982091903687,0.00037219273508526385,2.0,4.564169406890869,2.0160000324249268,2952.0,-0.0,3.0,20.00800132751465,2.7520000003278255e-06,0.11133605241775513,0.3651343584060669,9.098429679870605,0.0007669981569051743,0.0008029602468013763,0.0006125369109213352,33.25364685058594,43.65683364868164,-87.94622039794922
17.12779712677002,0,1.8052982091903687,0.00030479472479783,2.0,4.641690731048584,2.004000186920166,2948.0,-0.0,3.0,20.00800132751465,0.0,0.11432895809412003,0.34657835960388184,9.113993644714355,-3.196112811565399e-05,3.999099135398865e-06,-0.00031958334147930145,34.31493377685547,41.88216781616211,-88.28709411621094
17.148054122924805,0,1.8052982091903687,0.00025064146029762924,2.0,4.641690731048584,2.0160000324249268,2948.0,-0.0,3.0,20.00800132751465,0.0,0.11552611738443375,0.3471769392490387,9.128957748413086,0.00010119937360286713,-0.0007949620485305786,-5.326326936483383e-05,33.96117401123047,42.59203338623047,-89.65060424804688
17.168405532836914,0,1.8052982091903687,0.00020571368804667145,2.0,4.641690731048584,2.004000186920166,2948.0,-0.0,3.0,20.012001037597656,0.0,0.13767361640930176,0.3693244457244873,9.108007431030273,-0.00043144263327121735,0.0005366392433643341,-0.00045274337753653526,33.4305305480957,42.769500732421875,-88.79840850830078
17.188645362854004,0,1.8052982091903687,0.0001685141760390252,2.0,4.641690731048584,2.004000186920166,2956.0,-0.0,3.0,20.012001037597656,0.0,0.10834314674139023,0.3453812003135681,9.11040210723877,0.00010119937360286713,-0.0005286410450935364,-0.00045274337753653526,34.49181365966797,43.12443542480469,-88.79840850830078
17.208773136138916,0,1.8052982091903687,0.00013845610374119133,2.0,4.641690731048584,2.0160000324249268,2948.0,-0.0,3.0,20.012001037597656,0.0,0.12689915299415588,0.36094430088996887,9.14571762084961,-0.00043144263327121735,-0.00039548054337501526,-0.0011185440234839916,35.022457122802734,45.076568603515625,-88.62797546386719
17.229047536849976,0,1.8052982091903687,0.00011359717609593645,2.0,4.641690731048584,2.01200008392334,2944.0,-0.0,3.0,20.016000747680664,0.0,0.11552611738443375,0.3471769392490387,9.115190505981445,-0.0001651216298341751,-0.0005286410450935364,-0.0011185440234839916,34.13805389404297,42.769500732421875,-87.09402465820312
17.2492733001709,0,1.8053009510040283,0.00011814983008662239,2.0,4.64162540435791,2.004000186920166,2940.0,-0.0,3.0,20.00800132751465,2.7520000003278255e-06,0.12630057334899902,0.3393953740596771,9.108606338500977,-0.0006977617740631104,-0.00012916140258312225,0.0006125369109213352,33.25364685058594,42.23710250854492,-88.62797546386719
17.26962685585022,0,1.8053009510040283,9.696746565168723e-05,2.0,4.64162540435791,2.004000186920166,2948.0,-0.0,3.0,20.012001037597656,0.0,0.11732186377048492,0.3489726781845093,9.090648651123047,-0.0016298815608024597,0.0005366392433643341,-0.0017843442037701607,35.5531005859375,44.18923568725586,-88.45753479003906
17.289910316467285,0,1.8053065538406372,0.00013039370242040604,2.0,4.560115337371826,2.004000186920166,2948.0,-0.0,3.0,20.00800132751465,5.504000000655651e-06,0.12270908802747726,0.35974714159965515,9.127760887145996,-0.0005646012723445892,-0.00012916140258312225,7.989676669239998e-05,33.96117401123047,42.23710250854492,-88.9688491821289
17.309999227523804,0,1.8053120374679565,0.00015843927394598722,2.0,4.641361236572266,2.01200008392334,2956.0,-0.0,3.0,20.012001037597656,5.504000000655651e-06,0.10175875574350357,0.34178972244262695,9.138534545898438,-0.0008309222757816315,0.00013715960085391998,-0.0028496249578893185,33.96117401123047,42.23710250854492,-87.94622039794922
17.330271005630493,0,1.8053175210952759,0.00017989300249610096,2.0,4.64123010635376,2.01200008392334,2948.0,-0.0,3.0,20.00400161743164,5.504000000655651e-06,0.13647645711898804,0.350169837474823,9.109803199768066,-0.0008309222757816315,0.000403478741645813,-0.0009853839874267578,34.49181365966797,42.41456604003906,-88.79840850830078
17.351341485977173,0,1.8053257465362549,0.0002234725543530658,2.0,4.563358306884766,2.01200008392334,2944.0,-0.0,3.0,20.00800132751465,8.256000000983477e-06,0.13168780505657196,0.3334095776081085,9.140929222106934,0.00036751851439476013,-0.0013276021927595139,0.0012783370912075043,35.376220703125,43.301902770996094,-86.92359161376953
17.370853900909424,0,1.8053284883499146,0.0002082895371131599,2.0,4.6409687995910645,2.0320000648498535,2944.0,-0.0,3.0,20.00800132751465,2.7520000003278255e-06,0.12749773263931274,0.36453577876091003,9.112197875976562,-0.0012304019182920456,-0.00012916140258312225,-0.00018642330542206764,34.845577239990234,42.769500732421875,-88.79840850830078
17.39097547531128,0,1.8053367137908936,0.0002425952989142388,2.0,4.640772819519043,2.0160000324249268,2960.0,-0.0,3.0,20.012001037597656,8.256000000983477e-06,0.10774456709623337,0.3441840410232544,9.117584228515625,-0.0001651216298341751,0.0002703201025724411,0.0004793768748641014,35.376220703125,42.94696807861328,-87.94622039794922
17.411232233047485,0,1.805345058441162,0.0002723928482737392,2.0,4.640573978424072,2.008000135421753,2948.0,-0.0,3.0,20.00400161743164,8.256000000983477e-06,0.11732186377048492,0.35376131534576416,9.095437049865723,-0.0012304019182920456,3.999099135398865e-06,0.0008788574486970901,34.13805389404297,42.41456604003906,-88.45753479003906
17.431537866592407,0,1.8053505420684814,0.0002728028339333832,2.0,4.640443325042725,2.004000186920166,3032.0,-0.0,3.0,20.00400161743164,5.504000000655651e-06,0.12929348647594452,0.3753102421760559,9.109803199768066,-0.0008309222757816315,0.0006697997450828552,-0.0021838247776031494,35.022457122802734,43.301902770996094,-89.30972290039062
17.45178747177124,0,1.8053532838821411,0.0002503987052477896,2.0,4.640377521514893,2.01200008392334,2952.0,-0.0,3.0,20.012001037597656,2.7520000003278255e-06,0.13587787747383118,0.35256415605545044,9.118183135986328,-0.00043144263327121735,-0.00026232004165649414,-0.00018642330542206764,35.022457122802734,43.301902770996094,-87.94622039794922
17.472084999084473,0,1.8053560256958008,0.00022937319590710104,2.0,4.640312194824219,2.01200008392334,2956.0,-0.0,3.0,20.016000747680664,2.7520000003278255e-06,0.12749773263931274,0.35795140266418457,9.1253662109375,-0.0013635624200105667,0.0016019195318222046,-0.000852223951369524,34.13805389404297,43.12443542480469,-88.11666107177734
17.49218249320984,0,1.8053587675094604,0.00021186332742217928,2.0,4.640246868133545,2.0160000324249268,2964.0,-0.0,3.0,20.00400161743164,2.7520000003278255e-06,0.14844806492328644,0.34478262066841125,9.101423263549805,0.0010333191603422165,0.0005366392433643341,0.0002130568027496338,34.49181365966797,43.12443542480469,-86.7531509399414
17.51264238357544,0,1.8053669929504395,0.00024717056658118963,2.0,4.640050888061523,2.004000186920166,2948.0,-0.0,3.0,20.012001037597656,8.256000000983477e-06,0.13168780505657196,0.34777551889419556,9.11040210723877,-0.00043144263327121735,0.00013715960085391998,-5.326326936483383e-05,33.96117401123047,42.94696807861328,-87.94622039794922
17.532912015914917,0,1.8053808212280273,0.00032126784208230674,2.0,4.56220006942749,2.0160000324249268,3108.0,-0.0,3.0,20.148000717163086,1.3760000001639128e-05,0.12749773263931274,0.3483740985393524,9.103219032287598,-0.0012304019182920456,3.999099135398865e-06,0.000745696946978569,34.13805389404297,42.41456604003906,-87.7757797241211
17.553908824920654,0,1.8053863048553467,0.0003157858154736459,2.0,4.562069416046143,2.0160000324249268,2948.0,-0.0,3.0,20.00400161743164,5.504000000655651e-06,0.12031476944684982,0.3549584746360779,9.097232818603516,-0.0010972414165735245,-0.0009281206876039505,-0.00018642330542206764,34.668697357177734,43.301902770996094,-89.65060424804688
17.57434344291687,0,1.8053890466690063,0.000284138455754146,2.0,4.639524936676025,2.01200008392334,2948.0,-0.0,3.0,20.00400161743164,2.7520000003278255e-06,0.11432895809412003,0.3519655764102936,9.12416934967041,-0.0013635624200105667,0.000403478741645813,0.0008788574486970901,35.1993408203125,43.12443542480469,-88.11666107177734
17.59358048439026,0,1.8053972721099854,0.0003085375647060573,2.0,4.561807632446289,2.0160000324249268,2972.0,-0.0,3.0,20.00800132751465,8.256000000983477e-06,0.12270908802747726,0.370521605014801,9.097831726074219,-0.0005646012723445892,0.0009361188858747482,-0.0013848640955984592,34.31493377685547,43.65683364868164,-87.60533905029297
17.61384916305542,0,1.805405616760254,0.00032996543450281024,2.0,4.639130115509033,2.008000135421753,2952.0,-0.0,3.0,20.00400161743164,8.256000000983477e-06,0.13767361640930176,0.33281099796295166,9.1253662109375,0.0006338395178318024,3.999099135398865e-06,-0.0009853839874267578,34.49181365966797,44.89910125732422,-88.79840850830078
17.634146213531494,0,1.8054193258285522,0.0003959406749345362,2.0,4.560973167419434,2.008000135421753,3104.0,-0.0,3.0,20.14000129699707,1.3760000001639128e-05,0.1340821236371994,0.3639371991157532,9.121774673461914,-0.0012304019182920456,0.0002703201025724411,0.0002130568027496338,34.31493377685547,41.5272331237793,-89.30972290039062
17.654385805130005,0,1.805430293083191,0.00042770724394358695,2.0,4.561020374298096,2.0160000324249268,2944.0,-0.0,3.0,20.016000747680664,1.1008000001311302e-05,0.11732186377048492,0.356155663728714,9.129556655883789,-0.0008309222757816315,3.999099135398865e-06,-5.326326936483383e-05,34.668697357177734,43.65683364868164,-88.62797546386719
17.674701690673828,0,1.8054523468017578,0.0005471325130201876,2.0,4.560494899749756,2.0160000324249268,2956.0,-0.0,3.0,20.00800132751465,2.2016000002622604e-05,0.14784948527812958,0.3663315176963806,9.113394737243652,-0.0014967229217290878,3.999099135398865e-06,0.000745696946978569,35.1993408203125,43.12443542480469,-87.7757797241211
17.69501280784607,0,1.80551016330719,0.0009746068390086293,2.0,4.402680397033691,2.004000186920166,2948.0,-0.0,3.0,20.016000747680664,5.7792000006884336e-05,0.12570199370384216,0.36752867698669434,9.108606338500977,0.00010119937360286713,0.0012024398893117905,0.0012783370912075043,34.13805389404297,43.12443542480469,-88.79840850830078
17.715270280838013,0,1.8055816888809204,0.0014335995074361563,2.0,4.634932518005371,2.01200008392334,2952.0,-0.0,3.0,20.00400161743164,7.155200000852346e-05,0.13946935534477234,0.38069745898246765,9.132549285888672,-0.0014967229217290878,0.0002703201025724411,-0.001518024131655693,34.49181365966797,42.769500732421875,-88.79840850830078
17.735400199890137,0,1.8057276010513306,0.0024794996716082096,2.0,4.317997455596924,2.0160000324249268,2972.0,-0.0,3.0,20.00400161743164,0.00014585600001737475,0.12929348647594452,0.4070350229740143,9.096035957336426,-0.0010972414165735245,0.0008029602468013763,-0.001518024131655693,34.668697357177734,42.23710250854492,-87.94622039794922
17.75562596321106,0,1.8059614896774292,0.0041865212842822075,2.0,3.612718105316162,2.01200008392334,2944.0,-0.0,3.0,20.00400161743164,0.00023392000002786517,0.12749773263931274,0.4339711666107178,9.11279582977295,0.0011664796620607376,-0.00026232004165649414,-0.00045274337753653526,34.31493377685547,43.65683364868164,-86.92359161376953
17.776395082473755,0,1.8063549995422363,0.006929907016456127,2.0,3.915432929992676,2.0160000324249268,2944.0,-0.0,3.0,20.012001037597656,0.00039353600004687905,0.14964522421360016,0.511786699295044,9.128957748413086,0.0015659593045711517,-0.00026232004165649414,0.00340889859944582,33.7842903137207,43.12443542480469,-87.7757797241211
17.79631543159485,0,1.8064870834350586,0.006867795716971159,2.0,4.613348007202148,2.004000186920166,2948.0,-0.0,3.0,20.012001037597656,0.00013209600001573563,0.1430608481168747,0.5004136562347412,9.104415893554688,0.0014327988028526306,0.0005366392433643341,-0.001518024131655693,33.96117401123047,43.65683364868164,-88.28709411621094
17.816333532333374,0,1.806685209274292,0.007380067836493254,2.0,4.063811779022217,2.008000135421753,2944.0,-0.0,3.0,20.00400161743164,0.00019814400002360344,0.12330766767263412,0.47467467188835144,9.14332389831543,-0.0006977617740631104,0.0002703201025724411,-0.0032491052988916636,35.376220703125,42.23710250854492,-87.26446533203125
17.836642742156982,0,1.8067842721939087,0.0069366456009447575,2.0,4.4506025314331055,2.008000135421753,2968.0,-0.0,3.0,20.012001037597656,9.907200001180172e-05,0.13527928292751312,0.39266908168792725,9.083465576171875,0.0009001586586236954,-0.0013276021927595139,-0.0011185440234839916,33.25364685058594,43.301902770996094,-86.92359161376953
17.858941793441772,0,1.8069825172424316,0.007462289649993181,2.0,3.899078845977783,2.01200008392334,2948.0,-0.0,3.0,20.00800132751465,0.00019814400002360344,0.12749773263931274,0.3621414601802826,9.104415893554688,0.0012996401637792587,0.0014687608927488327,-0.002583304885774851,34.845577239990234,43.12443542480469,-86.7531509399414
17.877199172973633,0,1.8071118593215942,0.007285348605364561,2.0,4.439091205596924,2.004000186920166,2944.0,-0.0,3.0,20.012001037597656,0.0001293440000154078,0.15982110798358917,0.2992904484272003,9.163076400756836,0.00023435801267623901,0.00013715960085391998,-0.0007190639153122902,34.668697357177734,43.301902770996094,-90.33235931396484
17.897303581237793,0,1.8073567152023315,0.008140468038618565,2.0,3.890158176422119,2.01200008392334,2948.0,-0.0,3.0,20.00400161743164,0.0002449280000291765,0.12270908802747726,0.360345721244812,9.073887825012207,0.00036751851439476013,0.0008029602468013763,-0.0013848640955984592,34.845577239990234,44.18923568725586,-88.79840850830078
17.91759705543518,0,1.8075026273727417,0.00800823699682951,2.0,3.8866796493530273,2.01200008392334,2948.0,-0.0,3.0,20.02400016784668,0.00014585600001737475,0.1251034140586853,0.2729529142379761,9.163675308227539,-0.0016298815608024597,-0.0005286410450935364,-0.0011185440234839916,35.022457122802734,42.94696807861328,-88.62797546386719
17.937849283218384,0,1.8077337741851807,0.008617659099400043,2.0,4.191871643066406,2.01200008392334,2960.0,-0.0,3.0,20.00800132751465,0.00023116800002753735,0.11133605241775513,0.3082691729068756,9.066106796264648,0.0010333191603422165,-0.00026232004165649414,-0.0023169848136603832,33.96117401123047,42.94696807861328,-89.30972290039062
17.958152532577515,0,1.8078768253326416,0.008378652855753899,2.0,3.9563307762145996,2.004000186920166,2944.0,-0.0,3.0,20.00400161743164,0.00014310400001704693,0.1502438187599182,0.27774155139923096,9.111000061035156,0.0005006790161132812,-0.0011944416910409927,-0.0007190639153122902,36.26062774658203,43.83430099487305,-88.79840850830078
17.97843360900879,0,1.808058500289917,0.008478295989334583,2.0,4.4199137687683105,2.004000186920166,2944.0,-0.0,3.0,20.016000747680664,0.00018163200002163649,0.10834314674139023,0.32981809973716736,9.044557571411133,-0.0006977617740631104,0.0006697997450828552,-0.000852223951369524,35.376220703125,42.59203338623047,-87.60533905029297
17.998647212982178,0,1.8082126379013062,0.008342389948666096,2.0,4.02292013168335,2.004000186920166,2944.0,-0.0,3.0,20.012001037597656,0.00015411200001835823,0.1101388931274414,0.31964221596717834,9.083465576171875,0.0016991198062896729,-0.0011944416910409927,-0.0007190639153122902,34.668697357177734,42.59203338623047,-87.94622039794922
18.0188250541687,0,1.8083308935165405,0.007921857759356499,2.0,3.8771917819976807,2.0320000648498535,2944.0,-0.0,3.0,20.020000457763672,0.0001183360000140965,0.12091334909200668,0.3010862171649933,9.151104927062988,-0.0013635624200105667,-0.0009281206876039505,-0.0009853839874267578,33.25364685058594,41.88216781616211,-88.28709411621094
18.039302587509155,0,1.8084272146224976,0.007353212684392929,2.0,4.489573955535889,2.0160000324249268,2952.0,-0.0,3.0,20.00400161743164,9.63200000114739e-05,0.11073747277259827,0.3142549991607666,9.104415893554688,-0.00043144263327121735,-0.0005286410450935364,-5.326326936483383e-05,35.376220703125,42.59203338623047,-88.62797546386719
18.05941677093506,0,1.8085731267929077,0.007317937444895506,2.0,4.563616752624512,2.004000186920166,2952.0,-0.0,3.0,20.00800132751465,0.00014585600001737475,0.12989206612110138,0.3783031404018402,9.083465576171875,-0.00029828213155269623,-0.00026232004165649414,-0.0009853839874267578,33.96117401123047,44.366703033447266,-88.9688491821289
18.07968282699585,0,1.8086776733398438,0.006904765032231808,2.0,4.561124324798584,2.004000186920166,2948.0,-0.0,3.0,20.00400161743164,0.00010457600001245737,0.15862394869327545,0.350169837474823,9.102620124816895,-0.00029828213155269623,-0.0013276021927595139,0.0003462168388068676,34.668697357177734,42.94696807861328,-87.94622039794922
18.099759101867676,0,1.808763027191162,0.0064560179598629475,2.0,4.404046535491943,2.0160000324249268,2956.0,-0.0,3.0,20.012001037597656,8.531200001016259e-05,0.13887077569961548,0.345979779958725,9.169661521911621,-0.0005646012723445892,0.000403478741645813,0.0010120170190930367,34.845577239990234,43.4793701171875,-88.11666107177734
18.120091438293457,0,1.808809757232666,0.005713121499866247,2.0,4.5579752922058105,2.008000135421753,2944.0,-0.0,3.0,20.036001205444336,4.6784000005573034e-05,0.13587787747383118,0.35076841711997986,9.131352424621582,0.0012996401637792587,-0.0009281206876039505,0.001677817665040493,35.022457122802734,41.88216781616211,-87.60533905029297
18.140350818634033,0,1.8088620901107788,0.005135724786669016,2.0,4.556727886199951,2.0160000324249268,2956.0,-0.0,3.0,20.00400161743164,5.2288000006228685e-05,0.12929348647594452,0.34178972244262695,9.09244441986084,0.00023435801267623901,-0.0005286410450935364,-0.0009853839874267578,34.13805389404297,45.25403594970703,-88.11666107177734
18.160646438598633,0,1.8089033365249634,0.0045810891315341,2.0,4.555744647979736,2.0160000324249268,2948.0,-0.0,3.0,20.00800132751465,4.128000000491738e-05,0.1161246970295906,0.32981809973716736,9.082268714904785,-0.0009640827775001526,0.0008029602468013763,0.0003462168388068676,34.31493377685547,43.65683364868164,-87.26446533203125
18.18076467514038,0,1.8089226484298706,0.0039161196909844875,2.0,4.555284023284912,2.0160000324249268,2968.0,-0.0,3.0,20.00400161743164,1.926400000229478e-05,0.12989206612110138,0.3352053165435791,9.1253662109375,-0.0006977617740631104,-0.00039548054337501526,-0.0007190639153122902,33.7842903137207,41.34976577758789,-88.79840850830078
18.201006650924683,0,1.80892813205719,0.003266021376475692,2.0,4.5551533699035645,2.004000186920166,2948.0,-0.0,3.0,20.012001037597656,5.504000000655651e-06,0.14186367392539978,0.3411911129951477,9.142724990844727,-0.00043144263327121735,0.0008029602468013763,0.0010120170190930367,33.25364685058594,43.301902770996094,-89.30972290039062
18.221340656280518,0,1.808944582939148,0.0028291030321270227,2.0,4.476775646209717,2.004000186920166,2948.0,-0.0,3.0,20.016000747680664,1.6512000001966953e-05,0.1251034140586853,0.3250294327735901,9.10740852355957,-0.0008309222757816315,-0.00039548054337501526,0.0006125369109213352,35.1993408203125,44.89910125732422,-88.45753479003906
18.241656064987183,0,1.8089529275894165,0.002388739725574851,2.0,4.554562091827393,2.004000186920166,2956.0,-0.0,3.0,20.00800132751465,8.256000000983477e-06,0.11971618235111237,0.3393953740596771,9.102620124816895,-0.0006977617740631104,-0.00026232004165649414,-0.0009853839874267578,33.96117401123047,42.23710250854492,-86.58271026611328
18.261868715286255,0,1.8089584112167358,0.0020107252057641745,2.0,4.554431438446045,2.0160000324249268,2948.0,-0.0,3.0,20.012001037597656,5.504000000655651e-06,0.12989206612110138,0.3292195200920105,9.108606338500977,-0.0001651216298341751,0.0010692793875932693,-0.000852223951369524,33.6074104309082,43.301902770996094,-88.62797546386719
18.28207278251648,0,1.8089611530303955,0.0016648651799187064,2.0,4.554366111755371,2.0160000324249268,3064.0,-0.0,3.0,20.00400161743164,2.7520000003278255e-06,0.14246225357055664,0.3370010554790497,9.10740852355957,-0.0010972414165735245,-0.0010612811893224716,-0.0023169848136603832,34.845577239990234,43.12443542480469,-87.09402465820312
18.302262544631958,0,1.8089611530303955,0.0013725613243877888,2.0,4.554366111755371,2.004000186920166,2940.0,-0.0,3.0,20.00800132751465,0.0,0.10894172638654709,0.3639371991157532,9.098429679870605,0.0006338395178318024,0.0005366392433643341,0.0003462168388068676,33.25364685058594,43.65683364868164,-88.9688491821289
18.322582244873047,0,1.8089611530303955,0.0011258673621341586,2.0,4.554366111755371,2.004000186920166,2944.0,-0.0,3.0,20.00400161743164,0.0,0.1520395576953888,0.36752867698669434,9.1253662109375,-0.0006977617740631104,0.0016019195318222046,0.0006125369109213352,34.49181365966797,40.994834899902344,-88.11666107177734
18.342705011367798,0,1.8084713220596313,-0.003707999363541603,0.0,4.554366111755371,2.01200008392334,2956.0,-0.0,0.0,20.016000747680664,-0.000489856000058353,0.13288496434688568,0.3633386194705963,9.115190505981445,-0.0005646012723445892,0.000403478741645813,-0.0007190639153122902,34.49181365966797,42.41456604003906,-87.09402465820312
18.363133668899536,0,1.8074942827224731,-0.011748087592422962,0.0,4.554366111755371,2.01200008392334,2944.0,-0.0,0.0,20.016000747680664,-0.0009769599419087172,0.1280963122844696,0.14784948527812958,9.036177635192871,-0.0017630420625209808,0.0029335208237171173,-0.0019175042398273945,34.31493377685547,43.301902770996094,-88.62797546386719
18.38326930999756,0,1.8071668148040771,-0.012361959554255009,0.0,4.554366111755371,2.01200008392334,3088.0,-0.0,0.0,20.016000747680664,-0.00032748800003901124,0.1161246970295906,-0.005985809490084648,9.257652282714844,-0.004692563787102699,0.003732481971383095,-0.0023169848136603832,34.13805389404297,43.12443542480469,-87.43490600585938
18.40351700782776,0,1.8071668148040771,-0.010207719169557095,0.0,4.554366111755371,2.004000186920166,2940.0,-0.0,0.0,20.00800132751465,0.0,0.11253321170806885,0.16879981756210327,8.973925590515137,0.003563361242413521,-0.001860242336988449,0.0004793768748641014,36.083744049072266,42.59203338623047,-88.62797546386719
18.42382311820984,0,1.8071668148040771,-0.008377310819923878,0.0,4.554366111755371,2.008000135421753,2936.0,-0.0,0.0,20.016000747680664,0.0,0.13348354399204254,0.25858697295188904,9.181632995605469,0.001965438947081566,0.0018682405352592468,0.002476777881383896,34.668697357177734,43.301902770996094,-88.9688491821289
18.44500732421875,0,1.8071558475494385,-0.006965176668018103,0.0,4.554366111755371,2.01200008392334,2960.0,-0.0,0.0,20.012001037597656,-1.1008000001311302e-05,0.14844806492328644,0.37590882182121277,9.230716705322266,-0.0005646012723445892,-0.00012916140258312225,0.0019441377371549606,34.13805389404297,42.41456604003906,-89.13928985595703
18.464386224746704,0,1.807012677192688,-0.007041383069008589,0.0,4.554366111755371,2.01200008392334,2944.0,-0.0,0.0,20.012001037597656,-0.00014310400001704693,0.11792044341564178,0.5189696550369263,8.976319313049316,-0.0014967229217290878,-0.0013276021927595139,0.0008788574486970901,34.31493377685547,43.65683364868164,-88.62797546386719
18.484493494033813,0,1.8066879510879517,-0.008639327250421047,0.0,4.554366111755371,2.0160000324249268,3100.0,-0.0,0.0,20.012001037597656,-0.0003247360000386834,0.13887077569961548,0.4902377724647522,9.197794914245605,-0.0010972414165735245,0.0008029602468013763,0.0003462168388068676,33.7842903137207,42.94696807861328,-89.30972290039062
18.504767179489136,0,1.8066191673278809,-0.007715053390711546,0.0,4.554366111755371,2.01200008392334,2944.0,-0.0,0.0,20.012001037597656,-6.880000000819564e-05,0.11672328412532806,0.5291455388069153,9.112197875976562,-0.0017630420625209808,-0.0006618015468120575,0.0010120170190930367,35.5531005859375,42.059635162353516,-88.79840850830078
18.525060415267944,0,1.8066191673278809,-0.006329892203211784,0.0,4.554366111755371,2.008000135421753,2940.0,-0.0,0.0,20.012001037597656,0.0,0.15323671698570251,0.5776305794715881,9.057726860046387,0.0006338395178318024,-0.0005286410450935364,-0.0007190639153122902,34.49181365966797,43.12443542480469,-88.79840850830078
18.545246601104736,0,1.8066191673278809,-0.005194433033466339,0.0,4.554366111755371,2.01200008392334,2944.0,-0.0,0.0,20.016000747680664,0.0,0.12390625476837158,0.5602717399597168,9.125965118408203,0.0012996401637792587,-0.0011944416910409927,7.989676669239998e-05,35.906864166259766,43.4793701171875,-88.45753479003906
18.56545352935791,0,1.8066191673278809,-0.004262319300323725,0.0,4.554366111755371,2.0240001678466797,2936.0,-0.0,0.0,20.00400161743164,0.0,0.13587787747383118,0.5159767866134644,9.121175765991211,-0.0005646012723445892,-0.0006618015468120575,-0.0011185440234839916,35.022457122802734,44.01176834106445,-88.9688491821289
18.585742712020874,0,1.8066191673278809,-0.003491286188364029,0.0,4.554366111755371,2.008000135421753,2960.0,-0.0,0.0,20.00800132751465,0.0,0.13887077569961548,0.4405555725097656,9.067303657531738,-0.0006977617740631104,0.0012024398893117905,-0.00045274337753653526,34.13805389404297,43.4793701171875,-89.48016357421875
18.607203245162964,0,1.8066191673278809,-0.002870433032512665,0.0,4.554366111755371,2.01200008392334,2940.0,-0.0,0.0,20.00400161743164,0.0,0.11253321170806885,0.35376131534576416,9.122373580932617,-0.00043144263327121735,0.0006697997450828552,0.0002130568027496338,36.61438751220703,44.89910125732422,-89.13928985595703
18.626586437225342,0,1.8066191673278809,-0.0023556258529424667,0.0,4.554366111755371,2.01200008392334,2940.0,-0.0,0.0,20.012001037597656,0.0,0.11193463206291199,0.3142549991607666,9.118183135986328,-0.0012304019182920456,0.0010692793875932693,-0.0005859034135937691,33.6074104309082,42.59203338623047,-87.94622039794922
18.64724588394165,0,1.8066191673278809,-0.0019326235633343458,0.0,4.554366111755371,2.01200008392334,2936.0,-0.0,0.0,20.00400161743164,0.0,0.12091334909200668,0.25738978385925293,9.100225448608398,-0.00043144263327121735,0.0013356003910303116,0.0002130568027496338,34.845577239990234,43.83430099487305,-87.7757797241211
18.666691064834595,0,1.8066191673278809,-0.0015861940337345004,0.0,4.554366111755371,2.01200008392334,2936.0,-0.0,0.0,20.012001037597656,0.0,0.1340821236371994,0.22626358270645142,9.080472946166992,-0.00043144263327121735,0.000403478741645813,-0.000852223951369524,33.96117401123047,43.65683364868164,-89.30972290039062
18.686994552612305,0,1.8066191673278809,-0.001299666822887957,0.0,4.554366111755371,2.01200008392334,2956.0,-0.0,0.0,20.016000747680664,0.0,0.10834314674139023,0.23045365512371063,9.097831726074219,0.0006338395178318024,0.0002703201025724411,-0.00031958334147930145,34.845577239990234,43.83430099487305,-88.79840850830078
18.707959413528442,0,1.8066191673278809,-0.0010677633108571172,0.0,4.554366111755371,2.01200008392334,2944.0,-0.0,0.0,20.00800132751465,0.0,0.13228638470172882,0.25080540776252747,9.111000061035156,-0.0001651216298341751,0.0016019195318222046,0.0004793768748641014,35.376220703125,44.01176834106445,-89.30972290039062
18.727391958236694,0,1.8066191673278809,-0.0008762256475165486,0.0,4.554366111755371,2.01200008392334,2936.0,-0.0,0.0,20.00400161743164,0.0,0.11133605241775513,0.2813330292701721,9.113993644714355,-0.0006977617740631104,0.0002703201025724411,0.0003462168388068676,34.845577239990234,43.12443542480469,-88.45753479003906
18.747650861740112,0,1.8066191673278809,-0.0007191590848378837,0.0,4.554366111755371,2.01200008392334,2940.0,-0.0,0.0,20.016000747680664,0.0,0.12689915299415588,0.3352053165435791,9.089451789855957,0.0009001586586236954,-0.00039548054337501526,-5.326326936483383e-05,34.49181365966797,42.769500732421875,-88.79840850830078
18.767931699752808,0,1.8066191673278809,-0.0005899962270632386,0.0,4.554366111755371,2.0320000648498535,2940.0,-0.0,0.0,20.00400161743164,0.0,0.12151192873716354,0.37590882182121277,9.111000061035156,-0.00029828213155269623,-0.00026232004165649414,7.989676669239998e-05,35.5531005859375,44.89910125732422,-89.821044921875
18.788237810134888,0,1.8066191673278809,-0.00048353109741583467,0.0,4.554366111755371,2.01200008392334,2956.0,-0.0,0.0,20.00400161743164,0.0,0.09876585006713867,0.43157684803009033,9.145119667053223,-0.0009640827775001526,0.0002703201025724411,0.0004793768748641014,34.845577239990234,42.41456604003906,-88.45753479003906
18.80845069885254,0,1.8066191673278809,-0.00039717459003441036,0.0,4.554366111755371,2.008000135421753,2944.0,-0.0,0.0,20.012001037597656,0.0,0.12091334909200668,0.43875980377197266,9.116387367248535,-0.0005646012723445892,-0.00012916140258312225,0.0002130568027496338,35.022457122802734,43.65683364868164,-87.94622039794922
18.828584909439087,0,1.8066191673278809,-0.00032588906469754875,0.0,4.554366111755371,2.01200008392334,2940.0,-0.0,0.0,20.016000747680664,0.0,0.13288496434688568,0.4471399486064911,9.127760887145996,0.0006338395178318024,0.0008029602468013763,0.0003462168388068676,35.729984283447266,43.301902770996094,-87.60533905029297
18.84882950782776,0,1.8066191673278809,-0.00026748160598799586,0.0,4.554366111755371,2.01200008392334,2940.0,-0.0,0.0,20.00800132751465,0.0,0.13468070328235626,0.4405555725097656,9.095437049865723,-0.00029828213155269623,0.0008029602468013763,0.0008788574486970901,34.668697357177734,42.59203338623047,-88.28709411621094
18.870396614074707,0,1.8066191673278809,-0.00021947415370959789,0.0,4.554366111755371,2.0160000324249268,2936.0,-0.0,0.0,20.00400161743164,0.0,0.1340821236371994,0.40763360261917114,9.130753517150879,0.00036751851439476013,-0.00026232004165649414,0.000745696946978569,33.7842903137207,44.18923568725586,-88.79840850830078
18.88947319984436,0,1.8066191673278809,-0.0001798622979549691,0.0,4.554366111755371,2.008000135421753,2952.0,-0.0,0.0,20.00400161743164,0.0,0.1430608481168747,0.37950029969215393,9.148711204528809,-3.196112811565399e-05,-0.00039548054337501526,-0.000852223951369524,35.022457122802734,44.366703033447266,-88.62797546386719
18.909669399261475,0,1.8066191673278809,-0.00014778545300941914,0.0,4.554366111755371,2.008000135421753,2940.0,-0.0,0.0,20.016000747680664,0.0,0.11552611738443375,0.354359894990921,9.095437049865723,-0.0008309222757816315,0.0010692793875932693,7.989676669239998e-05,35.022457122802734,44.72163772583008,-88.9688491821289
18.929808616638184,0,1.8066191673278809,-0.00012101898028049618,0.0,4.554366111755371,2.01200008392334,2936.0,-0.0,0.0,20.00400161743164,0.0,0.13168780505657196,0.33161383867263794,9.11040210723877,-0.0006977617740631104,0.0009361188858747482,0.0002130568027496338,33.25364685058594,43.301902770996094,-87.94622039794922
18.950130701065063,0,1.8066191673278809,-9.952110849553719e-05,0.0,4.554366111755371,2.01200008392334,2944.0,-0.0,0.0,20.012001037597656,0.0,0.13168780505657196,0.296297550201416,9.133148193359375,-0.00029828213155269623,-0.0010612811893224716,-0.00031958334147930145,35.1993408203125,42.769500732421875,-89.48016357421875
18.970367670059204,0,1.8066191673278809,-8.165596955223009e-05,0.0,4.554366111755371,2.0160000324249268,2940.0,-0.0,0.0,20.00400161743164,0.0,0.11971618235111237,0.29869186878204346,9.093042373657227,-3.196112811565399e-05,-0.0014607608318328857,0.0003462168388068676,35.729984283447266,42.59203338623047,-89.30972290039062
18.990672826766968,0,1.8066191673278809,-6.690782902296633e-05,0.0,4.554366111755371,2.01200008392334,2956.0,-0.0,0.0,20.00800132751465,0.0,0.10954030603170395,0.30886775255203247,9.120577812194824,-0.0008309222757816315,0.00013715960085391998,7.989676669239998e-05,33.4305305480957,43.4793701171875,-87.7757797241211
19.010758638381958,0,1.8066191673278809,-5.4994699894450605e-05,0.0,4.554366111755371,2.01200008392334,2936.0,-0.0,0.0,20.00400161743164,0.0,0.12689915299415588,0.33281099796295166,9.072092056274414,-0.0012304019182920456,0.00013715960085391998,0.0003462168388068676,33.4305305480957,42.769500732421875,-89.48016357421875
19.031034231185913,0,1.8066191673278809,-4.507077028392814e-05,0.0,4.554366111755371,2.01200008392334,2976.0,-0.0,0.0,20.00400161743164,0.0,0.12929348647594452,0.34777551889419556,9.11040210723877,-0.00043144263327121735,-0.00012916140258312225,0.0014114975929260254,32.89988708496094,43.301902770996094,-87.94622039794922
19.05197501182556,0,1.8066191673278809,-3.7030011299066246e-05,0.0,4.554366111755371,2.01200008392334,2940.0,-0.0,0.0,20.016000747680664,0.0,0.13049064576625824,0.3741130828857422,9.089451789855957,-0.0013635624200105667,-0.0007949620485305786,-0.00018642330542206764,33.7842903137207,43.12443542480469,-89.13928985595703
19.071675062179565,0,1.8066191673278809,-3.0383946068468504e-05,0.0,4.554366111755371,2.0280001163482666,2944.0,-0.0,0.0,20.00400161743164,0.0,0.13946935534477234,0.3830918073654175,9.118183135986328,-3.196112811565399e-05,0.0009361188858747482,-0.0017843442037701607,35.729984283447266,44.01176834106445,-87.60533905029297
19.091851949691772,0,1.8066191673278809,-2.4897204639273696e-05,0.0,4.554366111755371,2.01200008392334,2960.0,-0.0,0.0,20.00400161743164,0.0,0.14365942776203156,0.3842889666557312,9.098429679870605,0.00023435801267623901,0.00013715960085391998,-0.00018642330542206764,34.13805389404297,43.12443542480469,-87.7757797241211
19.112150192260742,0,1.8066191673278809,-2.0462595784920268e-05,0.0,4.554366111755371,2.008000135421753,2940.0,-0.0,0.0,20.00800132751465,0.0,0.11792044341564178,0.40404212474823,9.101423263549805,-0.0001651216298341751,-0.0007949620485305786,-5.326326936483383e-05,33.7842903137207,43.4793701171875,-89.48016357421875
19.132237672805786,0,1.8066191673278809,-1.671225436439272e-05,0.0,4.554366111755371,2.01200008392334,3060.0,-0.0,0.0,20.00800132751465,0.0,0.14665232598781586,0.3902747631072998,9.11279582977295,-0.0008309222757816315,-0.0005286410450935364,-0.000852223951369524,34.31493377685547,42.59203338623047,-88.62797546386719
19.152491331100464,0,1.8066191673278809,-1.3779618711851072e-05,0.0,4.554366111755371,2.004000186920166,2936.0,-0.0,0.0,20.00400161743164,0.0,0.11851902306079865,0.38069745898246765,9.131352424621582,0.00010119937360286713,0.000403478741645813,0.0004793768748641014,34.668697357177734,44.366703033447266,-89.65060424804688
19.172800302505493,0,1.8066191673278809,-1.130558939621551e-05,0.0,4.554366111755371,2.0160000324249268,2940.0,-0.0,0.0,20.00400161743164,0.0,0.12989206612110138,0.3423883020877838,9.115190505981445,0.0014327988028526306,-0.00012916140258312225,0.000745696946978569,35.022457122802734,42.23710250854492,-87.94622039794922
19.193082332611084,0,1.8066191673278809,-9.26473512663506e-06,0.0,4.554366111755371,2.01200008392334,2956.0,-0.0,0.0,20.012001037597656,0.0,0.13168780505657196,0.3334095776081085,9.088852882385254,-0.0009640827775001526,0.0006697997450828552,-5.326326936483383e-05,34.845577239990234,42.41456604003906,-88.11666107177734
19.213369369506836,0,1.8066191673278809,-7.61365072321496e-06,0.0,4.554366111755371,2.01200008392334,2948.0,-0.0,0.0,20.012001037597656,0.0,0.146053746342659,0.3232336938381195,9.118782043457031,-0.0013635624200105667,0.0002703201025724411,-0.0013848640955984592,35.1993408203125,43.83430099487305,-88.79840850830078
19.23345160484314,0,1.8066191673278809,-6.211841082404135e-06,0.0,4.554366111755371,2.01200008392334,3088.0,-0.0,0.0,20.00400161743164,0.0,0.13827219605445862,0.3262265920639038,9.087656021118164,-0.00029828213155269623,0.0018682405352592468,-0.0012517040595412254,34.845577239990234,43.4793701171875,-89.13928985595703
19.25368356704712,0,1.8066191673278809,-5.127552412886871e-06,0.0,4.554366111755371,2.01200008392334,2936.0,-0.0,0.0,20.012001037597656,0.0,0.13887077569961548,0.33879679441452026,9.130154609680176,0.00010119937360286713,0.0002703201025724411,7.989676669239998e-05,33.6074104309082,44.01176834106445,-88.9688491821289
19.274048805236816,0,1.8066191673278809,-4.207112851872807e-06,0.0,4.554366111755371,2.0160000324249268,2936.0,-0.0,0.0,20.00400161743164,0.0,0.11971618235111237,0.34059253334999084,9.115190505981445,-0.0001651216298341751,-0.00012916140258312225,-0.0009853839874267578,34.13805389404297,43.4793701171875,-89.13928985595703
19.294255018234253,0,1.8066191673278809,-3.447261406108737e-06,0.0,4.554366111755371,2.01200008392334,2956.0,-0.0,0.0,20.012001037597656,0.0,0.14246225357055664,0.3573528230190277,9.132549285888672,0.0006338395178318024,-0.00026232004165649414,-0.00018642330542206764,34.49181365966797,43.83430099487305,-88.79840850830078
19.314552783966064,0,1.8066191673278809,-2.8331396606517956e-06,0.0,4.554366111755371,2.008000135421753,2936.0,-0.0,0.0,20.016000747680664,0.0,0.11492753773927689,0.36274003982543945,9.119379997253418,0.002364920452237129,3.999099135398865e-06,-0.001518024131655693,35.5531005859375,44.18923568725586,-88.45753479003906
19.33472228050232,0,1.8066191673278809,-2.315835445187986e-06,0.0,4.554366111755371,2.01200008392334,3020.0,-0.0,0.0,20.00800132751465,0.0,0.11492753773927689,0.36573293805122375,9.087057113647461,0.0006338395178318024,0.0006697997450828552,-0.000852223951369524,36.26062774658203,42.769500732421875,-88.45753479003906
19.354867458343506,0,1.8066191673278809,-1.9076130683970405e-06,0.0,4.554366111755371,2.01200008392334,2936.0,-0.0,0.0,20.012001037597656,0.0,0.13587787747383118,0.37471166253089905,9.115788459777832,-0.0012304019182920456,0.000403478741645813,0.0006125369109213352,36.26062774658203,42.769500732421875,-89.48016357421875
19.375149488449097,0,1.8066191673278809,-1.564873059578531e-06,0.0,4.554366111755371,2.008000135421753,2940.0,-0.0,0.0,20.016000747680664,0.0,0.14066651463508606,0.37650740146636963,9.103816986083984,-3.196112811565399e-05,-0.0005286410450935364,0.0004793768748641014,35.376220703125,42.59203338623047,-88.28709411621094
19.396504163742065,0,1.8066191673278809,-1.2843614740631892e-06,0.0,4.554366111755371,2.01200008392334,2936.0,-0.0,0.0,20.012001037597656,0.0,0.1280963122844696,0.38189461827278137,9.11279582977295,-0.002428842708468437,-0.00012916140258312225,-0.00031958334147930145,34.49181365966797,44.18923568725586,-87.7757797241211
19.4157292842865,0,1.8066191673278809,-1.0536430181673495e-06,0.0,4.554366111755371,2.0280001163482666,2940.0,-0.0,0.0,20.00800132751465,0.0,0.13827219605445862,0.35555708408355713,9.084662437438965,-0.00029828213155269623,-0.0007949620485305786,-0.00045274337753653526,34.845577239990234,43.4793701171875,-88.11666107177734
19.43600869178772,0,1.8066191673278809,-8.634090136183659e-07,0.0,4.554366111755371,2.01200008392334,2960.0,-0.0,0.0,20.016000747680664,0.0,0.12869489192962646,0.3483740985393524,9.100225448608398,-0.00029828213155269623,-0.00012916140258312225,-0.00031958334147930145,34.49181365966797,42.769500732421875,-88.11666107177734
19.456064462661743,0,1.8066191673278809,-7.094562874954136e-07,0.0,4.554366111755371,2.01200008392334,2944.0,-0.0,0.0,20.00400161743164,0.0,0.13288496434688568,0.3441840410232544,9.105612754821777,-0.0009640827775001526,-0.00039548054337501526,-0.0017843442037701607,34.49181365966797,43.83430099487305,-88.11666107177734
19.47740125656128,0,1.8066191673278809,-5.823048923048191e-07,0.0,4.554366111755371,2.01200008392334,2940.0,-0.0,0.0,20.012001037597656,0.0,0.1280963122844696,0.3513669967651367,9.113394737243652,0.00010119937360286713,0.0005366392433643341,7.989676669239998e-05,34.845577239990234,42.769500732421875,-88.45753479003906
19.4967679977417,0,1.8066191673278809,-4.778514153258584e-07,0.0,4.554366111755371,2.008000135421753,2948.0,-0.0,0.0,20.00800132751465,0.0,0.13348354399204254,0.3429868817329407,9.1253662109375,-0.0001651216298341751,0.0005366392433643341,-0.00018642330542206764,35.022457122802734,43.65683364868164,-88.62797546386719
19.51693558692932,0,1.8066191673278809,-3.921501559034368e-07,0.0,4.554366111755371,2.008000135421753,2940.0,-0.0,0.0,20.016000747680664,0.0,0.1280963122844696,0.3441840410232544,9.101423263549805,0.00010119937360286713,0.000403478741645813,-0.00045274337753653526,33.7842903137207,43.4793701171875,-88.79840850830078
19.537201404571533,0,1.8066191673278809,-3.211997352536855e-07,0.0,4.554366111755371,2.01200008392334,2960.0,-0.0,0.0,20.00400161743164,0.0,0.12270908802747726,0.34957125782966614,9.112197875976562,0.00036751851439476013,0.0010692793875932693,0.0004793768748641014,34.845577239990234,43.12443542480469,-89.48016357421875
19.557430505752563,0,1.8066191673278809,-2.6400957153782656e-07,0.0,4.554366111755371,2.01200008392334,2944.0,-0.0,0.0,20.012001037597656,0.0,0.12749773263931274,0.3471769392490387,9.10501480102539,-0.002029363065958023,-0.00012916140258312225,0.0004793768748641014,33.96117401123047,43.65683364868164,-88.28709411621094
19.57756519317627,0,1.8066191673278809,-2.1570426156358735e-07,0.0,4.554366111755371,2.01200008392334,2944.0,-0.0,0.0,20.016000747680664,0.0,0.12989206612110138,0.35256415605545044,9.098429679870605,-0.0008309222757816315,0.00013715960085391998,-0.0005859034135937691,35.1993408203125,43.83430099487305,-88.79840850830078
19.59973907470703,0,1.8066191673278809,-1.7774993921193527e-07,0.0,4.554366111755371,2.01200008392334,2940.0,-0.0,0.0,20.00800132751465,0.0,0.13468070328235626,0.3591485619544983,9.101423263549805,-0.0008309222757816315,0.0009361188858747482,0.0006125369109213352,35.376220703125,42.94696807861328,-88.28709411621094
19.6181378364563,0,1.8066191673278809,-1.458022893530142e-07,0.0,4.554366111755371,2.0320000648498535,2940.0,-0.0,0.0,20.02400016784668,0.0,0.14365942776203156,0.36872583627700806,9.124767303466797,0.0006338395178318024,-0.00012916140258312225,0.000745696946978569,35.5531005859375,44.18923568725586,-88.11666107177734
19.639264822006226,0,1.8066191673278809,-1.194640617541154e-07,0.0,4.554366111755371,2.01200008392334,2968.0,-0.0,0.0,20.00400161743164,0.0,0.11792044341564178,0.3771059811115265,9.113394737243652,-0.00043144263327121735,0.000403478741645813,-0.0011185440234839916,34.31493377685547,41.88216781616211,-88.62797546386719
19.659476041793823,0,1.8066191673278809,-9.819693502777227e-08,0.0,4.554366111755371,2.01200008392334,2940.0,-0.0,0.0,20.00400161743164,0.0,0.12270908802747726,0.3519655764102936,9.117584228515625,-0.0009640827775001526,-0.00012916140258312225,0.0004793768748641014,34.49181365966797,42.769500732421875,-88.79840850830078
19.678966522216797,0,1.8066191673278809,-8.057898526203644e-08,0.0,4.554366111755371,2.01200008392334,2940.0,-0.0,0.0,20.012001037597656,0.0,0.13946935534477234,0.356155663728714,9.106810569763184,-0.0010972414165735245,-0.0007949620485305786,-5.326326936483383e-05,35.022457122802734,43.301902770996094,-87.94622039794922
19.69908332824707,0,1.8066191673278809,-6.612992109467086e-08,0.0,4.554366111755371,2.008000135421753,2948.0,-0.0,0.0,20.00800132751465,0.0,0.14126509428024292,0.35675424337387085,9.122971534729004,-0.00029828213155269623,0.0005366392433643341,-0.0005859034135937691,33.7842903137207,43.12443542480469,-87.7757797241211
19.71935200691223,0,1.8066191673278809,-5.426542060149586e-08,0.0,4.554366111755371,2.0160000324249268,2936.0,-0.0,0.0,20.00400161743164,0.0,0.1251034140586853,0.3423883020877838,9.134943962097168,0.00010119937360286713,-0.00039548054337501526,-0.00045274337753653526,34.49181365966797,42.059635162353516,-88.79840850830078
19.739595890045166,0,1.8066191673278809,-4.444718371132694e-08,0.0,4.554366111755371,2.008000135421753,2952.0,-0.0,0.0,20.012001037597656,0.0,0.1191176027059555,0.3549584746360779,9.120577812194824,-0.00029828213155269623,0.0010692793875932693,-0.00031958334147930145,35.022457122802734,44.366703033447266,-88.62797546386719
19.759862661361694,0,1.8066191673278809,-3.653605773479285e-08,0.0,4.554366111755371,2.01200008392334,2940.0,-0.0,0.0,20.00400161743164,0.0,0.14365942776203156,0.3429868817329407,9.101423263549805,0.0009001586586236954,-0.00012916140258312225,0.0015446580946445465,34.668697357177734,41.88216781616211,-89.65060424804688
19.78013777732849,0,1.8066191673278809,-2.9981002569456905e-08,0.0,4.554366111755371,2.01200008392334,2944.0,-0.0,0.0,20.00800132751465,0.0,0.12151192873716354,0.3693244457244873,9.121175765991211,0.0009001586586236954,0.0012024398893117905,-0.0005859034135937691,33.4305305480957,42.769500732421875,-88.79840850830078
19.800320386886597,0,1.8066191673278809,-2.460680192939435e-08,0.0,4.554366111755371,2.01200008392334,2936.0,-0.0,0.0,20.012001037597656,0.0,0.1340821236371994,0.34358546137809753,9.106810569763184,-0.0006977617740631104,0.0017350800335407257,-0.0005859034135937691,35.1993408203125,43.12443542480469,-90.16191864013672
19.820556163787842,0,1.8066191673278809,-2.018736644515684e-08,0.0,4.554366111755371,2.004000186920166,2944.0,-0.0,0.0,20.00400161743164,0.0,0.14066651463508606,0.354359894990921,9.131950378417969,-0.0013635624200105667,0.00013715960085391998,-0.00045274337753653526,35.906864166259766,43.12443542480469,-88.11666107177734
19.840823888778687,0,1.8066191673278809,-1.6540651515128957e-08,0.0,4.554366111755371,2.01200008392334,2960.0,-0.0,0.0,20.00400161743164,0.0,0.11253321170806885,0.3531627357006073,9.09364128112793,-0.0013635624200105667,-0.0011944416910409927,-0.0009853839874267578,35.1993408203125,42.769500732421875,-87.7757797241211
19.861060857772827,0,1.8066191673278809,-1.3595009562550331e-08,0.0,4.554366111755371,2.008000135421753,2936.0,-0.0,0.0,20.00400161743164,0.0,0.13468070328235626,0.3633386194705963,9.096633911132812,-0.0001651216298341751,0.0006697997450828552,0.0002130568027496338,34.668697357177734,43.301902770996094,-88.62797546386719
19.881251573562622,0,1.8066191673278809,-1.11353015697091e-08,0.0,4.554366111755371,2.01200008392334,2980.0,-0.0,0.0,20.00800132751465,0.0,0.12570199370384216,0.36154288053512573,9.12416934967041,0.00023435801267623901,0.00013715960085391998,-0.0011185440234839916,35.1993408203125,42.059635162353516,-90.16191864013672
19.90221333503723,0,1.8066191673278809,-9.15546571889081e-09,0.0,4.554366111755371,2.01200008392334,2940.0,-0.0,0.0,20.00800132751465,0.0,0.1280963122844696,0.36752867698669434,9.128358840942383,0.0011664796620607376,0.0016019195318222046,-0.000852223951369524,34.13805389404297,42.059635162353516,-89.48016357421875
19.922639846801758,0,1.8066191673278809,-7.514038280476143e-09,0.0,4.554366111755371,2.004000186920166,2936.0,-0.0,0.0,20.012001037597656,0.0,0.12989206612110138,0.350169837474823,9.116986274719238,-0.0006977617740631104,0.0008029602468013763,-5.326326936483383e-05,34.845577239990234,43.83430099487305,-87.7757797241211
19.942022800445557,0,1.8066191673278809,-6.157421239549876e-09,0.0,4.554366111755371,2.01200008392334,2964.0,-0.0,0.0,20.016000747680664,0.0,0.146053746342659,0.3250294327735901,9.102620124816895,-0.0006977617740631104,-0.00012916140258312225,-0.0005859034135937691,33.6074104309082,44.72163772583008,-88.9688491821289
19.962292671203613,0,1.8066191673278809,-5.057759988602584e-09,0.0,4.554366111755371,2.01200008392334,2944.0,-0.0,0.0,20.00800132751465,0.0,0.1400679349899292,0.3471769392490387,9.122971534729004,0.0016991198062896729,-0.00012916140258312225,-0.00031958334147930145,34.31493377685547,43.65683364868164,-88.9688491821289
19.982588529586792,0,1.8066191673278809,-4.129052211254702e-09,0.0,4.554366111755371,2.01200008392334,3072.0,-0.0,0.0,20.00800132751465,0.0,0.11792044341564178,0.3489726781845093,9.10740852355957,-0.0005646012723445892,-0.0006618015468120575,-0.00045274337753653526,34.13805389404297,42.769500732421875,-87.7757797241211
20.002856254577637,0,1.8066191673278809,-3.40607630988643e-09,0.0,4.554366111755371,2.01200008392334,2940.0,-0.0,0.0,20.012001037597656,0.0,0.13887077569961548,0.370521605014801,9.122971534729004,-0.0005646012723445892,-0.00039548054337501526,-0.000852223951369524,34.668697357177734,43.301902770996094,-87.94622039794922
20.022979021072388,0,1.8066191673278809,-2.794546594131475e-09,0.0,4.554366111755371,2.008000135421753,2936.0,-0.0,0.0,20.02800178527832,0.0,0.12450483441352844,0.3651343584060669,9.111000061035156,-0.0014967229217290878,0.0008029602468013763,-5.326326936483383e-05,34.31493377685547,43.301902770996094,-87.26446533203125
20.04329752922058,0,1.8066191673278809,-2.2899115936780845e-09,0.0,4.554366111755371,2.01200008392334,2964.0,-0.0,0.0,20.016000747680664,0.0,0.13527928292751312,0.3483740985393524,9.117584228515625,-0.0006977617740631104,0.0016019195318222046,-0.00018642330542206764,34.13805389404297,43.83430099487305,-87.7757797241211
20.06371307373047,0,1.8066191673278809,-1.8814609870076993e-09,0.0,4.554366111755371,2.01200008392334,2936.0,-0.0,0.0,20.00800132751465,0.0,0.12390625476837158,0.35555708408355713,9.108606338500977,-0.0008309222757816315,-0.00039548054337501526,-0.00045274337753653526,35.729984283447266,41.88216781616211,-88.28709411621094
20.08378839492798,0,1.8066191673278809,-1.5346832693552415e-09,0.0,4.554366111755371,2.008000135421753,3084.0,-0.0,0.0,20.00400161743164,0.0,0.14725090563297272,0.3639371991157532,9.093042373657227,-0.00043144263327121735,-0.0011944416910409927,0.0014114975929260254,33.7842903137207,43.12443542480469,-88.79840850830078
20.10435390472412,0,1.8066191673278809,-1.2668484039579653e-09,0.0,4.554366111755371,2.01200008392334,2936.0,-0.0,0.0,20.00800132751465,0.0,0.1161246970295906,0.3723173439502716,9.098429679870605,-0.0012304019182920456,0.0017350800335407257,0.0003462168388068676,35.022457122802734,44.01176834106445,-87.94622039794922
20.124361038208008,0,1.8066191673278809,-1.0397613880996914e-09,0.0,4.554366111755371,2.0199999809265137,2936.0,-0.0,0.0,20.00800132751465,0.0,0.13288496434688568,0.34358546137809753,9.113394737243652,0.00023435801267623901,0.00013715960085391998,0.0010120170190930367,35.1993408203125,44.18923568725586,-89.13928985595703
20.144455194473267,0,1.8066191673278809,-8.515755323124097e-10,0.0,4.554366111755371,2.01200008392334,2972.0,-0.0,0.0,20.016000747680664,0.0,0.11193463206291199,0.34657835960388184,9.121175765991211,0.00010119937360286713,0.00013715960085391998,-0.0007190639153122902,35.5531005859375,43.83430099487305,-89.821044921875
20.164874792099,0,1.8066191673278809,-7.001683122176416e-10,0.0,4.554366111755371,2.004000186920166,2940.0,-0.0,0.0,20.012001037597656,0.0,0.12989206612110138,0.3591485619544983,9.087656021118164,-0.0013635624200105667,0.0002703201025724411,0.0003462168388068676,35.376220703125,41.5272331237793,-88.9688491821289
20.184982538223267,0,1.8066191673278809,-5.723911344901467e-10,0.0,4.554366111755371,2.01200008392334,3016.0,-0.0,0.0,20.012001037597656,0.0,0.1430608481168747,0.36274003982543945,9.108007431030273,-0.0005646012723445892,0.0005366392433643341,-0.00031958334147930145,34.49181365966797,44.18923568725586,-89.48016357421875
20.20534086227417,0,1.8066191673278809,-4.713476275952644e-10,0.0,4.554366111755371,2.01200008392334,2936.0,-0.0,0.0,20.012001037597656,0.0,0.13587787747383118,0.356155663728714,9.101423263549805,-0.0014967229217290878,0.0012024398893117905,-0.0007190639153122902,34.668697357177734,42.94696807861328,-87.94622039794922
20.22550320625305,0,1.8066191673278809,-3.8675182501002325e-10,0.0,4.554366111755371,2.01200008392334,2936.0,-0.0,0.0,20.00400161743164,0.0,0.10594882071018219,0.37171876430511475,9.133148193359375,0.00023435801267623901,0.0009361188858747482,-0.00045274337753653526,34.845577239990234,44.89910125732422,-89.821044921875
20.24567151069641,0,1.8066191673278809,-3.173382945309555e-10,0.0,4.554366111755371,2.01200008392334,2940.0,-0.0,0.0,20.00400161743164,0.0,0.13946935534477234,0.3453812003135681,9.119379997253418,0.0010333191603422165,-0.00039548054337501526,-0.0007190639153122902,35.022457122802734,43.65683364868164,-87.94622039794922
20.265884160995483,0,1.8066191673278809,-2.6045374190708515e-10,0.0,4.554366111755371,2.01200008392334,2936.0,-0.0,0.0,20.00800132751465,0.0,0.14844806492328644,0.3591485619544983,9.11040210723877,-3.196112811565399e-05,0.0002703201025724411,0.0002130568027496338,34.13805389404297,43.4793701171875,-89.13928985595703
20.286157369613647,0,1.8066191673278809,-2.134878940296403e-10,0.0,4.554366111755371,2.01200008392334,2960.0,-0.0,0.0,20.00400161743164,0.0,0.13288496434688568,0.3411911129951477,9.063114166259766,-0.0001651216298341751,0.0002703201025724411,-0.00031958334147930145,34.31493377685547,43.301902770996094,-90.33235931396484
20.306429862976074,0,1.8066191673278809,-1.7535384255751296e-10,0.0,4.554366111755371,2.01200008392334,2944.0,-0.0,0.0,20.00400161743164,0.0,0.14126509428024292,0.3549584746360779,9.113394737243652,-0.0001651216298341751,3.999099135398865e-06,-0.0012517040595412254,35.022457122802734,42.59203338623047,-88.28709411621094
20.326725244522095,0,1.8066191673278809,-1.4393777836296806e-10,0.0,4.554366111755371,2.01200008392334,2944.0,-0.0,0.0,20.00400161743164,0.0,0.13049064576625824,0.3663315176963806,9.130753517150879,-0.00029828213155269623,3.999099135398865e-06,0.0002130568027496338,34.49181365966797,43.12443542480469,-88.45753479003906
20.34683060646057,0,1.8066191673278809,-1.1809060673773075e-10,0.0,4.554366111755371,2.008000135421753,2948.0,-0.0,0.0,20.00400161743164,0.0,0.12989206612110138,0.3693244457244873,9.121774673461914,-0.0001651216298341751,-0.00026232004165649414,-0.0007190639153122902,34.845577239990234,42.769500732421875,-87.7757797241211
20.367107152938843,0,1.8066191673278809,-9.690703101083997e-11,0.0,4.554366111755371,2.01200008392334,2940.0,-0.0,0.0,20.00400161743164,0.0,0.11792044341564178,0.3519655764102936,9.119379997253418,0.00036751851439476013,0.0010692793875932693,-0.00031958334147930145,35.906864166259766,43.4793701171875,-88.11666107177734
20.38743257522583,0,1.8066191673278809,-7.943531943332971e-11,0.0,4.554366111755371,2.01200008392334,2964.0,-0.0,0.0,20.012001037597656,0.0,0.12749773263931274,0.3693244457244873,9.11279582977295,0.00010119937360286713,0.0005366392433643341,0.0003462168388068676,35.022457122802734,42.94696807861328,-90.33235931396484
20.407724618911743,0,1.8066191673278809,-6.526665319306346e-11,0.0,4.554366111755371,2.01200008392334,2944.0,-0.0,0.0,20.00800132751465,0.0,0.13049064576625824,0.35854998230934143,9.11279582977295,-0.0008309222757816315,3.999099135398865e-06,0.0002130568027496338,34.845577239990234,44.54417037963867,-89.48016357421875
20.427924156188965,0,1.8066191673278809,-5.341043232687248e-11,0.0,4.554366111755371,2.01200008392334,2940.0,-0.0,0.0,20.00800132751465,0.0,0.13049064576625824,0.3411911129951477,9.128358840942383,-0.0008309222757816315,-0.00012916140258312225,-0.00045274337753653526,33.96117401123047,43.301902770996094,-87.94622039794922
20.448304891586304,0,1.8066191673278809,-4.3946391664606566e-11,0.0,4.554366111755371,2.01200008392334,2944.0,-0.0,0.0,20.00800132751465,0.0,0.13647645711898804,0.3483740985393524,9.130154609680176,-0.0006977617740631104,0.00213455967605114,-0.00031958334147930145,33.25364685058594,43.301902770996094,-90.33235931396484
20.468320608139038,0,1.8066191673278809,-3.6060435887330655e-11,0.0,4.554366111755371,2.01200008392334,2936.0,-0.0,0.0,20.012001037597656,0.0,0.12630057334899902,0.3519655764102936,9.099028587341309,0.0006338395178318024,0.0010692793875932693,0.0004793768748641014,34.668697357177734,42.23710250854492,-88.62797546386719
20.48868179321289,0,1.8066191673278809,-2.955329383991234e-11,0.0,4.554366111755371,2.01200008392334,2940.0,-0.0,0.0,20.00400161743164,0.0,0.12929348647594452,0.3735145032405853,9.104415893554688,-0.0006977617740631104,0.00013715960085391998,-0.00031958334147930145,34.49181365966797,42.769500732421875,-88.79840850830078
20.50887703895569,0,1.8066191673278809,-2.4280015498145957e-11,0.0,4.554366111755371,2.01200008392334,2944.0,-0.0,0.0,20.00800132751465,0.0,0.13647645711898804,0.36573293805122375,9.09364128112793,-0.0001651216298341751,-0.00012916140258312225,-0.00045274337753653526,35.729984283447266,41.5272331237793,-88.62797546386719
20.529125213623047,0,1.8066191673278809,-1.991525347411205e-11,0.0,4.554366111755371,2.01200008392334,2940.0,-0.0,0.0,20.012001037597656,0.0,0.14126509428024292,0.36274003982543945,9.104415893554688,0.0006338395178318024,0.0008029602468013763,-0.00031958334147930145,35.376220703125,42.59203338623047,-89.30972290039062
20.550371408462524,0,1.8066191673278809,-1.634719269671958e-11,0.0,4.554366111755371,2.01200008392334,2940.0,-0.0,0.0,20.00400161743164,0.0,0.11552611738443375,0.35076841711997986,9.109803199768066,-0.0006977617740631104,0.0005366392433643341,-5.326326936483383e-05,35.729984283447266,42.94696807861328,-89.30972290039062
20.569528579711914,0,1.8066191673278809,-1.3416374781971552e-11,0.0,4.554366111755371,2.01200008392334,2948.0,-0.0,0.0,20.00800132751465,0.0,0.13827219605445862,0.35555708408355713,9.11279582977295,-0.0008309222757816315,-0.00026232004165649414,7.989676669239998e-05,34.845577239990234,43.83430099487305,-89.821044921875
20.589765071868896,0,1.8066191673278809,-1.0990718751768824e-11,0.0,4.554366111755371,2.01200008392334,2960.0,-0.0,0.0,20.00400161743164,0.0,0.13527928292751312,0.36154288053512573,9.1253662109375,-0.0001651216298341751,0.0010692793875932693,-0.00045274337753653526,34.49181365966797,44.54417037963867,-87.7757797241211
20.610007524490356,0,1.8066191673278809,-9.033783270051554e-12,0.0,4.554366111755371,2.01200008392334,2944.0,-0.0,0.0,20.012001037597656,0.0,0.10834314674139023,0.3830918073654175,9.095437049865723,-0.0001651216298341751,0.0012024398893117905,-0.0011185440234839916,35.022457122802734,43.65683364868164,-88.62797546386719
20.630369663238525,0,1.8066191673278809,-7.410671902519095e-12,0.0,4.554366111755371,2.01200008392334,2940.0,-0.0,0.0,20.00800132751465,0.0,0.13049064576625824,0.35376131534576416,9.103816986083984,0.00023435801267623901,-0.0005286410450935364,-0.0005859034135937691,35.5531005859375,43.4793701171875,-88.79840850830078
20.650842905044556,0,1.8066191673278809,-6.083683036506304e-12,0.0,4.554366111755371,2.01200008392334,2936.0,-0.0,0.0,20.00800132751465,0.0,0.11552611738443375,0.3639371991157532,9.104415893554688,-0.002029363065958023,0.0010692793875932693,-0.0017843442037701607,33.25364685058594,43.301902770996094,-87.94622039794922
20.670843839645386,0,1.8066191673278809,-4.992588373969875e-12,0.0,4.554366111755371,2.008000135421753,2940.0,-0.0,0.0,20.00400161743164,0.0,0.10116017609834671,0.356155663728714,9.105612754821777,-0.0008309222757816315,0.0002703201025724411,-0.0005859034135937691,35.376220703125,43.65683364868164,-88.9688491821289
20.690971851348877,0,1.8066191673278809,-4.088667772406129e-12,0.0,4.554366111755371,2.008000135421753,2968.0,-0.0,0.0,20.00400161743164,0.0,0.10954030603170395,0.3633386194705963,9.11279582977295,0.0009001586586236954,0.0002703201025724411,0.0003462168388068676,35.729984283447266,43.65683364868164,-89.30972290039062
20.711332082748413,0,1.8066191673278809,-3.3614467546266846e-12,0.0,4.554366111755371,2.01200008392334,2944.0,-0.0,0.0,20.00800132751465,0.0,0.10774456709623337,0.354359894990921,9.10740852355957,-0.0001651216298341751,0.0008029602468013763,0.0004793768748641014,34.49181365966797,44.18923568725586,-88.79840850830078
20.73149871826172,0,1.8066191673278809,-2.7427689026221502e-12,0.0,4.554366111755371,2.01200008392334,3008.0,-0.0,0.0,20.00400161743164,0.0,0.11432895809412003,0.34358546137809753,9.09364128112793,-0.00043144263327121735,0.0012024398893117905,-0.0005859034135937691,36.26062774658203,42.769500732421875,-88.11666107177734
20.752373456954956,0,1.8066191673278809,-2.263574961150483e-12,0.0,4.554366111755371,2.01200008392334,2940.0,-0.0,0.0,20.016000747680664,0.0,0.12749773263931274,0.3669300973415375,9.116387367248535,0.0007669981569051743,-0.0005286410450935364,-0.000852223951369524,35.376220703125,41.88216781616211,-88.28709411621094
20.772032976150513,0,1.8066191673278809,-1.8578233569599423e-12,0.0,4.554366111755371,2.008000135421753,2936.0,-0.0,0.0,20.02400016784668,0.0,0.15622961521148682,0.3711201846599579,9.090049743652344,-0.00043144263327121735,-0.00012916140258312225,-5.326326936483383e-05,35.022457122802734,43.65683364868164,-90.33235931396484
20.792322158813477,0,1.8066191673278809,-1.5214025785720287e-12,0.0,4.554366111755371,2.01200008392334,2968.0,-0.0,0.0,20.00400161743164,0.0,0.09756869077682495,0.35376131534576416,9.12416934967041,-0.0008309222757816315,-0.00039548054337501526,0.0002130568027496338,34.31493377685547,44.72163772583008,-90.67323303222656
20.812631130218506,0,1.8066191673278809,-1.2505126057923976e-12,0.0,4.554366111755371,2.01200008392334,2936.0,-0.0,0.0,20.00400161743164,0.0,0.12929348647594452,0.345979779958725,9.113993644714355,-0.00043144263327121735,0.0013356003910303116,-0.0023169848136603832,34.49181365966797,43.83430099487305,-88.79840850830078
20.832730054855347,0,1.8066191673278809,-1.020185997312184e-12,0.0,4.554366111755371,2.008000135421753,3092.0,-0.0,0.0,20.00800132751465,0.0,0.10175875574350357,0.3633386194705963,9.113394737243652,0.00023435801267623901,-0.00026232004165649414,-0.0007190639153122902,33.6074104309082,41.88216781616211,-88.28709411621094
20.852957487106323,0,1.8066191673278809,-8.420116817328682e-13,0.0,4.554366111755371,2.01200008392334,2940.0,-0.0,0.0,20.016000747680664,0.0,0.12570199370384216,0.35555708408355713,9.10501480102539,-0.0028283223509788513,-0.0006618015468120575,-0.0009853839874267578,35.1993408203125,43.12443542480469,-89.48016357421875
20.873254537582397,0,1.8066191673278809,-6.910505154222868e-13,0.0,4.554366111755371,2.01200008392334,2932.0,-0.0,0.0,20.00400161743164,0.0,0.11073747277259827,0.37171876430511475,9.124767303466797,0.0009001586586236954,3.999099135398865e-06,-0.0005859034135937691,34.845577239990234,43.83430099487305,-89.48016357421875
20.894344568252563,0,1.8066191673278809,-5.661080870571211e-13,0.0,4.554366111755371,2.01200008392334,2960.0,-0.0,0.0,20.00800132751465,0.0,0.13767361640930176,0.3370010554790497,9.100824356079102,-0.0009640827775001526,-0.00039548054337501526,-0.0012517040595412254,33.96117401123047,43.65683364868164,-87.94622039794922
20.913745880126953,0,1.8066191673278809,-4.653292725101399e-13,0.0,4.554366111755371,2.01200008392334,2936.0,-0.0,0.0,20.032001495361328,0.0,0.14365942776203156,0.3693244457244873,9.123570442199707,0.00023435801267623901,-0.00026232004165649414,-0.00031958334147930145,35.376220703125,42.59203338623047,-88.62797546386719
20.934017658233643,0,1.8066191673278809,-3.797534118762935e-13,0.0,4.554366111755371,2.01200008392334,3064.0,-0.0,0.0,20.016000747680664,0.0,0.1430608481168747,0.37770456075668335,9.104415893554688,-3.196112811565399e-05,0.0006697997450828552,-0.0007190639153122902,35.022457122802734,44.01176834106445,-87.26446533203125
20.95426845550537,0,1.8066191673278809,-3.1327311621545673e-13,0.0,4.554366111755371,2.01200008392334,2940.0,-0.0,0.0,20.016000747680664,0.0,0.10714598745107651,0.3663315176963806,9.149908065795898,-0.002295682206749916,0.0005366392433643341,-0.0012517040595412254,34.49181365966797,44.18923568725586,-89.13928985595703
20.974555015563965,0,1.8066191673278809,-2.57038449769445e-13,0.0,4.554366111755371,2.0199999809265137,2936.0,-0.0,0.0,20.00800132751465,0.0,0.11073747277259827,0.356155663728714,9.11279582977295,-0.0009640827775001526,0.0005366392433643341,0.0011451775208115578,33.6074104309082,42.59203338623047,-89.30972290039062
20.99463939666748,0,1.8066191673278809,-2.1058255508278612e-13,0.0,4.554366111755371,2.008000135421753,2952.0,-0.0,0.0,20.012001037597656,0.0,0.12330766767263412,0.35555708408355713,9.12416934967041,0.00010119937360286713,0.000403478741645813,-0.00031958334147930145,35.5531005859375,43.12443542480469,-87.7757797241211
21.015100240707397,0,1.8066191673278809,-1.7306115037123843e-13,0.0,4.554366111755371,2.008000135421753,2940.0,-0.0,0.0,20.012001037597656,0.0,0.13946935534477234,0.356155663728714,9.103219032287598,-0.0001651216298341751,0.0005366392433643341,-0.0013848640955984592,36.26062774658203,44.18923568725586,-89.48016357421875
21.035173892974854,0,1.8066191673278809,-1.4148353170463646e-13,0.0,4.554366111755371,2.01200008392334,3008.0,-0.0,0.0,20.016000747680664,0.0,0.11133605241775513,0.3453812003135681,9.118782043457031,-0.00029828213155269623,0.0014687608927488327,0.0002130568027496338,35.729984283447266,42.23710250854492,-88.62797546386719
21.056342840194702,0,1.8066191673278809,-1.165167002594933e-13,0.0,4.554366111755371,2.01200008392334,2944.0,-0.0,0.0,20.00400161743164,0.0,0.13887077569961548,0.37171876430511475,9.118183135986328,-0.0009640827775001526,-0.00012916140258312225,0.0006125369109213352,35.5531005859375,43.12443542480469,-88.45753479003906
21.07668399810791,0,1.8066191673278809,-9.561192034499358e-14,0.0,4.554366111755371,2.008000135421753,2936.0,-0.0,0.0,20.00800132751465,0.0,0.12689915299415588,0.36154288053512573,9.10740852355957,0.00010119937360286713,0.0002703201025724411,0.0002130568027496338,35.022457122802734,43.65683364868164,-88.62797546386719
21.096119165420532,0,1.8066191673278809,-7.847331996452961e-14,0.0,4.554366111755371,2.01200008392334,2944.0,-0.0,0.0,20.016000747680664,0.0,0.1161246970295906,0.35854998230934143,9.106810569763184,-0.00029828213155269623,0.0002703201025724411,0.000745696946978569,34.668697357177734,43.65683364868164,-88.62797546386719
21.11622142791748,0,1.8066191673278809,-6.439192576498595e-14,0.0,4.554366111755371,2.008000135421753,2940.0,-0.0,0.0,20.02800178527832,0.0,0.13049064576625824,0.3573528230190277,9.120577812194824,-0.00043144263327121735,3.999099135398865e-06,0.0004793768748641014,34.13805389404297,43.4793701171875,-87.43490600585938
21.136595487594604,0,1.8066191673278809,-5.274398607213633e-14,0.0,4.554366111755371,2.01200008392334,2964.0,-0.0,0.0,20.00800132751465,0.0,0.1310892254114151,0.3741130828857422,9.119978904724121,-0.0006977617740631104,0.0010692793875932693,0.0006125369109213352,35.376220703125,43.301902770996094,-88.28709411621094
21.15733575820923,0,1.8066191673278809,-4.3344410634478525e-14,0.0,4.554366111755371,2.01200008392334,2936.0,-0.0,0.0,20.012001037597656,0.0,0.1161246970295906,0.360345721244812,9.087656021118164,-0.0001651216298341751,-0.00026232004165649414,0.0002130568027496338,35.906864166259766,42.769500732421875,-88.79840850830078
21.176872491836548,0,1.8066191673278809,-3.556929531185575e-14,0.0,4.554366111755371,2.01200008392334,2936.0,-0.0,0.0,20.012001037597656,0.0,0.1280963122844696,0.3591485619544983,9.11040210723877,0.0012996401637792587,0.0009361188858747482,-0.00018642330542206764,34.49181365966797,42.41456604003906,-88.11666107177734
21.197168350219727,0,1.8066191673278809,-2.918207396649525e-14,0.0,4.554366111755371,2.01200008392334,2944.0,-0.0,0.0,20.00800132751465,0.0,0.12151192873716354,0.3681272566318512,9.12416934967041,-0.0009640827775001526,0.0005366392433643341,-0.00018642330542206764,35.5531005859375,43.12443542480469,-89.13928985595703
21.218273639678955,0,1.8066191673278809,-2.3942651721365997e-14,0.0,4.554366111755371,2.0320000648498535,2940.0,-0.0,0.0,20.012001037597656,0.0,0.13049064576625824,0.3639371991157532,9.114591598510742,0.00036751851439476013,0.0002703201025724411,-0.00045274337753653526,35.022457122802734,43.65683364868164,-89.65060424804688
21.23772931098938,0,1.8066191673278809,-1.9619864814832827e-14,0.0,4.554366111755371,2.01200008392334,2956.0,-0.0,0.0,20.012001037597656,0.0,0.13348354399204254,0.37950029969215393,9.103219032287598,-0.0012304019182920456,-0.0006618015468120575,-0.0012517040595412254,33.25364685058594,43.65683364868164,-87.94622039794922
21.257960319519043,0,1.8066191673278809,-1.6124627403701214e-14,0.0,4.554366111755371,2.01200008392334,2936.0,-0.0,0.0,20.012001037597656,0.0,0.11971618235111237,0.3549584746360779,9.119978904724121,0.00036751851439476013,-0.00026232004165649414,-0.0007190639153122902,33.7842903137207,43.4793701171875,-89.13928985595703
21.278141736984253,0,1.8066191673278809,-1.3231693098505505e-14,0.0,4.554366111755371,2.01200008392334,2944.0,-0.0,0.0,20.012001037597656,0.0,0.13887077569961548,0.3651343584060669,9.11040210723877,0.00023435801267623901,0.0006697997450828552,-0.00031958334147930145,34.31493377685547,45.43150329589844,-89.9914779663086
21.298389196395874,0,1.8066191673278809,-1.0855221039272108e-14,0.0,4.554366111755371,2.01200008392334,2940.0,-0.0,0.0,20.016000747680664,0.0,0.14186367392539978,0.3573528230190277,9.103219032287598,-0.0010972414165735245,0.0008029602468013763,0.0008788574486970901,33.96117401123047,43.65683364868164,-88.9688491821289
21.318667888641357,0,1.8066191673278809,-8.907644112880926e-15,0.0,4.554366111755371,2.008000135421753,2944.0,-0.0,0.0,20.00800132751465,0.0,0.12630057334899902,0.3453812003135681,9.097232818603516,-0.0009640827775001526,0.0009361188858747482,-0.0007190639153122902,34.31493377685547,43.65683364868164,-87.60533905029297
21.33894109725952,0,1.8066191673278809,-7.298834625612313e-15,0.0,4.554366111755371,2.01200008392334,2952.0,-0.0,0.0,20.00800132751465,0.0,0.11432895809412003,0.35376131534576416,9.13913345336914,0.0007669981569051743,0.0009361188858747482,-0.00045274337753653526,36.26062774658203,43.4793701171875,-88.79840850830078
21.36033344268799,0,1.8066191673278809,-5.997151238205109e-15,0.0,4.554366111755371,2.01200008392334,2940.0,-0.0,0.0,20.012001037597656,0.0,0.14186367392539978,0.3411911129951477,9.109204292297363,-0.0005646012723445892,-0.0005286410450935364,0.0003462168388068676,34.31493377685547,42.59203338623047,-88.28709411621094
21.379480123519897,0,1.8066191673278809,-4.921555343980182e-15,0.0,4.554366111755371,2.01200008392334,2940.0,-0.0,0.0,20.012001037597656,0.0,0.13049064576625824,0.354359894990921,9.119379997253418,-3.196112811565399e-05,0.0005366392433643341,0.0006125369109213352,35.729984283447266,43.65683364868164,-89.65060424804688
21.399542331695557,0,1.8066191673278809,-4.038874168107737e-15,0.0,4.554366111755371,2.01200008392334,2936.0,-0.0,0.0,20.00800132751465,0.0,0.1191176027059555,0.37650740146636963,9.103219032287598,-0.002029363065958023,0.0009361188858747482,0.0003462168388068676,34.845577239990234,43.12443542480469,-90.50279235839844
21.41981291770935,0,1.8066191673278809,-3.314641304689287e-15,0.0,4.554366111755371,2.008000135421753,2944.0,-0.0,0.0,20.00400161743164,0.0,0.14126509428024292,0.35795140266418457,9.134345054626465,-0.0001651216298341751,0.0009361188858747482,0.000745696946978569,33.6074104309082,43.65683364868164,-88.28709411621094
21.440112113952637,0,1.8066191673278809,-2.716295324924718e-15,0.0,4.554366111755371,2.01200008392334,2952.0,-0.0,0.0,20.00800132751465,0.0,0.1370750367641449,0.33879679441452026,9.094240188598633,0.00010119937360286713,0.0009361188858747482,0.0002130568027496338,35.376220703125,42.94696807861328,-89.30972290039062
