time,layout.data_offset,data[0],data[1],data[2],data[3],data[4],data[5],data[6],data[7],data[8],data[9],data[10],data[11],data[12],data[13],data[14],data[15],data[16],data[17],data[18]
0.0,0,-4.823766231536865,2.121554274481241e-07,-0.0,-2.1215541892161127e-06,2.01200008392334,2940.0,-0.0,2.0,20.00400161743164,0.0,0.12689915299415588,0.0550694465637207,9.078078269958496,-0.0011584926396608353,0.0013209469616413116,-0.0012610247358679771,6.544600963592529,27.507354736328125,-95.95682525634766
0.020083904266357422,0,-4.823766231536865,1.74099014316198e-07,-0.0,-1.7409901147402707e-06,2.004000186920166,2936.0,-0.0,2.0,20.00400161743164,0.0,0.1221105083823204,0.03352053090929985,9.096633911132812,-0.0006258524954319,0.0009214673191308975,-0.0008615441620349884,6.367719650268555,27.32988929748535,-94.76375579833984
0.040248870849609375,0,-4.823766231536865,1.4266619530189928e-07,-0.0,-1.4266619245972834e-06,2.01200008392334,2952.0,-0.0,2.0,20.00400161743164,0.0,0.1161246970295906,0.0580623485147953,9.071494102478027,0.0008389092981815338,0.00025566667318344116,-0.0012610247358679771,6.721481800079346,28.394689559936523,-95.44551086425781
0.06051373481750488,0,-4.823766231536865,1.1720961623495896e-07,-0.0,-1.1720961765604443e-06,2.01200008392334,2948.0,-0.0,2.0,20.012001037597656,0.0,0.11851902306079865,0.04249924421310425,9.07328987121582,-0.000892171636223793,0.0018535871058702469,-0.00046206358820199966,6.367719650268555,28.039756774902344,-94.76375579833984
0.08072853088378906,0,-4.823766231536865,9.579348869692694e-08,-0.0,-9.579348443367053e-07,2.01200008392334,3044.0,-0.0,2.0,20.016000747680664,0.0,0.11552611738443375,0.052675120532512665,9.086458206176758,-0.0011584926396608353,0.00012250617146492004,-0.0007283845916390419,6.89836311340332,27.862289428710938,-93.57068634033203
0.10115957260131836,0,-4.823766231536865,7.893510911571866e-08,-0.0,-7.893510769463319e-07,2.0160000324249268,2940.0,-0.0,2.0,20.012001037597656,0.0,0.10654740780591965,0.05925951153039932,9.099627494812012,0.00017310865223407745,0.0025193877518177032,-0.00032890401780605316,6.89836311340332,28.57215690612793,-96.29769897460938
0.12135124206542969,0,-4.823766231536865,6.475296743246872e-08,-0.0,-6.475296459029778e-07,2.01200008392334,2940.0,-0.0,2.0,20.020000457763672,0.0,0.13228638470172882,0.050280798226594925,9.045755386352539,-0.00022637099027633667,0.0010546278208494186,0.0006032167002558708,7.429006576538086,27.68482208251953,-95.10462951660156
0.14143109321594238,0,-4.823766231536865,5.3062272797888e-08,-0.0,-5.306227421897347e-07,2.01200008392334,2972.0,-0.0,2.0,20.00400161743164,0.0,0.12570199370384216,0.04249924421310425,9.098429679870605,-9.321235120296478e-05,0.0014541074633598328,0.0004700561985373497,6.013957500457764,27.32988929748535,-95.10462951660156
0.16194581985473633,0,-4.823766231536865,4.360766325817167e-08,-0.0,-4.36076618370862e-07,2.01200008392334,2940.0,-0.0,2.0,20.00800132751465,0.0,0.12570199370384216,0.056266605854034424,9.09364128112793,-0.0004926919937133789,0.0013209469616413116,-0.0017936648800969124,5.483314037322998,28.92708969116211,-94.93419647216797
0.18209385871887207,0,-4.823766231536865,3.5563640921054684e-08,-0.0,-3.556364163159742e-07,2.01200008392334,3108.0,-0.0,2.0,20.084001541137695,0.0,0.10954030603170395,0.053273703902959824,9.09244441986084,-0.0004926919937133789,0.002119908109307289,-0.0012610247358679771,6.721481800079346,27.32988929748535,-95.44551086425781
0.2023324966430664,0,-4.823766231536865,2.9344619179028086e-08,-0.0,-2.9344619179028086e-07,2.01200008392334,2944.0,-0.0,2.0,20.016000747680664,0.0,0.1161246970295906,0.056266605854034424,9.104415893554688,0.00030626915395259857,0.001720428466796875,-0.0015273448079824448,6.013957500457764,26.62002182006836,-96.80901336669922
0.22267603874206543,0,-4.823766231536865,2.4075118787436622e-08,-0.0,-2.407511772162252e-07,2.0240001678466797,2940.0,-0.0,2.0,20.016000747680664,0.0,0.11313179135322571,0.047287892550230026,9.11159896850586,-0.0006258524954319,-0.0004101339727640152,0.0004700561985373497,6.721481800079346,29.104557037353516,-94.42288208007812
0.24278473854064941,0,-4.823766231536865,1.9729267108914428e-08,-0.0,-1.9729267819457164e-07,2.01200008392334,2968.0,-0.0,2.0,20.00800132751465,0.0,0.12929348647594452,0.05985809117555618,9.088852882385254,-0.0006258524954319,0.00025566667318344116,-0.0009947046637535095,7.252125263214111,26.442554473876953,-93.22981262207031
0.2630784511566162,0,-4.823766231536865,1.6211416209443996e-08,-0.0,-1.6211416209443996e-07,2.0160000324249268,2940.0,-0.0,2.0,20.012001037597656,0.0,0.12151192873716354,0.0550694465637207,9.081070899963379,-0.0011584926396608353,0.0013209469616413116,-6.258394569158554e-05,6.013957500457764,27.32988929748535,-94.42288208007812
0.28319764137268066,0,-4.823766231536865,1.3252960506804357e-08,-0.0,-1.325296068444004e-07,2.004000186920166,3024.0,-0.0,2.0,20.00800132751465,0.0,0.11193463206291199,0.048485055565834045,9.122971534729004,-0.000892171636223793,-1.0652467608451843e-05,-6.258394569158554e-05,6.544600963592529,28.57215690612793,-94.59331512451172
0.3035752773284912,0,-4.823766231536865,1.0915546688750055e-08,-0.0,-1.0915546511114371e-07,2.01200008392334,2944.0,-0.0,2.0,20.00800132751465,0.0,0.12749773263931274,0.050879377871751785,9.06191635131836,-0.00022637099027633667,0.002119908109307289,-0.0015273448079824448,5.837076663970947,28.92708969116211,-95.95682525634766
0.3238365650177002,0,-4.823766231536865,8.958558339600131e-09,-0.0,-8.958558339600131e-08,2.004000186920166,2940.0,-0.0,2.0,20.02800178527832,0.0,0.11253321170806885,0.06584390252828598,9.076282501220703,-0.0003595314919948578,0.0010546278208494186,-0.00032890401780605316,6.721481800079346,29.104557037353516,-93.4002456665039
0.34410691261291504,0,-4.823766231536865,7.340569929681351e-09,-0.0,-7.340570107317035e-08,2.01200008392334,2956.0,-0.0,2.0,20.016000747680664,0.0,0.11552611738443375,0.04249924421310425,9.076881408691406,-0.0010253321379423141,0.0014541074633598328,-0.0016605043783783913,4.952671051025391,26.62002182006836,-95.44551086425781
0.3642582893371582,0,-4.823766231536865,6.0307874250042914e-09,-0.0,-6.030787602639975e-08,2.01200008392334,2944.0,-0.0,2.0,20.00800132751465,0.0,0.1310892254114151,0.03771059960126877,9.07328987121582,-0.000892171636223793,0.0015872679650783539,-0.00032890401780605316,6.544600963592529,27.152421951293945,-95.27507019042969
0.384594202041626,0,-4.823766231536865,4.942137366015231e-09,-0.0,-4.942137366015231e-08,2.01200008392334,2956.0,-0.0,2.0,20.012001037597656,0.0,0.12630057334899902,0.05686518922448158,9.083465576171875,0.0005725882947444916,-1.0652467608451843e-05,-0.00019574351608753204,6.544600963592529,27.862289428710938,-94.59331512451172
0.4046976566314697,0,-4.823766231536865,4.06093692006948e-09,-0.0,-4.060936831251638e-08,2.008000135421753,2944.0,-0.0,2.0,20.00400161743164,0.0,0.11672328412532806,0.0670410618185997,9.108007431030273,-0.0010253321379423141,0.00025566667318344116,7.057655602693558e-05,5.837076663970947,27.862289428710938,-95.27507019042969
0.4261960983276367,0,-4.823766231536865,3.331968256858886e-09,-0.0,-3.331968301267807e-08,2.008000135421753,2944.0,-0.0,2.0,20.00800132751465,0.0,0.11792044341564178,0.04429498687386513,9.101423263549805,0.00030626915395259857,0.0009214673191308975,-0.001127864234149456,6.367719650268555,27.32988929748535,-96.12726593017578
0.4452641010284424,0,-4.823766231536865,2.7307089922601335e-09,-0.0,-2.7307089922601335e-08,2.0160000324249268,2960.0,-0.0,2.0,20.00800132751465,0.0,0.1430608481168747,0.03711201623082161,9.095437049865723,-9.321235120296478e-05,0.0010546278208494186,-0.0016605043783783913,7.252125263214111,27.862289428710938,-96.29769897460938
0.46547675132751465,0,-4.823766231536865,2.2433697122181684e-09,-0.0,-2.2433697566270894e-08,2.0160000324249268,2940.0,-0.0,2.0,20.00800132751465,0.0,0.11253321170806885,0.047886475920677185,9.096633911132812,0.00017310865223407745,0.0014541074633598328,-0.0013941843062639236,5.483314037322998,27.507354736328125,-94.93419647216797
0.4859344959259033,0,-4.823766231536865,1.8389751943459487e-09,-0.0,-1.8389751943459487e-08,2.01200008392334,2956.0,-0.0,2.0,20.012001037597656,0.0,0.11313179135322571,0.06584390252828598,9.124767303466797,-0.00022637099027633667,0.001986747607588768,0.0004700561985373497,6.721481800079346,28.749622344970703,-95.10462951660156
0.5068974494934082,0,-4.823766231536865,1.5106086381777573e-09,-0.0,-1.5106087047911387e-08,2.01200008392334,2944.0,-0.0,2.0,20.016000747680664,0.0,0.13049064576625824,0.055668026208877563,9.087656021118164,-0.0007590111345052719,0.0003888271749019623,0.0007363762706518173,6.013957500457764,28.039756774902344,-96.4681396484375
0.5262885093688965,0,-4.823766231536865,1.2392937787097935e-09,-0.0,-1.2392938231187145e-08,2.0320000648498535,2940.0,-0.0,2.0,20.00800132751465,0.0,0.11732186377048492,0.054470863193273544,9.07568359375,-0.0006258524954319,0.0009214673191308975,-0.0007283845916390419,6.013957500457764,27.32988929748535,-94.76375579833984
0.5465233325958252,0,-4.823766231536865,1.0155430940628207e-09,-0.0,-1.0155431162672812e-08,2.004000186920166,2968.0,-0.0,2.0,20.012001037597656,0.0,0.12031476944684982,0.054470863193273544,9.114591598510742,-0.0006258524954319,0.00025566667318344116,7.057655602693558e-05,6.89836311340332,28.217222213745117,-94.25244140625
0.5666508674621582,0,-4.823766231536865,8.344948621008541e-10,-0.0,-8.344948732030844e-09,2.0320000648498535,2944.0,-0.0,2.0,20.00800132751465,0.0,0.1191176027059555,0.055668026208877563,9.075085639953613,0.0005725882947444916,0.0009214673191308975,-0.0012610247358679771,5.660195350646973,28.749622344970703,-94.76375579833984
0.5869746208190918,0,-4.823766231536865,6.839366850641682e-10,-0.0,-6.839366850641682e-09,2.004000186920166,2972.0,-0.0,2.0,20.00800132751465,0.0,0.13228638470172882,0.06763964146375656,9.068501472473145,0.00030626915395259857,0.001986747607588768,-0.00046206358820199966,5.660195350646973,27.68482208251953,-96.80901336669922
0.6072497367858887,0,-4.823766231536865,5.619636977982623e-10,-0.0,-5.619637200027228e-09,2.004000186920166,2940.0,-0.0,2.0,20.00400161743164,0.0,0.12270908802747726,0.056266605854034424,9.076881408691406,-0.0003595314919948578,0.0010546278208494186,-6.258394569158554e-05,5.837076663970947,28.217222213745117,-94.93419647216797
0.6274266242980957,0,-4.823766231536865,4.611757364880731e-10,-0.0,-4.611757198347277e-09,2.0160000324249268,2948.0,-0.0,2.0,20.00400161743164,0.0,0.10654740780591965,0.056266605854034424,9.081070899963379,-0.0006258524954319,-1.0652467608451843e-05,-0.00205998495221138,6.190838813781738,27.507354736328125,-94.59331512451172
0.6477136611938477,0,-4.823766231536865,3.7840414135459355e-10,-0.0,-3.784041524568238e-09,2.0160000324249268,2940.0,-0.0,2.0,20.012001037597656,0.0,0.11492753773927689,0.052675120532512665,9.077479362487793,-0.0014248117804527283,0.0009214673191308975,-0.00019574351608753204,6.89836311340332,26.797489166259766,-94.59331512451172
0.6678323745727539,0,-4.823766231536865,3.1057389993094375e-10,-0.0,-3.1057389993094375e-09,2.0320000648498535,2948.0,-0.0,2.0,20.00800132751465,0.0,0.12091334909200668,0.06344957649707794,9.087656021118164,-0.0014248117804527283,0.0006551481783390045,-0.0008615441620349884,6.89836311340332,27.507354736328125,-95.27507019042969
0.6887364387512207,0,-4.823766231536865,2.5445148765790293e-10,-0.0,-2.544514821067878e-09,2.004000186920166,2956.0,-0.0,2.0,20.00800132751465,0.0,0.12390625476837158,0.052076540887355804,9.104415893554688,-0.0012916531413793564,0.00025566667318344116,-0.00019574351608753204,5.483314037322998,28.57215690612793,-94.25244140625
0.7085137367248535,0,-4.823766231536865,2.0917904908213103e-10,-0.0,-2.091790518576886e-09,2.01200008392334,2944.0,-0.0,2.0,20.00800132751465,0.0,0.1221105083823204,0.056266605854034424,9.09483814239502,-0.0010253321379423141,0.0014541074633598328,-0.0008615441620349884,6.721481800079346,28.039756774902344,-96.4681396484375
0.7286295890808105,0,-4.823766231536865,1.7139496766294116e-10,-0.0,-1.713949648873836e-09,2.01200008392334,2944.0,-0.0,2.0,20.00800132751465,0.0,0.11552611738443375,0.053872283548116684,9.09124755859375,-0.0010253321379423141,0.0010546278208494186,-0.0012610247358679771,5.660195350646973,28.394689559936523,-94.76375579833984
0.7489089965820312,0,-4.823766231536865,1.4083455235347486e-10,-0.0,-1.4083455512903242e-09,2.004000186920166,2940.0,-0.0,2.0,20.012001037597656,0.0,0.11432895809412003,0.050879377871751785,9.108007431030273,-0.0011584926396608353,0.0013209469616413116,-0.00019574351608753204,4.5989089012146,28.039756774902344,-95.10462951660156
0.769305944442749,0,-4.823766231536865,1.1554034812233382e-10,-0.0,-1.1554034395899748e-09,2.008000135421753,2948.0,-0.0,2.0,20.012001037597656,0.0,0.1340821236371994,0.056266605854034424,9.095437049865723,-0.0019574519246816635,0.00012250617146492004,-0.00019574351608753204,6.721481800079346,29.459489822387695,-95.10462951660156
0.7901523113250732,0,-4.823766231536865,9.46911021815211e-11,-0.0,-9.469109940596354e-10,2.01200008392334,2956.0,-0.0,2.0,20.00400161743164,0.0,0.13527928292751312,0.04609072953462601,9.099028587341309,0.0009720697999000549,0.0018535871058702469,-0.0009947046637535095,6.367719650268555,28.394689559936523,-95.78638458251953
0.8097026348114014,0,-4.823766231536865,7.780708022320226e-11,-0.0,-7.780708299875982e-10,2.0160000324249268,2940.0,-0.0,2.0,20.016000747680664,0.0,0.12929348647594452,0.0550694465637207,9.077479362487793,0.00030626915395259857,0.001986747607588768,-0.0015273448079824448,6.013957500457764,27.68482208251953,-94.76375579833984
0.8298306465148926,0,-4.823766231536865,6.371461691578872e-11,-0.0,-6.371461691578872e-10,2.01200008392334,2980.0,-0.0,2.0,20.00400161743164,0.0,0.12151192873716354,0.0550694465637207,9.096035957336426,-0.0004926919937133789,0.0009214673191308975,0.0008695367723703384,5.660195350646973,26.97495460510254,-95.10462951660156
0.8502120971679688,0,-4.823766231536865,5.2388295090910475e-11,-0.0,-5.238829370313169e-10,2.01200008392334,2948.0,-0.0,2.0,20.00400161743164,0.0,0.11492753773927689,0.06883680820465088,9.09364128112793,-0.0012916531413793564,0.0003888271749019623,7.057655602693558e-05,6.721481800079346,28.394689559936523,-95.78638458251953
0.8706009387969971,0,-4.823766231536865,4.2992477633507775e-11,-0.0,-4.2992476245728994e-10,2.008000135421753,2940.0,-0.0,2.0,20.00800132751465,0.0,0.12450483441352844,0.0580623485147953,9.089451789855957,0.00017310865223407745,0.0009214673191308975,-0.0007283845916390419,6.013957500457764,27.68482208251953,-94.42288208007812
0.8906571865081787,0,-4.823766231536865,3.521954949903261e-11,-0.0,-3.521954949903261e-10,2.008000135421753,2976.0,-0.0,2.0,20.016000747680664,0.0,0.11672328412532806,0.04549214988946915,9.093042373657227,-0.0010253321379423141,0.0013209469616413116,-0.0016605043783783913,5.837076663970947,26.442554473876953,-94.25244140625
0.9108855724334717,0,-4.823766231536865,2.894864556401977e-11,-0.0,-2.894864625790916e-10,2.01200008392334,2940.0,-0.0,2.0,20.012001037597656,0.0,0.12151192873716354,0.051477961242198944,9.114591598510742,-0.0016911327838897705,0.0006551481783390045,-0.0007283845916390419,6.89836311340332,28.92708969116211,-95.6159439086914
0.9318516254425049,0,-4.823766231536865,2.3636703705420814e-11,-0.0,-2.3636703705420814e-10,2.01200008392334,3068.0,-0.0,2.0,20.012001037597656,0.0,0.11253321170806885,0.05985809117555618,9.099627494812012,0.0011052284389734268,0.0010546278208494186,-0.00019574351608753204,7.782768726348877,27.68482208251953,-95.10462951660156
0.9513568878173828,0,-4.823766231536865,1.9492810143795225e-11,-0.0,-1.9492810143795225e-10,2.004000186920166,2944.0,-0.0,2.0,20.00800132751465,0.0,0.12749773263931274,0.049682218581438065,9.087057113647461,-0.0006258524954319,0.0006551481783390045,-0.00019574351608753204,6.89836311340332,26.797489166259766,-94.93419647216797
0.971632719039917,0,-4.823766231536865,1.5991824184324877e-11,-0.0,-1.5991824531269572e-10,2.0199999809265137,2944.0,-0.0,2.0,20.00400161743164,0.0,0.10954030603170395,0.06464674323797226,9.095437049865723,-0.0014248117804527283,0.00012250617146492004,-0.001127864234149456,7.075243949890137,28.394689559936523,-95.10462951660156
0.9917986392974854,0,-4.823766231536865,1.3101992581143751e-11,-0.0,-1.3101993101560794e-10,2.0160000324249268,2972.0,-0.0,2.0,20.00800132751465,0.0,0.1340821236371994,0.04429498687386513,9.077479362487793,-0.00022637099027633667,0.0009214673191308975,-0.00032890401780605316,7.429006576538086,28.394689559936523,-95.10462951660156
1.0121183395385742,0,-4.823766231536865,1.0770820867145314e-11,-0.0,-1.0770821040617662e-10,2.004000186920166,2940.0,-0.0,2.0,20.020000457763672,0.0,0.1191176027059555,0.048485055565834045,9.104415893554688,-9.321235120296478e-05,0.0014541074633598328,-0.0005952240899205208,7.075243949890137,29.104557037353516,-95.44551086425781
1.032416582107544,0,-4.823766231536865,8.783627471198319e-12,-0.0,-8.783627297725971e-11,2.0160000324249268,3104.0,-0.0,2.0,20.06800079345703,0.0,0.12270908802747726,0.053273703902959824,9.086458206176758,-0.0010253321379423141,0.0014541074633598328,-6.258394569158554e-05,7.429006576538086,28.749622344970703,-95.44551086425781
1.0525290966033936,0,-4.823766231536865,7.248197268078238e-12,-0.0,-7.248197181342064e-11,2.004000186920166,2944.0,-0.0,2.0,20.012001037597656,0.0,0.12390625476837158,0.06584390252828598,9.087057113647461,-0.0016911327838897705,0.0005219876766204834,-0.00046206358820199966,5.837076663970947,28.217222213745117,-94.93419647216797
1.072835922241211,0,-4.823766231536865,5.947334204975396e-12,-0.0,-5.94733429171157e-11,2.0160000324249268,2948.0,-0.0,2.0,20.016000747680664,0.0,0.12869489192962646,0.05746376886963844,9.096035957336426,0.00017310865223407745,0.0006551481783390045,-0.00046206358820199966,6.190838813781738,27.862289428710938,-93.91156005859375
1.0931754112243652,0,-4.823766231536865,4.8739324208513235e-12,-0.0,-4.873932507587497e-11,2.004000186920166,2940.0,-0.0,2.0,20.00800132751465,0.0,0.13887077569961548,0.05985809117555618,9.08825397491455,-0.0006258524954319,-0.0005432926118373871,-0.0005952240899205208,7.075243949890137,28.394689559936523,-95.10462951660156
1.1134684085845947,0,-4.823766231536865,4.004111278654854e-12,-0.0,-4.004111278654854e-11,2.008000135421753,2944.0,-0.0,2.0,20.012001037597656,0.0,0.11552611738443375,0.049682218581438065,9.103219032287598,-0.0006258524954319,0.0003888271749019623,-0.0005952240899205208,7.429006576538086,28.394689559936523,-94.76375579833984
1.1336004734039307,0,-4.823766231536865,3.2763989004508387e-12,-0.0,-3.2763989438189256e-11,2.004000186920166,2996.0,-0.0,2.0,20.016000747680664,0.0,0.12450483441352844,0.03172478824853897,9.113394737243652,-0.0003595314919948578,0.0005219876766204834,-0.0008615441620349884,5.306433200836182,28.749622344970703,-96.12726593017578
1.1538968086242676,0,-4.823766231536865,2.696043258434977e-12,-0.0,-2.69604321506689e-11,2.008000135421753,2940.0,-0.0,2.0,20.00400161743164,0.0,0.11672328412532806,0.06225241720676422,9.08825397491455,-0.0006258524954319,0.0011877883225679398,-6.258394569158554e-05,6.721481800079346,28.749622344970703,-94.76375579833984
1.174403190612793,0,-4.823766231536865,2.2122555523584886e-12,-0.0,-2.2122555523584886e-11,2.0199999809265137,2948.0,-0.0,2.0,20.00800132751465,0.0,0.11792044341564178,0.051477961242198944,9.072092056274414,-9.321235120296478e-05,0.0018535871058702469,-0.0009947046637535095,6.367719650268555,27.32988929748535,-94.42288208007812
1.1947898864746094,0,-4.823766231536865,1.812555097333024e-12,-0.0,-1.812555140701111e-11,2.004000186920166,2956.0,-0.0,2.0,20.00400161743164,0.0,0.10714598745107651,0.049682218581438065,9.070297241210938,-9.321235120296478e-05,0.0018535871058702469,-0.0012610247358679771,6.544600963592529,27.507354736328125,-96.63858032226562
1.2161026000976562,0,-4.823766231536865,1.4897104817085394e-12,-0.0,-1.4897104383404525e-11,2.008000135421753,2952.0,-0.0,2.0,20.016000747680664,0.0,0.12390625476837158,0.050280798226594925,9.115190505981445,-0.0006258524954319,0.0010546278208494186,0.0003368966281414032,6.721481800079346,26.265087127685547,-94.42288208007812
1.2349464893341064,0,-4.823766231536865,1.2204702309545623e-12,-0.0,-1.2204702526386058e-11,2.008000135421753,2960.0,-0.0,2.0,20.012001037597656,0.0,0.11133605241775513,0.06165383383631706,9.111000061035156,0.0004394296556711197,0.0010546278208494186,7.057655602693558e-05,7.782768726348877,27.32988929748535,-94.76375579833984
1.255241870880127,0,-4.823766231536865,1.0033214493596065e-12,-0.0,-1.00332147104365e-11,2.008000135421753,2940.0,-0.0,2.0,20.00800132751465,0.0,0.1280963122844696,0.06045667454600334,9.105612754821777,-0.00022637099027633667,0.00025566667318344116,0.0004700561985373497,5.483314037322998,29.282024383544922,-94.93419647216797
1.275825023651123,0,-4.823766231536865,8.231879262445008e-13,-0.0,-8.23187958770566e-12,2.004000186920166,2944.0,-0.0,2.0,20.012001037597656,0.0,0.11971618235111237,0.04070350155234337,9.071494102478027,-0.0014248117804527283,0.0006551481783390045,0.0004700561985373497,6.544600963592529,27.152421951293945,-95.95682525634766
1.2955751419067383,0,-4.823766231536865,6.742015799809931e-13,-0.0,-6.742015799809931e-12,2.004000186920166,2972.0,-0.0,2.0,20.016000747680664,0.0,0.1191176027059555,0.06524532288312912,9.081070899963379,-0.0006258524954319,0.0011877883225679398,-0.00032890401780605316,5.129551887512207,28.217222213745117,-96.63858032226562
1.3158762454986572,0,-4.823766231536865,5.543316456899094e-13,-0.0,-5.543316673739529e-12,2.01200008392334,2940.0,-0.0,2.0,20.016000747680664,0.0,0.15443387627601624,0.050879377871751785,9.108007431030273,-0.0003595314919948578,0.001986747607588768,-0.0013941843062639236,6.013957500457764,27.32988929748535,-96.12726593017578
1.3360950946807861,0,-4.823766231536865,4.5396778241939273e-13,-0.0,-4.5396776615636014e-12,2.01200008392334,2956.0,-0.0,2.0,20.016000747680664,0.0,0.11792044341564178,0.05686518922448158,9.100225448608398,0.00017310865223407745,0.0014541074633598328,0.0014021769165992737,6.544600963592529,27.507354736328125,-95.95682525634766
1.3564410209655762,0,-4.823766231536865,3.7316729025425877e-13,-0.0,-3.731672956752696e-12,2.004000186920166,2944.0,-0.0,2.0,20.00800132751465,0.0,0.1251034140586853,0.052076540887355804,9.090049743652344,0.0005725882947444916,0.0010546278208494186,-0.0008615441620349884,6.721481800079346,27.32988929748535,-95.78638458251953
1.3772318363189697,0,-4.823766231536865,3.061207157987328e-13,-0.0,-3.0612071037772193e-12,2.01200008392334,2940.0,-0.0,2.0,20.00800132751465,0.0,0.1101388931274414,0.06524532288312912,9.083465576171875,0.0005725882947444916,0.0015872679650783539,0.0004700561985373497,6.013957500457764,27.68482208251953,-95.10462951660156
1.3967654705047607,0,-4.823766231536865,2.508419361980929e-13,-0.0,-2.508419253560712e-12,2.01200008392334,2956.0,-0.0,2.0,20.00800132751465,0.0,0.12749773263931274,0.06225241720676422,9.068501472473145,-0.0006258524954319,0.0010546278208494186,-0.0005952240899205208,6.544600963592529,27.862289428710938,-95.27507019042969
1.4173545837402344,0,-4.823766231536865,2.0612252681594112e-13,-0.0,-2.06122532236952e-12,2.0360000133514404,2940.0,-0.0,2.0,20.016000747680664,0.0,0.10235733538866043,0.052675120532512665,9.090648651123047,0.0009720697999000549,0.0010546278208494186,-0.001127864234149456,6.367719650268555,26.265087127685547,-95.44551086425781
1.4372873306274414,0,-4.823766231536865,1.6897293568692018e-13,-0.0,-1.6897293026590932e-12,2.008000135421753,2948.0,-0.0,2.0,20.012001037597656,0.0,0.11133605241775513,0.053273703902959824,9.07328987121582,-0.0006258524954319,0.0005219876766204834,-0.002193145453929901,6.367719650268555,28.039756774902344,-95.10462951660156
1.4575238227844238,0,-4.823766231536865,1.388337687001362e-13,-0.0,-1.388337687001362e-12,2.008000135421753,2940.0,-0.0,2.0,20.012001037597656,0.0,0.1280963122844696,0.04609072953462601,9.067303657531738,-0.00022637099027633667,0.00025566667318344116,-0.001127864234149456,6.544600963592529,28.57215690612793,-95.27507019042969
1.4778311252593994,0,-4.823766231536865,1.1387653244421952e-13,-0.0,-1.138765297337141e-12,2.01200008392334,2940.0,-0.0,2.0,20.00800132751465,0.0,0.11373037844896317,0.06644248217344284,9.07448673248291,0.00017310865223407745,0.0023862291127443314,-0.0007283845916390419,6.013957500457764,27.32988929748535,-95.78638458251953
1.4980707168579102,0,-4.823766231536865,9.345990100535426e-14,-0.0,-9.34598969395961e-13,2.01200008392334,2936.0,-0.0,2.0,20.00400161743164,0.0,0.11432895809412003,0.04429498687386513,9.09244441986084,-0.0015579722821712494,0.00025566667318344116,-0.0019268244504928589,5.837076663970947,27.862289428710938,-94.59331512451172
1.5184080600738525,0,-4.823766231536865,7.668589071044285e-14,-0.0,-7.668589071044285e-13,2.0240001678466797,2944.0,-0.0,2.0,20.016000747680664,0.0,0.11492753773927689,0.06165383383631706,9.066106796264648,-0.0007590111345052719,0.0014541074633598328,0.00020373612642288208,6.013957500457764,27.32988929748535,-96.4681396484375
1.539456844329834,0,-4.823766231536865,6.285740022015859e-14,-0.0,-6.285740157541131e-13,2.01200008392334,2952.0,-0.0,2.0,20.00400161743164,0.0,0.1430608481168747,0.07422403246164322,9.067303657531738,-0.0004926919937133789,0.0009214673191308975,-0.0005952240899205208,6.721481800079346,28.394689559936523,-94.76375579833984
1.5597751140594482,0,-4.823766231536865,5.164157269128486e-14,-0.0,-5.164157404653757e-13,2.008000135421753,2944.0,-0.0,2.0,20.00800132751465,0.0,0.12570199370384216,0.050879377871751785,9.116387367248535,-0.0003595314919948578,0.0009214673191308975,-6.258394569158554e-05,6.367719650268555,28.039756774902344,-95.10462951660156
1.5797276496887207,0,-4.821415901184082,0.02240176685154438,5.400000095367432,5.400000095367432,2.0160000324249268,2940.0,-0.0,1.0,20.00800132751465,0.002350207883864641,0.0820055902004242,0.07661835849285126,9.012234687805176,0.0004394296556711197,0.0009214673191308975,-0.0005952240899205208,7.252125263214111,28.217222213745117,-94.93419647216797
1.5992281436920166,0,-4.807430267333984,0.14550745487213135,5.400000095367432,5.400000095367432,2.004000186920166,2952.0,-0.0,1.0,20.016000747680664,0.013985663652420044,0.13168780505657196,0.14246225357055664,9.029593467712402,0.009760633111000061,-0.00014381296932697296,-0.00032890401780605316,3.1838598251342773,28.039756774902344,-94.76375579833984
1.619490623474121,0,-4.790241241455078,0.27250710129737854,5.400000095367432,5.400000095367432,2.0160000324249268,2944.0,-0.0,1.0,20.032001495361328,0.017188992351293564,0.6548475623130798,2.0226049423217773,9.304342269897461,0.032930489629507065,0.018898077309131622,-0.0023263050243258476,4.5989089012146,26.265087127685547,-94.42288208007812
1.6397829055786133,0,-4.78510046005249,0.2670191526412964,5.400000095367432,5.400000095367432,2.004000186920166,2956.0,-0.0,1.0,20.00400161743164,0.0051407357677817345,0.466294527053833,3.2083938121795654,9.961584091186523,0.36676281690597534,0.0475274957716465,-0.0353500060737133,5.483314037322998,27.862289428710938,-93.91156005859375
1.6599302291870117,0,-4.78718376159668,0.20059114694595337,5.400000095367432,5.400000095367432,2.004000186920166,2948.0,-0.0,1.0,20.00400161743164,-0.002083264058455825,-0.19334164261817932,2.5313987731933594,7.479867458343506,0.2534435987472534,0.0331462062895298,-0.04467121139168739,4.775789737701416,27.152421951293945,-93.22981262207031
1.6810812950134277,0,-4.786602973937988,0.169707790017128,5.400000095367432,5.400000095367432,2.004000186920166,3024.0,-0.0,1.0,20.00800132751465,0.0005806720000691712,0.30587485432624817,1.845425009727478,7.958133220672607,-0.07652709633111954,-0.004937576130032539,-0.001127864234149456,5.660195350646973,26.265087127685547,-94.08200073242188
1.7003836631774902,0,-4.78123140335083,0.18916957080364227,5.400000095367432,5.400000095367432,2.004000186920166,2952.0,-0.0,1.0,20.00800132751465,0.0053719040006399155,0.18975014984607697,0.49502643942832947,10.04897689819336,-0.1469687819480896,0.018099118024110794,0.01857982575893402,5.483314037322998,25.73268699645996,-94.59331512451172
1.7207574844360352,0,-4.770966053009033,0.24770788848400116,5.400000095367432,5.400000095367432,2.004000186920166,2952.0,-0.0,1.0,20.020000457763672,0.010264960117638111,0.1370750367641449,1.146881103515625,8.644705772399902,-0.04470183700323105,-0.0017417334020137787,-0.004723186604678631,6.89836311340332,27.152421951293945,-94.59331512451172
1.7410659790039062,0,-4.760825157165527,0.29346877336502075,5.400000095367432,5.400000095367432,2.008000135421753,2948.0,-0.0,1.0,20.016000747680664,0.010141120292246342,-0.04609072953462601,2.6175944805145264,8.463933944702148,0.05783142149448395,0.02289288118481636,-0.037613727152347565,4.245146751403809,26.62002182006836,-93.05937194824219
1.7614006996154785,0,-4.753490924835205,0.30655932426452637,5.400000095367432,5.400000095367432,2.0160000324249268,2944.0,-0.0,1.0,20.012001037597656,0.007334080059081316,0.10116017609834671,2.6553049087524414,8.495658874511719,0.038123730570077896,-0.04848092049360275,-0.05239449441432953,5.483314037322998,26.442554473876953,-93.91156005859375
1.781470537185669,0,-4.746220111846924,0.31528785824775696,5.400000095367432,5.400000095367432,2.008000135421753,3108.0,-0.0,1.0,20.00400161743164,0.007270784117281437,0.18436291813850403,1.8388406038284302,9.500676155090332,-0.027124706655740738,-0.011728741228580475,-0.037214245647192,3.714503288269043,24.312952041625977,-93.22981262207031
1.801772117614746,0,-4.736660003662109,0.3467683494091034,5.400000095367432,5.400000095367432,2.004000186920166,2948.0,-0.0,1.0,20.00800132751465,0.009560448117554188,0.10355450212955475,1.6167670488357544,9.943626403808594,-0.07825817912817001,-0.03969235718250275,-0.022433478385210037,5.306433200836182,26.265087127685547,-93.74112701416016
1.821899175643921,0,-4.724121570587158,0.3972601294517517,5.400000095367432,5.400000095367432,2.004000186920166,2956.0,-0.0,1.0,20.02400016784668,0.01253811176866293,0.050280798226594925,1.779581069946289,9.970562934875488,-0.043237075209617615,-0.013060342520475388,-0.024297717958688736,3.5376219749450684,24.845354080200195,-92.71849060058594
1.8421971797943115,0,-4.711225986480713,0.44087064266204834,5.400000095367432,5.400000095367432,2.004000186920166,2956.0,-0.0,1.0,20.012001037597656,0.012895871885120869,-0.17957428097724915,2.583475351333618,10.054962158203125,0.013222794979810715,-0.04621720314025879,-0.03588264435529709,3.5376219749450684,25.555221557617188,-94.76375579833984
1.8625426292419434,0,-4.699406147003174,0.4681393802165985,5.400000095367432,5.400000095367432,2.004000186920166,2952.0,-0.0,1.0,20.016000747680664,0.011819840408861637,-0.050879377871751785,2.370979070663452,10.572135925292969,0.025873005390167236,0.0033183488994836807,-0.05292713642120361,3.8913843631744385,26.265087127685547,-93.74112701416016
1.882648229598999,0,-4.686818599700928,0.4948508143424988,5.400000095367432,5.400000095367432,2.0160000324249268,3060.0,-0.0,1.0,20.00800132751465,0.012587647885084152,-0.03950634226202965,2.372774839401245,9.793981552124023,0.011491715908050537,-0.024112626910209656,-0.039611127227544785,3.714503288269043,25.02281951904297,-91.86630249023438
1.9030020236968994,0,-4.673295021057129,0.5301061868667603,5.400000095367432,5.400000095367432,2.0199999809265137,2948.0,-0.0,1.0,20.00800132751465,0.013523328118026257,0.36274003982543945,1.505431056022644,8.574671745300293,-0.03151898831129074,-0.0012090932577848434,-0.002992105670273304,4.5989089012146,24.845354080200195,-91.01410675048828
1.9232540130615234,0,-4.658189296722412,0.5706342458724976,5.400000095367432,5.400000095367432,2.004000186920166,2956.0,-0.0,1.0,20.012001037597656,0.015105728060007095,0.3352053165435791,1.3432155847549438,8.598016738891602,-0.016738221049308777,0.01663435623049736,0.005796459503471851,5.660195350646973,25.200286865234375,-91.01410675048828
1.943397045135498,0,-4.642704010009766,0.6062260270118713,5.400000095367432,5.400000095367432,2.008000135421753,2960.0,-0.0,1.0,20.00800132751465,0.01548550371080637,-0.11792044341564178,2.628368854522705,8.768013000488281,-0.014474499970674515,0.020096518099308014,0.0015353374183177948,4.068265438079834,23.248151779174805,-90.84367370605469
1.9637176990509033,0,-4.627314567565918,0.6363458633422852,5.400000095367432,5.400000095367432,2.0199999809265137,2948.0,-0.0,1.0,20.00800132751465,0.015389183536171913,0.3914719223976135,1.717328667640686,9.13793659210205,-0.032051630318164825,0.06577042490243912,-0.0012610247358679771,3.714503288269043,24.312952041625977,-90.84367370605469
1.9840023517608643,0,-4.610816478729248,0.66855788230896,5.400000095367432,5.400000095367432,2.004000186920166,2996.0,-0.0,1.0,20.00400161743164,0.01649823971092701,0.1729898899793625,1.5114167928695679,8.988889694213867,-0.014740820042788982,-0.03077062964439392,0.00872598122805357,2.2994544506073,24.312952041625977,-90.50279235839844
2.0041401386260986,0,-4.5934648513793945,0.7063328623771667,5.400000095367432,5.400000095367432,2.004000186920166,2944.0,-0.0,1.0,20.012001037597656,0.017351359128952026,0.34478262066841125,1.106177568435669,8.564496040344238,-0.03178530931472778,-0.0002769734710454941,0.0010026972740888596,2.4763355255126953,23.78055191040039,-88.9688491821289
2.0244133472442627,0,-4.574850559234619,0.7465726137161255,5.400000095367432,5.400000095367432,2.004000186920166,2952.0,-0.0,1.0,20.016000747680664,0.018614528700709343,-0.1550324559211731,2.086652994155884,9.11159896850586,-0.03245111182332039,0.020229678601026535,-0.01857183501124382,2.4763355255126953,23.42561912536621,-87.60533905029297
2.044713258743286,0,-4.555622100830078,0.7840493321418762,5.400000095367432,5.400000095367432,2.008000135421753,2972.0,-0.0,1.0,20.00400161743164,0.019228223711252213,0.27055856585502625,1.441382884979248,9.304940223693848,-0.012077618390321732,-0.021316267549991608,-0.03401840478181839,3.8913843631744385,22.71575164794922,-87.60533905029297
2.064878463745117,0,-4.53643798828125,0.8162541389465332,5.400000095367432,5.400000095367432,2.0360000133514404,2948.0,-0.0,1.0,20.016000747680664,0.019184192642569542,-0.24960824847221375,2.514039993286133,9.54317569732666,0.005499511957168579,-0.017987262457609177,-0.030689403414726257,3.360740900039673,25.02281951904297,-88.45753479003906
2.0851550102233887,0,-4.516290664672852,0.8496269583702087,5.400000095367432,5.400000095367432,2.004000186920166,2964.0,-0.0,1.0,20.00400161743164,0.02014739252626896,0.4034435451030731,1.418038249015808,9.604230880737305,0.046379655599594116,0.012506394647061825,-0.01138119027018547,2.2994544506073,23.603086471557617,-87.7757797241211
2.1052932739257812,0,-4.495364665985107,0.8861390948295593,5.400000095367432,5.400000095367432,2.004000186920166,2948.0,-0.0,1.0,20.016000747680664,0.020926207304000854,1.0660725831985474,1.1804015636444092,7.536133766174316,0.0406537726521492,0.03900524973869324,0.0032664183527231216,1.9456921815872192,23.958019256591797,-86.07139587402344
2.1256208419799805,0,-4.473334789276123,0.9244331121444702,5.400000095367432,5.400000095367432,2.0320000648498535,2944.0,-0.0,1.0,20.02800178527832,0.022029759362339973,0.13887077569961548,0.6243199110031128,8.730901718139648,0.09431728720664978,0.029417723417282104,0.001135856844484806,3.714503288269043,24.66788673400879,-84.02613830566406
2.1459290981292725,0,-4.45062255859375,0.9614088535308838,5.400000095367432,5.400000095367432,2.004000186920166,2956.0,-0.0,1.0,20.00400161743164,0.022712256759405136,0.6542489528656006,1.784369707107544,7.111141204833984,0.07727279514074326,0.033545687794685364,0.017914026975631714,2.653216600418091,23.248151779174805,-84.7078857421875
2.1660778522491455,0,-4.427458763122559,0.9980862140655518,5.400000095367432,5.400000095367432,2.004000186920166,2948.0,-0.0,1.0,20.00400161743164,0.023163583129644394,0.8020984530448914,1.3025120496749878,10.130383491516113,0.004833711311221123,0.07655639201402664,0.02550414949655533,2.653216600418091,24.312952041625977,-82.66262817382812
2.1864094734191895,0,-4.403279781341553,1.0341203212738037,5.400000095367432,5.400000095367432,2.004000186920166,2964.0,-0.0,1.0,20.00800132751465,0.024179071187973022,0.7739651203155518,0.8853011727333069,9.880775451660156,0.015486516058444977,0.01556907594203949,0.008060180582106113,1.5919299125671387,24.66788673400879,-84.02613830566406
2.2067201137542725,0,-4.379020690917969,1.0682199001312256,5.400000095367432,5.400000095367432,2.004000186920166,2948.0,-0.0,1.0,20.00400161743164,0.02425887994468212,-0.019753171131014824,1.7149343490600586,7.5792317390441895,0.01681811735033989,0.014237475581467152,-0.022966116666793823,3.714503288269043,24.312952041625977,-81.63999938964844
2.2268307209014893,0,-4.35374116897583,1.1028860807418823,5.400000095367432,5.400000095367432,2.0160000324249268,2944.0,-0.0,1.0,20.00400161743164,0.025279872119426727,-0.2220735251903534,1.4952551126480103,8.93980598449707,0.001371549442410469,0.0030520278960466385,-0.04320644959807396,3.714503288269043,26.087621688842773,-81.29911804199219
2.247116804122925,0,-4.327916145324707,1.1351476907730103,5.400000095367432,5.400000095367432,2.004000186920166,2964.0,-0.0,1.0,20.012001037597656,0.025824768468737602,0.02992904558777809,1.8915157318115234,10.233339309692383,0.06036146730184555,-0.0737813338637352,-0.046801771968603134,4.5989089012146,25.200286865234375,-81.81044006347656
2.2674367427825928,0,-4.302025318145752,1.1653212308883667,5.400000095367432,5.400000095367432,2.01200008392334,2956.0,-0.0,1.0,20.00800132751465,0.025890816003084183,0.0610552541911602,2.28957200050354,8.97272777557373,0.018416039645671844,-0.02557738870382309,-0.05385925620794296,3.1838598251342773,25.555221557617188,-81.1286849975586
2.287550926208496,0,-4.275399684906006,1.1935925483703613,5.400000095367432,5.400000095367432,2.004000186920166,2960.0,-0.0,1.0,20.012001037597656,0.026625599712133408,0.6979453563690186,1.5275784730911255,9.115788459777832,-0.07919029891490936,0.035543087869882584,-0.055190857499837875,4.422027587890625,25.73268699645996,-80.95824432373047
2.3078675270080566,0,-4.248700141906738,1.2202883958816528,5.400000095367432,5.400000095367432,2.004000186920166,2952.0,-0.0,1.0,20.012001037597656,0.02669990435242653,0.25978413224220276,1.0960016250610352,8.59083366394043,-0.026991548016667366,0.011840594001114368,-0.06437890231609344,4.245146751403809,26.62002182006836,-79.42430114746094
2.3280506134033203,0,-4.220788955688477,1.251704454421997,5.400000095367432,5.400000095367432,2.008000135421753,2948.0,-0.0,1.0,20.00800132751465,0.027910783886909485,-0.2669670879840851,1.277970314025879,9.052339553833008,-0.019667742773890495,-0.009465018287301064,-0.10858804732561111,4.952671051025391,27.68482208251953,-79.42430114746094
2.3483173847198486,0,-4.192074775695801,1.284903645515442,5.400000095367432,5.400000095367432,2.008000135421753,2944.0,-0.0,1.0,20.00400161743164,0.028714368119835854,0.07542119920253754,1.446171522140503,10.323126792907715,-0.06161316856741905,-0.03383331373333931,-0.10685697197914124,4.775789737701416,27.862289428710938,-79.25386047363281
2.368645668029785,0,-4.163123607635498,1.3140175342559814,5.400000095367432,5.400000095367432,2.01200008392334,2952.0,-0.0,1.0,20.012001037597656,0.028951039537787437,0.7751622796058655,1.1618455648422241,9.699405670166016,-0.030187388882040977,-0.04808144271373749,-0.09686996042728424,4.5989089012146,27.32988929748535,-79.08341979980469
2.3887624740600586,0,-4.133746147155762,1.339645266532898,5.400000095367432,5.400000095367432,2.004000186920166,2964.0,-0.0,1.0,20.012001037597656,0.02937760017812252,0.9014628529548645,1.2348724603652954,6.677768707275391,0.0281367264688015,0.022360241040587425,-0.09367412328720093,4.5989089012146,27.32988929748535,-80.10604858398438
2.4091005325317383,0,-4.104181289672852,1.36671781539917,5.400000095367432,5.400000095367432,2.004000186920166,2952.0,-0.0,1.0,20.00800132751465,0.029564736410975456,0.7147056460380554,0.6781921982765198,8.45615291595459,0.05024129897356033,0.06963206827640533,-0.05279397591948509,7.075243949890137,26.62002182006836,-80.10604858398438
2.429222822189331,0,-4.073174476623535,1.3993510007858276,5.400000095367432,5.400000095367432,2.008000135421753,2960.0,-0.0,1.0,20.020000457763672,0.03100678324699402,0.3340081572532654,1.148078203201294,5.946901321411133,-0.026725227013230324,0.025156602263450623,-0.0578540600836277,7.075243949890137,28.394689559936523,-78.40166473388672
2.449542284011841,0,-4.04148006439209,1.4325066804885864,5.400000095367432,5.400000095367432,2.008000135421753,2948.0,-0.0,1.0,20.00800132751465,0.03169478476047516,-0.22865791618824005,0.6853751540184021,11.506521224975586,-0.009680736809968948,0.0331462062895298,-0.10392744839191437,7.075243949890137,28.394689559936523,-78.74254608154297
2.4698567390441895,0,-4.0097880363464355,1.4599379301071167,5.400000095367432,5.400000095367432,2.01200008392334,2948.0,-0.0,1.0,20.00800132751465,0.031692031770944595,0.14365942776203156,1.3240610361099243,8.094610214233398,0.05383662134408951,-0.08776314556598663,-0.11631133407354355,7.782768726348877,29.104557037353516,-78.74254608154297
2.4899837970733643,0,-3.9774627685546875,1.485188603401184,5.400000095367432,5.400000095367432,2.0160000324249268,2960.0,-0.0,1.0,20.00400161743164,0.03232499212026596,0.6602347493171692,1.929824948310852,9.25885009765625,0.03918901085853577,0.02582240290939808,-0.09580468386411667,8.490293502807617,28.394689559936523,-78.74254608154297
2.510319709777832,0,-3.9455974102020264,1.5074453353881836,5.400000095367432,5.400000095367432,2.004000186920166,2948.0,-0.0,1.0,20.00800132751465,0.03186540678143501,0.5890036225318909,1.1169520616531372,10.61643123626709,0.06648682802915573,0.03208092600107193,-0.06318046152591705,9.374698638916016,27.152421951293945,-78.57210540771484
2.5304341316223145,0,-3.9122982025146484,1.5300732851028442,5.400000095367432,5.400000095367432,2.004000186920166,3040.0,-0.0,1.0,20.012001037597656,0.03329920023679733,0.047287892550230026,1.7454619407653809,5.673948764801025,0.021345559507608414,-0.017587784677743912,-0.05758773908019066,9.728460311889648,27.152421951293945,-77.54947662353516
2.5507357120513916,0,-3.879676103591919,1.5534470081329346,5.400000095367432,5.400000095367432,2.008000135421753,2952.0,-0.0,1.0,20.012001037597656,0.03262220695614815,-0.3471769392490387,1.2677943706512451,7.67560338973999,-0.07919029891490936,0.0556502602994442,-0.042806971818208694,10.966628074645996,25.200286865234375,-77.03816223144531
2.571153402328491,0,-3.8457274436950684,1.5785895586013794,5.400000095367432,5.400000095367432,2.0280001163482666,2952.0,-0.0,1.0,20.020000457763672,0.03394867107272148,-0.25379830598831177,0.658439040184021,8.34182357788086,-0.09263946861028671,-0.02038414403796196,-0.05985146015882492,11.143509864807129,25.37775421142578,-75.16333770751953
2.5919599533081055,0,-3.8112311363220215,1.6030194759368896,5.400000095367432,5.400000095367432,2.008000135421753,2968.0,-0.0,1.0,20.00800132751465,0.03449631854891777,-0.12630057334899902,1.3839191198349,6.743014335632324,-0.06161316856741905,-0.029172711074352264,-0.07170270383358002,11.674153327941895,27.68482208251953,-72.26588439941406
2.6120874881744385,0,-3.7768614292144775,1.626109004020691,5.400000095367432,5.400000095367432,2.004000186920166,2948.0,-0.0,1.0,20.00400161743164,0.034369729459285736,0.2502068281173706,1.2109291553497314,6.817836761474609,-0.051759324967861176,0.05471814051270485,-0.07276798784732819,11.320390701293945,26.97495460510254,-73.28851318359375
2.6318089962005615,0,-3.7405707836151123,1.6497929096221924,5.400000095367432,5.400000095367432,2.004000186920166,3104.0,-0.0,1.0,20.02800178527832,0.036290623247623444,0.2849245071411133,0.42379528284072876,6.511961936950684,0.025340363383293152,0.03181460499763489,-0.03628212586045265,12.558558464050293,29.6369571685791,-71.07281494140625
2.6519601345062256,0,-3.70574688911438,1.6759153604507446,5.400000095367432,5.400000095367432,2.004000186920166,2948.0,-0.0,1.0,20.012001037597656,0.03482380881905556,0.9840670228004456,0.8505834937095642,5.618280410766602,-0.09823218733072281,-0.008799217641353607,-0.032553642988204956,15.388655662536621,30.701757431030273,-70.05018615722656
2.6722471714019775,0,-3.6691946983337402,1.7028940916061401,5.400000095367432,5.400000095367432,2.0199999809265137,2952.0,-0.0,1.0,20.00400161743164,0.0365520641207695,0.8829068541526794,-0.29869186878204346,13.630885124206543,-0.11407823860645294,0.08348071575164795,-0.04507069289684296,13.442963600158691,29.814424514770508,-70.5615005493164
2.6925647258758545,0,-3.6325106620788574,1.7241885662078857,5.400000095367432,5.400000095367432,2.008000135421753,2968.0,-0.0,1.0,20.00800132751465,0.03668415918946266,0.04369640722870827,1.4766991138458252,10.80318832397461,-0.0275241881608963,-0.09242375195026398,-0.05092973634600639,15.74241828918457,32.47642517089844,-69.70931243896484
2.713121175765991,0,-3.5964291095733643,1.7407079935073853,5.400000095367432,5.400000095367432,2.008000135421753,2948.0,-0.0,1.0,20.012001037597656,0.0360814705491066,-0.33879679441452026,1.4844807386398315,8.661465644836426,0.0061653126031160355,-0.01425878331065178,-0.009783269837498665,16.273061752319336,33.36376190185547,-69.19799041748047
2.7330191135406494,0,-3.558974504470825,1.7570430040359497,5.400000095367432,5.400000095367432,2.004000186920166,3044.0,-0.0,1.0,20.00400161743164,0.037454720586538315,0.5183711051940918,0.7129098773002625,4.418125629425049,-0.06321109086275101,-0.10121231526136398,-0.013112271204590797,18.926279067993164,34.60602951049805,-70.73194122314453
2.7531561851501465,0,-3.5221803188323975,1.7789790630340576,5.400000095367432,5.400000095367432,2.004000186920166,2956.0,-0.0,1.0,20.012001037597656,0.03679424151778221,0.472280353307724,0.6003766655921936,10.623614311218262,-0.08851150423288345,0.07362687587738037,-0.04453805088996887,19.987564086914062,36.38069534301758,-69.70931243896484
2.7734696865081787,0,-3.4838201999664307,1.8038803339004517,5.400000095367432,5.400000095367432,2.004000186920166,2948.0,-0.0,1.0,20.00400161743164,0.038360126316547394,-0.8290345668792725,1.4120523929595947,11.28444766998291,-0.05894996598362923,-0.10427499562501907,-0.06477838009595871,20.518207550048828,36.558162689208984,-71.24325561523438
2.793783187866211,0,-3.444763660430908,1.8279958963394165,5.400000095367432,5.400000095367432,2.004000186920166,2968.0,-0.0,1.0,20.016000747680664,0.039056383073329926,-0.3441840410232544,1.611379861831665,7.910246849060059,0.006298473104834557,-0.14142665266990662,-0.031488362699747086,21.40261459350586,37.0905647277832,-73.11808013916016
2.813959836959839,0,-3.4061200618743896,1.8489086627960205,5.400000095367432,5.400000095367432,2.01200008392334,2944.0,-0.0,1.0,20.00800132751465,0.03864358365535736,0.7500218749046326,1.3521943092346191,9.072092056274414,0.019747640937566757,-0.01532406359910965,-0.01644127443432808,24.055830001831055,35.848297119140625,-71.24325561523438
2.8342156410217285,0,-3.366050958633423,1.872821569442749,5.400000095367432,5.400000095367432,2.004000186920166,2976.0,-0.0,1.0,20.00400161743164,0.04006911814212799,0.718895673751831,0.9762855172157288,5.0705790519714355,0.04078692942857742,0.01676751673221588,0.014052384532988071,23.878948211669922,36.38069534301758,-72.7771987915039
2.854407548904419,0,-3.326254367828369,1.8975993394851685,5.400000095367432,5.400000095367432,2.004000186920166,2948.0,-0.0,1.0,20.00400161743164,0.03979667276144028,0.09337862581014633,1.486875057220459,10.150734901428223,-0.15122990310192108,0.14460119605064392,-0.0005952240899205208,25.824642181396484,36.20322799682617,-73.62939453125
2.874681234359741,0,-3.2860310077667236,1.91738760471344,5.400000095367432,5.400000095367432,2.01200008392334,2948.0,-0.0,1.0,20.012001037597656,0.04022323340177536,-0.22985507547855377,0.7991055250167847,12.084750175476074,-0.09357158839702606,0.07682271301746368,0.0012690173462033272,28.654739379882812,36.20322799682617,-74.31114959716797
2.8949973583221436,0,-3.245744466781616,1.9324007034301758,5.400000095367432,5.400000095367432,2.0160000324249268,2956.0,-0.0,1.0,20.00400161743164,0.040286529809236526,-0.26756566762924194,0.996637225151062,10.566150665283203,0.010825913399457932,0.0350104495882988,-0.049065493047237396,28.47785758972168,34.960960388183594,-75.50421142578125
2.915174722671509,0,-3.205733299255371,1.9474297761917114,5.400000095367432,5.400000095367432,2.01200008392334,2948.0,-0.0,1.0,20.012001037597656,0.04001132771372795,0.5800248980522156,0.41062650084495544,6.6382622718811035,0.0005725882947444916,-0.07205025851726532,-0.06384626030921936,28.47785758972168,34.251094818115234,-75.16333770751953
2.935450553894043,0,-3.164078950881958,1.9683233499526978,5.400000095367432,5.400000095367432,2.008000135421753,2964.0,-0.0,1.0,20.00400161743164,0.04165427386760712,0.04609072953462601,0.5087937712669373,8.040139198303223,-0.07346441596746445,0.020229678601026535,-0.1191076934337616,29.53914451599121,33.89616012573242,-75.8450927734375
2.9555978775024414,0,-3.122504472732544,1.991041660308838,5.400000095367432,5.400000095367432,2.004000186920166,2952.0,-0.0,1.0,20.012001037597656,0.04157446324825287,-0.43995699286460876,0.6955510377883911,11.944084167480469,-0.06827117502689362,-0.1412934958934784,-0.13375529646873474,27.947214126586914,33.36376190185547,-75.67465209960938
2.9759137630462646,0,-3.080434799194336,2.0103766918182373,5.400000095367432,5.400000095367432,2.004000186920166,2948.0,-0.0,1.0,20.016000747680664,0.042069822549819946,0.7165013551712036,0.45192858576774597,8.829667091369629,-0.0006258524954319,-0.20853933691978455,-0.16571371257305145,26.355283737182617,33.18629455566406,-73.7998275756836
2.996217727661133,0,-3.037954807281494,2.028970241546631,5.400000095367432,5.400000095367432,2.004000186920166,2964.0,-0.0,1.0,20.012001037597656,0.042479872703552246,0.5812220573425293,1.2719844579696655,8.379534721374512,0.03426208719611168,0.018498597666621208,-0.18954937160015106,24.763355255126953,31.23415756225586,-74.65202331542969
3.0163421630859375,0,-2.994877815246582,2.0530970096588135,5.400000095367432,5.400000095367432,2.01200008392334,2952.0,-0.0,1.0,20.00400161743164,0.04307705536484718,-0.052076540887355804,2.0046474933624268,7.680990219116211,-0.003155892714858055,0.027420323342084885,-0.14960134029388428,24.58647346496582,28.92708969116211,-73.45895385742188
3.0366101264953613,0,-2.9509146213531494,2.0764780044555664,5.400000095367432,5.400000095367432,2.004000186920166,2968.0,-0.0,1.0,20.00800132751465,0.043963201344013214,0.1251034140586853,0.9828698635101318,11.641201972961426,0.06928318738937378,0.048193298280239105,-0.10672380775213242,20.69508934020996,28.217222213745117,-72.43632507324219
3.056741952896118,0,-2.90781831741333,2.093015193939209,5.400000095367432,5.400000095367432,2.008000135421753,2952.0,-0.0,1.0,20.00800132751465,0.04309631884098053,0.27654439210891724,1.4359956979751587,10.52843952178955,0.08978984504938126,0.09613092243671417,-0.08421975374221802,19.103158950805664,28.039756774902344,-70.5615005493164
3.0770766735076904,0,-2.8647549152374268,2.103548288345337,5.400000095367432,5.400000095367432,2.0280001163482666,2948.0,-0.0,1.0,20.00800132751465,0.04306329786777496,0.17538420855998993,1.0026230812072754,6.386260032653809,0.04677913337945938,0.06390618532896042,-0.042806971818208694,17.334348678588867,26.97495460510254,-69.87974548339844
3.0973782539367676,0,-2.820838451385498,2.1182215213775635,5.400000095367432,5.400000095367432,2.004000186920166,2964.0,-0.0,1.0,20.012001037597656,0.04391641542315483,-0.8607593774795532,1.273181676864624,8.551326751708984,-0.06827117502689362,0.09533196687698364,-0.06890634447336197,15.74241828918457,26.087621688842773,-66.98229217529297
3.117543935775757,0,-2.776484489440918,2.1383168697357178,5.400000095367432,5.400000095367432,2.0240001678466797,2952.0,-0.0,1.0,20.00400161743164,0.04435398429632187,-0.8032956123352051,0.7176985144615173,12.850335121154785,-0.07825817912817001,-0.054073646664619446,-0.09780208021402359,15.211774826049805,25.555221557617188,-66.47097778320312
3.13858699798584,0,-2.7314701080322266,2.154731273651123,5.400000095367432,5.400000095367432,2.004000186920166,2968.0,-0.0,1.0,20.00400161743164,0.04501446336507797,-0.026337560266256332,0.8200558423995972,10.054962158203125,0.0631578266620636,-0.1069381982088089,-0.12430094182491302,12.558558464050293,23.958019256591797,-63.57352828979492
3.1581358909606934,0,-2.6871683597564697,2.169055461883545,5.400000095367432,5.400000095367432,2.008000135421753,2952.0,-0.0,1.0,20.00400161743164,0.04430169612169266,-0.5554831027984619,1.9974645376205444,10.123200416564941,0.04851021617650986,0.09333456307649612,-0.13082577288150787,11.674153327941895,24.135486602783203,-61.69870376586914
3.178269386291504,0,-2.6404917240142822,2.189955472946167,5.400000095367432,5.400000095367432,2.008000135421753,2952.0,-0.0,1.0,20.00400161743164,0.046676672995090485,0.9565322995185852,0.9523422718048096,7.381700038909912,-0.21221721172332764,0.0278198029845953,-0.12363513559103012,10.966628074645996,25.910154342651367,-59.994319915771484
3.1986780166625977,0,-2.595590114593506,2.208253860473633,5.400000095367432,5.400000095367432,2.008000135421753,2960.0,-0.0,1.0,20.012001037597656,0.04490163177251816,0.6057639122009277,0.4860477149486542,10.587100982666016,-0.14736825227737427,0.10292208939790726,-0.12589885294437408,10.259103775024414,25.555221557617188,-58.63081359863281
3.2187628746032715,0,-2.550374746322632,2.2164955139160156,5.400000095367432,5.400000095367432,2.008000135421753,2952.0,-0.0,1.0,20.00800132751465,0.045215360820293427,-0.29569897055625916,1.6760265827178955,11.223991394042969,-0.08092138171195984,0.15738455951213837,-0.13761693239212036,10.082222938537598,26.797489166259766,-53.6880989074707
3.2390220165252686,0,-2.5051867961883545,2.222041606903076,5.400000095367432,5.400000095367432,2.004000186920166,2972.0,-0.0,1.0,20.00800132751465,0.04518783837556839,0.1592225283384323,-0.03830917924642563,9.064311027526855,0.09764628857374191,0.03913841024041176,-0.05905250087380409,9.905342102050781,28.749622344970703,-48.06363296508789
3.259345293045044,0,-2.4590964317321777,2.239956855773926,5.400000095367432,5.400000095367432,2.004000186920166,2948.0,-0.0,1.0,20.00800132751465,0.046090494841337204,-0.7973098158836365,1.1379023790359497,6.945932865142822,0.07460959255695343,-0.030104830861091614,-0.08794824033975601,10.082222938537598,32.83135986328125,-46.529685974121094
3.279496908187866,0,-2.4112446308135986,2.2648065090179443,5.400000095367432,5.400000095367432,2.008000135421753,2980.0,-0.0,1.0,20.012001037597656,0.04785177484154701,-1.1881831884384155,1.2217036485671997,12.015315055847168,0.03319680690765381,-0.07458029687404633,-0.09900052100419998,9.905342102050781,36.20322799682617,-43.632232666015625
3.299801826477051,0,-2.3643698692321777,2.2809083461761475,5.400000095367432,5.400000095367432,2.004000186920166,2948.0,-0.0,1.0,20.00800132751465,0.046874817460775375,0.6674177050590515,0.5357299447059631,10.86663818359375,0.10616853833198547,-0.09668487310409546,-0.11031913012266159,10.612866401672363,41.5272331237793,-41.586971282958984
3.3199846744537354,0,-2.3173298835754395,2.2933287620544434,5.400000095367432,5.400000095367432,2.01200008392334,2952.0,-0.0,1.0,20.012001037597656,0.0470399372279644,0.24960824847221375,0.8392104506492615,11.723207473754883,0.24119286239147186,0.027154002338647842,-0.06477838009595871,10.966628074645996,46.85123825073242,-41.92784881591797
3.3402628898620605,0,-2.268768072128296,2.313858985900879,5.400000095367432,5.400000095367432,2.004000186920166,2972.0,-0.0,1.0,20.016000747680664,0.04856179282069206,0.3771059811115265,2.002851724624634,0.5357299447059631,-0.08531565964221954,-0.02025098353624344,-0.013644911348819733,12.73543930053711,53.24004364013672,-45.677494049072266
3.3613624572753906,0,-2.2212822437286377,2.327585220336914,5.400000095367432,5.400000095367432,2.004000186920166,2960.0,-0.0,1.0,20.012001037597656,0.04748576134443283,0.7667821645736694,-0.6410802006721497,13.055648803710938,-0.07226597517728806,0.22969047725200653,0.0434807613492012,12.73543930053711,58.20911407470703,-48.40450668334961
3.380728244781494,0,-2.173705816268921,2.327224016189575,5.400000095367432,5.400000095367432,2.004000186920166,3068.0,-0.0,1.0,20.016000747680664,0.047576576471328735,-0.3112620711326599,-0.6207284331321716,9.77662181854248,0.25970208644866943,0.2326200008392334,0.012587624602019787,13.089201927185059,60.69364929199219,-53.17678451538086
3.401071071624756,0,-2.126993179321289,2.338290214538574,5.400000095367432,5.400000095367432,2.0160000324249268,2952.0,-0.0,1.0,20.016000747680664,0.046712446957826614,-0.26277703046798706,-0.39985206723213196,8.322071075439453,0.3348044157028198,0.10332156717777252,0.05360092967748642,13.973607063293457,63.35565185546875,-57.778621673583984
3.421386957168579,0,-2.077515125274658,2.3617820739746094,5.400000095367432,5.400000095367432,2.01200008392334,2960.0,-0.0,1.0,20.012001037597656,0.049478206783533096,0.592595100402832,-0.1161246970295906,8.409463882446289,0.13120262324810028,-0.010796619579195976,-0.025229837745428085,17.157466888427734,64.77538299560547,-61.52826690673828
3.441494941711426,0,-2.0282459259033203,2.3768105506896973,5.400000095367432,5.400000095367432,2.004000186920166,2964.0,-0.0,1.0,20.012001037597656,0.04926905781030655,-0.20172177255153656,1.064276933670044,9.700602531433105,0.02427508309483528,-0.09149162471294403,-0.12270301580429077,17.334348678588867,63.178184509277344,-65.44834899902344
3.4618115425109863,0,-1.980526328086853,2.3819024562835693,5.400000095367432,5.400000095367432,2.008000135421753,2956.0,-0.0,1.0,20.016000747680664,0.04771967977285385,-1.2061405181884766,2.0932374000549316,11.101880073547363,0.10829909145832062,0.0046499501913785934,-0.13681797683238983,17.6881103515625,62.46831512451172,-68.17536163330078
3.481977701187134,0,-1.9300822019577026,2.3930540084838867,5.400000095367432,5.400000095367432,2.008000135421753,3100.0,-0.0,1.0,20.012001037597656,0.05044415965676308,-0.27654439210891724,0.9469550251960754,9.039769172668457,-0.05242512375116348,-0.19149485230445862,-0.08941299468278885,19.456920623779297,59.2739143371582,-71.24325561523438
3.5023460388183594,0,-1.882167100906372,2.40704607963562,5.400000095367432,5.400000095367432,2.004000186920166,2960.0,-0.0,1.0,20.016000747680664,0.04791507124900818,-0.8296331763267517,1.6371188163757324,10.336894035339355,0.1019074022769928,-0.2575422525405884,-0.057188257575035095,19.280040740966797,60.51618194580078,-73.7998275756836
3.5226283073425293,0,-1.8335200548171997,2.410337209701538,5.400000095367432,5.400000095367432,2.01200008392334,2952.0,-0.0,1.0,20.012001037597656,0.04864710569381714,0.8260416984558105,0.04369640722870827,-19.614299774169922,0.41802942752838135,0.012106914073228836,-0.06078357994556427,20.341327667236328,58.741512298583984,-75.16333770751953
3.5428380966186523,0,-1.7844133377075195,2.414763927459717,5.400000095367432,5.400000095367432,2.01200008392334,2968.0,-0.0,1.0,20.00400161743164,0.04910668730735779,-0.04309782758355141,1.1726200580596924,2.089646100997925,0.05370345711708069,0.04233425110578537,-0.023898238316178322,21.57949447631836,57.85417938232422,-75.67465209960938
3.5630550384521484,0,-1.7360717058181763,2.418959617614746,5.400000095367432,5.400000095367432,2.008000135421753,2948.0,-0.0,1.0,20.02400016784668,0.04834163188934326,0.20770758390426636,3.019242286682129,7.846797466278076,-0.5833343863487244,-0.009731339290738106,0.01964510977268219,20.871971130371094,56.434444427490234,-78.060791015625
3.583181381225586,0,-1.6873282194137573,2.412503242492676,5.400000095367432,5.400000095367432,2.004000186920166,3032.0,-0.0,1.0,20.012001037597656,0.04874342307448387,-0.40404212474823,2.1004204750061035,7.2386393547058105,-0.6251466274261475,-0.08523310720920563,0.0022011371329426765,21.225732803344727,57.14431381225586,-78.40166473388672
3.603492021560669,0,-1.640604853630066,2.407412052154541,5.400000095367432,5.400000095367432,2.004000186920166,2952.0,-0.0,1.0,20.012001037597656,0.04672345519065857,1.143289566040039,-0.16341258585453033,10.780442237854004,-0.29557543992996216,0.04273373261094093,0.06691693514585495,23.171424865722656,55.192176818847656,-78.57210540771484
3.6238131523132324,0,-1.5911403894424438,2.4194436073303223,5.400000095367432,5.400000095367432,2.004000186920166,2956.0,-0.0,1.0,20.016000747680664,0.049464449286460876,-0.1610182672739029,-0.27355149388313293,13.12987232208252,-0.05215880274772644,0.06497146189212799,0.040684398263692856,23.52518653869629,53.417510986328125,-80.61737060546875
3.643982410430908,0,-1.5399118661880493,2.4403393268585205,5.400000095367432,5.400000095367432,2.008000135421753,2968.0,-0.0,1.0,20.016000747680664,0.05122847855091095,-0.5135824084281921,0.47168177366256714,9.420466423034668,-0.0894436240196228,-0.11985471844673157,-0.04613597318530083,22.817663192749023,54.127376556396484,-81.63999938964844
3.664278745651245,0,-1.4907501935958862,2.4464869499206543,5.400000095367432,5.400000095367432,2.0199999809265137,2952.0,-0.0,1.0,20.00800132751465,0.04916172847151756,-0.13468070328235626,-0.21788345277309418,8.231086730957031,-0.058683644980192184,-0.08683102577924728,-0.04333961009979248,22.994543075561523,53.94990921020508,-81.81044006347656
3.68441104888916,0,-1.4424277544021606,2.438322067260742,5.400000095367432,5.400000095367432,2.004000186920166,2956.0,-0.0,1.0,20.00800132751465,0.048322368413209915,1.3276524543762207,-0.2220735251903534,8.451364517211914,-0.38173002004623413,-0.2114688605070114,-0.043872252106666565,24.58647346496582,53.06257629394531,-81.63999938964844
3.704704999923706,0,-1.3932660818099976,2.4448442459106445,5.400000095367432,5.400000095367432,2.008000135421753,2952.0,-0.0,1.0,20.012001037597656,0.04916172847151756,1.8957058191299438,-0.6195312738418579,3.990140438079834,-0.12619580328464508,-0.11812365055084229,-0.062248341739177704,23.702068328857422,52.885108947753906,-82.15131378173828
3.7250607013702393,0,-1.3424779176712036,2.460874319076538,5.400000095367432,5.400000095367432,2.0320000648498535,2960.0,-0.0,1.0,20.020000457763672,0.05078816041350365,0.40164780616760254,0.08559707552194595,5.435713291168213,0.0612935870885849,0.04885909706354141,-0.05332661792635918,24.763355255126953,53.59497833251953,-82.4921875
3.7459142208099365,0,-1.2908889055252075,2.478614091873169,5.400000095367432,5.400000095367432,2.004000186920166,2964.0,-0.0,1.0,20.012001037597656,0.0515889935195446,0.574039101600647,-0.19453880190849304,8.569284439086914,0.2952558398246765,0.1131754145026207,-0.0534597784280777,25.117116928100586,52.530174255371094,-83.17394256591797
3.7655227184295654,0,-1.2390605211257935,2.503018379211426,5.400000095367432,5.400000095367432,2.004000186920166,2960.0,-0.0,1.0,20.00400161743164,0.05182841420173645,-0.8445976972579956,1.3210680484771729,11.896197319030762,0.3313422203063965,0.06710202991962433,-0.07396642863750458,25.824642181396484,51.820308685302734,-82.83306884765625
3.785625696182251,0,-1.1862413883209229,2.523554801940918,5.400000095367432,5.400000095367432,2.008000135421753,2964.0,-0.0,1.0,20.00400161743164,0.052819136530160904,-0.016760265454649925,2.375169038772583,10.772661209106445,-0.03471483290195465,-0.07804246246814728,-0.08967931568622589,27.062808990478516,51.287906646728516,-83.3443832397461
3.8059301376342773,0,-1.1361879110336304,2.5230777263641357,5.400000095367432,5.400000095367432,2.008000135421753,2948.0,-0.0,1.0,20.00400161743164,0.05005337670445442,1.1379023790359497,0.6153411865234375,12.431927680969238,-0.21421462297439575,0.048193298280239105,-0.07702910900115967,25.117116928100586,50.40057373046875,-84.5374526977539
3.8262665271759033,0,-1.086151123046875,2.518566131591797,5.400000095367432,5.400000095367432,2.0320000648498535,2952.0,-0.0,1.0,20.020000457763672,0.05003686249256134,-0.2591855525970459,0.7218886017799377,9.596449851989746,-0.19490641355514526,0.03700784966349602,-0.09314148128032684,26.709047317504883,50.578041076660156,-84.02613830566406
3.8463945388793945,0,-1.0345841646194458,2.5263779163360596,5.400000095367432,5.400000095367432,2.004000186920166,2972.0,-0.0,1.0,20.00800132751465,0.05156697705388069,0.28372734785079956,0.48365339636802673,5.893627643585205,-0.24177876114845276,-0.010263979434967041,-0.0784938707947731,27.23969078063965,50.40057373046875,-82.4921875
3.8667280673980713,0,-0.9831602573394775,2.537349224090576,5.400000095367432,5.400000095367432,2.004000186920166,2952.0,-0.0,1.0,20.012001037597656,0.051423873752355576,1.1780072450637817,-0.5357299447059631,7.878521919250488,-0.20063228905200958,-0.02983850985765457,-0.10153056681156158,27.947214126586914,49.69070816040039,-83.17394256591797
3.886857271194458,0,-0.9308584928512573,2.5480825901031494,5.400000095367432,5.400000095367432,2.008000135421753,2960.0,-0.0,1.0,20.012001037597656,0.052301760762929916,0.2561926245689392,-0.09457578510046005,10.340485572814941,0.0017710290849208832,0.017166998237371445,-0.15199822187423706,27.59345245361328,50.40057373046875,-83.85569763183594
3.907154083251953,0,-0.8782182335853577,2.565953493118286,5.400000095367432,5.400000095367432,2.008000135421753,2960.0,-0.0,1.0,20.016000747680664,0.05264025554060936,-1.3396241664886475,1.3300467729568481,10.523651123046875,0.12973786890506744,0.02475712075829506,-0.13814957439899445,27.062808990478516,51.64284133911133,-84.36701202392578
3.9275102615356445,0,-0.8249505162239075,2.582750082015991,5.400000095367432,5.400000095367432,2.004000186920166,2948.0,-0.0,1.0,20.00800132751465,0.0532677136361599,0.15383529663085938,1.9166561365127563,9.289377212524414,-0.04203863441944122,-0.07271605730056763,-0.11551237106323242,28.300975799560547,51.46537399291992,-84.19657135009766
3.9476170539855957,0,-0.7726817727088928,2.588425397872925,5.400000095367432,5.400000095367432,2.004000186920166,2952.0,-0.0,1.0,20.016000747680664,0.05226873606443405,0.17777854204177856,0.2603827118873596,10.098060607910156,0.1063016951084137,0.098794125020504,-0.10592484474182129,28.300975799560547,51.287906646728516,-85.04876708984375
3.9679481983184814,0,-0.7197113037109375,2.598837375640869,5.400000095367432,5.400000095367432,2.0199999809265137,2956.0,-0.0,1.0,20.016000747680664,0.05297049507498741,0.5572788715362549,0.2292564958333969,8.696184158325195,0.1457170695066452,0.015036435797810555,-0.025096679106354713,28.47785758972168,50.93297576904297,-85.73052215576172
3.988095283508301,0,-0.6653620600700378,2.6161937713623047,5.400000095367432,5.400000095367432,2.008000135421753,2964.0,-0.0,1.0,20.00800132751465,0.05434924736618996,0.8014998435974121,0.5578774213790894,9.782608032226562,0.07913703471422195,0.041002653539180756,-0.02789304032921791,29.53914451599121,51.64284133911133,-85.38964080810547
4.008392333984375,0,-0.612047553062439,2.62868595123291,5.400000095367432,5.400000095367432,2.008000135421753,2948.0,-0.0,1.0,20.00800132751465,0.05331449583172798,0.9128358960151672,-0.4124222695827484,8.348407745361328,0.11375865340232849,0.11477333307266235,-0.08075759559869766,28.124095916748047,51.287906646728516,-86.07139587402344
4.02876615524292,0,-0.5576598048210144,2.6420154571533203,5.400000095367432,5.400000095367432,2.008000135421753,2960.0,-0.0,1.0,20.00400161743164,0.05438777431845665,-1.617964267730713,1.3952921628952026,12.897623062133789,0.13972486555576324,0.09306824207305908,-0.09926684200763702,28.300975799560547,50.75550842285156,-86.24183654785156
4.048934459686279,0,-0.5032004714012146,2.6591899394989014,5.400000095367432,5.400000095367432,2.004000186920166,2960.0,-0.0,1.0,20.012001037597656,0.054459329694509506,0.3920705020427704,0.8858997821807861,6.097145080566406,0.03945533186197281,-0.1656617969274521,-0.05652245879173279,29.008501052856445,50.40057373046875,-87.94622039794922
4.069214582443237,0,-0.44898879528045654,2.6677324771881104,5.400000095367432,5.400000095367432,2.01200008392334,2952.0,-0.0,1.0,20.00400161743164,0.05421164631843567,1.375538945198059,-0.3920705020427704,8.987093925476074,0.1563698798418045,0.012240074574947357,-0.0653110221028328,29.008501052856445,50.75550842285156,-85.90095520019531
4.089330673217773,0,-0.39471936225891113,2.6716394424438477,5.400000095367432,5.400000095367432,2.008000135421753,2984.0,-0.0,1.0,20.012001037597656,0.05426944047212601,-0.3340081572532654,0.2873188555240631,9.230117797851562,0.23373587429523468,0.0493917390704155,-0.10379428416490555,28.124095916748047,49.15830612182617,-87.43490600585938
4.109654188156128,0,-0.34034809470176697,2.683882236480713,5.400000095367432,5.400000095367432,2.0199999809265137,2956.0,-0.0,1.0,20.016000747680664,0.05437126383185387,0.4333725869655609,0.4704846143722534,6.930369853973389,0.0612935870885849,-0.0287732295691967,-0.08115707337856293,29.53914451599121,49.513240814208984,-87.7757797241211
4.129808187484741,0,-0.2851484715938568,2.6924335956573486,5.400000095367432,5.400000095367432,2.008000135421753,3004.0,-0.0,1.0,20.012001037597656,0.05519961565732956,1.84841787815094,0.047886475920677185,8.013801574707031,-0.013276059180498123,0.021294958889484406,-0.10246268659830093,29.362262725830078,47.916038513183594,-89.9914779663086
4.150121212005615,0,-0.23130284249782562,2.6973764896392822,5.400000095367432,5.400000095367432,2.004000186920166,2952.0,-0.0,1.0,20.00800132751465,0.05384563282132149,-0.45671725273132324,0.06165383383631706,9.924471855163574,0.03745793178677559,0.1683036834001541,-0.16078679263591766,28.124095916748047,47.02870559692383,-88.79840850830078
4.17042088508606,0,-0.17613625526428223,2.7075085639953613,5.400000095367432,5.400000095367432,2.01200008392334,2952.0,-0.0,1.0,20.032001495361328,0.055166590958833694,-0.8206544518470764,0.7524162530899048,11.494549751281738,0.046113334596157074,-0.08589890599250793,-0.08342079818248749,29.892906188964844,46.3188362121582,-88.11666107177734
4.19054651260376,0,-0.12089811265468597,2.713465929031372,5.400000095367432,5.400000095367432,2.004000186920166,2964.0,-0.0,1.0,20.012001037597656,0.05523814260959625,0.29569897055625916,1.526979923248291,9.498282432556152,-0.18651732802391052,-0.05833476781845093,-0.08621715754270554,29.008501052856445,47.206172943115234,-88.62797546386719
4.210878849029541,0,-0.06720659136772156,2.7106130123138428,5.400000095367432,5.400000095367432,2.004000186920166,2960.0,-0.0,1.0,20.00800132751465,0.053691521286964417,-0.1221105083823204,0.9577294588088989,10.843892097473145,-0.19530588388442993,0.07389318943023682,-0.08861403912305832,30.24666976928711,47.383636474609375,-88.79840850830078
4.231181383132935,0,-0.011085055768489838,2.714500904083252,5.400000095367432,5.400000095367432,2.004000186920166,3084.0,-0.0,1.0,20.016000747680664,0.05612153559923172,-0.07542119920253754,0.23344656825065613,9.12416934967041,-0.07865765690803528,-0.06352800875902176,-0.0049895066767930984,28.654739379882812,46.85123825073242,-87.94622039794922
4.251292705535889,0,0.042661502957344055,2.722342014312744,5.400000095367432,5.400000095367432,2.004000186920166,2956.0,-0.0,1.0,20.00800132751465,0.05374655872583389,0.49502643942832947,1.1163533926010132,7.081212520599365,-0.18305516242980957,-0.11306355893611908,0.01192182395607233,29.185382843017578,46.673770904541016,-88.11666107177734
4.271604299545288,0,0.09773177653551102,2.728043556213379,5.400000095367432,5.400000095367432,2.004000186920166,2952.0,-0.0,1.0,20.00400161743164,0.05507027357816696,1.6844067573547363,0.0760197788476944,9.877782821655273,-0.14390608668327332,0.09306824207305908,-0.025362998247146606,28.300975799560547,44.72163772583008,-87.94622039794922
4.291908025741577,0,0.1538780778646469,2.7392446994781494,5.400000095367432,5.400000095367432,2.004000186920166,2952.0,-0.0,1.0,20.00800132751465,0.05614630505442619,-0.9655110239982605,0.3884790241718292,10.230945587158203,-0.06720589101314545,0.10531897097826004,-0.048000212758779526,30.069787979125977,46.85123825073242,-88.62797546386719
4.312242746353149,0,0.2096446007490158,2.7506766319274902,5.400000095367432,5.400000095367432,2.004000186920166,2952.0,-0.0,1.0,20.00800132751465,0.055766526609659195,1.56947922706604,0.12091334909200668,7.800107955932617,-0.0706680566072464,-0.1306406855583191,0.012720783241093159,26.709047317504883,45.25403594970703,-87.7757797241211
4.332367897033691,0,0.2666027545928955,2.7526144981384277,5.400000095367432,5.400000095367432,2.004000186920166,3088.0,-0.0,1.0,20.00800132751465,0.056958142668008804,1.1588526964187622,-0.4381612241268158,8.407668113708496,0.007496912032365799,-0.002008054405450821,0.01192182395607233,29.185382843017578,47.02870559692383,-87.09402465820312
4.352580785751343,0,0.3204263746738434,2.7571029663085938,5.400000095367432,5.400000095367432,2.008000135421753,2944.0,-0.0,1.0,20.012001037597656,0.05382361635565758,-0.882308304309845,0.2843259274959564,11.25272274017334,0.06781842559576035,-0.014791421592235565,-0.055190857499837875,29.008501052856445,46.85123825073242,-87.94622039794922
4.372803449630737,0,0.3769799768924713,2.7694177627563477,5.400000095367432,5.400000095367432,2.004000186920166,2956.0,-0.0,1.0,20.00800132751465,0.05655359849333763,-0.3854861259460449,0.3812960386276245,6.227635860443115,0.0525050163269043,-0.1913616806268692,-0.024164557456970215,28.300975799560547,45.78643798828125,-87.94622039794922
4.393150329589844,0,0.4340536892414093,2.7804322242736816,5.400000095367432,5.400000095367432,2.008000135421753,2976.0,-0.0,1.0,20.00800132751465,0.05707372725009918,2.0698928833007812,-0.5836163759231567,6.6460442543029785,0.08246603608131409,-0.0719170942902565,-0.037480566650629044,28.831619262695312,45.25403594970703,-86.41226959228516
4.413427829742432,0,0.49069535732269287,2.7934622764587402,5.400000095367432,5.400000095367432,2.004000186920166,2952.0,-0.0,1.0,20.012001037597656,0.05664166435599327,-0.39865490794181824,0.2873188555240631,11.642398834228516,0.09604836255311966,0.13647842407226562,-0.13588586449623108,29.53914451599121,45.608970642089844,-87.09402465820312
4.433571100234985,0,0.5490322709083557,2.806967258453369,5.400000095367432,5.400000095367432,2.0160000324249268,3016.0,-0.0,1.0,20.00400161743164,0.05833689495921135,-0.19992603361606598,0.7793523669242859,11.177900314331055,0.13426530361175537,-0.04901356250047684,-0.04839969426393509,29.53914451599121,46.673770904541016,-87.09402465820312
4.453701972961426,0,0.6044933199882507,2.8092684745788574,5.400000095367432,5.400000095367432,2.004000186920166,2952.0,-0.0,1.0,20.00400161743164,0.055461056530475616,-0.19274306297302246,1.461135983467102,9.515042304992676,0.004034750163555145,0.009843192994594574,-0.044804371893405914,28.124095916748047,46.673770904541016,-86.7531509399414
4.474017381668091,0,0.6610221266746521,2.8118414878845215,5.400000095367432,5.400000095367432,2.004000186920166,2956.0,-0.0,1.0,20.012001037597656,0.056528832763433456,-0.2891145944595337,0.7584020495414734,10.363231658935547,-0.020733024924993515,0.09200296550989151,-0.10525904595851898,28.831619262695312,44.89910125732422,-89.13928985595703
4.494560718536377,0,0.7186793088912964,2.820693254470825,5.400000095367432,5.400000095367432,2.004000186920166,2960.0,-0.0,1.0,20.016000747680664,0.0576571524143219,-0.472280353307724,0.6602347493171692,9.928661346435547,0.017617080360651016,0.02808612398803234,-0.08248867094516754,27.770334243774414,45.963905334472656,-87.43490600585938
4.514714479446411,0,0.7756209373474121,2.8283181190490723,5.400000095367432,5.400000095367432,2.004000186920166,2960.0,-0.0,1.0,20.012001037597656,0.05694163218140602,0.42798537015914917,0.2603827118873596,7.792924880981445,0.02227768301963806,0.007046830840408802,-0.08461923897266388,28.654739379882812,45.78643798828125,-87.60533905029297
4.5348875522613525,0,0.833743155002594,2.8380157947540283,5.400000095367432,5.400000095367432,2.008000135421753,2972.0,-0.0,1.0,20.012001037597656,0.058122240006923676,0.8625550866127014,0.23943236470222473,12.118270874023438,-0.03498115390539169,0.11077853292226791,-0.177964448928833,27.947214126586914,46.49630355834961,-87.60533905029297
4.555081367492676,0,0.8911636471748352,2.848036527633667,5.400000095367432,5.400000095367432,2.004000186920166,2952.0,-0.0,1.0,20.016000747680664,0.057420480996370316,-1.6634564399719238,2.038167953491211,11.098288536071777,-0.11607564240694046,0.008245271630585194,-0.16957536339759827,27.947214126586914,44.01176834106445,-86.24183654785156
4.5753703117370605,0,0.9480887651443481,2.846158266067505,5.400000095367432,5.400000095367432,2.0240001678466797,2952.0,-0.0,1.0,20.016000747680664,0.05692512169480324,0.0790126845240593,1.594619631767273,9.620990753173828,-0.3331265449523926,-0.06485961377620697,-0.13402162492275238,28.831619262695312,44.18923568725586,-88.45753479003906
4.59630274772644,0,1.004969835281372,2.8425049781799316,5.400000095367432,5.400000095367432,2.004000186920166,2968.0,-0.0,1.0,20.012001037597656,0.05688108876347542,1.803524374961853,-1.0768470764160156,8.997868537902832,-0.19717012345790863,0.04273373261094093,-0.13189105689525604,27.59345245361328,43.301902770996094,-87.94622039794922
4.615827322006226,0,1.0620077848434448,2.8480405807495117,5.400000095367432,5.400000095367432,2.008000135421753,2952.0,-0.0,1.0,20.00800132751465,0.05703795328736305,0.3992534875869751,0.10235733538866043,8.70755672454834,-0.08198666572570801,0.04339953511953354,-0.1197734996676445,29.008501052856445,44.366703033447266,-87.60533905029297
4.635954141616821,0,1.120259404182434,2.8549182415008545,5.400000095367432,5.400000095367432,2.004000186920166,2956.0,-0.0,1.0,20.00400161743164,0.05825158581137657,0.24900966882705688,0.5937922596931458,7.607365131378174,-0.1845199167728424,-0.011995058506727219,-0.08794824033975601,27.59345245361328,44.366703033447266,-89.30972290039062
4.656266212463379,0,1.17801833152771,2.8645219802856445,5.400000095367432,5.400000095367432,2.004000186920166,2948.0,-0.0,1.0,20.012001037597656,0.05775897577404976,1.4778963327407837,-0.2771429717540741,9.353425979614258,-0.2214052677154541,0.06896626949310303,-0.13735061883926392,28.654739379882812,43.65683364868164,-87.60533905029297
4.6765806674957275,0,1.2366386651992798,2.8767292499542236,5.400000095367432,5.400000095367432,2.008000135421753,2948.0,-0.0,1.0,20.00800132751465,0.058620352298021317,-0.45192858576774597,0.41960522532463074,9.24508285522461,-0.12033676356077194,0.004916270263493061,-0.14427495002746582,28.300975799560547,43.65683364868164,-87.94622039794922
4.696700572967529,0,1.2950719594955444,2.8804025650024414,5.400000095367432,5.400000095367432,2.004000186920166,2968.0,-0.0,1.0,20.00400161743164,0.05843321606516838,0.6225241422653198,0.38788044452667236,8.835653305053711,-0.11461088061332703,-0.09042634814977646,-0.07183586806058884,28.47785758972168,44.18923568725586,-86.7531509399414
4.717075824737549,0,1.352803349494934,2.884807825088501,5.400000095367432,5.400000095367432,2.0320000648498535,2952.0,-0.0,1.0,20.00800132751465,0.05773145705461502,2.116582155227661,-1.3982850313186646,8.4519624710083,0.0650220662355423,-0.01851990446448326,-0.06464522331953049,28.300975799560547,44.72163772583008,-86.58271026611328
4.737161159515381,0,1.4123153686523438,2.897960662841797,5.400000095367432,5.400000095367432,2.008000135421753,2964.0,-0.0,1.0,20.00400161743164,0.059512000530958176,0.04369640722870827,-0.8302317261695862,9.801762580871582,0.1838008612394333,-0.012927182018756866,-0.0910109207034111,28.47785758972168,44.89910125732422,-88.11666107177734
4.757534503936768,0,1.4714475870132446,2.9124441146850586,5.400000095367432,5.400000095367432,2.008000135421753,2952.0,-0.0,1.0,20.016000747680664,0.059132225811481476,0.5632646679878235,0.44773852825164795,5.66077995300293,0.15024451911449432,-0.11532728374004364,-0.04560333117842674,27.947214126586914,42.94696807861328,-87.26446533203125
4.777634620666504,0,1.5317384004592896,2.9296441078186035,5.400000095367432,5.400000095367432,2.008000135421753,2948.0,-0.0,1.0,20.016000747680664,0.06029081717133522,1.4347984790802002,0.03890775889158249,9.553950309753418,0.06528838723897934,-0.01851990446448326,-0.08461923897266388,27.062808990478516,43.83430099487305,-87.09402465820312
4.7979326248168945,0,1.5920100212097168,2.9443233013153076,5.400000095367432,5.400000095367432,2.008000135421753,2944.0,-0.0,1.0,20.00400161743164,0.060271553695201874,0.169996976852417,0.3250294327735901,9.697609901428223,0.10896489024162292,-0.0016085747629404068,-0.10858804732561111,28.124095916748047,43.83430099487305,-85.73052215576172
4.818279027938843,0,1.651266098022461,2.946747064590454,5.400000095367432,5.400000095367432,2.0160000324249268,2948.0,-0.0,1.0,20.012001037597656,0.059256065636873245,1.2007533311843872,0.4615058898925781,8.60340404510498,0.08978984504938126,-0.10241075605154037,-0.022033996880054474,27.59345245361328,43.65683364868164,-86.24183654785156
4.838395595550537,0,1.7109129428863525,2.949936628341675,5.400000095367432,5.400000095367432,2.004000186920166,2956.0,-0.0,1.0,20.00800132751465,0.0596468485891819,1.9052830934524536,-1.0223761796951294,8.602206230163574,0.09551572799682617,-0.016123022884130478,-0.02043607458472252,27.770334243774414,44.54417037963867,-86.41226959228516
4.858741998672485,0,1.7704662084579468,2.958634614944458,5.400000095367432,5.400000095367432,2.004000186920166,2948.0,-0.0,1.0,20.00400161743164,0.05955328047275543,-0.13228638470172882,0.594390869140625,8.617769241333008,0.006964271888136864,-0.0807056650519371,-0.051995016634464264,28.47785758972168,43.4793701171875,-86.41226959228516
4.878920078277588,0,1.8307570219039917,2.968024253845215,5.400000095367432,5.400000095367432,2.004000186920166,2952.0,-0.0,1.0,20.00400161743164,0.06029081717133522,0.7590005993843079,0.2741500735282898,7.461909770965576,-0.021531984210014343,-0.027974270284175873,-0.045736491680145264,28.300975799560547,45.43150329589844,-87.60533905029297
4.899208307266235,0,1.8913615942001343,2.9793124198913574,5.400000095367432,5.400000095367432,2.004000186920166,2960.0,-0.0,1.0,20.00800132751465,0.06060454249382019,0.6835794448852539,-0.2609812915325165,11.936901092529297,-0.02432834543287754,-0.016921982169151306,-0.12616518139839172,29.185382843017578,44.89910125732422,-87.43490600585938
4.9195756912231445,0,1.951847791671753,2.9865667819976807,5.400000095367432,5.400000095367432,2.0240001678466797,2956.0,-0.0,1.0,20.00400161743164,0.06048620864748955,-0.16281400620937347,0.8595622181892395,11.191667556762695,-0.029654748737812042,-0.040358155965805054,-0.10419376939535141,28.300975799560547,45.43150329589844,-86.58271026611328
4.939632892608643,0,2.011808395385742,2.9841909408569336,5.400000095367432,5.400000095367432,2.004000186920166,2972.0,-0.0,1.0,20.00400161743164,0.05996057763695717,0.16640549898147583,1.1821973323822021,8.128129959106445,-0.17306815087795258,0.007579471915960312,-0.08541819453239441,27.062808990478516,45.25403594970703,-86.07139587402344
4.959960222244263,0,2.071394681930542,2.988229513168335,5.400000095367432,5.400000095367432,2.004000186920166,2948.0,-0.0,1.0,20.012001037597656,0.0595863051712513,0.04249924421310425,0.47287893295288086,11.937499046325684,-0.1537599414587021,0.08521179854869843,-0.1453402191400528,27.770334243774414,44.54417037963867,-84.7078857421875
4.980119466781616,0,2.1341402530670166,2.9972567558288574,5.400000095367432,5.400000095367432,2.004000186920166,3012.0,-0.0,1.0,20.020000457763672,0.062745600938797,0.38788044452667236,-0.1622154265642166,6.00436544418335,0.06715262681245804,-0.016788821667432785,-0.13548637926578522,26.885927200317383,43.65683364868164,-84.87832641601562
5.000415325164795,0,2.19347882270813,3.0089271068573,5.400000095367432,5.400000095367432,2.008000135421753,2956.0,-0.0,1.0,20.00400161743164,0.05933862552046776,1.3049063682556152,-0.6524531841278076,6.884877681732178,0.15024451911449432,0.11264277249574661,-0.15426194667816162,27.41657066345215,43.4793701171875,-86.07139587402344
5.0205347537994385,0,2.2556328773498535,3.0260071754455566,5.400000095367432,5.400000095367432,2.01200008392334,2948.0,-0.0,1.0,20.00800132751465,0.06215392053127289,1.0056159496307373,-0.1490466445684433,10.390766143798828,0.1343984752893448,0.10039204359054565,-0.236688032746315,28.124095916748047,45.963905334472656,-85.38964080810547
5.040850877761841,0,2.317577600479126,3.034710168838501,5.400000095367432,5.400000095367432,2.004000186920166,2960.0,-0.0,1.0,20.00400161743164,0.06194476783275604,-0.19693312048912048,1.01698899269104,10.909735679626465,0.026006165891885757,-0.014791421592235565,-0.1842229664325714,28.124095916748047,45.963905334472656,-86.41226959228516
5.061192035675049,0,2.3775243759155273,3.0323212146759033,5.400000095367432,5.400000095367432,2.004000186920166,2956.0,-0.0,1.0,20.00800132751465,0.05994681641459465,-0.16460976004600525,0.9200189113616943,8.608192443847656,-0.11048291623592377,-0.08869526535272598,-0.13322265446186066,27.947214126586914,45.78643798828125,-87.26446533203125
5.0813140869140625,0,2.440476417541504,3.0358633995056152,5.400000095367432,5.400000095367432,2.004000186920166,3096.0,-0.0,1.0,20.012001037597656,0.06295199692249298,-1.1199449300765991,0.6973468065261841,9.768241882324219,-0.13152220845222473,-0.10640555620193481,-0.16278418898582458,29.008501052856445,45.43150329589844,-87.26446533203125
5.1017022132873535,0,2.5001535415649414,3.0424561500549316,5.400000095367432,5.400000095367432,2.008000135421753,2952.0,-0.0,1.0,20.00800132751465,0.0596771202981472,0.9792783856391907,0.6823822259902954,6.442526340484619,-0.07359758019447327,-0.1325049251317978,-0.057055097073316574,27.59345245361328,44.72163772583008,-87.60533905029297
5.121947765350342,0,2.5623018741607666,3.0543270111083984,5.400000095367432,5.400000095367432,2.008000135421753,2952.0,-0.0,1.0,20.016000747680664,0.06214841455221176,2.29376220703125,0.1921444833278656,7.553492546081543,-0.1726686805486679,0.09866096824407578,-0.027360398322343826,28.654739379882812,45.076568603515625,-86.92359161376953
5.142058610916138,0,2.625075101852417,3.0638608932495117,5.400000095367432,5.400000095367432,2.004000186920166,2964.0,-0.0,1.0,20.016000747680664,0.06277312338352203,0.0849984884262085,0.4644987881183624,8.283761024475098,-0.23858290910720825,0.20305846631526947,-0.04014376923441887,27.947214126586914,44.72163772583008,-87.26446533203125
5.162360906600952,0,2.685241937637329,3.058608055114746,5.400000095367432,5.400000095367432,2.004000186920166,2944.0,-0.0,1.0,20.012001037597656,0.06016697734594345,0.16041968762874603,-0.3872818648815155,8.459744453430176,-0.1564231514930725,-0.040491316467523575,0.025104671716690063,26.355283737182617,44.89910125732422,-88.11666107177734
5.182560920715332,0,2.7479875087738037,3.0571277141571045,5.400000095367432,5.400000095367432,2.004000186920166,3080.0,-0.0,1.0,20.00800132751465,0.062745600938797,1.064276933670044,-0.700339674949646,8.807519912719727,-0.09650111198425293,-0.06272905319929123,0.020444069057703018,28.124095916748047,45.608970642089844,-87.09402465820312
5.202888488769531,0,2.808669090270996,3.067614793777466,5.400000095367432,5.400000095367432,2.004000186920166,2948.0,-0.0,1.0,20.00800132751465,0.060681600123643875,0.3531627357006073,-0.24960824847221375,13.19212532043457,-0.03231795132160187,-0.07897458225488663,-0.04360593110322952,27.770334243774414,46.3188362121582,-87.09402465820312
5.223172664642334,0,2.871965169906616,3.0840184688568115,5.400000095367432,5.400000095367432,2.0320000648498535,2952.0,-0.0,1.0,20.02400016784668,0.06329599767923355,0.42379528284072876,0.21249623596668243,6.707099437713623,-0.022597264498472214,-0.12651273608207703,-0.08355395495891571,25.824642181396484,44.01176834106445,-87.26446533203125
5.243248224258423,0,2.9363646507263184,3.105088949203491,5.400000095367432,5.400000095367432,2.008000135421753,2964.0,-0.0,1.0,20.012001037597656,0.06439955532550812,1.0026230812072754,-0.5249554514884949,7.559478282928467,-0.05508832633495331,-0.04408664256334305,-0.11697713285684586,26.178403854370117,45.43150329589844,-87.60533905029297
5.263587236404419,0,2.9992947578430176,3.1156492233276367,5.400000095367432,5.400000095367432,2.01200008392334,2956.0,-0.0,1.0,20.012001037597656,0.06292998045682907,0.06823822855949402,0.18436291813850403,8.576467514038086,0.06275834888219833,0.024623962119221687,-0.16744479537010193,26.178403854370117,44.366703033447266,-87.60533905029297
5.283889293670654,0,3.062439441680908,3.115537166595459,5.400000095367432,5.400000095367432,2.004000186920166,2992.0,-0.0,1.0,20.00400161743164,0.06314463913440704,0.06823822855949402,0.41481658816337585,5.514127254486084,0.16036468744277954,-0.10201127082109451,-0.13828274607658386,27.41657066345215,45.25403594970703,-87.7757797241211
5.304010391235352,0,3.1250391006469727,3.1256775856018066,5.400000095367432,5.400000095367432,2.004000186920166,2948.0,-0.0,1.0,20.00800132751465,0.06259974092245102,1.5748664140701294,-1.0289605855941772,10.441645622253418,0.23426853120326996,0.03274672478437424,-0.12030613422393799,27.23969078063965,43.301902770996094,-88.62797546386719
5.32434606552124,0,3.1892597675323486,3.1411385536193848,5.400000095367432,5.400000095367432,2.008000135421753,2956.0,-0.0,1.0,20.012001037597656,0.06422067433595657,0.8631536960601807,-0.712311327457428,11.400572776794434,0.3065744638442993,-0.028373751789331436,-0.132823184132576,27.062808990478516,43.12443542480469,-86.41226959228516
5.344497203826904,0,3.254650115966797,3.159032106399536,5.400000095367432,5.400000095367432,2.004000186920166,2968.0,-0.0,1.0,20.012001037597656,0.06539027392864227,0.03471769392490387,0.9206174612045288,9.814332962036133,0.1308031529188156,0.023558679968118668,-0.16012099385261536,28.47785758972168,44.18923568725586,-86.7531509399414
5.364800691604614,0,3.3192451000213623,3.1750435829162598,5.400000095367432,5.400000095367432,2.0320000648498535,2952.0,-0.0,1.0,20.012001037597656,0.06459494680166245,0.712311327457428,0.7009382843971252,11.165928840637207,-0.008881776593625546,0.09772884845733643,-0.1571914702653885,27.770334243774414,43.12443542480469,-86.7531509399414
5.384957313537598,0,3.3829262256622314,3.173205614089966,5.400000095367432,5.400000095367432,2.004000186920166,2952.0,-0.0,1.0,20.00800132751465,0.06368128210306168,0.07123112678527832,0.6267142295837402,11.052796363830566,0.015486516058444977,0.04140213131904602,-0.14254386723041534,26.53216552734375,44.01176834106445,-85.21920776367188
5.40524959564209,0,3.4460928440093994,3.1737468242645264,5.400000095367432,5.400000095367432,2.008000135421753,2944.0,-0.0,1.0,20.012001037597656,0.06316665560007095,0.5590745806694031,0.7320644855499268,7.481064319610596,-0.05402304232120514,-0.016788821667432785,-0.1241677775979042,27.062808990478516,43.12443542480469,-84.36701202392578
5.425585031509399,0,3.510547637939453,3.182576894760132,5.400000095367432,5.400000095367432,2.01200008392334,2948.0,-0.0,1.0,20.00400161743164,0.0644545927643776,-0.18077144026756287,0.6291085481643677,10.824138641357422,-0.03285059332847595,0.03287988528609276,-0.12097194045782089,25.47087860107422,43.65683364868164,-85.90095520019531
5.445701837539673,0,3.5758938789367676,3.1926231384277344,5.400000095367432,5.400000095367432,2.004000186920166,2968.0,-0.0,1.0,20.00800132751465,0.06534624099731445,1.5557118654251099,-0.2400309443473816,7.424199104309082,0.12121562659740448,-0.09149162471294403,-0.12549938261508942,26.355283737182617,42.769500732421875,-86.41226959228516
5.46600079536438,0,3.64103364944458,3.208791494369507,5.400000095367432,5.400000095367432,2.0160000324249268,2952.0,-0.0,1.0,20.012001037597656,0.06513983756303787,1.9878872632980347,-0.560870349407196,4.625833511352539,0.03972165286540985,-0.10147863626480103,-0.12629833817481995,26.53216552734375,43.301902770996094,-85.21920776367188
5.486239194869995,0,3.706132173538208,3.2122011184692383,5.400000095367432,5.400000095367432,2.004000186920166,2964.0,-0.0,1.0,20.012001037597656,0.06509856134653091,0.4441470503807068,0.8410062193870544,9.781411170959473,-0.04909612238407135,0.12063238024711609,-0.14693814516067505,26.53216552734375,44.366703033447266,-84.5374526977539
5.506476640701294,0,3.7692739963531494,3.2064850330352783,5.400000095367432,5.400000095367432,2.004000186920166,2948.0,-0.0,1.0,20.016000747680664,0.06314188987016678,0.7470290064811707,-0.7039311528205872,7.3697285652160645,0.035860009491443634,-0.013592980802059174,-0.15199822187423706,26.885927200317383,45.43150329589844,-85.21920776367188
5.526798486709595,0,3.834094762802124,3.211524248123169,5.400000095367432,5.400000095367432,2.004000186920166,2948.0,-0.0,1.0,20.016000747680664,0.06482060998678207,1.0139961242675781,-0.7997041344642639,9.60901927947998,0.07847123593091965,0.05471814051270485,-0.12217038124799728,26.001522064208984,44.89910125732422,-84.7078857421875
5.5469810962677,0,3.899705171585083,3.220341444015503,5.400000095367432,5.400000095367432,2.004000186920166,2956.0,-0.0,1.0,20.00400161743164,0.06561043113470078,0.8517806529998779,-0.5949894189834595,11.733383178710938,0.1387927532196045,0.07362687587738037,-0.11591185629367828,26.001522064208984,44.54417037963867,-84.02613830566406
5.567258596420288,0,3.965585231781006,3.236274242401123,5.400000095367432,5.400000095367432,2.0240001678466797,2948.0,-0.0,1.0,20.016000747680664,0.06588012725114822,-0.7326630353927612,1.7418705224990845,10.746323585510254,-0.02446150593459606,-0.0016085747629404068,-0.19900374114513397,26.885927200317383,45.43150329589844,-85.21920776367188
5.587574243545532,0,4.031993865966797,3.2473597526550293,5.400000095367432,5.400000095367432,2.004000186920166,2964.0,-0.0,1.0,20.00800132751465,0.06640851497650146,0.24781250953674316,0.9673067927360535,10.233339309692383,-0.13804705440998077,0.07682271301746368,-0.2079254686832428,26.885927200317383,44.366703033447266,-84.5374526977539
5.607682228088379,0,4.096041202545166,3.2428042888641357,5.400000095367432,5.400000095367432,2.004000186920166,2956.0,-0.0,1.0,20.00800132751465,0.06404729932546616,0.27774155139923096,0.8212530016899109,12.463651657104492,-0.012743419036269188,0.05165545642375946,-0.18568773567676544,28.124095916748047,44.89910125732422,-85.04876708984375
5.628012180328369,0,4.161059856414795,3.2445309162139893,5.400000095367432,5.400000095367432,2.004000186920166,2952.0,-0.0,1.0,20.012001037597656,0.06501875072717667,0.6195312738418579,1.340222716331482,8.708155632019043,-0.0337827131152153,-0.040491316467523575,-0.17383648455142975,26.53216552734375,45.076568603515625,-84.87832641601562
5.648138523101807,0,4.2269206047058105,3.2527661323547363,5.400000095367432,5.400000095367432,2.004000186920166,2948.0,-0.0,1.0,20.00800132751465,0.06586086750030518,0.29869186878204346,0.7601977586746216,10.003484725952148,0.038922689855098724,0.026355043053627014,-0.14241069555282593,28.124095916748047,45.608970642089844,-84.02613830566406
5.668461084365845,0,4.293384075164795,3.2654030323028564,5.400000095367432,5.400000095367432,2.004000186920166,2948.0,-0.0,1.0,20.00800132751465,0.06646355241537094,1.459938883781433,-0.6201298236846924,7.45831823348999,0.17061801254749298,0.01144111342728138,-0.1372174620628357,28.124095916748047,44.18923568725586,-86.07139587402344
5.6887311935424805,0,4.360915660858154,3.280585289001465,5.400000095367432,5.400000095367432,2.004000186920166,2960.0,-0.0,1.0,20.012001037597656,0.06753132492303848,2.4404144287109375,-0.09517436474561691,6.363513946533203,0.10377165675163269,-0.010263979434967041,-0.1260320097208023,27.947214126586914,44.72163772583008,-85.5600814819336
5.708868503570557,0,4.425807476043701,3.277240514755249,5.400000095367432,5.400000095367432,2.0160000324249268,2952.0,-0.0,1.0,20.00800132751465,0.06489215791225433,0.9978343844413757,0.2370380461215973,9.999893188476562,0.012024354189634323,0.1131754145026207,-0.10645748674869537,27.770334243774414,45.25403594970703,-85.38964080810547
5.729210615158081,0,4.490942001342773,3.273527145385742,5.400000095367432,5.400000095367432,2.0160000324249268,2948.0,-0.0,1.0,20.016000747680664,0.06513433903455734,0.8691394925117493,-1.5485289096832275,8.110173225402832,0.05530138313770294,-0.0575358048081398,-0.10446009039878845,27.062808990478516,45.608970642089844,-86.41226959228516
5.749509572982788,0,4.556888103485107,3.2770676612854004,5.400000095367432,5.400000095367432,2.004000186920166,2960.0,-0.0,1.0,20.012001037597656,0.06594617664813995,0.24661533534526825,-0.45073142647743225,10.945052146911621,0.0837976410984993,0.026221882551908493,-0.11058545112609863,25.824642181396484,45.076568603515625,-85.90095520019531
5.76966118812561,0,4.623326778411865,3.28545880317688,5.400000095367432,5.400000095367432,2.004000186920166,2948.0,-0.0,1.0,20.016000747680664,0.06643878668546677,1.4976494312286377,-0.3034805357456207,10.624213218688965,0.09791260957717896,-0.05979952961206436,-0.1348205804824829,26.885927200317383,45.43150329589844,-84.87832641601562
5.789963722229004,0,4.6913838386535645,3.3012149333953857,5.400000095367432,5.400000095367432,2.004000186920166,2972.0,-0.0,1.0,20.012001037597656,0.06805696338415146,2.5284059047698975,-0.2651713490486145,8.917059898376465,0.047311775386333466,-0.00906553864479065,-0.12989366054534912,25.824642181396484,45.43150329589844,-86.24183654785156
5.810253381729126,0,4.75723934173584,3.303591012954712,5.400000095367432,5.400000095367432,2.004000186920166,2956.0,-0.0,1.0,20.016000747680664,0.06585536152124405,1.5593032836914062,-0.2609812915325165,10.688261032104492,0.02494088187813759,0.06670254468917847,-0.10778909176588058,24.232711791992188,44.18923568725586,-88.79840850830078
5.830408096313477,0,4.824041366577148,3.2987077236175537,5.400000095367432,5.400000095367432,2.0160000324249268,3036.0,-0.0,1.0,20.00800132751465,0.06680204719305038,1.5682820081710815,-1.145085334777832,8.679423332214355,0.049575500190258026,-0.09921491146087646,-0.09500572085380554,24.232711791992188,45.608970642089844,-88.11666107177734
5.850703477859497,0,4.889054775238037,3.300750494003296,5.400000095367432,5.400000095367432,2.004000186920166,2956.0,-0.0,1.0,20.00400161743164,0.06501324474811554,1.2462455034255981,-0.4573158323764801,10.6122407913208,0.10989701747894287,0.05019069463014603,-0.08901351690292358,25.117116928100586,44.366703033447266,-87.60533905029297
5.870861291885376,0,4.9556145668029785,3.3059887886047363,5.400000095367432,5.400000095367432,2.004000186920166,2948.0,-0.0,1.0,20.012001037597656,0.06655987352132797,0.8026970028877258,-0.6434745192527771,11.122830390930176,0.13533058762550354,0.07362687587738037,-0.07370010763406754,24.940235137939453,45.608970642089844,-86.7531509399414
5.891164779663086,0,5.023891448974609,3.319502353668213,5.400000095367432,5.400000095367432,2.0160000324249268,2968.0,-0.0,1.0,20.016000747680664,0.06827712059020996,1.1600497961044312,0.5494973063468933,9.438424110412598,-0.1537599414587021,-0.08363518118858337,-0.0922093614935875,24.232711791992188,43.83430099487305,-87.43490600585938
5.911479711532593,0,5.090184688568115,3.3234024047851562,5.400000095367432,5.400000095367432,2.004000186920166,2948.0,-0.0,1.0,20.00400161743164,0.06629292666912079,0.766183614730835,0.5447086691856384,11.955456733703613,-0.1620158702135086,0.03607572615146637,-0.10778909176588058,24.232711791992188,44.54417037963867,-89.821044921875
5.931636810302734,0,5.158194541931152,3.316545009613037,5.400000095367432,5.400000095367432,2.0160000324249268,3108.0,-0.0,1.0,20.060001373291016,0.06801017373800278,-0.7679793238639832,1.2199078798294067,11.796234130859375,-0.01713770255446434,0.0022530686110258102,-0.10699012875556946,22.110137939453125,44.18923568725586,-86.41226959228516
5.951930284500122,0,5.222668647766113,3.3187592029571533,5.400000095367432,5.400000095367432,2.004000186920166,2948.0,-0.0,1.0,20.00800132751465,0.06447385251522064,0.1430608481168747,1.316279411315918,11.958449363708496,-0.07026857137680054,0.020495999604463577,-0.10086476802825928,22.817663192749023,44.18923568725586,-87.7757797241211
5.972249507904053,0,5.289566993713379,3.322362184524536,5.400000095367432,5.400000095367432,2.0280001163482666,2956.0,-0.0,1.0,20.016000747680664,0.06689836829900742,0.14784948527812958,0.9397720694541931,13.114908218383789,-0.042304955422878265,0.0575144998729229,-0.10246268659830093,22.110137939453125,43.83430099487305,-88.79840850830078
5.992369890213013,0,5.352895736694336,3.2886245250701904,-0.0,-32.88624572753906,2.01200008392334,2960.0,-0.0,2.0,20.012001037597656,0.06332902610301971,0.20830616354942322,0.8966742157936096,6.544285297393799,-0.1144777163863182,-0.15647374093532562,-0.11031913012266159,22.463899612426758,44.54417037963867,-90.16191864013672
6.012845277786255,0,5.400023937225342,3.1224942207336426,-0.0,-31.22494125366211,2.0160000324249268,2948.0,-0.0,2.0,20.036001205444336,0.04712799936532974,0.708719789981842,0.34957125782966614,11.031846046447754,-0.22806327044963837,0.09666356444358826,-0.12576569616794586,22.463899612426758,43.4793701171875,-89.48016357421875
6.033048391342163,0,5.443667888641357,2.941523313522339,-0.0,-29.415233612060547,2.004000186920166,3052.0,-0.0,2.0,20.00800132751465,0.04364396631717682,1.2797659635543823,-5.760742664337158,8.65787410736084,-0.2451077550649643,0.0700315535068512,-0.0984678864479065,23.34830665588379,44.01176834106445,-87.60533905029297
6.053185701370239,0,5.486293792724609,2.8069798946380615,-0.0,-28.069799423217773,2.004000186920166,2948.0,-0.0,2.0,20.00800132751465,0.042625728994607925,1.6449004411697388,-4.410943031311035,8.866779327392578,-0.3122204542160034,0.08720920234918594,-0.12363513559103012,23.702068328857422,44.01176834106445,-87.26446533203125
6.07353401184082,0,5.520358085632324,2.6062052249908447,-0.0,-26.06205177307129,2.0320000648498535,2952.0,-0.0,2.0,20.02400016784668,0.03406425565481186,0.3292195200920105,-2.6110100746154785,9.957393646240234,0.02201136201620102,0.07668955624103546,-0.18076080083847046,23.34830665588379,45.076568603515625,-86.92359161376953
6.093801259994507,0,5.549391269683838,2.396669864654541,-0.0,-23.966697692871094,2.004000186920166,2960.0,-0.0,2.0,20.012001037597656,0.02903359942138195,1.1732186079025269,-2.6864311695098877,6.730443954467773,0.15157611668109894,-0.17671407759189606,-0.16957536339759827,23.702068328857422,43.65683364868164,-87.60533905029297
6.113921403884888,0,5.577935218811035,2.224360227584839,-0.0,-22.243602752685547,2.004000186920166,2948.0,-0.0,2.0,20.012001037597656,0.02854374423623085,2.6972055435180664,-3.2796249389648438,9.913098335266113,0.04491489380598068,-0.013060342520475388,-0.2478734850883484,23.52518653869629,44.18923568725586,-85.73052215576172
6.13426661491394,0,5.605000972747803,2.0663111209869385,5.400000095367432,5.400000095367432,2.004000186920166,2968.0,-0.0,1.0,20.00400161743164,0.02706591971218586,-0.3842889666557312,-2.5182299613952637,10.694247245788574,0.11202757060527802,0.14979442954063416,-0.31711673736572266,24.58647346496582,44.54417037963867,-85.04876708984375
6.154364585876465,0,5.645389556884766,2.0627212524414062,5.400000095367432,5.400000095367432,2.004000186920166,2956.0,-0.0,1.0,20.012001037597656,0.040388353168964386,-0.996637225151062,-2.2584457397460938,11.48916244506836,0.060760945081710815,-0.0005432926118373871,-0.3155188262462616,22.110137939453125,43.83430099487305,-83.68525695800781
6.174678564071655,0,5.69676399230957,2.154754638671875,5.400000095367432,5.400000095367432,2.004000186920166,2948.0,-0.0,1.0,20.012001037597656,0.05137433484196663,0.5225611329078674,-1.503635287284851,9.49648666381836,0.020546600222587585,0.056316059082746506,-0.3573310971260071,23.52518653869629,44.89910125732422,-84.36701202392578
6.194987058639526,0,5.757203102111816,2.3082356452941895,5.400000095367432,5.400000095367432,2.01200008392334,2956.0,-0.0,1.0,20.012001037597656,0.060439422726631165,0.8056899309158325,-0.4381612241268158,11.704651832580566,0.011358555406332016,0.007179991342127323,-0.2962106168270111,23.52518653869629,44.18923568725586,-83.00350189208984
6.215179681777954,0,5.821338653564453,2.472104072570801,5.400000095367432,5.400000095367432,2.0199999809265137,2948.0,-0.0,1.0,20.012001037597656,0.0641353577375412,1.2624071836471558,-0.30288195610046387,7.056071758270264,0.15956571698188782,-0.14981573820114136,-0.1884840875864029,25.117116928100586,44.72163772583008,-85.5600814819336
6.235425233840942,0,5.88889741897583,2.630528688430786,5.400000095367432,5.400000095367432,2.004000186920166,2972.0,-0.0,1.0,20.00800132751465,0.06755884736776352,1.355785846710205,0.3393953740596771,7.631308078765869,0.2451876550912857,0.09719620645046234,-0.2041969746351242,24.940235137939453,44.54417037963867,-84.02613830566406
6.255765676498413,0,5.9538254737854,2.7451531887054443,5.400000095367432,5.400000095367432,2.004000186920166,2952.0,-0.0,1.0,20.00400161743164,0.06492793560028076,0.05866093188524246,1.7131385803222656,9.719757080078125,0.1250772625207901,0.13021990656852722,-0.17263804376125336,25.29399871826172,43.4793701171875,-82.66262817382812
6.275899648666382,0,6.013747692108154,2.7886245250701904,5.400000095367432,5.400000095367432,2.0240001678466797,2944.0,-0.0,1.0,20.012001037597656,0.05992204695940018,-1.761025071144104,4.231966972351074,12.32059097290039,0.09152092039585114,0.07216210663318634,-0.17743180692195892,24.58647346496582,44.89910125732422,-83.00350189208984
6.296189308166504,0,6.071982383728027,2.8060219287872314,5.400000095367432,5.400000095367432,2.004000186920166,2956.0,-0.0,1.0,20.012001037597656,0.05823507159948349,0.12270908802747726,1.7957427501678467,9.86581039428711,-0.028722628951072693,-0.00706813670694828,-0.1434759795665741,24.58647346496582,44.54417037963867,-84.36701202392578
6.31653618812561,0,6.128995895385742,2.819322347640991,5.400000095367432,5.400000095367432,2.004000186920166,2944.0,-0.0,1.0,20.016000747680664,0.05701318383216858,0.47766757011413574,0.6572418808937073,11.365854263305664,-0.06241212785243988,-0.021316267549991608,-0.06757474690675735,24.58647346496582,43.4793701171875,-82.3217544555664
6.336635112762451,0,6.188436031341553,2.8416271209716797,5.400000095367432,5.400000095367432,2.004000186920166,2968.0,-0.0,1.0,20.00400161743164,0.05944044888019562,0.48664629459381104,-0.18376433849334717,6.575411319732666,-0.034049034118652344,-0.15341106057167053,-0.031222041696310043,26.178403854370117,44.01176834106445,-82.4921875
6.357102632522583,0,6.248616695404053,2.87615966796875,5.400000095367432,5.400000095367432,2.008000135421753,2948.0,-0.0,1.0,20.00400161743164,0.06018073484301567,1.2414568662643433,0.8858997821807861,9.656307220458984,-0.12126888334751129,0.08534495532512665,-0.04746757447719574,26.355283737182617,44.18923568725586,-82.3217544555664
6.377080202102661,0,6.308723449707031,2.8983840942382812,5.400000095367432,5.400000095367432,2.01200008392334,2948.0,-0.0,1.0,20.00400161743164,0.06010643020272255,0.33759963512420654,0.3322124183177948,9.938838005065918,-0.12180152535438538,0.14806336164474487,-0.05172869563102722,25.64776039123535,44.54417037963867,-81.98087310791016
6.397383451461792,0,6.368554592132568,2.9110121726989746,5.400000095367432,5.400000095367432,2.004000186920166,2968.0,-0.0,1.0,20.00400161743164,0.05983123183250427,-2.0543296337127686,1.1845916509628296,10.773858070373535,-0.029921069741249084,0.003584669902920723,-0.09061143547296524,27.770334243774414,45.963905334472656,-80.61737060546875
6.417696714401245,0,6.428399562835693,2.9292657375335693,5.400000095367432,5.400000095367432,2.0240001678466797,2956.0,-0.0,1.0,20.00400161743164,0.05984499305486679,0.6626290678977966,0.9816727042198181,9.934647560119629,-0.11580932140350342,0.022227080538868904,-0.0954051986336708,27.947214126586914,45.43150329589844,-80.10604858398438
6.437821388244629,0,6.488508701324463,2.938642740249634,5.400000095367432,5.400000095367432,2.004000186920166,2972.0,-0.0,1.0,20.012001037597656,0.06010918319225311,0.046689312905073166,0.5884050726890564,12.743188858032227,-0.07705973833799362,0.04366585239768028,-0.0928751602768898,27.062808990478516,43.4793701171875,-79.93561553955078
6.458174467086792,0,6.547720909118652,2.947467088699341,5.400000095367432,5.400000095367432,2.004000186920166,2952.0,-0.0,1.0,20.012001037597656,0.059212032705545425,0.22746075689792633,-0.44953426718711853,5.936725616455078,0.015220198780298233,-0.16965658962726593,-0.09607100486755371,27.23969078063965,46.1413688659668,-79.76517486572266
6.478282690048218,0,6.6098222732543945,2.962965488433838,5.400000095367432,5.400000095367432,2.004000186920166,2956.0,-0.0,1.0,20.012001037597656,0.06210163235664368,0.6775935888290405,0.646467387676239,7.557084083557129,-0.028855789452791214,-0.020916786044836044,-0.12616518139839172,28.124095916748047,48.44844055175781,-79.93561553955078
6.498617887496948,0,6.668533802032471,2.9694294929504395,5.400000095367432,5.400000095367432,2.004000186920166,2952.0,-0.0,1.0,20.00400161743164,0.05871116742491722,0.6692134737968445,0.6686148643493652,9.27800464630127,-0.057751525193452835,0.10904745012521744,-0.13202421367168427,26.53216552734375,47.206172943115234,-80.44692993164062
6.51891827583313,0,6.72902250289917,2.978966236114502,5.400000095367432,5.400000095367432,2.008000135421753,2948.0,-0.0,1.0,20.00800132751465,0.06048896163702011,-1.1426910161972046,0.7631906867027283,12.101511001586914,-0.07173333317041397,0.04366585239768028,-0.15612618625164032,25.64776039123535,48.80337142944336,-79.93561553955078
6.539021730422974,0,6.790653705596924,2.9934067726135254,5.400000095367432,5.400000095367432,2.008000135421753,2968.0,-0.0,1.0,20.012001037597656,0.061631038784980774,-0.0580623485147953,1.4958537817001343,11.10307788848877,-0.13991129398345947,0.08294807374477386,-0.16052047908306122,25.824642181396484,47.916038513183594,-80.78780364990234
6.559327125549316,0,6.850553512573242,2.996999979019165,5.400000095367432,5.400000095367432,2.008000135421753,2956.0,-0.0,1.0,20.00400161743164,0.05990003049373627,-0.07362545281648636,0.6458688378334045,11.60169506072998,-0.013276059180498123,0.07575742900371552,-0.11657765507698059,26.178403854370117,48.270973205566406,-82.15131378173828
6.5794837474823,0,6.91170597076416,3.0055222511291504,5.400000095367432,5.400000095367432,2.004000186920166,2972.0,-0.0,1.0,20.012001037597656,0.06115219369530678,0.9212160706520081,-0.4974207580089569,8.500447273254395,0.05929618328809738,-0.12664589285850525,-0.09114407747983932,24.232711791992188,48.093505859375,-82.3217544555664
6.599778890609741,0,6.972695827484131,3.016085624694824,5.400000095367432,5.400000095367432,2.004000186920166,2952.0,-0.0,1.0,20.00800132751465,0.06098982319235802,1.1187477111816406,0.20770758390426636,8.668050765991211,0.04997497797012329,0.013438515365123749,-0.13761693239212036,23.171424865722656,46.3188362121582,-84.7078857421875
6.620120048522949,0,7.033597469329834,3.0208704471588135,5.400000095367432,5.400000095367432,2.008000135421753,2952.0,-0.0,1.0,20.00400161743164,0.060901761054992676,0.9457578659057617,-0.4740760922431946,8.32027530670166,0.14212174713611603,0.13794317841529846,-0.1465386599302292,22.994543075561523,46.1413688659668,-83.85569763183594
6.6402318477630615,0,7.096097946166992,3.0350828170776367,5.400000095367432,5.400000095367432,2.004000186920166,2972.0,-0.0,1.0,20.00400161743164,0.06250067055225372,-0.7236843109130859,0.7320644855499268,12.30562686920166,0.1682211309671402,0.009576872922480106,-0.14374230802059174,22.463899612426758,44.89910125732422,-83.00350189208984
6.6605658531188965,0,7.157786846160889,3.0479729175567627,5.400000095367432,5.400000095367432,2.008000135421753,2948.0,-0.0,1.0,20.00800132751465,0.06168883293867111,0.5453072190284729,0.6237213015556335,7.832431316375732,0.0975131243467331,-0.017987262457609177,-0.1216377392411232,22.287019729614258,44.366703033447266,-83.17394256591797
6.6806769371032715,0,7.220342636108398,3.049543857574463,5.400000095367432,5.400000095367432,2.004000186920166,3064.0,-0.0,1.0,20.00400161743164,0.0625557154417038,0.09697011113166809,0.2723543345928192,9.017621994018555,0.0064316317439079285,-0.10267707705497742,-0.09873420745134354,22.110137939453125,43.4793701171875,-81.63999938964844
6.701019525527954,0,7.280457496643066,3.054945945739746,5.400000095367432,5.400000095367432,2.004000186920166,2944.0,-0.0,1.0,20.00400161743164,0.06011468917131424,0.39685913920402527,1.149873971939087,8.514215469360352,-0.18984632194042206,-0.06845493614673615,-0.1253662109375,21.756376266479492,44.89910125732422,-79.25386047363281
6.721431016921997,0,7.341683864593506,3.0545997619628906,5.400000095367432,5.400000095367432,2.008000135421753,2956.0,-0.0,1.0,20.012001037597656,0.0612264946103096,0.4393584132194519,1.2282880544662476,10.63558578491211,-0.1644127517938614,0.1557866334915161,-0.11151757091283798,21.57949447631836,46.1413688659668,-80.78780364990234
6.741501092910767,0,7.403237819671631,3.0548031330108643,5.400000095367432,5.400000095367432,2.008000135421753,2964.0,-0.0,1.0,20.00400161743164,0.06155398488044739,-0.2723543345928192,-0.23584088683128357,10.669106483459473,-0.08278562128543854,0.019963359460234642,-0.13335582613945007,21.57949447631836,47.916038513183594,-80.78780364990234
6.7617857456207275,0,7.4652814865112305,3.0673062801361084,5.400000095367432,5.400000095367432,2.008000135421753,2960.0,-0.0,1.0,20.00400161743164,0.06204383820295334,0.2849245071411133,0.3381982147693634,8.523193359375,-0.0769265741109848,-0.013726141303777695,-0.1390817016363144,21.756376266479492,48.44844055175781,-81.29911804199219
6.7820844650268555,0,7.525063514709473,3.0320658683776855,-0.0,-30.320659637451172,2.004000186920166,3112.0,-0.0,2.0,20.160001754760742,0.059781696647405624,0.6734035611152649,-0.015563104301691055,9.17624568939209,0.05530138313770294,-0.006535496562719345,-0.10153056681156158,22.110137939453125,49.15830612182617,-81.98087310791016
6.802417516708374,0,7.566362380981445,2.870181083679199,-0.0,-28.701810836791992,2.004000186920166,2948.0,-0.0,2.0,20.012001037597656,0.04129926487803459,0.40883076190948486,-0.8493863344192505,10.640973091125488,0.0750090703368187,-0.12225160002708435,-0.09127724170684814,22.463899612426758,49.513240814208984,-84.36701202392578
6.822736024856567,0,7.604428291320801,2.697108030319214,-0.0,-26.971080780029297,2.01200008392334,2952.0,-0.0,2.0,20.032001495361328,0.03806566447019577,0.6734035611152649,-6.123482704162598,7.774967670440674,0.03226468712091446,-0.01013081893324852,-0.1472044587135315,20.69508934020996,49.513240814208984,-83.3443832397461
6.843400478363037,0,7.644318580627441,2.566568374633789,-0.0,-25.66568374633789,2.004000186920166,2964.0,-0.0,2.0,20.00800132751465,0.039890240877866745,0.6650233864784241,-4.918539524078369,10.416504859924316,-0.05402304232120514,0.10931377112865448,-0.19927005469799042,22.994543075561523,47.206172943115234,-82.4921875
6.863175630569458,0,7.675027847290039,2.3826308250427246,-0.0,-23.826309204101562,2.0160000324249268,2956.0,-0.0,2.0,20.012001037597656,0.03070956841111183,-0.5524901747703552,-2.1914048194885254,11.414340019226074,0.033063650131225586,0.05591658130288124,-0.22949738800525665,24.232711791992188,46.673770904541016,-80.95824432373047
6.88329291343689,0,7.705104827880859,2.2169463634490967,-0.0,-22.169464111328125,2.004000186920166,3036.0,-0.0,2.0,20.00800132751465,0.030076608061790466,1.5994082689285278,-2.4787235260009766,8.149679183959961,-0.13418540358543396,0.10278892517089844,-0.2725081145763397,24.763355255126953,42.23710250854492,-79.42430114746094
6.903662204742432,0,7.734421730041504,2.0898618698120117,-0.0,-20.898618698120117,2.008000135421753,2948.0,-0.0,2.0,20.00400161743164,0.029317056760191917,0.44773852825164795,-3.5854997634887695,10.563755989074707,-0.12792688608169556,0.10531897097826004,-0.3361586332321167,26.53216552734375,39.7525634765625,-77.03816223144531
6.923898458480835,0,7.757285118103027,1.918717622756958,-0.0,-19.187175750732422,2.01200008392334,2952.0,-0.0,2.0,20.036001205444336,0.022863615304231644,0.2579883933067322,-2.7456908226013184,11.390995025634766,0.06968267261981964,-0.0944211483001709,-0.3497409522533417,28.654739379882812,38.33283233642578,-74.31114959716797
6.944023132324219,0,7.778618812561035,1.763037085533142,-0.0,-17.63037109375,2.004000186920166,2972.0,-0.0,2.0,20.016000747680664,0.02133350446820259,1.6556748151779175,-2.9857215881347656,6.902835369110107,-0.01141181867569685,-0.0037391353398561478,-0.3703807592391968,30.600431442260742,32.47642517089844,-69.3684310913086
6.964348316192627,0,7.798471927642822,1.626294732093811,-0.0,-16.26294708251953,2.004000186920166,2952.0,-0.0,2.0,20.012001037597656,0.019852928817272186,-0.3262265920639038,-2.964771270751953,9.125965118408203,-0.05948260799050331,0.1375437080860138,-0.4344307780265808,35.376220703125,31.94402503967285,-66.47097778320312
6.984727144241333,0,7.811954021453857,1.4530519247055054,-0.0,-14.530519485473633,2.004000186920166,2956.0,-0.0,2.0,20.00800132751465,0.013482048176229,19.61370086669922,-19.614299774169922,-19.61370086669922,-2.0061497688293457,-1.1976523399353027,0.018712986260652542,41.21329879760742,28.217222213745117,-62.55089569091797
7.00485634803772,0,7.82041072845459,1.268335223197937,-0.0,-12.68335247039795,2.008000135421753,2948.0,-0.0,2.0,20.00400161743164,0.008456896059215069,19.61370086669922,-19.614299774169922,-19.614299774169922,3.7001590728759766,0.865929365158081,1.8304890394210815,40.682655334472656,29.459489822387695,-65.44834899902344
7.02512264251709,0,7.8179450035095215,1.016737937927246,-0.0,-10.167379379272461,2.0160000324249268,2948.0,-0.0,2.0,20.00800132751465,-0.0024657920002937317,-15.230891227722168,12.009328842163086,-19.614299774169922,-1.287484884262085,0.25738778710365295,1.0215415954589844,40.682655334472656,31.23415756225586,-66.1301040649414
7.045305013656616,0,7.804523468017578,0.7114240527153015,-0.0,-7.114240646362305,2.01200008392334,2968.0,-0.0,2.0,20.012001037597656,-0.013421503826975822,1.0457209348678589,-9.288779258728027,-5.566802501678467,0.7916765809059143,1.0773875713348389,2.0161142349243164,38.913841247558594,29.814424514770508,-64.76659393310547
