time,layout.data_offset,data[0],data[1],data[2],data[3],data[4],data[5],data[6],data[7],data[8],data[9],data[10],data[11],data[12],data[13],data[14],data[15],data[16],data[17],data[18]
0.0,0,0.0,-1.5414283107572988e-44,0.0,1.0318898624461781e-08,2.0320000648498535,2944.0,-0.0,0.0,20.00800132751465,0.0,0.20651042461395264,0.26157987117767334,9.146316528320312,0.0013595689088106155,-0.0005832444876432419,-3.994442522525787e-06,24.940235137939453,36.38069534301758,-83.68525695800781
0.020241975784301758,0,0.0,-1.5414283107572988e-44,0.0,1.0318898624461781e-08,2.008000135421753,2992.0,-0.0,0.0,20.012001037597656,0.0,0.21788345277309418,0.2633756101131439,9.142126083374023,0.00029428862035274506,-5.060434341430664e-05,0.0005286457017064095,26.885927200317383,36.558162689208984,-81.81044006347656
0.04042816162109375,0,0.0,-1.5414283107572988e-44,0.0,1.0318898624461781e-08,2.008000135421753,2944.0,-0.0,0.0,20.00800132751465,0.0,0.20531325042247772,0.26157987117767334,9.133148193359375,0.0010932479053735733,-0.00031692348420619965,0.00012916605919599533,26.53216552734375,35.138427734375,-82.4921875
0.06071066856384277,0,0.0,-1.5414283107572988e-44,0.0,1.0318898624461781e-08,2.004000186920166,2944.0,-0.0,0.0,20.020000457763672,0.0,0.22686217725276947,0.2741500735282898,9.12416934967041,0.0014927294105291367,0.0010146759450435638,0.00012916605919599533,27.59345245361328,36.20322799682617,-84.87832641601562
0.08085393905639648,0,0.0,-1.5414283107572988e-44,0.0,1.0318898624461781e-08,2.008000135421753,2972.0,-0.0,0.0,20.00800132751465,0.0,0.19693312048912048,0.2651713490486145,9.152900695800781,0.00029428862035274506,0.0002157166600227356,0.0007949657738208771,26.001522064208984,35.315895080566406,-83.00350189208984
0.1011514663696289,0,0.0,-1.5414283107572988e-44,0.0,1.0318898624461781e-08,2.004000186920166,2940.0,-0.0,0.0,20.02800178527832,0.0,0.21189764142036438,0.27474865317344666,9.137337684631348,-0.0010373126715421677,0.0010146759450435638,0.0005286457017064095,27.23969078063965,36.558162689208984,-83.51482391357422
0.12144899368286133,0,0.0,-1.5414283107572988e-44,0.0,1.0318898624461781e-08,2.008000135421753,2968.0,-0.0,0.0,20.012001037597656,0.0,0.2292564958333969,0.2621784508228302,9.186421394348145,0.0012264084070920944,0.0010146759450435638,0.0009281262755393982,26.53216552734375,36.558162689208984,-82.4921875
0.14158296585083008,0,0.0,-1.5414283107572988e-44,0.0,1.0318898624461781e-08,2.01200008392334,2936.0,-0.0,0.0,20.012001037597656,0.0,0.21668629348278046,0.2633756101131439,9.128957748413086,0.002025369554758072,-5.060434341430664e-05,0.0005286457017064095,26.001522064208984,36.38069534301758,-82.3217544555664
0.16176629066467285,0,0.0,-1.5414283107572988e-44,0.0,1.0318898624461781e-08,2.008000135421753,2940.0,-0.0,0.0,20.016000747680664,0.0,0.22267210483551025,0.2609812915325165,9.167266845703125,0.0006937682628631592,0.001280996948480606,-0.0002703145146369934,29.008501052856445,35.49336242675781,-83.51482391357422
0.1822810173034668,0,0.0,-1.5414283107572988e-44,0.0,1.0318898624461781e-08,2.008000135421753,2940.0,-0.0,0.0,20.016000747680664,0.0,0.1981302797794342,0.27654439210891724,9.149309158325195,0.00042744725942611694,0.0004820358008146286,-3.994442522525787e-06,28.300975799560547,36.558162689208984,-83.51482391357422
0.20229196548461914,0,0.0,-1.5414283107572988e-44,0.0,1.0318898624461781e-08,2.0160000324249268,2944.0,-0.0,0.0,20.00400161743164,0.0,0.20950332283973694,0.26576992869377136,9.142724990844727,2.796761691570282e-05,8.255615830421448e-05,0.00012916605919599533,25.64776039123535,36.025760650634766,-81.63999938964844
0.22270488739013672,0,0.0,-1.5414283107572988e-44,0.0,1.0318898624461781e-08,2.008000135421753,2964.0,-0.0,0.0,20.00800132751465,0.0,0.21728487312793732,0.2693614065647125,9.154098510742188,-0.0001051928848028183,-5.060434341430664e-05,-0.0001371540129184723,25.47087860107422,36.558162689208984,-84.5374526977539
0.24279141426086426,0,0.0,-1.5414283107572988e-44,0.0,1.0318898624461781e-08,2.008000135421753,2948.0,-0.0,0.0,20.00800132751465,0.0,0.2071090042591095,0.2813330292701721,9.15589427947998,-0.0010373126715421677,0.0002157166600227356,-0.0004034740850329399,26.885927200317383,36.9130973815918,-81.81044006347656
0.26301026344299316,0,0.0,-1.5414283107572988e-44,0.0,1.0318898624461781e-08,2.008000135421753,2944.0,-0.0,0.0,20.012001037597656,0.0,0.21429197490215302,0.2729529142379761,9.151703834533691,-0.0010373126715421677,0.0014141574501991272,-0.0010692747309803963,28.124095916748047,35.315895080566406,-83.3443832397461
0.28338003158569336,0,0.0,-1.5414283107572988e-44,0.0,1.0318898624461781e-08,2.008000135421753,2944.0,-0.0,0.0,20.00400161743164,0.0,0.19274306297302246,0.2699599862098694,9.14571762084961,-0.0011704731732606888,0.0003488771617412567,0.0019934065639972687,27.41657066345215,35.67082977294922,-83.00350189208984
0.30354857444763184,0,0.0,-1.5414283107572988e-44,0.0,1.0318898624461781e-08,2.008000135421753,2940.0,-0.0,0.0,20.00400161743164,0.0,0.19992603361606598,0.26457276940345764,9.146915435791016,2.796761691570282e-05,-0.00031692348420619965,-0.0006697950884699821,27.59345245361328,34.42856216430664,-83.17394256591797
0.3238401412963867,0,0.0,-1.5414283107572988e-44,0.0,1.0318898624461781e-08,2.004000186920166,2980.0,-0.0,0.0,20.012001037597656,0.0,0.19633454084396362,0.2711571455001831,9.166667938232422,0.0006937682628631592,0.000881517305970192,-0.0004034740850329399,26.53216552734375,34.78349304199219,-83.17394256591797
0.34650516510009766,0,0.0,-1.5414283107572988e-44,0.0,1.0318898624461781e-08,2.008000135421753,2944.0,-0.0,0.0,20.00800132751465,0.0,0.19274306297302246,0.28073444962501526,9.155295372009277,0.0008269287645816803,-0.0005832444876432419,-0.0004034740850329399,26.355283737182617,36.025760650634766,-82.3217544555664
0.3642842769622803,0,0.0,-1.5414283107572988e-44,0.0,1.0318898624461781e-08,2.008000135421753,2940.0,-0.0,0.0,20.00800132751465,0.0,0.21070048213005066,0.2789387106895447,9.136738777160645,-0.0001051928848028183,-0.0005832444876432419,-0.0002703145146369934,27.41657066345215,35.315895080566406,-83.00350189208984
0.3844261169433594,0,0.0,-1.5414283107572988e-44,0.0,1.0318898624461781e-08,2.008000135421753,2948.0,-0.0,0.0,20.012001037597656,0.0,0.19034872949123383,0.24481959640979767,9.14571762084961,2.796761691570282e-05,-0.000982724130153656,-0.0006697950884699821,27.41657066345215,36.73563003540039,-83.3443832397461
0.40479564666748047,0,0.0,-1.5414283107572988e-44,0.0,1.0318898624461781e-08,2.0320000648498535,2940.0,-0.0,0.0,20.012001037597656,0.0,0.21788345277309418,0.28253018856048584,9.173253059387207,-0.00130363367497921,0.000881517305970192,0.0009281262755393982,27.23969078063965,35.49336242675781,-83.85569763183594
0.42501330375671387,0,0.0,-1.5414283107572988e-44,0.0,1.0318898624461781e-08,2.004000186920166,2960.0,-0.0,0.0,20.00400161743164,0.0,0.1819685995578766,0.2753472328186035,9.151104927062988,-0.0014367923140525818,0.000881517305970192,-0.0001371540129184723,26.355283737182617,36.73563003540039,-83.68525695800781
0.4453103542327881,0,0.0,-1.5414283107572988e-44,0.0,1.0318898624461781e-08,2.008000135421753,2944.0,-0.0,0.0,20.00800132751465,0.0,0.20531325042247772,0.2753472328186035,9.12656307220459,0.0008269287645816803,8.255615830421448e-05,-0.0012024352326989174,25.117116928100586,37.622962951660156,-82.4921875
0.4658317565917969,0,0.0,-1.5414283107572988e-44,0.0,1.0318898624461781e-08,2.008000135421753,2964.0,-0.0,0.0,20.00800132751465,0.0,0.2101019024848938,0.24841108918190002,9.158886909484863,2.796761691570282e-05,0.0004820358008146286,-0.0001371540129184723,26.53216552734375,35.67082977294922,-83.00350189208984
0.48563456535339355,0,0.0,-1.5414283107572988e-44,0.0,1.0318898624461781e-08,2.008000135421753,2948.0,-0.0,0.0,20.012001037597656,0.0,0.2011231929063797,0.2579883933067322,9.127161979675293,-0.0005046725273132324,-5.060434341430664e-05,0.0005286457017064095,26.178403854370117,36.558162689208984,-83.51482391357422
0.5076413154602051,0,0.0,-1.5414283107572988e-44,0.0,1.0318898624461781e-08,2.004000186920166,2944.0,-0.0,0.0,20.00800132751465,0.0,0.2130948156118393,0.27055856585502625,9.151104927062988,0.0005606077611446381,0.0006151963025331497,0.0023928871378302574,25.64776039123535,36.38069534301758,-82.66262817382812
0.5287184715270996,0,0.0,-1.5414283107572988e-44,0.0,1.0318898624461781e-08,2.008000135421753,2960.0,-0.0,0.0,20.00400161743164,0.0,0.18436291813850403,0.2741500735282898,9.134345054626465,-0.0007709935307502747,8.255615830421448e-05,-0.0001371540129184723,27.41657066345215,35.315895080566406,-82.3217544555664
0.5465867519378662,0,0.0,-1.5414283107572988e-44,0.0,1.0318898624461781e-08,2.008000135421753,2952.0,-0.0,0.0,20.00800132751465,0.0,0.19992603361606598,0.2801358699798584,9.142126083374023,0.00029428862035274506,0.000881517305970192,-3.994442522525787e-06,27.23969078063965,35.848297119140625,-83.17394256591797
0.5667169094085693,0,0.0,-1.5414283107572988e-44,0.0,1.0318898624461781e-08,2.008000135421753,3060.0,-0.0,0.0,20.00800132751465,0.0,0.21429197490215302,0.28372734785079956,9.161879539489746,-0.00130363367497921,0.0003488771617412567,0.00039548613131046295,26.709047317504883,37.0905647277832,-84.36701202392578
0.5885190963745117,0,0.0,-1.5414283107572988e-44,0.0,1.0318898624461781e-08,2.008000135421753,2944.0,-0.0,0.0,20.00400161743164,0.0,0.21249623596668243,0.2681642472743988,9.119978904724121,-0.0001051928848028183,-0.0005832444876432419,0.0007949657738208771,25.824642181396484,36.20322799682617,-82.83306884765625
0.607269287109375,0,0.0,-1.5414283107572988e-44,0.0,1.0318898624461781e-08,2.004000186920166,2940.0,-0.0,0.0,20.02400016784668,0.0,0.20531325042247772,0.2663685083389282,9.178640365600586,2.796761691570282e-05,0.0010146759450435638,-0.0001371540129184723,27.23969078063965,36.9130973815918,-83.17394256591797
0.6273925304412842,0,0.0,-1.5414283107572988e-44,0.0,1.0318898624461781e-08,2.004000186920166,3012.0,-0.0,0.0,20.016000747680664,0.0,0.2190806120634079,0.26876282691955566,9.141528129577637,2.796761691570282e-05,0.0002157166600227356,-0.0004034740850329399,26.709047317504883,34.251094818115234,-84.7078857421875
0.6479551792144775,0,0.0,-1.5414283107572988e-44,0.0,1.0318898624461781e-08,2.008000135421753,2944.0,-0.0,0.0,20.00800132751465,0.0,0.2190806120634079,0.2430238574743271,9.118183135986328,-0.0007709935307502747,-0.00045008398592472076,0.0005286457017064095,27.947214126586914,35.138427734375,-83.17394256591797
0.6679942607879639,0,0.0,-1.5414283107572988e-44,0.0,1.0318898624461781e-08,2.008000135421753,3100.0,-0.0,0.0,20.00800132751465,0.0,0.22147494554519653,0.2771429717540741,9.125965118408203,0.0006937682628631592,0.0004820358008146286,0.0009281262755393982,27.23969078063965,36.558162689208984,-84.87832641601562
0.688300609588623,0,0.0,-1.5414283107572988e-44,0.0,1.0318898624461781e-08,2.004000186920166,2948.0,-0.0,0.0,20.012001037597656,0.0,0.19334164261817932,0.2693614065647125,9.161879539489746,-0.0003715120255947113,8.255615830421448e-05,-0.0001371540129184723,24.940235137939453,35.315895080566406,-84.02613830566406
0.7084085941314697,0,0.0,-1.5414283107572988e-44,0.0,1.0318898624461781e-08,2.01200008392334,2944.0,-0.0,0.0,20.020000457763672,0.0,0.2160877138376236,0.24661533534526825,9.155295372009277,0.00029428862035274506,0.0006151963025331497,-0.0010692747309803963,27.23969078063965,36.558162689208984,-83.51482391357422
0.7285940647125244,0,0.0,-1.5414283107572988e-44,0.0,1.0318898624461781e-08,2.004000186920166,2976.0,-0.0,0.0,20.00400161743164,0.0,0.20351751148700714,0.2843259274959564,9.15828800201416,-0.0005046725273132324,0.000881517305970192,0.0006618062034249306,27.770334243774414,35.67082977294922,-82.66262817382812
0.7489609718322754,0,0.0,-1.5414283107572988e-44,0.0,1.0318898624461781e-08,2.004000186920166,2940.0,-0.0,0.0,20.00400161743164,0.0,0.1981302797794342,0.2831287682056427,9.15709114074707,0.0008269287645816803,0.0007483568042516708,-0.0010692747309803963,24.58647346496582,37.0905647277832,-83.3443832397461
0.7691383361816406,0,0.0,-1.5414283107572988e-44,0.0,1.0318898624461781e-08,2.008000135421753,3080.0,-0.0,0.0,20.00400161743164,0.0,0.19573596119880676,0.2621784508228302,9.181034088134766,-0.0018362738192081451,0.0002157166600227356,0.0011944463476538658,27.947214126586914,35.49336242675781,-81.81044006347656
0.7894392013549805,0,0.0,-1.5414283107572988e-44,0.0,1.0318898624461781e-08,2.004000186920166,2948.0,-0.0,0.0,20.012001037597656,0.0,0.2190806120634079,0.2621784508228302,9.133746147155762,0.0005606077611446381,-0.00018376484513282776,0.0006618062034249306,28.124095916748047,36.025760650634766,-83.3443832397461
0.8105199337005615,0,0.0,-1.5414283107572988e-44,0.0,1.0318898624461781e-08,2.004000186920166,2948.0,-0.0,0.0,20.020000457763672,0.0,0.21369339525699615,0.27055856585502625,9.152302742004395,0.00016112811863422394,-0.00018376484513282776,0.0015939269214868546,28.124095916748047,36.73563003540039,-82.3217544555664
0.8299496173858643,0,0.0,-1.5414283107572988e-44,0.0,1.0318898624461781e-08,2.008000135421753,3080.0,-0.0,0.0,20.00800132751465,0.0,0.21548913419246674,0.2609812915325165,9.133746147155762,0.0009600892663002014,-0.00018376484513282776,-0.0006697950884699821,27.23969078063965,36.20322799682617,-83.51482391357422
0.8501484394073486,0,0.0,-1.5414283107572988e-44,0.0,1.0318898624461781e-08,2.0160000324249268,2940.0,-0.0,0.0,20.016000747680664,0.0,0.20291893184185028,0.25858697295188904,9.150506973266602,-0.0001051928848028183,0.0007483568042516708,-0.0001371540129184723,26.001522064208984,35.67082977294922,-83.3443832397461
0.8704864978790283,0,0.0,-1.5414283107572988e-44,0.0,1.0318898624461781e-08,2.008000135421753,2972.0,-0.0,0.0,20.012001037597656,0.0,0.21788345277309418,0.2801358699798584,9.157690048217773,-0.0003715120255947113,0.000881517305970192,0.0005286457017064095,25.47087860107422,35.138427734375,-80.78780364990234
0.890984058380127,0,0.0,-1.5414283107572988e-44,0.0,1.0318898624461781e-08,2.0160000324249268,2940.0,-0.0,0.0,20.012001037597656,0.0,0.21728487312793732,0.2729529142379761,9.134943962097168,-0.002102592960000038,0.0002157166600227356,-3.994442522525787e-06,27.41657066345215,35.67082977294922,-81.98087310791016
0.9109139442443848,0,0.0,-1.5414283107572988e-44,0.0,1.0318898624461781e-08,2.01200008392334,2948.0,-0.0,0.0,20.036001205444336,0.0,0.2190806120634079,0.2502068281173706,9.181632995605469,0.00029428862035274506,-0.0015153642743825912,-0.0008029546588659286,27.59345245361328,34.42856216430664,-82.83306884765625
0.9325897693634033,0,0.0,-1.5414283107572988e-44,0.0,1.0318898624461781e-08,2.008000135421753,2980.0,-0.0,0.0,20.00800132751465,0.0,0.19992603361606598,0.2801358699798584,9.149908065795898,0.00042744725942611694,-5.060434341430664e-05,-0.0001371540129184723,27.062808990478516,36.73563003540039,-82.66262817382812
0.9514284133911133,0,0.0,-1.5414283107572988e-44,0.0,1.0318898624461781e-08,2.0199999809265137,2944.0,-0.0,0.0,20.02400016784668,0.0,0.19693312048912048,0.2663685083389282,9.125965118408203,-0.0003715120255947113,0.0007483568042516708,0.001727086491882801,26.001522064208984,35.67082977294922,-83.68525695800781
0.9715690612792969,0,0.0,-1.5414283107572988e-44,0.0,1.0318898624461781e-08,2.008000135421753,2952.0,-0.0,0.0,20.012001037597656,0.0,0.2101019024848938,0.26756566762924194,9.148711204528809,-0.0001051928848028183,0.0004820358008146286,-0.0012024352326989174,26.709047317504883,35.67082977294922,-83.68525695800781
0.9919211864471436,0,0.0,-1.5414283107572988e-44,0.0,1.0318898624461781e-08,2.008000135421753,2948.0,-0.0,0.0,20.00800132751465,0.0,0.20830616354942322,0.2759458124637604,9.133148193359375,0.0013595689088106155,-0.00018376484513282776,0.0011944463476538658,26.178403854370117,35.138427734375,-81.81044006347656
1.0120999813079834,0,0.0,-1.5414283107572988e-44,0.0,1.0318898624461781e-08,2.004000186920166,2940.0,-0.0,0.0,20.012001037597656,0.0,0.2190806120634079,0.2591855525970459,9.125965118408203,-0.0007709935307502747,-0.00045008398592472076,-0.0004034740850329399,28.831619262695312,35.67082977294922,-83.00350189208984
1.0324018001556396,0,0.0,-1.5414283107572988e-44,0.0,1.0318898624461781e-08,2.008000135421753,2948.0,-0.0,0.0,20.00800132751465,0.0,0.2160877138376236,0.2609812915325165,9.118782043457031,0.00042744725942611694,-0.0005832444876432419,-0.0006697950884699821,27.23969078063965,36.558162689208984,-83.51482391357422
1.0526313781738281,0,0.0,-1.5414283107572988e-44,0.0,1.0318898624461781e-08,2.0360000133514404,2940.0,-0.0,0.0,20.020000457763672,0.0,0.2071090042591095,0.27474865317344666,9.149309158325195,-0.0010373126715421677,-0.00018376484513282776,0.0007949657738208771,25.824642181396484,35.49336242675781,-81.81044006347656
1.0727908611297607,0,0.0,-1.5414283107572988e-44,0.0,1.0318898624461781e-08,2.008000135421753,2956.0,-0.0,0.0,20.00800132751465,0.0,0.19872887432575226,0.26576992869377136,9.131352424621582,-0.0003715120255947113,0.0006151963025331497,-0.0002703145146369934,26.178403854370117,35.848297119140625,-81.81044006347656
1.0932135581970215,0,0.0,-1.5414283107572988e-44,0.0,1.0318898624461781e-08,2.008000135421753,2944.0,-0.0,0.0,20.00800132751465,0.0,0.21369339525699615,0.2741500735282898,9.148112297058105,-0.0010373126715421677,-0.000716404989361763,0.0015939269214868546,26.885927200317383,36.20322799682617,-82.15131378173828
1.113309383392334,0,0.0,-1.5414283107572988e-44,0.0,1.0318898624461781e-08,2.0160000324249268,2940.0,-0.0,0.0,20.00800132751465,0.0,0.20351751148700714,0.2711571455001831,9.156492233276367,-0.0006378330290317535,8.255615830421448e-05,-3.994442522525787e-06,27.59345245361328,36.20322799682617,-84.19657135009766
1.1337242126464844,0,0.0,-1.5414283107572988e-44,0.0,1.0318898624461781e-08,2.008000135421753,2944.0,-0.0,0.0,20.00400161743164,0.0,0.20232035219669342,0.2783401310443878,9.136738777160645,0.0006937682628631592,0.0007483568042516708,0.0005286457017064095,28.300975799560547,35.138427734375,-83.85569763183594
1.1538326740264893,0,0.0,-1.5414283107572988e-44,0.0,1.0318898624461781e-08,2.0280001163482666,2940.0,-0.0,0.0,20.020000457763672,0.0,0.18436291813850403,0.28253018856048584,9.14571762084961,0.0008269287645816803,0.0003488771617412567,0.0005286457017064095,25.824642181396484,35.138427734375,-83.51482391357422
1.1740260124206543,0,0.0,-1.5414283107572988e-44,0.0,1.0318898624461781e-08,2.008000135421753,2960.0,-0.0,0.0,20.00800132751465,0.0,0.20830616354942322,0.2759458124637604,9.156492233276367,-0.0010373126715421677,0.0006151963025331497,0.0015939269214868546,26.709047317504883,36.73563003540039,-84.7078857421875
1.1966052055358887,0,0.0,-1.5414283107572988e-44,0.0,1.0318898624461781e-08,2.008000135421753,2940.0,-0.0,0.0,20.00400161743164,0.0,0.19753170013427734,0.26576992869377136,9.14033031463623,0.00016112811863422394,-0.00018376484513282776,-0.0006697950884699821,25.47087860107422,36.20322799682617,-84.19657135009766
1.2164230346679688,0,0.0,-1.5414283107572988e-44,0.0,1.0318898624461781e-08,2.008000135421753,2944.0,-0.0,0.0,20.012001037597656,0.0,0.21249623596668243,0.2639741897583008,9.169062614440918,0.0006937682628631592,-5.060434341430664e-05,0.00026232562959194183,27.23969078063965,39.04269790649414,-82.4921875
1.2354915142059326,0,0.0,-1.5414283107572988e-44,0.0,1.0318898624461781e-08,2.008000135421753,2944.0,-0.0,0.0,20.00400161743164,0.0,0.21668629348278046,0.2579883933067322,9.156492233276367,-0.00023835152387619019,-0.00045008398592472076,0.0010612867772579193,27.59345245361328,36.20322799682617,-82.4921875
1.2551844120025635,0,0.0,-1.5414283107572988e-44,0.0,1.0318898624461781e-08,2.004000186920166,2944.0,-0.0,0.0,20.032001495361328,0.0,0.2160877138376236,0.26876282691955566,9.140929222106934,-0.0005046725273132324,-5.060434341430664e-05,-0.0009361151605844498,27.23969078063965,36.558162689208984,-82.83306884765625
1.2754580974578857,0,0.0,-1.5414283107572988e-44,0.0,1.0318898624461781e-08,2.008000135421753,2992.0,-0.0,0.0,20.016000747680664,0.0,0.19154590368270874,0.25978413224220276,9.133148193359375,0.0005606077611446381,0.0003488771617412567,0.0015939269214868546,24.940235137939453,36.38069534301758,-83.68525695800781
1.2955279350280762,0,0.0,-1.5414283107572988e-44,0.0,1.0318898624461781e-08,2.004000186920166,2940.0,-0.0,0.0,20.00800132751465,0.0,0.20232035219669342,0.2861216962337494,9.152900695800781,0.0005606077611446381,0.0004820358008146286,-0.0001371540129184723,25.824642181396484,36.558162689208984,-83.17394256591797
1.3165702819824219,0,0.0,-1.5414283107572988e-44,0.0,1.0318898624461781e-08,2.008000135421753,2940.0,-0.0,0.0,20.012001037597656,0.0,0.19633454084396362,0.2741500735282898,9.148711204528809,-0.0003715120255947113,0.0006151963025331497,-0.0001371540129184723,25.824642181396484,34.78349304199219,-82.4921875
1.335996150970459,0,0.0,-1.5414283107572988e-44,0.0,1.0318898624461781e-08,2.0160000324249268,2944.0,-0.0,0.0,20.00400161743164,0.0,0.20591184496879578,0.28791743516921997,9.136738777160645,2.796761691570282e-05,0.0004820358008146286,-0.0010692747309803963,27.770334243774414,34.960960388183594,-84.02613830566406
1.3563199043273926,0,0.0,-1.5414283107572988e-44,0.0,1.0318898624461781e-08,2.0199999809265137,2944.0,-0.0,0.0,20.00800132751465,0.0,0.18556009232997894,0.26277703046798706,9.133746147155762,0.00042744725942611694,0.0004820358008146286,0.0006618062034249306,28.47785758972168,36.73563003540039,-83.68525695800781
1.3765134811401367,0,0.0,-1.5414283107572988e-44,0.0,1.0318898624461781e-08,2.008000135421753,2948.0,-0.0,0.0,20.00800132751465,0.0,0.19394022226333618,0.25679120421409607,9.14332389831543,-0.0011704731732606888,8.255615830421448e-05,0.00012916605919599533,26.178403854370117,36.558162689208984,-82.83306884765625
1.3968267440795898,0,0.0,-1.5414283107572988e-44,0.0,1.0318898624461781e-08,2.004000186920166,2948.0,-0.0,0.0,20.012001037597656,0.0,0.20351751148700714,0.2729529142379761,9.152900695800781,-0.00023835152387619019,0.0006151963025331497,0.00039548613131046295,27.41657066345215,34.960960388183594,-83.00350189208984
1.417018175125122,0,0.0,-1.5414283107572988e-44,0.0,1.0318898624461781e-08,2.008000135421753,3072.0,-0.0,0.0,20.00400161743164,0.0,0.19633454084396362,0.27774155139923096,9.13913345336914,2.796761691570282e-05,0.0003488771617412567,0.00012916605919599533,28.124095916748047,37.0905647277832,-83.3443832397461
1.4371700286865234,0,0.0,-1.5414283107572988e-44,0.0,1.0318898624461781e-08,2.008000135421753,2944.0,-0.0,0.0,20.00800132751465,0.0,0.21728487312793732,0.2789387106895447,9.14452075958252,-0.0006378330290317535,-0.000982724130153656,-3.994442522525787e-06,26.001522064208984,36.38069534301758,-83.3443832397461
1.4575507640838623,0,0.0,-1.5414283107572988e-44,0.0,1.0318898624461781e-08,2.01200008392334,2944.0,-0.0,0.0,20.02800178527832,0.0,0.21489055454730988,0.2729529142379761,9.17624568939209,0.0005606077611446381,0.0007483568042516708,0.00012916605919599533,25.29399871826172,36.025760650634766,-83.3443832397461
1.4778616428375244,0,0.0,-1.5414283107572988e-44,0.0,1.0318898624461781e-08,2.008000135421753,2976.0,-0.0,0.0,20.00400161743164,0.0,0.20651042461395264,0.2741500735282898,9.14332389831543,-0.0010373126715421677,-0.000716404989361763,0.0006618062034249306,26.885927200317383,36.20322799682617,-83.85569763183594
1.4980251789093018,0,0.0,-1.5414283107572988e-44,0.0,1.0318898624461781e-08,2.008000135421753,2940.0,-0.0,0.0,20.00400161743164,0.0,0.21967920660972595,0.2520025670528412,9.150506973266602,0.0009600892663002014,0.0003488771617412567,0.001327606849372387,26.53216552734375,36.20322799682617,-81.81044006347656
1.51824951171875,0,0.0,-1.5414283107572988e-44,0.0,1.0318898624461781e-08,2.008000135421753,3096.0,-0.0,0.0,20.00400161743164,0.0,0.2101019024848938,0.2741500735282898,9.14452075958252,0.00029428862035274506,0.0014141574501991272,0.00012916605919599533,26.355283737182617,35.67082977294922,-82.66262817382812
1.5386297702789307,0,0.0,-1.5414283107572988e-44,0.0,1.0318898624461781e-08,2.008000135421753,2940.0,-0.0,0.0,20.00400161743164,0.0,0.20830616354942322,0.2502068281173706,9.158886909484863,0.0005606077611446381,0.0007483568042516708,-0.000536634586751461,27.59345245361328,35.138427734375,-83.17394256591797
1.558774709701538,0,0.0,-1.5414283107572988e-44,0.0,1.0318898624461781e-08,2.004000186920166,2944.0,-0.0,0.0,20.00400161743164,0.0,0.20950332283973694,0.2699599862098694,9.142724990844727,-0.00023835152387619019,0.0014141574501991272,-3.994442522525787e-06,27.062808990478516,36.025760650634766,-84.02613830566406
1.5789453983306885,0,0.0,-1.5414283107572988e-44,0.0,1.0318898624461781e-08,2.008000135421753,2968.0,-0.0,0.0,20.00400161743164,0.0,0.21189764142036438,0.25978413224220276,9.188217163085938,-0.001969432458281517,-5.060434341430664e-05,0.00026232562959194183,27.770334243774414,36.38069534301758,-82.66262817382812
1.5993542671203613,0,0.0,-1.5414283107572988e-44,0.0,1.0318898624461781e-08,2.004000186920166,2940.0,-0.0,0.0,20.00800132751465,0.0,0.2160877138376236,0.27175575494766235,9.156492233276367,0.0006937682628631592,0.0003488771617412567,-0.0006697950884699821,25.29399871826172,35.315895080566406,-82.3217544555664
1.6194438934326172,0,0.0,-1.5414283107572988e-44,0.0,1.0318898624461781e-08,2.004000186920166,3008.0,-0.0,0.0,20.00400161743164,0.0,0.21129906177520752,0.2693614065647125,9.149309158325195,-0.00023835152387619019,-0.0005832444876432419,-0.0010692747309803963,27.59345245361328,34.78349304199219,-84.19657135009766
1.640415906906128,0,0.0,-1.5414283107572988e-44,0.0,1.0318898624461781e-08,2.008000135421753,2940.0,-0.0,0.0,20.012001037597656,0.0,0.21548913419246674,0.26457276940345764,9.152302742004395,-0.0009041521698236465,0.0007483568042516708,0.0009281262755393982,24.763355255126953,36.9130973815918,-83.85569763183594
1.6599647998809814,0,0.0,-1.5414283107572988e-44,0.0,1.0318898624461781e-08,2.004000186920166,2952.0,-0.0,0.0,20.012001037597656,0.0,0.19154590368270874,0.26277703046798706,9.152900695800781,-0.0010373126715421677,0.0007483568042516708,-0.0004034740850329399,27.41657066345215,34.60602951049805,-81.63999938964844
1.6801271438598633,0,0.0,-1.5414283107572988e-44,0.0,1.0318898624461781e-08,2.008000135421753,2964.0,-0.0,0.0,20.00400161743164,0.0,0.20651042461395264,0.2843259274959564,9.131950378417969,0.0010932479053735733,0.0007483568042516708,-0.0004034740850329399,26.355283737182617,35.67082977294922,-81.98087310791016
1.7005152702331543,0,0.0,-1.5414283107572988e-44,0.0,1.0318898624461781e-08,2.0160000324249268,2940.0,-0.0,0.0,20.036001205444336,0.0,0.2250664234161377,0.25978413224220276,9.188217163085938,-0.0009041521698236465,0.0020799580961465836,0.0006618062034249306,24.940235137939453,36.025760650634766,-83.68525695800781
1.720888376235962,0,0.0,-1.5414283107572988e-44,0.0,1.0318898624461781e-08,2.004000186920166,2968.0,-0.0,0.0,20.012001037597656,0.0,0.18795441091060638,0.2741500735282898,9.170259475708008,0.00016112811863422394,8.255615830421448e-05,0.0005286457017064095,26.885927200317383,35.49336242675781,-83.17394256591797
1.7408301830291748,0,0.0,-1.5414283107572988e-44,0.0,1.0318898624461781e-08,2.008000135421753,2952.0,-0.0,0.0,20.00800132751465,0.0,0.169996976852417,0.2591855525970459,9.160083770751953,0.0005606077611446381,0.0003488771617412567,0.00026232562959194183,26.885927200317383,35.138427734375,-82.4921875
1.761289119720459,0,0.0,-1.5414283107572988e-44,0.0,1.0318898624461781e-08,2.008000135421753,2944.0,-0.0,0.0,20.016000747680664,0.0,0.20351751148700714,0.2549954652786255,9.114591598510742,0.0012264084070920944,-0.0005832444876432419,0.0010612867772579193,28.300975799560547,35.138427734375,-83.17394256591797
1.7814109325408936,0,0.0,-1.5414283107572988e-44,0.0,1.0318898624461781e-08,2.004000186920166,2944.0,-0.0,0.0,20.012001037597656,0.0,0.19872887432575226,0.2561926245689392,9.155295372009277,-0.0007709935307502747,-0.000716404989361763,-0.001468755304813385,28.654739379882812,35.848297119140625,-83.85569763183594
1.8017420768737793,0,0.0,-1.5414283107572988e-44,0.0,1.0318898624461781e-08,2.01200008392334,2940.0,-0.0,0.0,20.00400161743164,0.0,0.20471467077732086,0.2849245071411133,9.150506973266602,0.0013595689088106155,0.000881517305970192,0.00039548613131046295,25.29399871826172,36.025760650634766,-82.3217544555664
1.8218634128570557,0,0.0,-1.5414283107572988e-44,0.0,1.0318898624461781e-08,2.008000135421753,2944.0,-0.0,0.0,20.00800132751465,0.0,0.19753170013427734,0.26756566762924194,9.160083770751953,0.00042744725942611694,0.001280996948480606,0.0011944463476538658,26.355283737182617,35.67082977294922,-83.00350189208984
1.8420157432556152,0,0.0,-1.5414283107572988e-44,0.0,1.0318898624461781e-08,2.004000186920166,2944.0,-0.0,0.0,20.00800132751465,0.0,0.19693312048912048,0.2783401310443878,9.154696464538574,-0.00023835152387619019,-5.060434341430664e-05,-0.0004034740850329399,26.355283737182617,36.38069534301758,-84.02613830566406
1.862382411956787,0,0.0,-1.5414283107572988e-44,0.0,1.0318898624461781e-08,2.004000186920166,2944.0,-0.0,0.0,20.012001037597656,0.0,0.204116091132164,0.2639741897583008,9.137337684631348,-0.0003715120255947113,-5.060434341430664e-05,-0.0004034740850329399,26.885927200317383,36.9130973815918,-81.46955871582031
1.8826203346252441,0,0.0,-1.5414283107572988e-44,0.0,1.0318898624461781e-08,2.008000135421753,2948.0,-0.0,0.0,20.012001037597656,0.0,0.20651042461395264,0.27774155139923096,9.154696464538574,-0.0005046725273132324,-0.00018376484513282776,-3.994442522525787e-06,28.124095916748047,37.0905647277832,-82.3217544555664
1.9029021263122559,0,0.0,-1.5414283107572988e-44,0.0,1.0318898624461781e-08,2.0240001678466797,2944.0,-0.0,0.0,20.020000457763672,0.0,0.21429197490215302,0.2699599862098694,9.146915435791016,-0.0003715120255947113,-0.00018376484513282776,0.00026232562959194183,27.59345245361328,35.49336242675781,-83.51482391357422
1.9230754375457764,0,0.0,-1.5414283107572988e-44,-0.0,2.3541814200656927e-43,2.004000186920166,2956.0,-0.0,2.0,20.016000747680664,0.0,0.2160877138376236,0.26876282691955566,9.163675308227539,-0.0001051928848028183,-5.060434341430664e-05,0.0006618062034249306,25.117116928100586,36.20322799682617,-83.51482391357422
1.9434185028076172,0,0.0,-1.5414283107572988e-44,-0.0,2.3541814200656927e-43,2.004000186920166,2952.0,-0.0,2.0,20.00800132751465,0.0,0.1981302797794342,0.2801358699798584,9.155295372009277,-0.0003715120255947113,0.000881517305970192,0.0009281262755393982,25.47087860107422,35.848297119140625,-82.4921875
1.9635694026947021,0,0.0,-1.5414283107572988e-44,-0.0,2.3541814200656927e-43,2.004000186920166,2948.0,-0.0,2.0,20.012001037597656,0.0,0.21668629348278046,0.2621784508228302,9.167865753173828,0.0005606077611446381,-5.060434341430664e-05,0.00012916605919599533,26.885927200317383,35.49336242675781,-83.17394256591797
1.9845287799835205,0,0.0,-1.5414283107572988e-44,-0.0,2.3541814200656927e-43,2.004000186920166,2952.0,-0.0,2.0,20.00800132751465,0.0,0.18436291813850403,0.2370380461215973,9.163076400756836,-0.0001051928848028183,0.0010146759450435638,-0.0004034740850329399,28.300975799560547,36.9130973815918,-83.51482391357422
2.0040745735168457,0,0.0,-1.5414283107572988e-44,-0.0,2.3541814200656927e-43,2.0280001163482666,2956.0,-0.0,2.0,20.020000457763672,0.0,0.20291893184185028,0.25379830598831177,9.151104927062988,0.00016112811863422394,0.0010146759450435638,0.00039548613131046295,26.53216552734375,35.49336242675781,-82.15131378173828
2.0243473052978516,0,0.0,-1.5414283107572988e-44,-0.0,2.3541814200656927e-43,2.004000186920166,2976.0,-0.0,2.0,20.00400161743164,0.0,0.2130948156118393,0.28073444962501526,9.147513389587402,0.0006937682628631592,0.0010146759450435638,0.00012916605919599533,27.062808990478516,35.67082977294922,-81.63999938964844
2.0446133613586426,0,0.0,-1.5414283107572988e-44,-0.0,2.3541814200656927e-43,2.004000186920166,2944.0,-0.0,2.0,20.00800132751465,0.0,0.19753170013427734,0.2531997263431549,9.167266845703125,0.00042744725942611694,0.0015473179519176483,0.0010612867772579193,25.29399871826172,34.60602951049805,-83.3443832397461
2.0647432804107666,0,0.0,-1.5414283107572988e-44,-0.0,2.3541814200656927e-43,2.004000186920166,2944.0,-0.0,2.0,20.00800132751465,0.0,0.21189764142036438,0.27774155139923096,9.164274215698242,0.0005606077611446381,-5.060434341430664e-05,-0.000536634586751461,25.64776039123535,35.67082977294922,-83.3443832397461
2.085123300552368,0,0.0,-1.5414283107572988e-44,-0.0,2.3541814200656927e-43,2.01200008392334,2944.0,-0.0,2.0,20.00800132751465,0.0,0.2160877138376236,0.27654439210891724,9.15828800201416,-0.0001051928848028183,0.0002157166600227356,0.00012916605919599533,27.59345245361328,35.138427734375,-83.17394256591797
2.105325937271118,0,0.0,-1.5414283107572988e-44,-0.0,2.3541814200656927e-43,2.0280001163482666,2948.0,-0.0,2.0,20.00800132751465,0.0,0.20531325042247772,0.28552308678627014,9.153499603271484,-0.0006378330290317535,-0.00031692348420619965,0.001327606849372387,28.47785758972168,36.025760650634766,-82.66262817382812
2.1255056858062744,0,0.0,-1.5414283107572988e-44,-0.0,2.3541814200656927e-43,2.004000186920166,2956.0,-0.0,2.0,20.00400161743164,0.0,0.21249623596668243,0.26457276940345764,9.148112297058105,-0.0003715120255947113,0.0003488771617412567,-0.000536634586751461,27.41657066345215,37.0905647277832,-84.36701202392578
2.145820379257202,0,0.0,-1.5414283107572988e-44,-0.0,2.3541814200656927e-43,2.008000135421753,2952.0,-0.0,2.0,20.00800132751465,0.0,0.2011231929063797,0.2663685083389282,9.148112297058105,0.00029428862035274506,0.0010146759450435638,0.0005286457017064095,26.709047317504883,35.67082977294922,-81.98087310791016
2.165998935699463,0,0.0,-1.5414283107572988e-44,-0.0,2.3541814200656927e-43,2.004000186920166,3012.0,-0.0,2.0,20.00800132751465,0.0,0.1951373815536499,0.27175575494766235,9.145119667053223,0.00016112811863422394,-0.000716404989361763,-0.0008029546588659286,27.41657066345215,34.60602951049805,-81.63999938964844
2.186197280883789,0,0.0,-1.5414283107572988e-44,-0.0,2.3541814200656927e-43,2.008000135421753,2944.0,-0.0,2.0,20.00400161743164,0.0,0.2190806120634079,0.2681642472743988,9.133746147155762,0.00029428862035274506,0.0003488771617412567,0.0015939269214868546,27.59345245361328,34.78349304199219,-82.4921875
2.206631660461426,0,0.0,-1.5414283107572988e-44,-0.0,2.3541814200656927e-43,2.008000135421753,2940.0,-0.0,2.0,20.012001037597656,0.0,0.20172177255153656,0.2699599862098694,9.14571762084961,0.0008269287645816803,0.0007483568042516708,0.0009281262755393982,29.008501052856445,35.848297119140625,-83.85569763183594
2.226762294769287,0,0.0,-1.5414283107572988e-44,-0.0,2.3541814200656927e-43,2.004000186920166,2964.0,-0.0,2.0,20.016000747680664,0.0,0.19992603361606598,0.2753472328186035,9.166667938232422,-0.001569952815771103,0.0002157166600227356,-0.0008029546588659286,27.59345245361328,35.848297119140625,-82.4921875
2.2470664978027344,0,0.0,-1.5414283107572988e-44,-0.0,2.3541814200656927e-43,2.004000186920166,2944.0,-0.0,2.0,20.016000747680664,0.0,0.21728487312793732,0.25858697295188904,9.1720552444458,-0.0003715120255947113,0.0003488771617412567,0.0005286457017064095,27.59345245361328,36.558162689208984,-81.46955871582031
2.2672598361968994,0,0.0,-1.5414283107572988e-44,-0.0,2.3541814200656927e-43,2.004000186920166,3100.0,-0.0,2.0,20.040000915527344,0.0,0.20770758390426636,0.2681642472743988,9.138534545898438,-0.0011704731732606888,0.0007483568042516708,0.0009281262755393982,26.355283737182617,36.025760650634766,-83.00350189208984
2.2877237796783447,0,0.0,-1.5414283107572988e-44,-0.0,2.3541814200656927e-43,2.008000135421753,2948.0,-0.0,2.0,20.00400161743164,0.0,0.2280593365430832,0.26756566762924194,9.15709114074707,0.0005606077611446381,-5.060434341430664e-05,-0.0008029546588659286,27.59345245361328,36.20322799682617,-83.17394256591797
2.308678388595581,0,0.0,-1.5414283107572988e-44,-0.0,2.3541814200656927e-43,2.0280001163482666,2952.0,-0.0,2.0,20.00400161743164,0.0,0.22386926412582397,0.2531997263431549,9.180436134338379,0.0009600892663002014,0.0004820358008146286,-0.0006697950884699821,28.124095916748047,36.025760650634766,-83.00350189208984
2.328052043914795,0,0.0,-1.5414283107572988e-44,-0.0,2.3541814200656927e-43,2.004000186920166,2976.0,-0.0,2.0,20.016000747680664,0.0,0.22147494554519653,0.24781250953674316,9.135541915893555,0.0014927294105291367,0.0004820358008146286,-0.0001371540129184723,27.947214126586914,35.138427734375,-81.46955871582031
2.348289728164673,0,0.0,-1.5414283107572988e-44,-0.0,2.3541814200656927e-43,2.004000186920166,2944.0,-0.0,2.0,20.016000747680664,0.0,0.2322493940591812,0.2831287682056427,9.152302742004395,0.0013595689088106155,-0.000716404989361763,-0.0002703145146369934,26.709047317504883,36.025760650634766,-81.63999938964844
2.369380235671997,0,0.0,-1.5414283107572988e-44,-0.0,2.3541814200656927e-43,2.008000135421753,3068.0,-0.0,2.0,20.00800132751465,0.0,0.20770758390426636,0.2693614065647125,9.152900695800781,0.00029428862035274506,0.0015473179519176483,-0.0009361151605844498,27.062808990478516,35.67082977294922,-83.00350189208984
2.3887581825256348,0,0.0,-1.5414283107572988e-44,-0.0,2.3541814200656927e-43,2.004000186920166,2944.0,-0.0,2.0,20.012001037597656,0.0,0.21429197490215302,0.2759458124637604,9.152900695800781,-0.0005046725273132324,0.0007483568042516708,-0.0008029546588659286,27.947214126586914,35.848297119140625,-82.15131378173828
2.408975124359131,0,0.0,-1.5414283107572988e-44,-0.0,2.3541814200656927e-43,2.01200008392334,2944.0,-0.0,2.0,20.020000457763672,0.0,0.1981302797794342,0.2699599862098694,9.127161979675293,-0.0003715120255947113,0.0002157166600227356,-0.0006697950884699821,27.59345245361328,36.9130973815918,-81.1286849975586
2.429553747177124,0,0.0,-1.5414283107572988e-44,-0.0,2.3541814200656927e-43,2.004000186920166,2964.0,-0.0,2.0,20.00400161743164,0.0,0.2071090042591095,0.2759458124637604,9.13913345336914,-0.0009041521698236465,-0.0008495636284351349,-0.0009361151605844498,27.41657066345215,36.025760650634766,-82.3217544555664
2.4505691528320312,0,0.0,-1.5414283107572988e-44,-0.0,2.3541814200656927e-43,2.004000186920166,2952.0,-0.0,2.0,20.012001037597656,0.0,0.19154590368270874,0.27654439210891724,9.158886909484863,0.00029428862035274506,0.0006151963025331497,0.00039548613131046295,26.355283737182617,36.38069534301758,-83.68525695800781
2.4696743488311768,0,0.0,-1.5414283107572988e-44,-0.0,2.3541814200656927e-43,2.008000135421753,3008.0,-0.0,2.0,20.00800132751465,0.0,0.19453880190849304,0.2753472328186035,9.170259475708008,-0.0006378330290317535,-5.060434341430664e-05,-0.0008029546588659286,26.355283737182617,36.38069534301758,-81.63999938964844
2.4900057315826416,0,0.0,-1.5414283107572988e-44,-0.0,2.3541814200656927e-43,2.004000186920166,2952.0,-0.0,2.0,20.016000747680664,0.0,0.19573596119880676,0.2873188555240631,9.161280632019043,-0.0011704731732606888,0.0006151963025331497,-0.0010692747309803963,26.885927200317383,36.20322799682617,-82.83306884765625
2.510350465774536,0,0.0,-1.5414283107572988e-44,-0.0,2.3541814200656927e-43,2.008000135421753,2944.0,-0.0,2.0,20.02800178527832,0.0,0.19872887432575226,0.2741500735282898,9.1720552444458,0.0006937682628631592,0.0004820358008146286,-0.0004034740850329399,27.59345245361328,34.42856216430664,-83.17394256591797
2.532538652420044,0,0.0,-1.5414283107572988e-44,-0.0,2.3541814200656927e-43,2.004000186920166,2976.0,-0.0,2.0,20.012001037597656,0.0,0.2310522347688675,0.2681642472743988,9.136738777160645,0.0008269287645816803,0.0002157166600227356,0.0006618062034249306,27.947214126586914,35.138427734375,-82.83306884765625
2.550708293914795,0,0.0,-1.5414283107572988e-44,-0.0,2.3541814200656927e-43,2.0160000324249268,2948.0,-0.0,2.0,20.012001037597656,0.0,0.20890474319458008,0.2621784508228302,9.12656307220459,2.796761691570282e-05,0.0018136370927095413,0.0007949657738208771,27.770334243774414,36.73563003540039,-82.3217544555664
2.5710413455963135,0,0.0,-1.5414283107572988e-44,-0.0,2.3541814200656927e-43,2.004000186920166,2964.0,-0.0,2.0,20.012001037597656,0.0,0.20351751148700714,0.26756566762924194,9.169062614440918,-0.0005046725273132324,8.255615830421448e-05,-0.0006697950884699821,26.709047317504883,35.315895080566406,-82.3217544555664
2.5911996364593506,0,0.0,-1.5414283107572988e-44,-0.0,2.3541814200656927e-43,2.004000186920166,2952.0,-0.0,2.0,20.00800132751465,0.0,0.19453880190849304,0.28372734785079956,9.14571762084961,-0.0005046725273132324,-0.00018376484513282776,-0.001335594803094864,27.23969078063965,35.138427734375,-82.15131378173828
2.6114068031311035,0,0.0,-1.5414283107572988e-44,-0.0,2.3541814200656927e-43,2.008000135421753,2944.0,-0.0,2.0,20.00800132751465,0.0,0.21429197490215302,0.2579883933067322,9.168463706970215,0.00029428862035274506,0.001147836446762085,0.0009281262755393982,27.947214126586914,36.9130973815918,-83.17394256591797
2.6317245960235596,0,0.0,-1.5414283107572988e-44,-0.0,2.3541814200656927e-43,2.008000135421753,2944.0,-0.0,2.0,20.016000747680664,0.0,0.18975014984607697,0.27474865317344666,9.148112297058105,0.00016112811863422394,0.0023462772369384766,-0.0004034740850329399,28.124095916748047,35.315895080566406,-83.3443832397461
2.651939630508423,0,0.0,-1.5414283107572988e-44,-0.0,2.3541814200656927e-43,2.0160000324249268,2944.0,-0.0,2.0,20.016000747680664,0.0,0.21129906177520752,0.27774155139923096,9.154696464538574,2.796761691570282e-05,0.0006151963025331497,0.00212656706571579,26.885927200317383,35.848297119140625,-81.81044006347656
2.6722633838653564,0,0.0,-1.5414283107572988e-44,-0.0,2.3541814200656927e-43,2.004000186920166,2976.0,-0.0,2.0,20.012001037597656,0.0,0.2011231929063797,0.2783401310443878,9.165471076965332,0.0012264084070920944,-0.000716404989361763,-0.000536634586751461,24.763355255126953,36.20322799682617,-83.51482391357422
2.6939589977264404,0,0.0,-1.5414283107572988e-44,-0.0,2.3541814200656927e-43,2.004000186920166,2948.0,-0.0,2.0,20.00400161743164,0.0,0.1951373815536499,0.27953729033470154,9.135541915893555,2.796761691570282e-05,-0.000716404989361763,0.00026232562959194183,26.885927200317383,35.848297119140625,-81.46955871582031
2.712676763534546,0,0.0,-1.5414283107572988e-44,-0.0,2.3541814200656927e-43,2.004000186920166,2952.0,-0.0,2.0,20.00400161743164,0.0,0.2101019024848938,0.26876282691955566,9.175048828125,0.00042744725942611694,-0.00031692348420619965,0.00012916605919599533,27.23969078063965,35.49336242675781,-82.15131378173828
2.732966184616089,0,0.0,-1.5414283107572988e-44,-0.0,2.3541814200656927e-43,2.008000135421753,2944.0,-0.0,2.0,20.016000747680664,0.0,0.17478562891483307,0.2789387106895447,9.139732360839844,2.796761691570282e-05,0.0014141574501991272,0.0006618062034249306,27.41657066345215,35.67082977294922,-83.00350189208984
2.753159999847412,0,0.0,-1.5414283107572988e-44,-0.0,2.3541814200656927e-43,2.0160000324249268,2948.0,-0.0,2.0,20.00400161743164,0.0,0.18496151268482208,0.2783401310443878,9.143921852111816,-0.0023689139634370804,-0.0005832444876432419,-3.994442522525787e-06,27.23969078063965,35.848297119140625,-82.4921875
2.773361921310425,0,0.0,-1.5414283107572988e-44,-0.0,2.3541814200656927e-43,2.004000186920166,2980.0,-0.0,2.0,20.016000747680664,0.0,0.19872887432575226,0.2723543345928192,9.14033031463623,0.0006937682628631592,8.255615830421448e-05,0.0005286457017064095,25.824642181396484,35.848297119140625,-83.17394256591797
2.793666124343872,0,0.0,-1.5414283107572988e-44,-0.0,2.3541814200656927e-43,2.01200008392334,2952.0,-0.0,2.0,20.016000747680664,0.0,0.20531325042247772,0.281931608915329,9.149908065795898,-0.0009041521698236465,8.255615830421448e-05,0.0007949657738208771,25.824642181396484,35.848297119140625,-82.15131378173828
2.8138320446014404,0,0.0,-1.5414283107572988e-44,-0.0,2.3541814200656927e-43,2.004000186920166,2944.0,-0.0,2.0,20.016000747680664,0.0,0.204116091132164,0.2771429717540741,9.154098510742188,0.00016112811863422394,0.001147836446762085,0.0007949657738208771,26.885927200317383,36.558162689208984,-81.1286849975586
2.8341450691223145,0,0.0,-1.5414283107572988e-44,-0.0,2.3541814200656927e-43,2.004000186920166,2944.0,-0.0,2.0,20.012001037597656,0.0,0.19094730913639069,0.26457276940345764,9.138534545898438,0.00042744725942611694,0.0010146759450435638,0.0006618062034249306,26.885927200317383,35.138427734375,-82.15131378173828
2.854520082473755,0,0.0,-1.5414283107572988e-44,-0.0,2.3541814200656927e-43,2.004000186920166,2944.0,-0.0,2.0,20.00400161743164,0.0,0.19932745397090912,0.2813330292701721,9.15709114074707,-0.00023835152387619019,0.0006151963025331497,-0.0008029546588659286,28.831619262695312,36.38069534301758,-83.3443832397461
2.874696731567383,0,0.0,-1.5414283107572988e-44,-0.0,2.3541814200656927e-43,2.008000135421753,2972.0,-0.0,2.0,20.016000747680664,0.0,0.19753170013427734,0.28791743516921997,9.15589427947998,-0.0009041521698236465,-0.000716404989361763,-0.0008029546588659286,26.885927200317383,36.558162689208984,-83.17394256591797
2.8949174880981445,0,0.0,-1.5414283107572988e-44,-0.0,2.3541814200656927e-43,2.008000135421753,2944.0,-0.0,2.0,20.016000747680664,0.0,0.19872887432575226,0.2669670879840851,9.163076400756836,-0.0003715120255947113,0.0002157166600227356,0.00012916605919599533,26.001522064208984,36.025760650634766,-81.29911804199219
2.9151954650878906,0,0.0,-1.5414283107572988e-44,-0.0,2.3541814200656927e-43,2.004000186920166,2948.0,-0.0,2.0,20.00400161743164,0.0,0.20291893184185028,0.27175575494766235,9.142126083374023,0.00029428862035274506,0.0004820358008146286,0.00012916605919599533,27.062808990478516,34.960960388183594,-82.3217544555664
2.9354774951934814,0,0.0,-1.5414283107572988e-44,-0.0,2.3541814200656927e-43,2.004000186920166,2948.0,-0.0,2.0,20.012001037597656,0.0,0.21070048213005066,0.26457276940345764,9.15709114074707,-0.0006378330290317535,0.0006151963025331497,0.00012916605919599533,28.124095916748047,36.025760650634766,-81.98087310791016
2.9557127952575684,0,0.0,-1.5414283107572988e-44,-0.0,2.3541814200656927e-43,2.0240001678466797,2944.0,-0.0,2.0,20.012001037597656,0.0,0.20770758390426636,0.281931608915329,9.150506973266602,-0.0001051928848028183,0.000881517305970192,0.0006618062034249306,27.947214126586914,35.848297119140625,-82.15131378173828
2.975864887237549,0,0.0,-1.5414283107572988e-44,-0.0,2.3541814200656927e-43,2.0160000324249268,2956.0,-0.0,2.0,20.00800132751465,0.0,0.20351751148700714,0.2861216962337494,9.153499603271484,2.796761691570282e-05,0.0004820358008146286,0.0010612867772579193,28.124095916748047,37.44549560546875,-81.63999938964844
2.9961884021759033,0,0.0,-1.5414283107572988e-44,-0.0,2.3541814200656927e-43,2.004000186920166,2944.0,-0.0,2.0,20.016000747680664,0.0,0.2202777862548828,0.27055856585502625,9.15828800201416,0.0012264084070920944,0.0007483568042516708,0.0007949657738208771,28.654739379882812,36.20322799682617,-81.81044006347656
3.0163676738739014,0,0.0,-1.5414283107572988e-44,-0.0,2.3541814200656927e-43,2.004000186920166,3040.0,-0.0,2.0,20.012001037597656,0.0,0.1981302797794342,0.25858697295188904,9.136140823364258,0.00029428862035274506,-0.0005832444876432419,-3.994442522525787e-06,28.124095916748047,35.67082977294922,-83.3443832397461
3.0365395545959473,0,0.0,-1.5414283107572988e-44,-0.0,2.3541814200656927e-43,2.004000186920166,2944.0,-0.0,2.0,20.00400161743164,0.0,0.19693312048912048,0.2699599862098694,9.157690048217773,0.0012264084070920944,0.000881517305970192,0.0006618062034249306,28.47785758972168,35.315895080566406,-82.3217544555664
3.057523488998413,0,0.0,-1.5414283107572988e-44,-0.0,2.3541814200656927e-43,2.008000135421753,2948.0,-0.0,2.0,20.012001037597656,0.0,0.2071090042591095,0.2472139149904251,9.149309158325195,-0.00023835152387619019,-0.0005832444876432419,0.0015939269214868546,25.824642181396484,36.20322799682617,-81.81044006347656
3.0781266689300537,0,0.0,-1.5414283107572988e-44,-0.0,2.3541814200656927e-43,2.004000186920166,2968.0,-0.0,2.0,20.00800132751465,0.0,0.21429197490215302,0.25738978385925293,9.163675308227539,0.0012264084070920944,8.255615830421448e-05,-0.0001371540129184723,26.53216552734375,36.20322799682617,-82.4921875
3.0973713397979736,0,0.0,-1.5414283107572988e-44,-0.0,2.3541814200656927e-43,2.008000135421753,2944.0,-0.0,2.0,20.00400161743164,0.0,0.21249623596668243,0.2591855525970459,9.157690048217773,-0.0003715120255947113,0.001147836446762085,0.0011944463476538658,27.41657066345215,35.315895080566406,-81.98087310791016
3.1185154914855957,0,0.0,-1.5414283107572988e-44,-0.0,2.3541814200656927e-43,2.004000186920166,3100.0,-0.0,2.0,20.076000213623047,0.0,0.21728487312793732,0.2651713490486145,9.139732360839844,-0.0001051928848028183,0.0002157166600227356,-0.0008029546588659286,28.124095916748047,36.025760650634766,-82.66262817382812
3.137925148010254,0,0.0,-1.5414283107572988e-44,-0.0,2.3541814200656927e-43,2.004000186920166,2952.0,-0.0,2.0,20.00800132751465,0.0,0.19693312048912048,0.25679120421409607,9.134345054626465,0.00029428862035274506,0.000881517305970192,-3.994442522525787e-06,26.53216552734375,35.49336242675781,-82.83306884765625
3.158083200454712,0,0.0,-1.5414283107572988e-44,-0.0,2.3541814200656927e-43,2.01200008392334,2956.0,-0.0,2.0,20.00800132751465,0.0,0.20591184496879578,0.26756566762924194,9.13793659210205,-0.0010373126715421677,-5.060434341430664e-05,-0.000536634586751461,27.947214126586914,35.67082977294922,-82.66262817382812
3.1784815788269043,0,0.0,-1.5414283107572988e-44,-0.0,2.3541814200656927e-43,2.004000186920166,2964.0,-0.0,2.0,20.00400161743164,0.0,0.18077144026756287,0.27774155139923096,9.154098510742188,-0.0011704731732606888,0.0002157166600227356,-0.0008029546588659286,26.53216552734375,35.49336242675781,-82.15131378173828
3.198928117752075,0,0.0,-1.5414283107572988e-44,-0.0,2.3541814200656927e-43,2.004000186920166,2952.0,-0.0,2.0,20.02400016784668,0.0,0.21129906177520752,0.2789387106895447,9.151703834533691,0.00016112811863422394,-0.000716404989361763,0.0009281262755393982,26.001522064208984,34.60602951049805,-83.3443832397461
3.219012975692749,0,0.0,-1.5414283107572988e-44,-0.0,2.3541814200656927e-43,2.004000186920166,3060.0,-0.0,2.0,20.012001037597656,0.0,0.2130948156118393,0.2651713490486145,9.125965118408203,2.796761691570282e-05,-0.00045008398592472076,-0.0004034740850329399,26.53216552734375,35.138427734375,-81.81044006347656
3.2390921115875244,0,0.0,-1.5414283107572988e-44,-0.0,2.3541814200656927e-43,2.004000186920166,2948.0,-0.0,2.0,20.012001037597656,0.0,0.19094730913639069,0.27055856585502625,9.174449920654297,-0.00023835152387619019,-0.000982724130153656,-0.000536634586751461,27.770334243774414,35.67082977294922,-83.3443832397461
3.259446144104004,0,0.0,-1.5414283107572988e-44,-0.0,2.3541814200656927e-43,2.004000186920166,2948.0,-0.0,2.0,20.02400016784668,0.0,0.20591184496879578,0.2699599862098694,9.142126083374023,0.0006937682628631592,0.001147836446762085,0.0011944463476538658,27.770334243774414,37.0905647277832,-82.3217544555664
3.279768943786621,0,0.0,-1.5414283107572988e-44,-0.0,2.3541814200656927e-43,2.008000135421753,2964.0,-0.0,2.0,20.00800132751465,0.0,0.20950332283973694,0.27953729033470154,9.15948486328125,-0.00023835152387619019,0.000881517305970192,0.0005286457017064095,26.53216552734375,34.78349304199219,-82.15131378173828
3.299992322921753,0,0.0,-1.5414283107572988e-44,-0.0,2.3541814200656927e-43,2.004000186920166,2944.0,-0.0,2.0,20.00800132751465,0.0,0.20351751148700714,0.25379830598831177,9.156492233276367,0.00016112811863422394,-0.0008495636284351349,0.00012916605919599533,26.709047317504883,34.960960388183594,-83.00350189208984
3.3201653957366943,0,0.0,-1.5414283107572988e-44,-0.0,2.3541814200656927e-43,2.008000135421753,3052.0,-0.0,2.0,20.00800132751465,0.0,0.20471467077732086,0.2502068281173706,9.154696464538574,-0.0001051928848028183,0.0022131167352199554,0.00026232562959194183,26.885927200317383,37.268028259277344,-82.83306884765625
3.340306520462036,0,0.0,-1.5414283107572988e-44,-0.0,2.3541814200656927e-43,2.008000135421753,2944.0,-0.0,2.0,20.016000747680664,0.0,0.19334164261817932,0.26876282691955566,9.165471076965332,-0.0007709935307502747,0.001147836446762085,0.0009281262755393982,26.355283737182617,35.315895080566406,-81.63999938964844
3.360682487487793,0,0.0,-1.5414283107572988e-44,-0.0,2.3541814200656927e-43,2.008000135421753,2948.0,-0.0,2.0,20.016000747680664,0.0,0.18795441091060638,0.24481959640979767,9.127760887145996,0.00016112811863422394,0.0004820358008146286,0.0006618062034249306,26.709047317504883,37.44549560546875,-83.00350189208984
3.3809332847595215,0,0.0,-1.5414283107572988e-44,-0.0,2.3541814200656927e-43,2.004000186920166,2972.0,-0.0,2.0,20.00400161743164,0.0,0.21967920660972595,0.2753472328186035,9.178640365600586,0.0005606077611446381,0.0004820358008146286,0.0005286457017064095,27.59345245361328,34.78349304199219,-82.83306884765625
3.4011659622192383,0,0.0,-1.5414283107572988e-44,-0.0,2.3541814200656927e-43,2.004000186920166,2944.0,-0.0,2.0,20.016000747680664,0.0,0.21848203241825104,0.2771429717540741,9.151104927062988,-0.0001051928848028183,-0.00031692348420619965,0.00039548613131046295,27.41657066345215,36.025760650634766,-82.3217544555664
3.421410322189331,0,0.0,-1.5414283107572988e-44,-0.0,2.3541814200656927e-43,2.004000186920166,2964.0,-0.0,2.0,20.012001037597656,0.0,0.20591184496879578,0.25439688563346863,9.151703834533691,-0.0005046725273132324,0.0003488771617412567,-0.000536634586751461,27.41657066345215,34.960960388183594,-81.98087310791016
3.441582202911377,0,0.0,-1.5414283107572988e-44,-0.0,2.3541814200656927e-43,2.004000186920166,2944.0,-0.0,2.0,20.016000747680664,0.0,0.1921444833278656,0.27654439210891724,9.163675308227539,0.0014927294105291367,0.0004820358008146286,0.00026232562959194183,26.355283737182617,34.251094818115234,-83.68525695800781
3.461829900741577,0,0.00014585600001737475,0.0014749545371159911,3.0,69.51154327392578,2.004000186920166,2944.0,-0.0,3.0,20.012001037597656,0.00014585600001737475,0.21070048213005066,0.22865791618824005,9.143921852111816,-0.0003715120255947113,0.0007483568042516708,-0.0002703145146369934,28.47785758972168,35.315895080566406,-83.00350189208984
3.4835205078125,0,0.009246720001101494,0.08478369563817978,3.0,57.20246124267578,2.0160000324249268,2952.0,-0.0,3.0,20.00400161743164,0.009100863710045815,0.21369339525699615,0.32562801241874695,9.160682678222656,-0.0030347146093845367,-0.0012490451335906982,0.00026232562959194183,25.117116928100586,35.138427734375,-81.1286849975586
3.5024333000183105,0,0.02667238377034664,0.22575543820858002,3.0,56.19825744628906,2.0160000324249268,2948.0,-0.0,3.0,20.016000747680664,0.017425663769245148,0.41481658816337585,2.086652994155884,10.954629898071289,-0.021144485101103783,-0.029478982090950012,-0.0002703145146369934,26.53216552734375,35.848297119140625,-80.78780364990234
3.5225560665130615,0,0.035715457051992416,0.2639802396297455,3.0,67.35590362548828,2.004000186920166,2988.0,-0.0,3.0,20.016000747680664,0.0090430723503232,0.39865490794181824,4.166123390197754,7.187160968780518,0.18285676836967468,-0.00870600901544094,0.0065208496525883675,24.232711791992188,35.67082977294922,-80.61737060546875
3.542865514755249,0,0.037432704120874405,0.23201745748519897,3.0,70.21768951416016,2.004000186920166,2944.0,-0.0,3.0,20.00800132751465,0.0017172480002045631,0.3274237811565399,3.5376131534576416,9.37677001953125,0.030921105295419693,0.04735438525676727,-0.010656801052391529,25.29399871826172,34.960960388183594,-81.63999938964844
3.563032865524292,0,0.03825004771351814,0.19788362085819244,3.0,69.50370788574219,2.008000135421753,2948.0,-0.0,3.0,20.016000747680664,0.0008173440000973642,0.09337862581014633,1.870565414428711,9.966971397399902,-0.10556797683238983,-0.013899251818656921,-0.015850044786930084,26.178403854370117,34.78349304199219,-81.81044006347656
3.583268165588379,0,0.04197900742292404,0.19665946066379547,3.0,64.8790283203125,2.004000186920166,2948.0,-0.0,3.0,20.00400161743164,0.0037289599422365427,0.2609812915325165,1.2648015022277832,9.030191421508789,-0.03832213580608368,-0.01176869124174118,-0.003732476383447647,26.53216552734375,34.78349304199219,-81.1286849975586
3.6035454273223877,0,0.050135936588048935,0.23495319485664368,3.0,62.116783142089844,2.01200008392334,2952.0,-0.0,3.0,20.036001205444336,0.008156928233802319,0.3393953740596771,1.5982110500335693,8.748858451843262,-0.021677125245332718,-0.028813179582357407,-0.01332000270485878,25.64776039123535,36.38069534301758,-82.66262817382812
3.6239194869995117,0,0.058400191366672516,0.2661912441253662,3.0,64.05821228027344,2.01200008392334,2960.0,-0.0,3.0,20.012001037597656,0.008264255709946156,0.2639741897583008,2.6080172061920166,8.611783981323242,0.030122146010398865,-0.016296133399009705,-0.0117220813408494,24.58647346496582,33.89616012573242,-81.63999938964844
3.6440587043762207,0,0.06444358080625534,0.2726941704750061,3.0,64.87094116210938,2.008000135421753,2956.0,-0.0,3.0,20.00400161743164,0.0060433922335505486,0.34777551889419556,2.7845983505249023,8.881145477294922,0.03371746838092804,-0.02934582158923149,-0.010390480048954487,24.940235137939453,36.38069534301758,-80.2764892578125
3.664222240447998,0,0.07105113565921783,0.28241899609565735,3.0,63.17320251464844,2.01200008392334,2952.0,-0.0,3.0,20.00800132751465,0.00660755205899477,0.3842889666557312,1.6610621213912964,9.512049674987793,-0.03499313443899155,0.02018972858786583,-0.011855240911245346,25.47087860107422,33.718692779541016,-82.15131378173828
3.6846976280212402,0,0.07993184030056,0.3128121793270111,3.0,60.947166442871094,2.008000135421753,2956.0,-0.0,3.0,20.00800132751465,0.008880703710019588,0.1951373815536499,1.4749033451080322,9.373178482055664,-0.04631173983216286,-0.0025806445628404617,-0.015051083639264107,27.41657066345215,35.315895080566406,-81.98087310791016
3.7047653198242188,0,0.09073619544506073,0.35364416241645813,3.0,59.45747375488281,2.0199999809265137,2952.0,-0.0,3.0,20.012001037597656,0.010804352350533009,0.29869186878204346,2.2255239486694336,8.634530067443848,0.021599899977445602,-0.023619938641786575,-0.015450563281774521,25.29399871826172,36.38069534301758,-80.61737060546875
3.72507905960083,0,0.1018570214509964,0.38923636078834534,3.0,59.421791076660156,2.008000135421753,2972.0,-0.0,3.0,20.012001037597656,0.011120831593871117,0.5471029877662659,2.208164930343628,8.329852104187012,0.06048264726996422,0.004476839676499367,-0.0025340355932712555,25.117116928100586,34.78349304199219,-82.83306884765625
3.7452452182769775,0,0.11238342523574829,0.4144856333732605,3.0,59.61872482299805,2.008000135421753,2948.0,-0.0,3.0,20.00400161743164,0.010526400059461594,0.33460673689842224,2.1351382732391357,9.920281410217285,0.021067261695861816,0.014330685138702393,-0.02051064744591713,25.64776039123535,37.44549560546875,-81.63999938964844
3.7654335498809814,0,0.12385926395654678,0.4428870975971222,3.0,57.84066390991211,2.008000135421753,2976.0,-0.0,3.0,20.00400161743164,0.011475839652121067,0.13647645711898804,2.2740089893341064,9.783804893493652,-0.01967972330749035,0.013265403918921947,-0.03369349613785744,27.41657066345215,36.38069534301758,-81.29911804199219
3.7859089374542236,0,0.1369285136461258,0.4813595712184906,3.0,55.91967010498047,2.008000135421753,2944.0,-0.0,3.0,20.012001037597656,0.01306924782693386,0.5195682644844055,1.6748294830322266,9.653314590454102,-0.03139781206846237,0.009004281833767891,-0.04434629902243614,25.824642181396484,35.848297119140625,-82.83306884765625
3.805973768234253,0,0.1516076773405075,0.526766300201416,3.0,54.687049865722656,2.004000186920166,2944.0,-0.0,3.0,20.00400161743164,0.014679168350994587,0.7296701669692993,1.5700777769088745,9.4635648727417,0.016007177531719208,0.01726020686328411,-0.060192350298166275,26.355283737182617,35.67082977294922,-81.29911804199219
3.8262994289398193,0,0.16685375571250916,0.568103551864624,3.0,54.041709899902344,2.004000186920166,2968.0,-0.0,3.0,20.00400161743164,0.015246080234646797,0.44773852825164795,1.7382789850234985,8.615973472595215,0.039310190826654434,-0.02215517684817314,-0.07830212265253067,25.117116928100586,35.848297119140625,-82.4921875
3.846473455429077,0,0.18191270530223846,0.6021721959114075,3.0,54.03057861328125,2.01200008392334,2948.0,-0.0,3.0,20.012001037597656,0.015058944001793861,-0.1101388931274414,2.9150891304016113,8.480694770812988,-0.00649687647819519,-0.018693014979362488,-0.09614557027816772,25.824642181396484,35.848297119140625,-82.4921875
3.866636276245117,0,0.19814950227737427,0.6371980905532837,3.0,52.57884979248047,2.008000135421753,3060.0,-0.0,3.0,20.012001037597656,0.0162368007004261,0.1711941510438919,2.2787976264953613,8.046723365783691,-0.03912109509110451,0.005009479820728302,-0.08216376602649689,25.117116928100586,36.20322799682617,-81.81044006347656
3.88693904876709,0,0.2148238718509674,0.6753765344619751,3.0,50.82970428466797,2.008000135421753,2944.0,-0.0,3.0,20.012001037597656,0.01667436771094799,0.766183614730835,1.4030736684799194,9.83288860321045,0.01946933940052986,0.022852929309010506,-0.052868545055389404,25.47087860107422,35.848297119140625,-81.81044006347656
3.907158136367798,0,0.23307238519191742,0.7177811861038208,3.0,49.600154876708984,2.01200008392334,2956.0,-0.0,3.0,20.00400161743164,0.018248511478304863,-0.13587787747383118,2.5631234645843506,8.022780418395996,0.023730460554361343,0.008604801259934902,-0.05353434383869171,23.878948211669922,36.38069534301758,-83.00350189208984
3.9275054931640625,0,0.2518410384654999,0.7563896179199219,3.0,49.111549377441406,2.004000186920166,2968.0,-0.0,3.0,20.00800132751465,0.018768640235066414,0.5878064632415771,1.969929814338684,8.996671676635742,-0.0030347146093845367,0.034970495849847794,-0.055798064917325974,25.47087860107422,35.49336242675781,-81.81044006347656
3.947854518890381,0,0.2706592082977295,0.7907311320304871,3.0,48.14308166503906,2.004000186920166,2944.0,-0.0,3.0,20.012001037597656,0.018818175420165062,-0.23284797370433807,2.5242156982421875,7.9174299240112305,-0.0006378330290317535,-0.015364013612270355,-0.04700950160622597,26.709047317504883,37.44549560546875,-81.29911804199219
3.968082904815674,0,0.291535884141922,0.8314160704612732,3.0,45.87513732910156,2.004000186920166,3120.0,-0.0,3.0,20.14000129699707,0.020876672118902206,0.6087567806243896,1.254027009010315,7.247019290924072,0.019602499902248383,-0.011502370238304138,-0.05633070692420006,26.53216552734375,37.97789764404297,-82.15131378173828
3.9888949394226074,0,0.31268224120140076,0.8761221766471863,3.0,44.48432159423828,2.004000186920166,2944.0,-0.0,3.0,20.00400161743164,0.021146368235349655,0.5147795677185059,1.5347615480422974,11.13599967956543,0.04570187255740166,0.055876631289720535,-0.06498611718416214,26.355283737182617,36.73563003540039,-81.63999938964844
4.008543491363525,0,0.33539173007011414,0.922487735748291,3.0,43.03319549560547,2.0160000324249268,2948.0,-0.0,3.0,20.00400161743164,0.022709503769874573,-0.13946935534477234,2.710374355316162,8.847624778747559,-0.014486480504274368,-0.000716404989361763,-0.09135180711746216,25.47087860107422,36.9130973815918,-79.76517486572266
4.03038477897644,0,0.35869842767715454,0.9649670124053955,3.0,42.007179260253906,2.004000186920166,2960.0,-0.0,3.0,20.00400161743164,0.02330668829381466,0.22267210483551025,2.497279644012451,9.954401016235352,-0.04551278054714203,0.06679575145244598,-0.12370970845222473,24.409591674804688,37.268028259277344,-79.76517486572266
4.049043416976929,0,0.38249221444129944,1.0065501928329468,3.0,40.938194274902344,2.008000135421753,2952.0,-0.0,3.0,20.00400161743164,0.023793792352080345,0.5961865782737732,2.2267210483551025,8.918855667114258,0.06394480168819427,-0.024552058428525925,-0.12530763447284698,24.940235137939453,36.73563003540039,-81.29911804199219
4.069198131561279,0,0.40712812542915344,1.0425134897232056,3.0,41.036399841308594,2.004000186920166,3052.0,-0.0,3.0,20.00800132751465,0.024635903537273407,0.9068500995635986,2.196791887283325,8.109574317932129,-0.06615258753299713,-0.011369209736585617,-0.10000721365213394,25.29399871826172,36.73563003540039,-80.61737060546875
4.089542388916016,0,0.4304760992527008,1.069394826889038,3.0,40.49689865112305,2.008000135421753,2956.0,-0.0,3.0,20.00800132751465,0.023347968235611916,0.4405555725097656,1.9830986261367798,10.881004333496094,-0.07334323227405548,0.0022131167352199554,-0.08216376602649689,25.47087860107422,36.9130973815918,-80.78780364990234
4.109795570373535,0,0.45536792278289795,1.1008628606796265,3.0,37.9434700012207,2.0160000324249268,2952.0,-0.0,3.0,20.00800132751465,0.024891840294003487,0.6757978796958923,1.9358106851577759,8.028765678405762,0.04916403815150261,-0.06396744400262833,-0.05113746225833893,27.23969078063965,37.97789764404297,-82.83306884765625
4.1300013065338135,0,0.48260998725891113,1.14652419090271,3.0,35.032127380371094,2.004000186920166,2964.0,-0.0,3.0,20.00800132751465,0.02724204771220684,0.47766757011413574,1.846622109413147,7.229061603546143,0.05728680267930031,0.048552826046943665,-0.023839648813009262,26.709047317504883,37.80043029785156,-82.66262817382812
4.150244474411011,0,0.5108565092086792,1.1959186792373657,3.0,34.07567596435547,2.0160000324249268,2948.0,-0.0,3.0,20.02800178527832,0.028246527537703514,0.7057269215583801,1.8514107465744019,8.948784828186035,-0.06402203440666199,0.008737961761653423,-0.05233590304851532,25.29399871826172,37.0905647277832,-83.3443832397461
4.1704261302948,0,0.5395708680152893,1.2371684312820435,3.0,33.33258056640625,2.008000135421753,2952.0,-0.0,3.0,20.012001037597656,0.028714368119835854,0.11133605241775513,2.003450393676758,9.142724990844727,-0.02181028574705124,0.024850331246852875,-0.08203060179948807,25.29399871826172,37.80043029785156,-81.63999938964844
4.1908369064331055,0,0.5680513381958008,1.2720589637756348,3.0,32.44165802001953,2.008000135421753,2956.0,-0.0,3.0,20.00400161743164,0.028480447828769684,0.27055856585502625,2.287776231765747,10.257283210754395,0.018803540617227554,0.042294301092624664,-0.09428133070468903,24.232711791992188,37.80043029785156,-81.29911804199219
4.211071014404297,0,0.5976821184158325,1.3098185062408447,3.0,30.767822265625,2.008000135421753,2948.0,-0.0,3.0,20.032001495361328,0.029630783945322037,0.1370750367641449,1.5664862394332886,7.232054710388184,-0.001703113317489624,0.021654488518834114,-0.09401500970125198,26.355283737182617,39.930030822753906,-81.98087310791016
4.231244802474976,0,0.6284439563751221,1.3483476638793945,3.0,29.269474029541016,2.004000186920166,2972.0,-0.0,3.0,20.012001037597656,0.030761856585741043,0.41062650084495544,1.7508492469787598,11.126421928405762,0.020800940692424774,0.055743470788002014,-0.09761033207178116,26.53216552734375,38.33283233642578,-81.46955871582031
4.251594066619873,0,0.65981125831604,1.3900995254516602,3.0,27.239028930664062,2.0160000324249268,2948.0,-0.0,3.0,20.036001205444336,0.03136729449033737,0.017957428470253944,2.0639071464538574,8.017991065979004,0.057952601462602615,-0.03427274525165558,-0.11878278106451035,25.47087860107422,39.04269790649414,-82.83306884765625
4.271758794784546,0,0.6932452917098999,1.4380226135253906,3.0,25.272869110107422,2.008000135421753,2968.0,-0.0,3.0,20.012001037597656,0.03343404829502106,0.13827219605445862,1.8585938215255737,8.735091209411621,0.011213414371013641,-0.02401941642165184,-0.10559993982315063,24.940235137939453,38.51029586791992,-82.3217544555664
4.291942119598389,0,0.7268720269203186,1.484283447265625,3.0,23.721508026123047,2.004000186920166,2944.0,-0.0,3.0,20.00800132751465,0.03362668678164482,0.7787537574768066,2.1758415699005127,9.15589427947998,-0.005964235402643681,0.014730164781212807,-0.1322319507598877,24.763355255126953,37.97789764404297,-82.83306884765625
4.312305212020874,0,0.7618719339370728,1.5239537954330444,3.0,23.716733932495117,2.004000186920166,2956.0,-0.0,3.0,20.02800178527832,0.03499993681907654,0.09397720545530319,2.806147336959839,9.438424110412598,-0.03246309235692024,0.09169669449329376,-0.09215077012777328,25.64776039123535,37.44549560546875,-84.02613830566406
4.332539319992065,0,0.7943152785301208,1.5488770008087158,3.0,23.090482711791992,2.004000186920166,2948.0,-0.0,3.0,20.012001037597656,0.0324433296918869,-0.025738980621099472,2.129152297973633,8.443582534790039,-0.1365942806005478,-0.02907950058579445,-0.0703125149011612,26.178403854370117,39.39763259887695,-82.4921875
4.352845907211304,0,0.8287262916564941,1.5799229145050049,3.0,20.033958435058594,2.008000135421753,2948.0,-0.0,3.0,20.00400161743164,0.03441100940108299,0.43576690554618835,1.0660725831985474,9.59525203704834,0.029323186725378036,-0.09739062190055847,-0.040750980377197266,27.41657066345215,37.80043029785156,-83.3443832397461
4.373018741607666,0,0.866313099861145,1.6313738822937012,3.0,16.947650909423828,2.004000186920166,2968.0,-0.0,3.0,20.00800132751465,0.037586815655231476,0.26457276940345764,2.283586263656616,11.713629722595215,0.12453263998031616,0.007406360469758511,-0.0440799780189991,25.29399871826172,40.28496551513672,-83.00350189208984
4.393162727355957,0,0.9044337868690491,1.6827565431594849,3.0,16.445846557617188,2.004000186920166,2948.0,-0.0,3.0,20.00800132751465,0.038120705634355545,0.6865723133087158,2.2752060890197754,8.327457427978516,-0.03352837264537811,-0.004977526143193245,-0.0628555491566658,26.885927200317383,37.97789764404297,-82.4921875
4.413552284240723,0,0.9421939849853516,1.7186607122421265,3.0,15.931320190429688,2.0160000324249268,2952.0,-0.0,3.0,20.012001037597656,0.03776019066572189,1.1827958822250366,1.8244746923446655,8.502243041992188,0.014941897243261337,0.05907247215509415,-0.047808460891246796,25.117116928100586,38.33283233642578,-82.15131378173828
4.434359788894653,0,0.9800477623939514,1.7506762742996216,3.0,14.151290893554688,2.004000186920166,2944.0,-0.0,3.0,20.00400161743164,0.03785375878214836,0.13527928292751312,2.3153109550476074,9.291172981262207,0.023996781557798386,0.1012842133641243,-0.059260230511426926,27.23969078063965,38.68776321411133,-82.15131378173828
4.4538843631744385,0,1.019613265991211,1.7914495468139648,3.0,11.289436340332031,2.008000135421753,2944.0,-0.0,3.0,20.00400161743164,0.03956550359725952,-0.23584088683128357,1.2043448686599731,8.930229187011719,0.004022769629955292,0.04309326410293579,-0.06645087152719498,27.41657066345215,39.57509994506836,-84.7078857421875
4.474524736404419,0,1.060973048210144,1.8384987115859985,3.0,9.327877044677734,2.004000186920166,2968.0,-0.0,3.0,20.00400161743164,0.041359808295965195,-0.3411911129951477,2.4811179637908936,9.628173828125,-0.04151797667145729,-0.07302232831716537,-0.09228392690420151,25.64776039123535,39.22016525268555,-83.00350189208984
4.494419574737549,0,1.1025006771087646,1.8838400840759277,3.0,7.885532379150391,2.0160000324249268,2944.0,-0.0,3.0,20.00400161743164,0.041527681052684784,0.5560816526412964,3.047974109649658,9.397720336914062,0.011879213154315948,-0.051184073090553284,-0.0791010782122612,26.001522064208984,40.28496551513672,-83.3443832397461
4.514751434326172,0,1.1438935995101929,1.9167648553848267,3.0,7.843631744384766,2.004000186920166,2944.0,-0.0,3.0,20.00400161743164,0.04139283299446106,-0.13527928292751312,2.8223090171813965,10.14534854888916,-0.01675020158290863,0.1381695568561554,-0.04993902146816254,26.001522064208984,38.865230560302734,-83.3443832397461
4.534876346588135,0,1.1852670907974243,1.9444844722747803,3.0,6.345752716064453,2.004000186920166,2952.0,-0.0,3.0,20.00400161743164,0.04137356951832771,-0.12450483441352844,1.8615866899490356,9.52940845489502,-0.09238512814044952,-0.06103792041540146,-0.05952654778957367,26.53216552734375,39.39763259887695,-82.15131378173828
4.555069446563721,0,1.2274030447006226,1.972553014755249,3.0,5.512508392333984,2.0360000133514404,2952.0,-0.0,3.0,20.00800132751465,0.042135871946811676,0.39087334275245667,1.529972791671753,9.933450698852539,0.03771226853132248,-0.17116129398345947,-0.06072498857975006,26.355283737182617,38.51029586791992,-83.00350189208984
4.575475454330444,0,1.2687792778015137,1.9870893955230713,3.0,5.518302917480469,2.0160000324249268,2964.0,-0.0,3.0,20.00800132751465,0.04137631878256798,0.7452332377433777,1.6790194511413574,6.987833499908447,0.05142775550484657,-0.05904051661491394,-0.05313486605882645,27.770334243774414,39.930030822753906,-83.00350189208984
4.597127914428711,0,1.3090052604675293,1.9943935871124268,3.0,5.041370391845703,2.004000186920166,2948.0,-0.0,3.0,20.00800132751465,0.040225982666015625,1.1612470149993896,1.0301578044891357,10.329710960388184,-0.04537962004542351,0.11832870543003082,-0.0459442213177681,29.362262725830078,38.68776321411133,-82.83306884765625
4.616030693054199,0,1.3493523597717285,1.9944812059402466,3.0,4.295200347900391,2.004000186920166,2988.0,-0.0,3.0,20.00400161743164,0.04034707322716713,-0.46270304918289185,0.4854491353034973,10.279430389404297,-0.02487296611070633,0.14109908044338226,-0.09627873450517654,27.770334243774414,40.994834899902344,-83.00350189208984
4.636812686920166,0,1.3887032270431519,1.9932160377502441,3.0,3.7961654663085938,2.0160000324249268,2948.0,-0.0,3.0,20.012001037597656,0.03935084864497185,-0.7224871516227722,0.09517436474561691,9.320503234863281,0.0036232899874448776,-0.02921266108751297,-0.09667821228504181,26.885927200317383,39.7525634765625,-82.83306884765625
4.656553745269775,0,1.428106427192688,1.989267349243164,3.0,3.0287322998046875,2.004000186920166,2948.0,-0.0,3.0,20.02400016784668,0.03940313681960106,-0.46868887543678284,0.10415308177471161,9.81134033203125,-0.01049167849123478,-0.08034612983465195,-0.1034693717956543,27.23969078063965,41.5272331237793,-84.19657135009766
4.677530288696289,0,1.4672287702560425,1.9790693521499634,3.0,3.3028526306152344,2.004000186920166,2968.0,-0.0,3.0,20.00400161743164,0.039122432470321655,0.2753472328186035,0.12031476944684982,9.903521537780762,-0.0778706818819046,0.12192402780056,-0.1697831004858017,28.47785758972168,41.34976577758789,-83.68525695800781
4.69693660736084,0,1.504832148551941,1.964508056640625,3.0,2.879383087158203,2.004000186920166,2948.0,-0.0,3.0,20.00400161743164,0.03760332614183426,-0.47587183117866516,0.19753170013427734,8.629741668701172,-0.08932244777679443,0.08304128050804138,-0.15020857751369476,29.008501052856445,40.462432861328125,-83.85569763183594
4.717200040817261,0,1.5432583093643188,1.9463186264038086,3.0,2.2067222595214844,2.0160000324249268,3092.0,-0.0,3.0,20.06800079345703,0.038426175713539124,-0.3453812003135681,-0.21429197490215302,11.053994178771973,-0.021277645602822304,-0.0907326191663742,-0.1097278967499733,30.24666976928711,40.994834899902344,-83.3443832397461
4.737311124801636,0,1.5800278186798096,1.9361114501953125,3.0,0.570892333984375,2.004000186920166,2956.0,-0.0,3.0,20.012001037597656,0.03676947206258774,0.7488247156143188,-1.0493123531341553,9.535992622375488,0.1660785973072052,-0.13108012080192566,-0.0853596031665802,28.654739379882812,42.23710250854492,-84.19657135009766
4.75769829750061,0,1.6191391944885254,1.9393223524093628,3.0,-1.488006591796875,2.01200008392334,2952.0,-0.0,3.0,20.00400161743164,0.0391114242374897,0.9337862730026245,-0.9673067927360535,5.05741024017334,0.11361351609230042,0.004476839676499367,-0.13702572882175446,28.300975799560547,40.81736755371094,-83.85569763183594
4.778523683547974,0,1.6590486764907837,1.9464584589004517,3.0,-2.2084007263183594,2.0160000324249268,2964.0,-0.0,3.0,20.00400161743164,0.03990950435400009,0.8523792624473572,-0.9930457472801208,9.596449851989746,-0.01208959985524416,0.15028712153434753,-0.13462883234024048,28.124095916748047,40.28496551513672,-83.3443832397461
4.798154830932617,0,1.6975822448730469,1.9456011056900024,3.0,-2.364105224609375,2.008000135421753,2956.0,-0.0,3.0,20.00800132751465,0.03853350505232811,0.3070720136165619,-1.595816731452942,9.131950378417969,0.022132541984319687,0.010868522338569164,-0.14767852425575256,28.831619262695312,40.994834899902344,-84.7078857421875
4.818326950073242,0,1.7369192838668823,1.9391658306121826,3.0,-2.8004074096679688,2.004000186920166,3080.0,-0.0,3.0,20.07200050354004,0.03933708742260933,0.26157987117767334,-0.8763224482536316,8.742873191833496,0.017605099827051163,-0.13480859994888306,-0.16458985209465027,31.131074905395508,39.39763259887695,-84.19657135009766
4.838742733001709,0,1.7736254930496216,1.9291926622390747,3.0,-3.125110626220703,2.0160000324249268,2952.0,-0.0,3.0,20.00400161743164,0.03670617565512657,1.2001547813415527,-0.7769580483436584,10.450624465942383,0.04796559736132622,-0.04572451114654541,-0.14701272547245026,28.831619262695312,40.28496551513672,-84.02613830566406
4.858853816986084,0,1.8104307651519775,1.9129319190979004,3.0,-2.889751434326172,2.0160000324249268,2948.0,-0.0,3.0,20.00800132751465,0.036805249750614166,0.4291825294494629,0.296297550201416,10.810970306396484,-0.08199864625930786,0.10621114075183868,-0.15992926061153412,27.41657066345215,40.28496551513672,-83.00350189208984
4.879220485687256,0,1.8466167449951172,1.8914194107055664,3.0,-3.2301464080810547,2.004000186920166,2972.0,-0.0,3.0,20.00400161743164,0.03618604689836502,0.15144097805023193,-0.5979823470115662,8.33942985534668,-0.1210145503282547,0.016860727220773697,-0.1078636571764946,27.23969078063965,42.23710250854492,-82.4921875
4.899355173110962,0,1.8816800117492676,1.8695721626281738,3.0,-3.887605667114258,2.004000186920166,2952.0,-0.0,3.0,20.00800132751465,0.035063233226537704,-0.6883680820465088,-0.3842889666557312,11.713031768798828,-0.08519448339939117,-0.07595185190439224,-0.08842228353023529,27.770334243774414,39.930030822753906,-82.66262817382812
4.91958475112915,0,1.917510986328125,1.847400426864624,3.0,-3.8309593200683594,2.004000186920166,3032.0,-0.0,3.0,20.012001037597656,0.035831041634082794,0.1101388931274414,-0.7266772389411926,10.047181129455566,0.06487692892551422,-0.09392846375703812,-0.06245607137680054,29.362262725830078,40.462432861328125,-82.15131378173828
4.940094232559204,0,1.9510055780410767,1.8239260911941528,3.0,-3.501924514770508,2.008000135421753,2948.0,-0.0,3.0,20.012001037597656,0.03349459171295166,1.0762485265731812,-1.3851162195205688,6.84118127822876,-0.05070602148771286,0.06519784033298492,-0.08229692280292511,30.069787979125977,41.172298431396484,-82.15131378173828
4.960100173950195,0,1.9845855236053467,1.7973390817642212,3.0,-4.229955673217773,2.008000135421753,2948.0,-0.0,3.0,20.00400161743164,0.033579904586076736,0.26576992869377136,-2.2321083545684814,8.125137329101562,-0.04964074119925499,0.1269841194152832,-0.10932841897010803,30.069787979125977,40.10749816894531,-83.17394256591797
4.980294704437256,0,2.0175325870513916,1.7671313285827637,3.0,-4.0675201416015625,2.004000186920166,2984.0,-0.0,3.0,20.00800132751465,0.03294694423675537,-0.20471467077732086,-2.119575023651123,6.423970699310303,0.06647485494613647,0.009004281833767891,-0.13050086796283722,31.131074905395508,41.88216781616211,-81.81044006347656
5.000664710998535,0,2.0493345260620117,1.738254189491272,3.0,-4.562351226806641,2.008000135421753,2952.0,-0.0,3.0,20.00400161743164,0.031802110373973846,0.5542859435081482,-1.7801796197891235,9.726940155029297,0.05755312368273735,-0.095659539103508,-0.14155316352844238,30.42354965209961,41.5272331237793,-82.4921875
5.020787239074707,0,2.0805258750915527,1.7038003206253052,3.0,-3.7988319396972656,2.01200008392334,2964.0,-0.0,3.0,20.00800132751465,0.03119116835296154,0.666819155216217,-1.574267864227295,9.708383560180664,0.008816532790660858,-0.05664363503456116,-0.16325825452804565,28.47785758972168,42.41456604003906,-81.98087310791016
5.041140794754028,0,2.1109848022460938,1.6733382940292358,3.0,-4.380100250244141,2.008000135421753,2956.0,-0.0,3.0,20.012001037597656,0.03045913577079773,0.4172109067440033,-1.3905035257339478,10.502700805664062,-0.05776350572705269,0.03590261936187744,-0.17883798480033875,28.300975799560547,42.59203338623047,-83.85569763183594
5.06140923500061,0,2.1408166885375977,1.6404824256896973,3.0,-3.7473411560058594,2.008000135421753,2948.0,-0.0,3.0,20.00400161743164,0.02983167953789234,0.1340821236371994,-1.2785688638687134,8.868575096130371,-0.10743221640586853,0.050550226122140884,-0.15553496778011322,29.716026306152344,42.23710250854492,-82.4921875
5.081576347351074,0,2.1697402000427246,1.6057614088058472,3.0,-3.795135498046875,2.008000135421753,2944.0,-0.0,3.0,20.00800132751465,0.0289235208183527,-0.009577294811606407,-1.993274450302124,8.141898155212402,-0.035925254225730896,-0.005776487290859222,-0.1379578411579132,30.069787979125977,43.301902770996094,-81.46955871582031
5.101853847503662,0,2.198176622390747,1.5721951723098755,3.0,-4.2993927001953125,2.01200008392334,2944.0,-0.0,3.0,20.012001037597656,0.028436416760087013,0.20291893184185028,-1.659864902496338,10.042990684509277,0.07899188995361328,-0.017627734690904617,-0.1466132551431656,30.069787979125977,44.01176834106445,-81.1286849975586
5.122045516967773,0,2.2261011600494385,1.5382301807403564,3.0,-4.353126525878906,2.008000135421753,2968.0,-0.0,3.0,20.012001037597656,0.027924543246626854,-0.010774456895887852,-1.000228762626648,8.647698402404785,0.08431829512119293,-0.06303532421588898,-0.1430179327726364,27.770334243774414,45.608970642089844,-81.63999938964844
5.142249345779419,0,2.2530927658081055,1.5061728954315186,3.0,-4.381452560424805,2.008000135421753,2956.0,-0.0,3.0,20.00800132751465,0.026991616934537888,0.7368531227111816,-2.089047431945801,9.787396430969238,-0.001969432458281517,-0.06516588479280472,-0.12757135927677155,28.654739379882812,45.076568603515625,-84.5374526977539
5.162569046020508,0,2.279665946960449,1.4718655347824097,3.0,-3.9031753540039062,2.004000186920166,2956.0,-0.0,3.0,20.00800132751465,0.026573311537504196,0.7248815298080444,-1.7275046110153198,7.9641194343566895,-0.030598850920796394,0.030176734551787376,-0.14714588224887848,28.124095916748047,43.4793701171875,-83.00350189208984
5.183527231216431,0,2.3051908016204834,1.4389430284500122,3.0,-3.948404312133789,2.004000186920166,2952.0,-0.0,3.0,20.00800132751465,0.025524800643324852,0.7386488914489746,-1.6778223514556885,10.926496505737305,0.013343974947929382,0.09435988962650299,-0.1572660505771637,30.069787979125977,44.72163772583008,-83.85569763183594
5.203099966049194,0,2.3303632736206055,1.4064089059829712,3.0,-4.148586273193359,2.008000135421753,2944.0,-0.0,3.0,20.012001037597656,0.02517254464328289,0.47168177366256714,-1.058889627456665,8.472912788391113,0.033317986875772476,0.0456233024597168,-0.16885098814964294,30.42354965209961,46.1413688659668,-84.19657135009766
5.223285436630249,0,2.3550240993499756,1.372949481010437,3.0,-4.229211807250977,2.008000135421753,2972.0,-0.0,3.0,20.00400161743164,0.02466067112982273,0.30767059326171875,-1.3851162195205688,9.179837226867676,0.019868820905685425,0.041362181305885315,-0.16139401495456696,28.831619262695312,46.3188362121582,-83.68525695800781
5.243446588516235,0,2.3787543773651123,1.3413084745407104,3.0,-4.337985992431641,2.008000135421753,2956.0,-0.0,3.0,20.00800132751465,0.02373049594461918,0.234045147895813,-1.4054679870605469,9.56113338470459,-0.01155695877969265,0.0010146759450435638,-0.15433652698993683,29.008501052856445,45.076568603515625,-84.19657135009766
5.26379919052124,0,2.4021849632263184,1.310055136680603,3.0,-4.2865447998046875,2.008000135421753,2948.0,-0.0,3.0,20.00800132751465,0.02343052811920643,0.4704846143722534,-1.6796181201934814,8.782978057861328,-0.0014367923140525818,-0.05664363503456116,-0.14927645027637482,29.362262725830078,47.56110382080078,-85.90095520019531
5.283992052078247,0,2.4248533248901367,1.2789232730865479,3.0,-3.9828414916992188,2.008000135421753,2960.0,-0.0,3.0,20.012001037597656,0.022668223828077316,0.4555200934410095,-1.418038249015808,8.67463493347168,0.05009615793824196,0.012599603272974491,-0.13622675836086273,28.831619262695312,46.3188362121582,-85.38964080810547
5.304163455963135,0,2.4470674991607666,1.2485893964767456,3.0,-4.439704895019531,2.004000186920166,2952.0,-0.0,3.0,20.00800132751465,0.022214144468307495,-0.25858697295188904,-0.6662205457687378,8.389710426330566,0.0013595689088106155,0.05947194993495941,-0.12837031483650208,27.770334243774414,44.89910125732422,-86.7531509399414
5.324570417404175,0,2.4686403274536133,1.2159605026245117,3.0,-3.8987503051757812,2.004000186920166,2964.0,-0.0,3.0,20.00400161743164,0.021572928875684738,-0.001197161851450801,-0.9942429065704346,8.668050765991211,-0.08745820820331573,0.046688586473464966,-0.10027353465557098,29.716026306152344,46.1413688659668,-86.58271026611328
5.344706773757935,0,2.4892802238464355,1.1848726272583008,3.0,-3.831216812133789,2.004000186920166,2948.0,-0.0,3.0,20.00800132751465,0.020640000700950623,-0.3070720136165619,-1.1935703754425049,9.455782890319824,-0.09438252449035645,0.01046904269605875,-0.08615856617689133,31.307954788208008,46.3188362121582,-87.09402465820312
5.364884376525879,0,2.509567975997925,1.1539742946624756,3.0,-3.681915283203125,2.01200008392334,2952.0,-0.0,3.0,20.00800132751465,0.02028774470090866,0.21548913419246674,-1.4437772035598755,9.283391952514648,0.014009777456521988,-0.025750499218702316,-0.0846938043832779,29.716026306152344,46.49630355834961,-86.92359161376953
5.385224103927612,0,2.529489755630493,1.125275731086731,3.0,-3.6910905838012695,2.008000135421753,2956.0,-0.0,3.0,20.012001037597656,0.01992172747850418,0.3872818648815155,-1.4132496118545532,8.460941314697266,0.034250106662511826,0.02538297139108181,-0.08496012538671494,28.300975799560547,47.206172943115234,-87.26446533203125
5.405421733856201,0,2.548957347869873,1.0980280637741089,3.0,-3.8231639862060547,2.01200008392334,2952.0,-0.0,3.0,20.012001037597656,0.01946764811873436,0.04070350155234337,-1.2941319942474365,9.719158172607422,0.011746056377887726,-0.00870600901544094,-0.07617156207561493,27.41657066345215,45.963905334472656,-86.7531509399414
5.4256157875061035,0,2.568092107772827,1.0708439350128174,3.0,-4.135315895080566,2.004000186920166,2960.0,-0.0,3.0,20.00400161743164,0.019134655594825745,0.009577294811606407,-0.6985439658164978,9.634758949279785,0.013743456453084946,-0.04332762956619263,-0.06871459633111954,29.008501052856445,43.65683364868164,-87.94622039794922
5.4459168910980225,0,2.586214065551758,1.0428776741027832,3.0,-3.7942380905151367,2.008000135421753,2948.0,-0.0,3.0,20.00400161743164,0.01812192052602768,0.3573528230190277,-0.8673437833786011,9.035578727722168,0.033317986875772476,-0.007108088582754135,-0.062056589871644974,30.42354965209961,44.366703033447266,-87.94622039794922
5.466125965118408,0,2.6046717166900635,1.0159265995025635,3.0,-3.921513557434082,2.004000186920166,3032.0,-0.0,3.0,20.056001663208008,0.01845766417682171,0.43456974625587463,-1.4270169734954834,8.029364585876465,0.026793144643306732,0.00474315881729126,-0.06045867130160332,30.954193115234375,44.18923568725586,-88.11666107177734
5.486596584320068,0,2.6217892169952393,0.9916499257087708,3.0,-3.6361637115478516,2.008000135421753,2948.0,-0.0,3.0,20.00800132751465,0.017117440700531006,-0.20471467077732086,-0.5500958561897278,7.950351715087891,-0.027669329196214676,0.025915611535310745,-0.07124463468790054,28.124095916748047,46.3188362121582,-88.45753479003906
5.506652355194092,0,2.638829469680786,0.9665306806564331,3.0,-3.6648006439208984,2.01200008392334,2956.0,-0.0,3.0,20.02400016784668,0.01704038307070732,0.25559404492378235,-1.0463194847106934,10.864243507385254,-0.03499313443899155,0.0356362983584404,-0.08229692280292511,29.008501052856445,44.72163772583008,-89.65060424804688
5.5270094871521,0,2.6554460525512695,0.9402462244033813,3.0,-3.5434741973876953,2.004000186920166,2964.0,-0.0,3.0,20.012001037597656,0.0166165754199028,-0.30767059326171875,-0.9607223868370056,7.600780487060547,0.019868820905685425,-0.012168172746896744,-0.07737000286579132,29.008501052856445,43.65683364868164,-89.30972290039062
5.547338485717773,0,2.671236991882324,0.9147638082504272,3.0,-3.2034215927124023,2.008000135421753,2948.0,-0.0,3.0,20.00800132751465,0.015790976583957672,0.658439040184021,-0.9379763007164001,9.418072700500488,0.024263102561235428,0.03576945886015892,-0.06711667776107788,29.185382843017578,44.89910125732422,-88.79840850830078
5.5685133934021,0,2.6871490478515625,0.8876829743385315,3.0,-3.1625614166259766,2.004000186920166,3108.0,-0.0,3.0,20.160001754760742,0.015912063419818878,-0.005985809490084648,-0.9080472588539124,8.702768325805664,0.0010932479053735733,0.004609998315572739,-0.062322910875082016,29.008501052856445,44.366703033447266,-88.62797546386719
5.5878236293792725,0,2.7017760276794434,0.8636792898178101,3.0,-3.344712257385254,2.01200008392334,2948.0,-0.0,3.0,20.00400161743164,0.014626880176365376,0.1161246970295906,-0.6249184608459473,9.936443328857422,0.00042744725942611694,-0.0008495636284351349,-0.05952654778957367,29.716026306152344,44.72163772583008,-88.62797546386719
5.608022689819336,0,2.716526746749878,0.840936541557312,3.0,-3.4872560501098633,2.004000186920166,2948.0,-0.0,3.0,20.00800132751465,0.014750720001757145,0.09936443716287613,-0.8954770565032959,8.50822925567627,0.024263102561235428,0.012732763774693012,-0.055798064917325974,28.300975799560547,44.366703033447266,-89.65060424804688
5.628351926803589,0,2.731046199798584,0.8189234733581543,3.0,-3.540766716003418,2.004000186920166,2968.0,-0.0,3.0,20.00400161743164,0.014519551768898964,-0.023344656452536583,-0.7488247156143188,9.233110427856445,-0.009426398202776909,-0.024685218930244446,-0.044745780527591705,29.53914451599121,43.4793701171875,-89.821044921875
5.648693799972534,0,2.7449686527252197,0.798073947429657,3.0,-3.4493141174316406,2.004000186920166,2952.0,-0.0,3.0,20.00800132751465,0.013922368176281452,0.4130208492279053,-1.0241719484329224,9.671870231628418,0.004289090633392334,-0.01909249648451805,-0.04048465937376022,29.185382843017578,42.769500732421875,-89.821044921875
5.669593095779419,0,2.7590010166168213,0.7772684693336487,3.0,-3.491705894470215,2.004000186920166,3052.0,-0.0,3.0,20.00800132751465,0.014032447710633278,0.28372734785079956,-1.1127619743347168,8.38492202758789,0.04263919219374657,0.01712704636156559,-0.0459442213177681,30.069787979125977,44.01176834106445,-89.30972290039062
5.689036846160889,0,2.77193284034729,0.7570216059684753,3.0,-2.885221481323242,2.008000135421753,2952.0,-0.0,3.0,20.00800132751465,0.012931647710502148,-0.053872283548116684,-0.4962235987186432,8.961953163146973,0.028257906436920166,0.01193380355834961,-0.03502509370446205,29.53914451599121,44.89910125732422,-87.7757797241211
5.709194660186768,0,2.7846744060516357,0.7353188991546631,3.0,-3.1853036880493164,2.01200008392334,2948.0,-0.0,3.0,20.016000747680664,0.012741760350763798,-0.3783031404018402,-0.2520025670528412,9.224730491638184,-0.0268703680485487,0.015395965427160263,-0.032228734344244,29.008501052856445,45.076568603515625,-88.28709411621094
5.729645013809204,0,2.7967612743377686,0.7105870842933655,3.0,-2.347294807434082,2.008000135421753,2960.0,-0.0,3.0,20.012001037597656,0.012086784467101097,0.1580253690481186,-0.8434005379676819,9.171457290649414,-0.03499313443899155,0.036302097141742706,-0.022241726517677307,28.47785758972168,43.4793701171875,-90.50279235839844
5.7497382164001465,0,2.8081436157226562,0.686119794845581,3.0,-2.2515363693237305,2.008000135421753,2944.0,-0.0,3.0,20.02800178527832,0.011382272467017174,0.34178972244262695,-1.213922142982483,9.60901927947998,-0.009559557773172855,0.016727566719055176,-0.015583723783493042,30.069787979125977,42.23710250854492,-89.30972290039062
5.7700958251953125,0,2.8194377422332764,0.6627850532531738,3.0,-2.275973320007324,2.004000186920166,2984.0,-0.0,3.0,20.012001037597656,0.011294208467006683,0.1251034140586853,-0.8835054636001587,9.607223510742188,-0.003700515255331993,0.002878917381167412,-0.01438528299331665,30.069787979125977,42.94696807861328,-88.9688491821289
5.7903430461883545,0,2.8301761150360107,0.6413231492042542,3.0,-2.191713333129883,2.004000186920166,2952.0,-0.0,3.0,20.012001037597656,0.010738303884863853,0.32263511419296265,-0.574039101600647,9.765848159790039,-0.024473486468195915,-0.022687818855047226,-0.01651584357023239,30.954193115234375,42.41456604003906,-89.821044921875
5.810413837432861,0,2.8407630920410156,0.6211546659469604,3.0,-2.361713409423828,2.004000186920166,2948.0,-0.0,3.0,20.00400161743164,0.010586944408714771,0.6297071576118469,-0.8032956123352051,9.565921783447266,-0.005831075832247734,-0.002713805064558983,-0.027967609465122223,30.24666976928711,43.12443542480469,-88.11666107177734
5.830767393112183,0,2.8511297702789307,0.6016444563865662,3.0,-2.3242640495300293,2.008000135421753,2964.0,-0.0,3.0,20.012001037597656,0.010366784408688545,0.0017957427771762013,-0.44294989109039307,8.903891563415527,0.008816532790660858,0.01912444829940796,-0.03382665291428566,28.831619262695312,43.12443542480469,-87.7757797241211
5.850965976715088,0,2.861100196838379,0.5840103626251221,3.0,-2.2641944885253906,2.004000186920166,2948.0,-0.0,3.0,20.012001037597656,0.009970496408641338,-0.46569594740867615,-0.17837712168693542,9.641343116760254,-0.011823278851807117,0.021920809522271156,-0.03715565800666809,30.069787979125977,42.94696807861328,-87.94622039794922
5.871323108673096,0,2.8708643913269043,0.5659067630767822,3.0,-2.37410831451416,2.008000135421753,2972.0,-0.0,3.0,20.00800132751465,0.009764095768332481,-0.15323671698570251,-0.702135443687439,8.781182289123535,0.018936697393655777,0.02032288908958435,-0.023307006806135178,29.362262725830078,44.366703033447266,-88.9688491821289
5.892134666442871,0,2.8802266120910645,0.5490132570266724,3.0,-2.0811405181884766,2.01200008392334,2952.0,-0.0,3.0,20.012001037597656,0.009362303651869297,-0.03651343658566475,-0.8044927716255188,8.749457359313965,0.054889921098947525,-0.006708607077598572,-0.015184243209660053,30.069787979125977,41.172298431396484,-87.94622039794922
5.911651611328125,0,2.889432191848755,0.5330180525779724,3.0,-2.2390012741088867,2.008000135421753,2952.0,-0.0,3.0,20.00400161743164,0.009205440059304237,0.2681642472743988,-0.7865353226661682,8.33942985534668,0.032252706587314606,-0.03746858611702919,-0.010789960622787476,31.307954788208008,43.12443542480469,-88.45753479003906
5.931993246078491,0,2.8982605934143066,0.5165640115737915,3.0,-1.9014177322387695,2.008000135421753,2948.0,-0.0,3.0,20.012001037597656,0.008828416466712952,0.46090731024742126,-0.9691025018692017,8.945792198181152,0.012944497168064117,-0.01975829526782036,-0.0117220813408494,31.307954788208008,42.41456604003906,-88.79840850830078
5.9521684646606445,0,2.906761407852173,0.5000215172767639,3.0,-1.5268702507019043,2.008000135421753,2948.0,-0.0,3.0,20.012001037597656,0.008500928059220314,0.03471769392490387,-0.30946633219718933,9.78081226348877,-0.0026352331042289734,-0.032807983458042145,-0.015716884285211563,32.015480041503906,42.769500732421875,-88.79840850830078
5.972513675689697,0,2.914987087249756,0.4831398129463196,3.0,-1.913304328918457,2.01200008392334,2960.0,-0.0,3.0,20.00800132751465,0.008225727826356888,0.08320274949073792,-0.27355149388313293,8.952376365661621,-0.0023689139634370804,0.0024794377386569977,-0.019179046154022217,30.24666976928711,42.059635162353516,-88.11666107177734
5.992785692214966,0,2.922720432281494,0.4665781557559967,3.0,-1.9677362442016602,2.01200008392334,2944.0,-0.0,3.0,20.00800132751465,0.007733120117336512,-0.03172478824853897,-0.2591855525970459,9.286983489990234,0.007218612357974052,0.0006151963025331497,-0.022108567878603935,28.831619262695312,40.994834899902344,-88.79840850830078
6.0128467082977295,0,2.9301810264587402,0.44962820410728455,3.0,-1.6616487503051758,2.0160000324249268,2944.0,-0.0,3.0,20.012001037597656,0.007460671942681074,0.5590745806694031,-0.8559707403182983,8.762626647949219,0.0253283828496933,-0.013499770313501358,-0.0066619981080293655,29.185382843017578,42.059635162353516,-88.11666107177734
6.033250570297241,0,2.937382936477661,0.43363404273986816,3.0,-1.5220508575439453,2.008000135421753,2952.0,-0.0,3.0,20.012001037597656,0.00720198405906558,0.15742678940296173,-0.4644987881183624,9.286983489990234,0.017072457820177078,0.008737961761653423,-0.002267715521156788,30.954193115234375,41.34976577758789,-87.7757797241211
6.053394317626953,0,2.9443180561065674,0.41777676343917847,3.0,-1.18300199508667,2.0360000133514404,2956.0,-0.0,3.0,20.00800132751465,0.00693504000082612,-0.1340821236371994,-0.36154288053512573,9.340855598449707,0.00801757350564003,0.005142638459801674,-0.022108567878603935,30.954193115234375,41.34976577758789,-89.13928985595703
6.073776721954346,0,2.9510905742645264,0.4028898775577545,3.0,-1.000013828277588,2.01200008392334,2956.0,-0.0,3.0,20.00800132751465,0.006772671826183796,0.2609812915325165,-0.49801933765411377,8.860793113708496,0.019069857895374298,-0.016296133399009705,-0.01438528299331665,31.131074905395508,42.59203338623047,-88.28709411621094
6.0938720703125,0,2.95737361907959,0.38744133710861206,3.0,-1.059286117553711,2.008000135421753,2948.0,-0.0,3.0,20.00800132751465,0.0062828161753714085,0.002992904745042324,-0.16341258585453033,8.833857536315918,-0.011423799209296703,0.0060747601091861725,-0.016116363927721977,31.307954788208008,43.12443542480469,-88.45753479003906
6.114258766174316,0,2.9635488986968994,0.37147608399391174,3.0,-0.9846124649047852,2.01200008392334,2952.0,-0.0,3.0,20.020000457763672,0.006175488233566284,0.281931608915329,-0.3962605595588684,9.462965965270996,-0.013021720573306084,0.012732763774693012,-0.019045885652303696,30.24666976928711,42.059635162353516,-88.45753479003906
6.134418249130249,0,2.9691877365112305,0.35686883330345154,3.0,-0.780672550201416,2.01200008392334,2956.0,-0.0,3.0,20.00400161743164,0.0056388480588793755,-0.1759827882051468,-0.23344656825065613,9.371981620788574,-0.006230555474758148,0.009403761476278305,-0.028233930468559265,31.307954788208008,40.994834899902344,-88.79840850830078
6.15461277961731,0,2.9745900630950928,0.3413790166378021,3.0,-0.42546844482421875,2.008000135421753,2952.0,-0.0,3.0,20.00800132751465,0.005402176175266504,0.169996976852417,-0.3483740985393524,9.063114166259766,-0.013687520287930965,0.0038110390305519104,-0.03422613441944122,29.892906188964844,41.34976577758789,-88.79840850830078
6.174957752227783,0,2.979893207550049,0.3270127475261688,3.0,-0.6822876930236816,2.008000135421753,2968.0,-0.0,3.0,20.012001037597656,0.005303103942424059,0.17538420855998993,-0.4800618886947632,9.475536346435547,-0.01049167849123478,-0.008173368871212006,-0.0162495244294405,30.777311325073242,41.172298431396484,-87.26446533203125
6.1952245235443115,0,2.984783411026001,0.31271031498908997,3.0,-0.26854801177978516,2.01200008392334,2944.0,-0.0,3.0,20.012001037597656,0.004890304058790207,0.22686217725276947,-0.4010492265224457,9.001460075378418,0.006020171567797661,0.004609998315572739,-0.02264120802283287,32.72300338745117,42.41456604003906,-88.11666107177734
6.215346574783325,0,2.9895195960998535,0.2988135814666748,3.0,-0.4938335418701172,2.008000135421753,2960.0,-0.0,3.0,20.016000747680664,0.004736192058771849,-0.12989206612110138,-0.2651713490486145,9.405502319335938,0.005620691925287247,-0.0059096477925777435,-0.013053681701421738,32.36924362182617,42.059635162353516,-89.13928985595703
6.235681772232056,0,2.9940054416656494,0.28557685017585754,3.0,-0.2454848289489746,2.0160000324249268,2944.0,-0.0,3.0,20.012001037597656,0.004485759884119034,0.20052461326122284,-0.23464372754096985,8.848821640014648,0.005487531423568726,-0.009105488657951355,-0.00919204019010067,30.777311325073242,41.88216781616211,-89.30972290039062
6.255849838256836,0,2.9981443881988525,0.2712560296058655,3.0,-0.14143109321594238,2.0400002002716064,2948.0,-0.0,3.0,20.00800132751465,0.00413900800049305,0.022746074944734573,-0.13049064576625824,9.07568359375,-0.01155695877969265,0.00474315881729126,-0.013586321845650673,29.892906188964844,41.34976577758789,-87.43490600585938
6.276217937469482,0,3.0020220279693604,0.2570131719112396,3.0,0.03334474563598633,2.004000186920166,2972.0,-0.0,3.0,20.012001037597656,0.003877568058669567,0.30168479681015015,-0.46569594740867615,9.241491317749023,0.0010932479053735733,-0.005377007648348808,-0.002400876022875309,31.48483657836914,41.5272331237793,-88.9688491821289
6.296369791030884,0,3.0056684017181396,0.24392592906951904,3.0,0.14354228973388672,2.01200008392334,2948.0,-0.0,3.0,20.012001037597656,0.0036464000586420298,0.19094730913639069,-0.30288195610046387,9.091845512390137,-0.0022357534617185593,0.009536921977996826,-0.025171250104904175,31.661718368530273,42.059635162353516,-88.45753479003906
6.316548109054565,0,3.0091772079467773,0.23070314526557922,3.0,0.1903212070465088,2.01200008392334,3056.0,-0.0,3.0,20.00800132751465,0.0035087999422103167,-0.11672328412532806,-0.13288496434688568,9.232512474060059,-0.006230555474758148,-0.0005832444876432419,-0.01944536715745926,32.89988708496094,42.59203338623047,-87.94622039794922
6.337376832962036,0,3.012446641921997,0.2194807529449463,3.0,0.18871212005615234,2.01200008392334,2944.0,-0.0,3.0,20.00800132751465,0.0032693760003894567,0.13468070328235626,-0.2723543345928192,9.34384822845459,0.013210814446210861,-0.0020480044186115265,0.00026232562959194183,31.131074905395508,41.172298431396484,-88.62797546386719
6.357095956802368,0,3.015479326248169,0.20712560415267944,3.0,0.8754756450653076,2.0160000324249268,2944.0,-0.0,3.0,20.012001037597656,0.003032703883945942,0.19992603361606598,-0.2190806120634079,9.02779769897461,0.0032238103449344635,-0.0013822037726640701,-0.0162495244294405,29.53914451599121,42.41456604003906,-86.7531509399414
6.377294301986694,0,3.018324851989746,0.19506770372390747,3.0,0.979792594909668,2.008000135421753,2972.0,-0.0,3.0,20.00800132751465,0.0028455681167542934,0.08619565516710281,-0.2639741897583008,9.214554786682129,-0.012622239999473095,0.004609998315572739,-0.024372288957238197,30.777311325073242,41.172298431396484,-87.94622039794922
6.397605657577515,0,3.0207107067108154,0.1819143295288086,3.0,0.8237216472625732,2.01200008392334,2952.0,-0.0,3.0,20.012001037597656,0.002385983942076564,0.06165383383631706,-0.2939032316207886,9.037374496459961,0.010148134082555771,-0.006974928081035614,-0.004131956957280636,32.192359924316406,41.88216781616211,-87.94622039794922
6.417949199676514,0,3.023113250732422,0.16968736052513123,3.0,0.8965725898742676,2.01200008392334,3092.0,-0.0,3.0,20.160001754760742,0.0024024960584938526,0.2729529142379761,-0.36274003982543945,9.237300872802734,0.012411855161190033,0.005408959463238716,0.00039548613131046295,32.72300338745117,43.12443542480469,-87.09402465820312
6.438169002532959,0,3.0255377292633057,0.16169364750385284,3.0,1.115936040878296,2.004000186920166,2944.0,-0.0,3.0,20.012001037597656,0.0024245120584964752,0.11073747277259827,-0.2603827118873596,9.286384582519531,-0.013288039714097977,0.003411557525396347,-0.01731480471789837,31.131074905395508,42.23710250854492,-87.26446533203125
6.4585535526275635,0,3.0272634029388428,0.14816802740097046,3.0,1.163082242012024,2.0160000324249268,2952.0,-0.0,3.0,20.012001037597656,0.0017255039419978857,0.04309782758355141,-0.1640111804008484,8.951179504394531,-0.0025020744651556015,0.002878917381167412,-0.01744796521961689,30.069787979125977,41.172298431396484,-87.94622039794922
6.478669881820679,0,3.02907133102417,0.13754066824913025,3.0,1.6873124837875366,2.01200008392334,2964.0,-0.0,3.0,20.012001037597656,0.0018080640584230423,0.021548913791775703,-0.13827219605445862,9.23969554901123,0.002158528193831444,-0.000716404989361763,-0.005596717819571495,30.600431442260742,41.34976577758789,-87.43490600585938
6.4995129108428955,0,3.029806137084961,0.11940585821866989,3.0,2.891341209411621,2.008000135421753,2944.0,-0.0,3.0,20.00400161743164,0.0007347840000875294,0.09158287942409515,-0.14425800740718842,9.270222663879395,0.005620691925287247,-0.0008495636284351349,0.005056088790297508,31.131074905395508,42.94696807861328,-88.28709411621094
6.519197940826416,0,3.030686855316162,0.10576076060533524,3.0,1.18305504322052,2.0160000324249268,3032.0,-0.0,3.0,20.00400161743164,0.0008806400001049042,0.15084239840507507,-0.4830548167228699,9.19120979309082,-0.006230555474758148,0.0002157166600227356,0.0022597266361117363,32.54612350463867,40.81736755371094,-88.9688491821289
6.539475679397583,0,3.0328526496887207,0.10657057911157608,3.0,1.1540491580963135,2.01200008392334,2948.0,-0.0,3.0,20.016000747680664,0.002165823942050338,0.13168780505657196,-0.3262265920639038,9.40969181060791,-0.009959038347005844,-0.0019148457795381546,-0.007460958790034056,31.131074905395508,41.88216781616211,-88.9688491821289
6.559741497039795,0,3.0338406562805176,0.09608513116836548,3.0,2.42663836479187,2.004000186920166,2944.0,-0.0,3.0,20.00400161743164,0.0009879679419100285,0.1101388931274414,0.06763964146375656,8.851216316223145,0.021999381482601166,-0.0037790853530168533,-0.010789960622787476,29.892906188964844,42.769500732421875,-88.45753479003906
6.579934597015381,0,3.035172462463379,0.09077753126621246,3.0,1.666662573814392,2.008000135421753,2976.0,-0.0,3.0,20.00400161743164,0.0013319680001586676,0.11253321170806885,-0.017358846962451935,9.272018432617188,-0.004233155399560928,-0.0013822037726640701,-0.005596717819571495,30.42354965209961,43.301902770996094,-88.9688491821289
6.600245475769043,0,3.0360312461853027,0.08223439007997513,3.0,2.3470821380615234,2.008000135421753,2944.0,-0.0,3.0,20.02400016784668,0.0008586240001022816,0.16580691933631897,-0.08080842345952988,9.337862014770508,0.00042744725942611694,-0.0005832444876432419,-0.0016019148752093315,30.069787979125977,41.88216781616211,-88.62797546386719
6.620488405227661,0,3.036405324935913,0.07064610719680786,3.0,2.7573976516723633,2.01200008392334,2968.0,-0.0,3.0,20.00400161743164,0.0003742720000445843,0.12869489192962646,0.023943237960338593,8.75304889678955,0.005620691925287247,8.255615830421448e-05,-0.001468755304813385,29.892906188964844,41.34976577758789,-87.7757797241211
6.64107346534729,0,3.0364577770233154,0.05851056054234505,3.0,2.9355416297912598,2.01200008392334,2944.0,-0.0,3.0,20.00400161743164,5.2288000006228685e-05,0.0849984884262085,-0.022147493436932564,9.36180591583252,-0.00130363367497921,0.0016804765909910202,-0.0025340355932712555,30.777311325073242,42.23710250854492,-88.28709411621094
6.660984039306641,0,3.0364577770233154,0.04802236706018448,3.0,2.9348134994506836,2.004000186920166,2944.0,-0.0,3.0,20.032001495361328,0.0,0.10654740780591965,0.03411911427974701,9.13913345336914,0.0036232899874448776,-0.0021811649203300476,-0.0009361151605844498,30.42354965209961,42.23710250854492,-87.60533905029297
6.681154012680054,0,3.0364577770233154,0.039326224476099014,3.0,2.9340763092041016,2.01200008392334,2964.0,-0.0,3.0,20.016000747680664,0.0,0.1280963122844696,0.044893570244312286,9.07328987121582,-0.0031678732484579086,-0.00031692348420619965,-0.0012024352326989174,30.24666976928711,40.994834899902344,-86.7531509399414
6.701576471328735,0,3.0364577770233154,0.03232662007212639,3.0,2.9333534240722656,2.008000135421753,2940.0,-0.0,3.0,20.02800178527832,0.0,0.11792044341564178,0.04070350155234337,9.230716705322266,0.0013595689088106155,-0.0017816852778196335,0.00026232562959194183,30.42354965209961,41.5272331237793,-87.26446533203125
6.721680164337158,0,3.0364577770233154,0.026477916166186333,3.0,2.9326171875,2.01200008392334,2956.0,-0.0,3.0,20.012001037597656,0.0,0.11672328412532806,0.11133605241775513,9.158886909484863,0.0010932479053735733,0.0020799580961465836,0.0022597266361117363,29.53914451599121,41.172298431396484,-88.62797546386719
6.742698907852173,0,3.0364577770233154,0.02175922319293022,3.0,2.9318933486938477,2.008000135421753,2936.0,-0.0,3.0,20.00800132751465,0.0,0.09158287942409515,0.11373037844896317,9.207371711730957,-0.0011704731732606888,0.0002157166600227356,0.0022597266361117363,30.24666976928711,41.7047004699707,-87.7757797241211
6.762209177017212,0,3.0364577770233154,0.01777169294655323,3.0,2.9311466217041016,2.01200008392334,2940.0,-0.0,3.0,20.012001037597656,0.0,0.09876585006713867,0.18855299055576324,9.070297241210938,0.004022769629955292,-0.0008495636284351349,0.0030586877837777138,31.131074905395508,41.5272331237793,-87.60533905029297
6.782367706298828,0,3.0364577770233154,0.014649741351604462,3.0,2.9304347038269043,2.008000135421753,2936.0,-0.0,3.0,20.012001037597656,0.0,0.12989206612110138,0.19932745397090912,9.171457290649414,0.0017590485513210297,0.0020799580961465836,0.0022597266361117363,30.42354965209961,41.5272331237793,-88.9688491821289
6.80256724357605,0,3.0364577770233154,0.012020912021398544,3.0,2.9297056198120117,2.0320000648498535,2940.0,-0.0,3.0,20.00400161743164,0.0,0.11313179135322571,0.20770758390426636,9.151104927062988,0.0008269287645816803,0.001280996948480606,0.002659207209944725,31.661718368530273,40.28496551513672,-88.45753479003906
6.822920083999634,0,3.0364577770233154,0.009849793277680874,3.0,2.9289708137512207,2.01200008392334,2960.0,-0.0,3.0,20.016000747680664,0.0,0.10116017609834671,0.24481959640979767,9.100225448608398,0.002291688695549965,0.0007483568042516708,0.0015939269214868546,30.954193115234375,40.28496551513672,-88.11666107177734
6.843072891235352,0,3.0364577770233154,0.00809476152062416,3.0,2.9282469749450684,2.008000135421753,2940.0,-0.0,3.0,20.00400161743164,0.0,0.10954030603170395,0.2669670879840851,9.173253059387207,0.0010932479053735733,0.000881517305970192,0.0022597266361117363,31.661718368530273,42.059635162353516,-85.73052215576172
6.863434553146362,0,3.0364577770233154,0.006643490865826607,3.0,2.927518367767334,2.01200008392334,2940.0,-0.0,3.0,20.00400161743164,0.0,0.1221105083823204,0.29270607233047485,9.129556655883789,0.00042744725942611694,-5.060434341430664e-05,0.00212656706571579,32.192359924316406,41.88216781616211,-88.28709411621094
6.88362193107605,0,3.0364577770233154,0.005450927186757326,3.0,2.926788806915283,2.01200008392334,2940.0,-0.0,3.0,20.00800132751465,0.0,0.12989206612110138,0.31365641951560974,9.17744255065918,0.0006937682628631592,0.001280996948480606,0.0005286457017064095,30.24666976928711,42.769500732421875,-88.45753479003906
6.903793096542358,0,3.0364577770233154,0.004472782835364342,3.0,2.9260592460632324,2.004000186920166,2944.0,-0.0,3.0,20.00400161743164,0.0,0.13887077569961548,0.32562801241874695,9.145119667053223,0.0008269287645816803,0.001280996948480606,-0.0002703145146369934,31.48483657836914,40.81736755371094,-87.60533905029297
6.924128770828247,0,3.0364577770233154,0.003665097989141941,3.0,2.9253244400024414,2.008000135421753,2956.0,-0.0,3.0,20.00800132751465,0.0,0.11253321170806885,0.34957125782966614,9.128957748413086,-0.0001051928848028183,-0.00045008398592472076,0.00039548613131046295,31.661718368530273,40.994834899902344,-89.48016357421875
6.9443135261535645,0,3.0364577770233154,0.0030121721792966127,3.0,2.9246010780334473,2.008000135421753,2948.0,-0.0,3.0,20.00400161743164,0.0,0.11193463206291199,0.3423883020877838,9.164274215698242,0.0006937682628631592,0.000881517305970192,-0.0001371540129184723,32.36924362182617,42.059635162353516,-88.79840850830078
6.964657783508301,0,3.0364577770233154,0.0024692295119166374,3.0,2.923868179321289,2.008000135421753,2944.0,-0.0,3.0,20.00400161743164,0.0,0.11432895809412003,0.33879679441452026,9.151703834533691,-0.0003715120255947113,0.0010146759450435638,-0.0006697950884699821,32.015480041503906,42.41456604003906,-88.79840850830078
6.984785556793213,0,3.0364577770233154,0.0020284829661250114,3.0,2.923142910003662,2.01200008392334,2940.0,-0.0,3.0,20.012001037597656,0.0,0.09756869077682495,0.35376131534576416,9.148711204528809,0.0005606077611446381,8.255615830421448e-05,-0.000536634586751461,30.954193115234375,41.7047004699707,-87.43490600585938
7.005128622055054,0,3.0364577770233154,0.0016646815929561853,3.0,2.9224143028259277,2.008000135421753,2944.0,-0.0,3.0,20.012001037597656,0.0,0.08918856084346771,0.3441840410232544,9.133148193359375,0.0012264084070920944,0.0014141574501991272,0.0005286457017064095,30.24666976928711,42.059635162353516,-87.09402465820312
7.025309085845947,0,3.0364577770233154,0.0013634985079988837,3.0,2.921678066253662,2.008000135421753,2972.0,-0.0,3.0,20.012001037597656,0.0,0.10295592248439789,0.360345721244812,9.141528129577637,0.0016258880496025085,0.0003488771617412567,0.00039548613131046295,30.954193115234375,40.63990020751953,-88.45753479003906
7.046197414398193,0,3.0364577770233154,0.0011208571959286928,3.0,2.9209556579589844,2.01200008392334,2944.0,-0.0,3.0,20.016000747680664,0.0,0.13348354399204254,0.356155663728714,9.131352424621582,0.00029428862035274506,0.0004820358008146286,-3.994442522525787e-06,30.24666976928711,40.994834899902344,-89.13928985595703
7.065833806991577,0,3.0364577770233154,0.0009179988992400467,3.0,2.9202189445495605,2.004000186920166,3000.0,-0.0,3.0,20.016000747680664,0.0,0.1161246970295906,0.3489726781845093,9.151104927062988,-0.0011704731732606888,0.000881517305970192,0.00026232562959194183,32.192359924316406,41.5272331237793,-87.94622039794922
7.085970878601074,0,3.0364577770233154,0.0007544874679297209,3.0,2.9194955825805664,2.008000135421753,2940.0,-0.0,3.0,20.00800132751465,0.0,0.11672328412532806,0.35256415605545044,9.167266845703125,0.0006937682628631592,0.0003488771617412567,0.0018602469936013222,30.777311325073242,42.23710250854492,-87.94622039794922
7.106317758560181,0,3.0364577770233154,0.0006190734566189349,3.0,2.918766498565674,2.0160000324249268,2944.0,-0.0,3.0,20.016000747680664,0.0,0.10355450212955475,0.3352053165435791,9.172654151916504,0.0006937682628631592,-0.000716404989361763,0.0005286457017064095,30.954193115234375,42.059635162353516,-87.09402465820312
7.126511096954346,0,3.0364577770233154,0.0005071429186500609,3.0,2.9180307388305664,2.01200008392334,2956.0,-0.0,3.0,20.00400161743164,0.0,0.09936443716287613,0.3322124183177948,9.152302742004395,0.0013595689088106155,-5.060434341430664e-05,-3.994442522525787e-06,31.131074905395508,40.10749816894531,-88.62797546386719
7.146827459335327,0,3.0364577770233154,0.0004169749445281923,3.0,2.917309284210205,2.01200008392334,2944.0,-0.0,3.0,20.012001037597656,0.0,0.1191176027059555,0.3304166793823242,9.130154609680176,-0.00023835152387619019,0.0010146759450435638,-0.0008029546588659286,29.892906188964844,40.994834899902344,-87.09402465820312
7.167014837265015,0,3.0364577770233154,0.00034009473165497184,3.0,2.9165568351745605,2.008000135421753,3080.0,-0.0,3.0,20.020000457763672,0.0,0.09996301680803299,0.3070720136165619,9.148711204528809,2.796761691570282e-05,8.255615830421448e-05,-3.994442522525787e-06,30.777311325073242,41.88216781616211,-87.26446533203125
7.18851375579834,0,3.0364577770233154,0.0002807093842420727,3.0,2.9158496856689453,2.01200008392334,2952.0,-0.0,3.0,20.00400161743164,0.0,0.08739281445741653,0.31365641951560974,9.149309158325195,0.0012264084070920944,-0.0013822037726640701,-0.0002703145146369934,31.48483657836914,41.88216781616211,-88.28709411621094
7.207576036453247,0,3.0364577770233154,0.00023031962336972356,3.0,2.9151201248168945,2.004000186920166,2936.0,-0.0,3.0,20.032001495361328,0.0,0.12749773263931274,0.2903117537498474,9.139732360839844,0.00016112811863422394,-5.060434341430664e-05,0.00026232562959194183,30.954193115234375,42.769500732421875,-87.7757797241211
7.227708101272583,0,3.0364577770233154,0.0001887140970211476,3.0,2.9143853187561035,2.01200008392334,2960.0,-0.0,3.0,20.00400161743164,0.0,0.12989206612110138,0.2651713490486145,9.166667938232422,0.00029428862035274506,0.0014141574501991272,0.0007949657738208771,31.838598251342773,41.172298431396484,-88.28709411621094
7.248037338256836,0,3.0364577770233154,0.00015505902410950512,3.0,2.913661003112793,2.01200008392334,2940.0,-0.0,3.0,20.012001037597656,0.0,0.1251034140586853,0.25439688563346863,9.127161979675293,-0.0011704731732606888,0.0002157166600227356,0.00039548613131046295,30.954193115234375,41.34976577758789,-88.11666107177734
7.268212556838989,0,3.0364577770233154,0.0001264946477022022,3.0,2.9129090309143066,2.008000135421753,3072.0,-0.0,3.0,20.032001495361328,0.0,0.10295592248439789,0.2873188555240631,9.188217163085938,0.002025369554758072,-5.060434341430664e-05,0.0009281262755393982,30.42354965209961,41.5272331237793,-87.26446533203125
7.28856086730957,0,3.0364577770233154,0.00010439465404488146,3.0,2.912201404571533,2.01200008392334,2948.0,-0.0,3.0,20.016000747680664,0.0,0.1101388931274414,0.24900966882705688,9.142126083374023,0.0009600892663002014,0.0002157166600227356,0.001327606849372387,31.661718368530273,41.7047004699707,-87.43490600585938
7.308736324310303,0,3.0364577770233154,8.567506301915273e-05,3.0,2.9114723205566406,2.01200008392334,2940.0,-0.0,3.0,20.00400161743164,0.0,0.12450483441352844,0.25080540776252747,9.166667938232422,0.00016112811863422394,0.0004820358008146286,0.00026232562959194183,31.307954788208008,43.4793701171875,-86.7531509399414
7.3288960456848145,0,3.0364577770233154,7.013906724750996e-05,3.0,2.910734176635742,2.008000135421753,2968.0,-0.0,3.0,20.00800132751465,0.0,0.10774456709623337,0.24062953889369965,9.15828800201416,-0.0003715120255947113,0.001147836446762085,-0.000536634586751461,29.362262725830078,42.23710250854492,-88.28709411621094
7.350066184997559,0,3.0364577770233154,5.768403934780508e-05,3.0,2.910013198852539,2.008000135421753,2944.0,-0.0,3.0,20.020000457763672,0.0,0.11672328412532806,0.22865791618824005,9.13793659210205,0.00016112811863422394,0.0019467975944280624,0.0006618062034249306,31.131074905395508,40.10749816894531,-87.94622039794922
7.370455265045166,0,3.0364577770233154,4.7164347051875666e-05,3.0,2.909270763397217,2.01200008392334,3016.0,-0.0,3.0,20.012001037597656,0.0,0.1280963122844696,0.24900966882705688,9.13913345336914,0.0009600892663002014,8.255615830421448e-05,0.001327606849372387,31.307954788208008,41.34976577758789,-88.45753479003906
7.3901073932647705,0,3.0364577770233154,3.8837024476379156e-05,3.0,2.9085540771484375,2.01200008392334,2944.0,-0.0,3.0,20.012001037597656,0.0,0.11971618235111237,0.26756566762924194,9.138534545898438,0.0008269287645816803,0.0006151963025331497,0.0009281262755393982,33.25364685058594,42.59203338623047,-88.28709411621094
7.409958600997925,0,3.0364577770233154,3.186547110090032e-05,3.0,2.9078245162963867,2.0160000324249268,2944.0,-0.0,3.0,20.02800178527832,0.0,0.1101388931274414,0.2699599862098694,9.178041458129883,-0.0001051928848028183,0.0016804765909910202,-0.0001371540129184723,31.307954788208008,42.059635162353516,-87.43490600585938
7.430328607559204,0,3.0364577770233154,2.609522925922647e-05,3.0,2.9070873260498047,2.01200008392334,2972.0,-0.0,3.0,20.00800132751465,0.0,0.10894172638654709,0.2843259274959564,9.179238319396973,-0.0006378330290317535,0.0006151963025331497,-0.001335594803094864,31.307954788208008,40.994834899902344,-87.09402465820312
7.450514554977417,0,3.0364577770233154,2.1453024601214565e-05,3.0,2.906364917755127,2.004000186920166,2940.0,-0.0,3.0,20.016000747680664,0.0,0.11432895809412003,0.2729529142379761,9.111000061035156,0.00029428862035274506,0.0004820358008146286,0.0010612867772579193,30.069787979125977,41.5272331237793,-87.60533905029297
7.470669746398926,0,3.0364577770233154,1.7569631381775253e-05,3.0,2.905628204345703,2.008000135421753,2976.0,-0.0,3.0,20.012001037597656,0.0,0.10235733538866043,0.2801358699798584,9.127161979675293,-0.0007709935307502747,-0.000716404989361763,-0.0012024352326989174,31.307954788208008,40.63990020751953,-87.7757797241211
7.491009712219238,0,3.0364577770233154,1.4447480680246372e-05,3.0,2.9049072265625,2.008000135421753,2940.0,-0.0,3.0,20.012001037597656,0.0,0.1251034140586853,0.2891145944595337,9.151703834533691,-0.0006378330290317535,0.0010146759450435638,0.0005286457017064095,31.661718368530273,41.7047004699707,-88.45753479003906
7.511208534240723,0,3.0364577770233154,1.1852689567604102e-05,3.0,2.904176712036133,2.008000135421753,2948.0,-0.0,3.0,20.00400161743164,0.0,0.11133605241775513,0.2813330292701721,9.167266845703125,-0.0001051928848028183,-5.060434341430664e-05,-0.000536634586751461,30.777311325073242,42.23710250854492,-86.92359161376953
7.531860113143921,0,3.0364577770233154,9.728067198011559e-06,3.0,2.9034481048583984,2.01200008392334,2944.0,-0.0,3.0,20.016000747680664,0.0,0.10056159645318985,0.3010862171649933,9.136140823364258,-0.0009041521698236465,0.0003488771617412567,0.0011944463476538658,29.716026306152344,42.59203338623047,-87.26446533203125
7.551736831665039,0,3.0364577770233154,7.97900247562211e-06,3.0,2.902717113494873,2.0160000324249268,2940.0,-0.0,3.0,20.00800132751465,0.0,0.11552611738443375,0.30288195610046387,9.165471076965332,-0.0001051928848028183,-0.000982724130153656,0.0005286457017064095,31.307954788208008,42.769500732421875,-87.09402465820312
7.5718770027160645,0,3.0364577770233154,6.534912699862616e-06,3.0,2.9019808769226074,2.01200008392334,2984.0,-0.0,3.0,20.00800132751465,0.0,0.13767361640930176,0.30767059326171875,9.130753517150879,0.0010932479053735733,-0.000982724130153656,-0.0008029546588659286,31.131074905395508,41.172298431396484,-87.94622039794922
7.592273950576782,0,3.0364577770233154,5.37362802788266e-06,3.0,2.901259422302246,2.01200008392334,2944.0,-0.0,3.0,20.00800132751465,0.0,0.10235733538866043,0.2891145944595337,9.143921852111816,0.0005606077611446381,0.001147836446762085,-0.0001371540129184723,30.24666976928711,40.994834899902344,-87.7757797241211
7.612406253814697,0,3.0364577770233154,4.3988306970277335e-06,3.0,2.9005212783813477,2.01200008392334,2940.0,-0.0,3.0,20.012001037597656,0.0,0.10295592248439789,0.29569897055625916,9.120577812194824,0.0009600892663002014,0.000881517305970192,0.0015939269214868546,30.777311325073242,40.81736755371094,-88.28709411621094
7.632741928100586,0,3.0364577770233154,3.6178314530843636e-06,3.0,2.8998003005981445,2.01200008392334,2944.0,-0.0,3.0,20.012001037597656,0.0,0.11373037844896317,0.28672027587890625,9.170858383178711,0.0017590485513210297,-0.00031692348420619965,-0.0004034740850329399,28.654739379882812,42.23710250854492,-88.9688491821289
7.652888298034668,0,3.0364577770233154,2.9687423648283584e-06,3.0,2.899071216583252,2.008000135421753,2948.0,-0.0,3.0,20.00400161743164,0.0,0.09038572013378143,0.28552308678627014,9.148711204528809,0.0010932479053735733,0.0007483568042516708,-0.0004034740850329399,31.307954788208008,41.7047004699707,-88.11666107177734
7.673259973526001,0,3.0364577770233154,2.431901975796791e-06,3.0,2.8983354568481445,2.01200008392334,2968.0,-0.0,3.0,20.00400161743164,0.0,0.09397720545530319,0.2753472328186035,9.15589427947998,-0.0003715120255947113,8.255615830421448e-05,0.0009281262755393982,32.89988708496094,41.5272331237793,-86.92359161376953
7.6935341358184814,0,3.0364577770233154,1.9994356534880353e-06,3.0,2.897613048553467,2.01200008392334,2944.0,-0.0,3.0,20.016000747680664,0.0,0.10056159645318985,0.26576992869377136,9.139732360839844,-0.0006378330290317535,0.0004820358008146286,0.00026232562959194183,31.661718368530273,42.059635162353516,-89.48016357421875
7.714291334152222,0,3.0364577770233154,1.640198206587229e-06,3.0,2.896883010864258,2.01200008392334,2944.0,-0.0,3.0,20.012001037597656,0.0,0.10954030603170395,0.2861216962337494,9.16247844696045,0.0012264084070920944,0.0003488771617412567,-0.0002703145146369934,30.600431442260742,43.12443542480469,-88.11666107177734
7.733940362930298,0,3.0364577770233154,1.3462386050377972e-06,3.0,2.8961544036865234,2.008000135421753,2948.0,-0.0,3.0,20.016000747680664,0.0,0.09996301680803299,0.2771429717540741,9.170259475708008,0.0006937682628631592,-0.00018376484513282776,0.00012916605919599533,31.131074905395508,43.301902770996094,-87.94622039794922
7.754116058349609,0,3.0364577770233154,1.1046654435631353e-06,3.0,2.895425319671631,2.008000135421753,2944.0,-0.0,3.0,20.00400161743164,0.0,0.10954030603170395,0.2903117537498474,9.172654151916504,0.00016112811863422394,0.0004820358008146286,-0.0001371540129184723,29.716026306152344,41.172298431396484,-89.65060424804688
7.77453875541687,0,3.0364577770233154,9.04629757769726e-07,3.0,2.894688129425049,2.01200008392334,2980.0,-0.0,3.0,20.012001037597656,0.0,0.11851902306079865,0.26576992869377136,9.15589427947998,0.00042744725942611694,-0.0005832444876432419,-0.000536634586751461,28.654739379882812,41.88216781616211,-88.62797546386719
7.794643878936768,0,3.0364577770233154,7.437878366545192e-07,3.0,2.8939666748046875,2.01200008392334,2948.0,-0.0,3.0,20.00400161743164,0.0,0.09876585006713867,0.29869186878204346,9.163675308227539,-0.00023835152387619019,-0.000982724130153656,0.0005286457017064095,32.54612350463867,41.172298431396484,-87.60533905029297
7.814817428588867,0,3.0364577770233154,6.103184091443836e-07,3.0,2.8932371139526367,2.008000135421753,2940.0,-0.0,3.0,20.012001037597656,0.0,0.10535024106502533,0.2741500735282898,9.122971534729004,-0.0007709935307502747,-0.00018376484513282776,0.0009281262755393982,31.48483657836914,42.59203338623047,-87.60533905029297
7.835145711898804,0,3.0364577770233154,5.009366645936097e-07,3.0,2.8925089836120605,2.01200008392334,2940.0,-0.0,3.0,20.012001037597656,0.0,0.13049064576625824,0.29150891304016113,9.161879539489746,0.00029428862035274506,8.255615830421448e-05,0.00026232562959194183,30.954193115234375,42.769500732421875,-87.7757797241211
7.855340957641602,0,3.0364577770233154,4.1101569081547495e-07,3.0,2.8917794227600098,2.004000186920166,2944.0,-0.0,3.0,20.012001037597656,0.0,0.12270908802747726,0.2699599862098694,9.146915435791016,-0.00023835152387619019,0.0006151963025331497,0.0005286457017064095,30.42354965209961,42.94696807861328,-86.24183654785156
7.875604152679443,0,3.0364577770233154,3.3662803389233886e-07,3.0,2.891042709350586,2.01200008392334,2964.0,-0.0,3.0,20.00800132751465,0.0,0.10654740780591965,0.2693614065647125,9.166667938232422,0.00029428862035274506,-0.00018376484513282776,0.0007949657738208771,30.777311325073242,40.81736755371094,-87.94622039794922
7.89592170715332,0,3.0364577770233154,2.7672268743117456e-07,3.0,2.890320301055908,2.01200008392334,2944.0,-0.0,3.0,20.00800132751465,0.0,0.10894172638654709,0.2831287682056427,9.160083770751953,-0.0006378330290317535,0.0002157166600227356,-0.0001371540129184723,32.36924362182617,40.994834899902344,-88.45753479003906
7.916069507598877,0,3.0364577770233154,2.2583897418826382e-07,3.0,2.8895702362060547,2.01200008392334,3040.0,-0.0,3.0,20.012001037597656,0.0,0.12330766767263412,0.3142549991607666,9.15948486328125,0.0014927294105291367,0.0006151963025331497,-0.001468755304813385,32.72300338745117,41.34976577758789,-87.43490600585938
7.936514854431152,0,3.0364577770233154,1.863099328147655e-07,3.0,2.8888611793518066,2.01200008392334,2940.0,-0.0,3.0,20.012001037597656,0.0,0.12929348647594452,0.2939032316207886,9.127760887145996,-0.0007709935307502747,8.255615830421448e-05,0.0007949657738208771,30.954193115234375,42.059635162353516,-87.7757797241211
7.957428932189941,0,3.0364577770233154,1.5287734811408882e-07,3.0,2.888131618499756,2.0240001678466797,2944.0,-0.0,3.0,20.00400161743164,0.0,0.10714598745107651,0.2849245071411133,9.142724990844727,0.0005606077611446381,0.0007483568042516708,-0.0001371540129184723,30.24666976928711,41.34976577758789,-88.79840850830078
7.976785182952881,0,3.0364577770233154,1.2524242265499197e-07,3.0,2.8873963356018066,2.008000135421753,2972.0,-0.0,3.0,20.012001037597656,0.0,0.11432895809412003,0.28073444962501526,9.14452075958252,-0.0003715120255947113,8.255615830421448e-05,0.0006618062034249306,31.131074905395508,41.88216781616211,-86.92359161376953
7.997527122497559,0,3.0364577770233154,1.0295477181898605e-07,3.0,2.8866734504699707,2.008000135421753,2952.0,-0.0,3.0,20.012001037597656,0.0,0.12630057334899902,0.2831287682056427,9.156492233276367,0.0008269287645816803,-0.00045008398592472076,-0.0009361151605844498,29.892906188964844,40.63990020751953,-87.7757797241211
8.01731276512146,0,3.0364577770233154,8.393441675025315e-08,3.0,2.8859195709228516,2.008000135421753,3116.0,-0.0,3.0,20.088001251220703,0.0,0.10295592248439789,0.27474865317344666,9.14571762084961,0.0005606077611446381,0.0006151963025331497,0.00012916605919599533,33.07676696777344,42.41456604003906,-88.45753479003906
8.037673711776733,0,3.0364577770233154,6.926484275027178e-08,3.0,2.885211944580078,2.01200008392334,2964.0,-0.0,3.0,20.00800132751465,0.0,0.12270908802747726,0.2831287682056427,9.143921852111816,0.0005606077611446381,0.0003488771617412567,0.0009281262755393982,30.600431442260742,42.059635162353516,-88.11666107177734
8.057851314544678,0,3.0364577770233154,5.683579118453963e-08,3.0,2.8844823837280273,2.004000186920166,2964.0,-0.0,3.0,20.00400161743164,0.0,0.12749773263931274,0.28791743516921997,9.147513389587402,-0.0001051928848028183,0.0019467975944280624,-0.0004034740850329399,30.600431442260742,41.34976577758789,-88.79840850830078
8.078216791152954,0,3.0364577770233154,4.655811736142823e-08,3.0,2.88374662399292,2.01200008392334,2984.0,-0.0,3.0,20.012001037597656,0.0,0.11792044341564178,0.3004876375198364,9.148711204528809,-0.00023835152387619019,0.0010146759450435638,-0.0010692747309803963,28.654739379882812,42.23710250854492,-87.60533905029297
8.098526954650879,0,3.0364577770233154,3.8265387303226817e-08,3.0,2.883023262023926,2.01200008392334,2972.0,-0.0,3.0,20.032001495361328,0.0,0.12689915299415588,0.28971317410469055,9.173851013183594,0.0005606077611446381,0.0003488771617412567,0.0014607664197683334,31.661718368530273,40.63990020751953,-88.11666107177734
8.118597745895386,0,3.0364577770233154,3.124865699533075e-08,3.0,2.8822755813598633,2.01200008392334,3072.0,-0.0,3.0,20.00400161743164,0.0,0.1101388931274414,0.2939032316207886,9.166069984436035,0.00029428862035274506,-0.00031692348420619965,0.0009281262755393982,30.24666976928711,40.994834899902344,-87.43490600585938
8.138863801956177,0,3.0364577770233154,2.576724611458303e-08,3.0,2.8815646171569824,2.008000135421753,2960.0,-0.0,3.0,20.012001037597656,0.0,0.09816727042198181,0.28971317410469055,9.152900695800781,0.0017590485513210297,-5.060434341430664e-05,0.00026232562959194183,31.131074905395508,41.172298431396484,-87.94622039794922
8.159270286560059,0,3.0364577770233154,2.1142660955320025e-08,3.0,2.8808350563049316,2.0280001163482666,2964.0,-0.0,3.0,20.00800132751465,0.0,0.10654740780591965,0.2813330292701721,9.182829856872559,0.0008269287645816803,8.255615830421448e-05,-0.0004034740850329399,30.600431442260742,42.059635162353516,-87.43490600585938
8.179418563842773,0,3.0364577770233154,1.7318070533178798e-08,3.0,2.880098819732666,2.01200008392334,3000.0,-0.0,3.0,20.012001037597656,0.0,0.11073747277259827,0.2933046519756317,9.163076400756836,0.00016112811863422394,0.0014141574501991272,-0.001335594803094864,30.42354965209961,40.462432861328125,-88.9688491821289
8.199613332748413,0,3.0364577770233154,1.4235647327609513e-08,3.0,2.8793764114379883,2.004000186920166,2960.0,-0.0,3.0,20.012001037597656,0.0,0.1101388931274414,0.2753472328186035,9.173253059387207,2.796761691570282e-05,-0.00018376484513282776,0.0011944463476538658,30.600431442260742,40.63990020751953,-88.11666107177734
8.21979022026062,0,3.0364577770233154,1.1647936837277939e-08,3.0,2.878635883331299,2.01200008392334,3016.0,-0.0,3.0,20.00800132751465,0.0,0.10355450212955475,0.2861216962337494,9.17624568939209,0.0006937682628631592,0.000881517305970192,-3.994442522525787e-06,32.72300338745117,40.63990020751953,-88.11666107177734
8.240184307098389,0,3.0364577770233154,9.585834348513345e-09,3.0,2.877917766571045,2.008000135421753,2968.0,-0.0,3.0,20.00400161743164,0.0,0.09038572013378143,0.2861216962337494,9.13793659210205,0.00042744725942611694,0.0004820358008146286,-0.0002703145146369934,31.838598251342773,41.5272331237793,-88.28709411621094
8.260307312011719,0,3.0364577770233154,7.86632803340126e-09,3.0,2.8771886825561523,2.008000135421753,2964.0,-0.0,3.0,20.020000457763672,0.0,0.11432895809412003,0.27654439210891724,9.125965118408203,2.796761691570282e-05,-0.00045008398592472076,0.001327606849372387,32.192359924316406,41.88216781616211,-87.26446533203125
8.280767679214478,0,3.0364577770233154,6.442857358734955e-09,3.0,2.8764524459838867,2.01200008392334,2984.0,-0.0,3.0,20.00400161743164,0.0,0.09218145906925201,0.30886775255203247,9.147513389587402,0.0016258880496025085,-0.00031692348420619965,0.00026232562959194183,30.42354965209961,41.172298431396484,-88.28709411621094
8.300809860229492,0,3.0364577770233154,5.296927785281014e-09,3.0,2.875730514526367,2.004000186920166,2960.0,-0.0,3.0,20.032001495361328,0.0,0.11193463206291199,0.29749470949172974,9.142126083374023,-0.0005046725273132324,-0.00045008398592472076,0.0009281262755393982,32.015480041503906,42.059635162353516,-86.7531509399414
8.321156740188599,0,3.0364577770233154,4.3374197566947714e-09,3.0,2.874993324279785,2.01200008392334,2992.0,-0.0,3.0,20.00800132751465,0.0,0.11492753773927689,0.29569897055625916,9.151703834533691,0.0010932479053735733,0.001280996948480606,-0.001468755304813385,31.838598251342773,42.59203338623047,-86.24183654785156
8.341327905654907,0,3.0364577770233154,3.566243522712398e-09,3.0,2.8742713928222656,2.01200008392334,2956.0,-0.0,3.0,20.012001037597656,0.0,0.10235733538866043,0.2873188555240631,9.142126083374023,2.796761691570282e-05,0.0004820358008146286,-0.0010692747309803963,30.24666976928711,42.41456604003906,-87.43490600585938
8.362415075302124,0,3.0364577770233154,2.926199949015995e-09,3.0,2.873541831970215,2.01200008392334,2964.0,-0.0,3.0,20.00400161743164,0.0,0.1101388931274414,0.29450181126594543,9.14452075958252,-0.0009041521698236465,-0.00018376484513282776,0.0019934065639972687,30.24666976928711,41.34976577758789,-88.79840850830078
8.3826322555542,0,3.0364577770233154,2.4011137522705894e-09,3.0,2.872812271118164,2.008000135421753,2964.0,-0.0,3.0,20.012001037597656,0.0,0.09278004616498947,0.26457276940345764,9.127161979675293,0.00042744725942611694,0.0006151963025331497,0.00039548613131046295,31.838598251342773,40.462432861328125,-88.62797546386719
8.402050733566284,0,3.0364577770233154,1.9700989728477225e-09,3.0,2.8720827102661133,2.004000186920166,2964.0,-0.0,3.0,20.00800132751465,0.0,0.09218145906925201,0.2861216962337494,9.160682678222656,-0.0006378330290317535,-0.000982724130153656,-0.0009361151605844498,31.838598251342773,42.23710250854492,-88.28709411621094
8.423195838928223,0,3.0364577770233154,1.6137819969230804e-09,3.0,2.871346950531006,2.01200008392334,2988.0,-0.0,3.0,20.00800132751465,0.0,0.10056159645318985,0.2891145944595337,9.166667938232422,0.0006937682628631592,0.0007483568042516708,-0.0004034740850329399,31.838598251342773,41.172298431396484,-86.58271026611328
8.442631244659424,0,3.0364577770233154,1.3263397047325043e-09,3.0,2.8706235885620117,2.008000135421753,2964.0,-0.0,3.0,20.012001037597656,0.0,0.11792044341564178,0.27953729033470154,9.127760887145996,0.0009600892663002014,0.0007483568042516708,-0.0001371540129184723,32.192359924316406,40.462432861328125,-88.9688491821289
8.462773323059082,0,3.0364577770233154,1.088674039806392e-09,3.0,2.8698949813842773,2.01200008392334,2964.0,-0.0,3.0,20.00800132751465,0.0,0.10475166141986847,0.28372734785079956,9.139732360839844,-0.0006378330290317535,0.0014141574501991272,-0.0004034740850329399,30.42354965209961,41.5272331237793,-87.26446533203125
8.483239889144897,0,3.0364577770233154,8.9304014183611e-10,3.0,2.86916446685791,2.01200008392334,2968.0,-0.0,3.0,20.012001037597656,0.0,0.10116017609834671,0.27953729033470154,9.137337684631348,-0.0003715120255947113,0.0003488771617412567,0.00026232562959194183,30.777311325073242,40.10749816894531,-88.62797546386719
8.503248453140259,0,3.0364577770233154,7.330165363583774e-10,3.0,2.868436336517334,2.004000186920166,2960.0,-0.0,3.0,20.00400161743164,0.0,0.10894172638654709,0.281931608915329,9.133746147155762,-0.0001051928848028183,0.0006151963025331497,0.00039548613131046295,32.54612350463867,41.88216781616211,-87.26446533203125
8.523456335067749,0,3.0364577770233154,6.004413632965111e-10,3.0,2.8677000999450684,2.01200008392334,2984.0,-0.0,3.0,20.012001037597656,0.0,0.10594882071018219,0.302283376455307,9.148711204528809,2.796761691570282e-05,-0.00018376484513282776,0.0014607664197683334,31.131074905395508,42.23710250854492,-44.65486145019531
8.543866634368896,0,3.0364577770233154,4.935901687375122e-10,3.0,2.8669776916503906,2.008000135421753,2972.0,-0.0,3.0,20.012001037597656,0.0,0.08739281445741653,0.2861216962337494,9.167266845703125,0.0006937682628631592,0.001147836446762085,0.0009281262755393982,31.48483657836914,41.172298431396484,-89.30972290039062
8.563988208770752,0,3.0364577770233154,4.049553192775335e-10,3.0,2.86624813079834,2.008000135421753,2964.0,-0.0,3.0,20.00800132751465,0.0,0.11432895809412003,0.28791743516921997,9.163076400756836,0.00016112811863422394,-0.00031692348420619965,-0.0012024352326989174,33.25364685058594,41.5272331237793,-87.60533905029297
8.584392309188843,0,3.0364577770233154,3.323273045641173e-10,3.0,2.8655190467834473,2.008000135421753,2968.0,-0.0,3.0,20.00800132751465,0.0,0.1280963122844696,0.2992904484272003,9.149908065795898,0.00042744725942611694,0.0007483568042516708,-0.0006697950884699821,31.661718368530273,43.4793701171875,-88.11666107177734
8.604527235031128,0,3.0364577770233154,2.7273563962815217e-10,3.0,2.864790439605713,2.008000135421753,2964.0,-0.0,3.0,20.016000747680664,0.0,0.10834314674139023,0.28372734785079956,9.168463706970215,-0.0007709935307502747,8.255615830421448e-05,0.00012916605919599533,29.53914451599121,42.059635162353516,-88.11666107177734
8.624714374542236,0,3.0364577770233154,2.2330397253522705e-10,-0.0,-3.4098517343039703e-09,2.01200008392334,2988.0,-0.0,2.0,20.012001037597656,0.0,0.09038572013378143,0.27474865317344666,9.113394737243652,-0.00023835152387619019,0.0004820358008146286,-0.0017350753769278526,32.192359924316406,42.94696807861328,-88.9688491821289
8.645523071289062,0,3.0364577770233154,1.835648438808235e-10,-0.0,-2.803035359377759e-09,2.0160000324249268,2964.0,-0.0,2.0,20.00400161743164,0.0,0.10894172638654709,0.2891145944595337,9.164274215698242,0.0009600892663002014,0.0002157166600227356,-0.0004034740850329399,31.307954788208008,40.63990020751953,-88.79840850830078
8.665234565734863,0,3.0364577770233154,1.5060802605049162e-10,0.0,-2.643180119221711e-09,2.008000135421753,2972.0,-0.0,0.0,20.012001037597656,0.0,0.11492753773927689,0.29869186878204346,9.125965118408203,0.0012264084070920944,0.0004820358008146286,-3.994442522525787e-06,32.89988708496094,42.59203338623047,-88.28709411621094
8.685388088226318,0,3.0364577770233154,1.2365401758085426e-10,0.0,-2.643180119221711e-09,2.01200008392334,2960.0,-0.0,0.0,20.016000747680664,0.0,0.11732186377048492,0.28372734785079956,9.15828800201416,0.0013595689088106155,0.0016804765909910202,0.0007949657738208771,31.307954788208008,42.41456604003906,-87.7757797241211
8.705790996551514,0,3.0364577770233154,1.0146139484135119e-10,0.0,-2.643180119221711e-09,2.004000186920166,2964.0,-0.0,0.0,20.020000457763672,0.0,0.10355450212955475,0.2633756101131439,9.132549285888672,-0.0003715120255947113,-0.00018376484513282776,-0.0001371540129184723,29.892906188964844,43.4793701171875,-86.7531509399414
8.725898027420044,0,3.0364577770233154,8.312063537463388e-11,0.0,-2.643180119221711e-09,2.008000135421753,2988.0,-0.0,0.0,20.016000747680664,0.0,0.11492753773927689,0.28791743516921997,9.13793659210205,-0.0001051928848028183,0.0006151963025331497,-0.0010692747309803963,30.24666976928711,40.28496551513672,-87.7757797241211
8.746312856674194,0,3.0364577770233154,6.831318843936174e-11,0.0,-2.643180119221711e-09,2.01200008392334,2960.0,-0.0,0.0,20.00800132751465,0.0,0.10355450212955475,0.27355149388313293,9.118183135986328,0.0009600892663002014,0.0006151963025331497,-3.994442522525787e-06,31.48483657836914,40.81736755371094,-88.9688491821289
8.76643991470337,0,3.0364577770233154,5.581851300617835e-11,0.0,-2.643180119221711e-09,2.008000135421753,3064.0,-0.0,0.0,20.00400161743164,0.0,0.10834314674139023,0.2861216962337494,9.142724990844727,0.0010932479053735733,0.0002157166600227356,-0.0002703145146369934,32.36924362182617,42.41456604003906,-88.11666107177734
8.786727905273438,0,3.0364577770233154,4.6000658143752204e-11,0.0,-2.643180119221711e-09,2.004000186920166,2964.0,-0.0,0.0,20.012001037597656,0.0,0.10654740780591965,0.29150891304016113,9.105612754821777,-0.0009041521698236465,-0.00031692348420619965,0.0009281262755393982,31.307954788208008,43.4793701171875,-87.7757797241211
8.807030439376831,0,3.0364577770233154,3.773587692323943e-11,0.0,-2.643180119221711e-09,2.01200008392334,2956.0,-0.0,0.0,20.00800132751465,0.0,0.09337862581014633,0.2933046519756317,9.182230949401855,0.0005606077611446381,0.0002157166600227356,0.00026232562959194183,29.53914451599121,42.769500732421875,-87.43490600585938
8.827154636383057,0,3.0364577770233154,3.093359596251233e-11,0.0,-2.643180119221711e-09,2.01200008392334,2972.0,-0.0,0.0,20.00400161743164,0.0,0.11792044341564178,0.29749470949172974,9.171457290649414,0.0005606077611446381,0.001147836446762085,0.00012916605919599533,30.069787979125977,42.59203338623047,-88.62797546386719
8.848675966262817,0,3.0364577770233154,2.5408118317638007e-11,0.0,-2.643180119221711e-09,2.01200008392334,2960.0,-0.0,0.0,20.012001037597656,0.0,0.10594882071018219,0.2813330292701721,9.191808700561523,2.796761691570282e-05,0.0006151963025331497,0.00026232562959194183,30.600431442260742,40.63990020751953,-88.45753479003906
8.867699384689331,0,3.0364577770233154,2.0719561483195648e-11,0.0,-2.643180119221711e-09,2.01200008392334,3120.0,-0.0,0.0,20.016000747680664,0.0,0.11732186377048492,0.2861216962337494,9.160083770751953,0.00016112811863422394,0.001147836446762085,-3.994442522525787e-06,31.307954788208008,41.7047004699707,-87.7757797241211
8.887886762619019,0,3.0364577770233154,1.710820547728975e-11,0.0,-2.643180119221711e-09,2.01200008392334,2964.0,-0.0,0.0,20.00800132751465,0.0,0.10654740780591965,0.2891145944595337,9.1253662109375,0.00029428862035274506,0.0003488771617412567,0.0007949657738208771,31.838598251342773,40.81736755371094,-87.60533905029297
8.908253908157349,0,3.0364577770233154,1.4039299237045277e-11,0.0,-2.643180119221711e-09,2.0240001678466797,2964.0,-0.0,0.0,20.020000457763672,0.0,0.11133605241775513,0.2903117537498474,9.170858383178711,2.796761691570282e-05,0.0004820358008146286,-0.0006697950884699821,30.600431442260742,43.4793701171875,-87.43490600585938
8.928398609161377,0,3.0364577770233154,1.1502337277091712e-11,0.0,-2.643180119221711e-09,2.01200008392334,2996.0,-0.0,0.0,20.00400161743164,0.0,0.11133605241775513,0.28372734785079956,9.160682678222656,0.0009600892663002014,0.000881517305970192,0.0010612867772579193,29.892906188964844,41.34976577758789,-87.7757797241211
8.94875979423523,0,3.0364577770233154,9.455810266734144e-12,0.0,-2.643180119221711e-09,2.008000135421753,2960.0,-0.0,0.0,20.00800132751465,0.0,0.11193463206291199,0.2801358699798584,9.13913345336914,0.0010932479053735733,0.001147836446762085,0.00012916605919599533,30.777311325073242,41.5272331237793,-88.28709411621094
8.968957901000977,0,3.0364577770233154,7.723309838891801e-12,0.0,-2.643180119221711e-09,2.01200008392334,3056.0,-0.0,0.0,20.012001037597656,0.0,0.12031476944684982,0.2843259274959564,9.147513389587402,0.0013595689088106155,0.0006151963025331497,-0.0006697950884699821,32.015480041503906,41.7047004699707,-88.79840850830078
8.98909878730774,0,3.0364577770233154,6.366074768032748e-12,0.0,-2.643180119221711e-09,2.01200008392334,2960.0,-0.0,0.0,20.012001037597656,0.0,0.0879913941025734,0.2759458124637604,9.169062614440918,0.00029428862035274506,0.0006151963025331497,-0.0002703145146369934,32.54612350463867,41.172298431396484,-88.62797546386719
9.009443521499634,0,3.0364577770233154,5.223722929909025e-12,0.0,-2.643180119221711e-09,2.004000186920166,2960.0,-0.0,0.0,20.012001037597656,0.0,0.12031476944684982,0.2771429717540741,9.10621166229248,0.00029428862035274506,0.0010146759450435638,-0.000536634586751461,32.36924362182617,43.12443542480469,-87.09402465820312
9.029728889465332,0,3.0364577770233154,4.27910267983278e-12,0.0,-2.643180119221711e-09,2.01200008392334,2976.0,-0.0,0.0,20.012001037597656,0.0,0.1161246970295906,0.2903117537498474,9.137337684631348,0.00042744725942611694,0.0010146759450435638,0.0006618062034249306,29.362262725830078,41.172298431396484,-87.26446533203125
9.049991130828857,0,3.0364577770233154,3.517890622903308e-12,0.0,-2.643180119221711e-09,2.004000186920166,2956.0,-0.0,0.0,20.016000747680664,0.0,0.11193463206291199,0.2873188555240631,9.15589427947998,-0.0007709935307502747,-0.00018376484513282776,0.0010612867772579193,30.777311325073242,42.59203338623047,-89.65060424804688
9.071093320846558,0,3.0364577770233154,2.8799792411993153e-12,0.0,-2.643180119221711e-09,2.01200008392334,2992.0,-0.0,0.0,20.012001037597656,0.0,0.12151192873716354,0.2849245071411133,9.161280632019043,0.0005606077611446381,-0.00018376484513282776,0.00026232562959194183,29.716026306152344,42.94696807861328,-88.28709411621094
9.090306043624878,0,3.0364577770233154,2.368295880586513e-12,0.0,-2.643180119221711e-09,2.008000135421753,2964.0,-0.0,0.0,20.00800132751465,0.0,0.12091334909200668,0.2753472328186035,9.152900695800781,0.0006937682628631592,0.000881517305970192,-0.0009361151605844498,30.777311325073242,41.172298431396484,-87.26446533203125
9.11068344116211,0,3.0364577770233154,1.9427879444089413e-12,0.0,-2.643180119221711e-09,2.0240001678466797,2956.0,-0.0,0.0,20.012001037597656,0.0,0.12270908802747726,0.28672027587890625,9.164274215698242,0.0006937682628631592,8.255615830421448e-05,0.00039548613131046295,30.42354965209961,39.7525634765625,-88.28709411621094
9.130819082260132,0,3.0364577770233154,1.5918962112046464e-12,0.0,-2.643180119221711e-09,2.01200008392334,2976.0,-0.0,0.0,20.00800132751465,0.0,0.11971618235111237,0.2903117537498474,9.160682678222656,0.0017590485513210297,0.0004820358008146286,0.0014607664197683334,31.131074905395508,40.81736755371094,-86.92359161376953
9.152108907699585,0,3.0364577770233154,1.3083554422158028e-12,0.0,-2.643180119221711e-09,2.004000186920166,2964.0,-0.0,0.0,20.00800132751465,0.0,0.11492753773927689,0.27774155139923096,9.15828800201416,0.002025369554758072,8.255615830421448e-05,-0.000536634586751461,31.838598251342773,41.88216781616211,-87.94622039794922
9.171391487121582,0,3.0364577770233154,1.072261203438618e-12,0.0,-2.643180119221711e-09,2.01200008392334,2968.0,-0.0,0.0,20.00400161743164,0.0,0.1191176027059555,0.2849245071411133,9.160083770751953,0.0006937682628631592,0.0007483568042516708,-0.0008029546588659286,30.600431442260742,42.41456604003906,-87.09402465820312
9.191546440124512,0,3.0364577770233154,8.810023565709868e-13,0.0,-2.643180119221711e-09,2.01200008392334,2960.0,-0.0,0.0,20.012001037597656,0.0,0.1251034140586853,0.302283376455307,9.149908065795898,0.0006937682628631592,8.255615830421448e-05,-0.000536634586751461,28.831619262695312,40.994834899902344,-86.07139587402344
9.211880922317505,0,3.0364577770233154,7.22825445331754e-13,0.0,-2.643180119221711e-09,2.01200008392334,2960.0,-0.0,0.0,20.012001037597656,0.0,0.1101388931274414,0.2759458124637604,9.138534545898438,-0.00023835152387619019,-5.060434341430664e-05,0.00039548613131046295,31.48483657836914,41.88216781616211,-86.92359161376953
9.232030391693115,0,3.0364577770233154,5.931396866720728e-13,0.0,-2.643180119221711e-09,2.008000135421753,2964.0,-0.0,0.0,20.00800132751465,0.0,0.13468070328235626,0.27175575494766235,9.146316528320312,0.00042744725942611694,-0.0005832444876432419,0.00039548613131046295,32.192359924316406,41.172298431396484,-89.30972290039062
9.252401351928711,0,3.0364577770233154,4.868551308628843e-13,0.0,-2.643180119221711e-09,2.0160000324249268,2956.0,-0.0,0.0,20.00400161743164,0.0,0.10714598745107651,0.2903117537498474,9.157690048217773,-0.0009041521698236465,8.255615830421448e-05,-3.994442522525787e-06,32.89988708496094,41.5272331237793,-86.92359161376953
9.272561311721802,0,3.0364577770233154,3.988633154230342e-13,0.0,-2.643180119221711e-09,2.01200008392334,2988.0,-0.0,0.0,20.00800132751465,0.0,0.10415308177471161,0.2831287682056427,9.145119667053223,-0.0005046725273132324,-5.060434341430664e-05,0.00026232562959194183,31.131074905395508,41.5272331237793,-86.92359161376953
9.293132543563843,0,3.0364577770233154,3.278070902831137e-13,0.0,-2.643180119221711e-09,2.01200008392334,2960.0,-0.0,0.0,20.00400161743164,0.0,0.10116017609834671,0.29450181126594543,9.16247844696045,-0.0006378330290317535,0.0002157166600227356,-0.0004034740850329399,30.24666976928711,42.41456604003906,-87.43490600585938
9.313117265701294,0,3.0364577770233154,2.690469104015686e-13,0.0,-2.643180119221711e-09,2.01200008392334,2964.0,-0.0,0.0,20.00800132751465,0.0,0.11313179135322571,0.2843259274959564,9.130154609680176,0.0006937682628631592,0.0003488771617412567,0.00012916605919599533,30.600431442260742,41.7047004699707,-87.7757797241211
9.333223819732666,0,3.0364577770233154,2.2073414331167523e-13,0.0,-2.643180119221711e-09,2.01200008392334,2964.0,-0.0,0.0,20.00800132751465,0.0,0.12749773263931274,0.28791743516921997,9.163076400756836,2.796761691570282e-05,0.0003488771617412567,0.0005286457017064095,31.661718368530273,42.059635162353516,-88.45753479003906
9.353717565536499,0,3.0364577770233154,1.811813774097587e-13,0.0,-2.643180119221711e-09,2.004000186920166,2960.0,-0.0,0.0,20.00800132751465,0.0,0.10175875574350357,0.28073444962501526,9.15589427947998,-0.0009041521698236465,-0.000716404989361763,0.0010612867772579193,32.89988708496094,41.172298431396484,-87.26446533203125
9.373769044876099,0,3.0364577770233154,1.4840689441242283e-13,0.0,-2.643180119221711e-09,2.01200008392334,2984.0,-0.0,0.0,20.00400161743164,0.0,0.09517436474561691,0.29150891304016113,9.148112297058105,0.0009600892663002014,0.0007483568042516708,0.00026232562959194183,31.838598251342773,42.23710250854492,-87.26446533203125
9.393933296203613,0,3.0364577770233154,1.2195427231010553e-13,0.0,-2.643180119221711e-09,2.01200008392334,2968.0,-0.0,0.0,20.012001037597656,0.0,0.1161246970295906,0.3004876375198364,9.179837226867676,0.0010932479053735733,0.0007483568042516708,-0.0004034740850329399,31.131074905395508,41.5272331237793,-87.60533905029297
9.414290189743042,0,3.0364577770233154,9.969098707348148e-14,0.0,-2.643180119221711e-09,2.01200008392334,2964.0,-0.0,0.0,20.00800132751465,0.0,0.10894172638654709,0.30467769503593445,9.160682678222656,0.0010932479053735733,8.255615830421448e-05,-0.000536634586751461,31.131074905395508,42.59203338623047,-88.28709411621094
9.43444013595581,0,3.0364577770233154,8.213414215245407e-14,0.0,-2.643180119221711e-09,2.01200008392334,2964.0,-0.0,0.0,20.012001037597656,0.0,0.1251034140586853,0.30946633219718933,9.130753517150879,0.00016112811863422394,-0.000716404989361763,-0.0002703145146369934,30.069787979125977,41.172298431396484,-87.60533905029297
9.454947233200073,0,3.0364577770233154,6.740900291299715e-14,0.0,-2.643180119221711e-09,2.004000186920166,2964.0,-0.0,0.0,20.016000747680664,0.0,0.1280963122844696,0.2801358699798584,9.154098510742188,0.0005606077611446381,0.0010146759450435638,-3.994442522525787e-06,30.600431442260742,40.994834899902344,-87.43490600585938
9.475514650344849,0,3.0364577770233154,5.522162520549094e-14,0.0,-2.643180119221711e-09,2.01200008392334,2964.0,-0.0,0.0,20.00800132751465,0.0,0.11133605241775513,0.29270607233047485,9.149309158325195,0.0010932479053735733,0.000881517305970192,-0.001335594803094864,31.131074905395508,40.81736755371094,-88.9688491821289
9.495162963867188,0,3.0364577770233154,4.5380637182096395e-14,0.0,-2.643180119221711e-09,2.01200008392334,2960.0,-0.0,0.0,20.00800132751465,0.0,0.11073747277259827,0.29450181126594543,9.142724990844727,2.796761691570282e-05,0.0010146759450435638,0.00039548613131046295,32.89988708496094,42.94696807861328,-85.90095520019531
9.515562057495117,0,3.0364577770233154,3.718993361423277e-14,0.0,-2.643180119221711e-09,2.01200008392334,2984.0,-0.0,0.0,20.00800132751465,0.0,0.09936443716287613,0.2813330292701721,9.15948486328125,0.0006937682628631592,0.0006151963025331497,0.0009281262755393982,32.015480041503906,41.34976577758789,-88.79840850830078
9.535920858383179,0,3.0364577770233154,3.055163137451536e-14,0.0,-2.643180119221711e-09,2.01200008392334,2956.0,-0.0,0.0,20.00800132751465,0.0,0.10235733538866043,0.29569897055625916,9.139732360839844,2.796761691570282e-05,0.0006151963025331497,0.00012916605919599533,31.131074905395508,42.23710250854492,-86.92359161376953
9.555889368057251,0,3.0364577770233154,2.5073213701120624e-14,0.0,-2.643180119221711e-09,2.008000135421753,2964.0,-0.0,0.0,20.012001037597656,0.0,0.09637153148651123,0.2729529142379761,9.15828800201416,0.0008269287645816803,0.0019467975944280624,0.0011944463476538658,30.069787979125977,42.94696807861328,-88.28709411621094
9.576232433319092,0,3.0364577770233154,2.0537606378458022e-14,0.0,-2.643180119221711e-09,2.01200008392334,2980.0,-0.0,0.0,20.00400161743164,0.0,0.10774456709623337,0.2939032316207886,9.131950378417969,-0.0009041521698236465,-0.00031692348420619965,-0.0001371540129184723,31.48483657836914,41.172298431396484,-88.28709411621094
9.59642243385315,0,3.0364577770233154,1.688081945549428e-14,0.0,-2.643180119221711e-09,2.01200008392334,2960.0,-0.0,0.0,20.00400161743164,0.0,0.11373037844896317,0.2759458124637604,9.195999145507812,0.0012264084070920944,0.0007483568042516708,-0.0004034740850329399,30.42354965209961,41.5272331237793,-87.60533905029297
9.617962121963501,0,3.0364577770233154,1.3792738923646547e-14,0.0,-2.643180119221711e-09,2.01200008392334,3076.0,-0.0,0.0,20.00400161743164,0.0,0.1191176027059555,0.2933046519756317,9.130753517150879,0.0005606077611446381,0.0006151963025331497,-0.0008029546588659286,32.54612350463867,42.59203338623047,-88.28709411621094
9.636960744857788,0,3.0364577770233154,1.1369793554729096e-14,0.0,-2.643180119221711e-09,2.01200008392334,2956.0,-0.0,0.0,20.016000747680664,0.0,0.11193463206291199,0.2951003909111023,9.154696464538574,0.0006937682628631592,8.255615830421448e-05,-0.0004034740850329399,32.015480041503906,42.769500732421875,-87.43490600585938
9.657357692718506,0,3.0364577770233154,9.329563082369555e-15,0.0,-2.643180119221711e-09,2.008000135421753,2960.0,-0.0,0.0,20.032001495361328,0.0,0.11732186377048492,0.29450181126594543,9.114591598510742,-0.0003715120255947113,-5.060434341430664e-05,-0.0002703145146369934,30.954193115234375,41.34976577758789,-86.7531509399414
9.677429676055908,0,3.0364577770233154,7.639540923151146e-15,0.0,-2.643180119221711e-09,2.008000135421753,3000.0,-0.0,0.0,20.016000747680664,0.0,0.10056159645318985,0.27774155139923096,9.143921852111816,-0.0005046725273132324,0.0007483568042516708,-0.0006697950884699821,30.954193115234375,42.769500732421875,-88.45753479003906
9.697803258895874,0,3.0364577770233154,6.279291560188412e-15,0.0,-2.643180119221711e-09,2.01200008392334,2956.0,-0.0,0.0,20.012001037597656,0.0,0.11133605241775513,0.27774155139923096,9.132549285888672,0.00016112811863422394,-0.00018376484513282776,0.001327606849372387,31.131074905395508,41.5272331237793,-88.28709411621094
9.717942237854004,0,3.0364577770233154,5.1219713861135486e-15,0.0,-2.643180119221711e-09,2.01200008392334,3116.0,-0.0,0.0,20.012001037597656,0.0,0.12091334909200668,0.3034805357456207,9.182829856872559,0.0005606077611446381,0.0010146759450435638,0.0005286457017064095,31.131074905395508,41.5272331237793,-88.28709411621094
9.738236665725708,0,3.0364577770233154,4.228749308728998e-15,0.0,-2.643180119221711e-09,2.01200008392334,2968.0,-0.0,0.0,20.00800132751465,0.0,0.1430608481168747,0.27055856585502625,9.142126083374023,0.00029428862035274506,0.0003488771617412567,-0.0020013954490423203,31.661718368530273,41.34976577758789,-86.41226959228516
9.758562088012695,0,3.0364577770233154,3.4707437593958605e-15,0.0,-2.643180119221711e-09,2.008000135421753,2956.0,-0.0,0.0,20.00800132751465,0.0,0.11253321170806885,0.27654439210891724,9.1720552444458,0.0008269287645816803,-0.00045008398592472076,-3.994442522525787e-06,31.838598251342773,42.23710250854492,-87.60533905029297
9.77860164642334,0,3.0364577770233154,2.8423615678051803e-15,0.0,-2.643180119221711e-09,2.01200008392334,2980.0,-0.0,0.0,20.00800132751465,0.0,0.10654740780591965,0.28791743516921997,9.140929222106934,0.0010932479053735733,-0.00018376484513282776,0.0007949657738208771,30.42354965209961,42.23710250854492,-87.94622039794922
9.798967361450195,0,3.0364577770233154,2.3362697579743397e-15,0.0,-2.643180119221711e-09,2.0240001678466797,2960.0,-0.0,0.0,20.02400016784668,0.0,0.1370750367641449,0.29150891304016113,9.131352424621582,-0.0001051928848028183,0.0006151963025331497,-0.000536634586751461,30.954193115234375,41.34976577758789,-87.43490600585938
9.81916332244873,0,3.0364577770233154,1.909767704966355e-15,0.0,-2.643180119221711e-09,2.008000135421753,3044.0,-0.0,0.0,20.012001037597656,0.0,0.1280963122844696,0.28253018856048584,9.163076400756836,2.796761691570282e-05,0.0014141574501991272,0.0005286457017064095,30.600431442260742,42.059635162353516,-88.45753479003906
9.839380502700806,0,3.0364577770233154,1.5728807848658095e-15,0.0,-2.643180119221711e-09,2.008000135421753,2956.0,-0.0,0.0,20.016000747680664,0.0,0.13168780505657196,0.296297550201416,9.156492233276367,-0.00023835152387619019,0.0003488771617412567,-0.0004034740850329399,31.131074905395508,40.81736755371094,-88.9688491821289
9.859702587127686,0,3.0364577770233154,1.2907368629924807e-15,0.0,-2.643180119221711e-09,2.0360000133514404,2960.0,-0.0,0.0,20.016000747680664,0.0,0.1101388931274414,0.2861216962337494,9.176844596862793,-0.00023835152387619019,0.0007483568042516708,-0.0012024352326989174,31.661718368530273,40.994834899902344,-88.11666107177734
9.879835844039917,0,3.0364577770233154,1.057658595138278e-15,0.0,-2.643180119221711e-09,2.01200008392334,2972.0,-0.0,0.0,20.00400161743164,0.0,0.11732186377048492,0.2861216962337494,9.171457290649414,-0.0005046725273132324,0.0007483568042516708,-0.0009361151605844498,31.307954788208008,42.41456604003906,-88.11666107177734
9.900211572647095,0,3.0364577770233154,8.691748649515606e-16,0.0,-2.643180119221711e-09,2.004000186920166,2964.0,-0.0,0.0,20.00400161743164,0.0,0.11732186377048492,0.29988905787467957,9.168463706970215,0.0005606077611446381,0.000881517305970192,-0.0004034740850329399,30.777311325073242,42.94696807861328,-87.60533905029297
9.920366764068604,0,3.0364577770233154,7.120262716155687e-16,0.0,-2.643180119221711e-09,2.01200008392334,2972.0,-0.0,0.0,20.00800132751465,0.0,0.11792044341564178,0.281931608915329,9.151703834533691,-0.0009041521698236465,-0.00031692348420619965,-0.001468755304813385,29.892906188964844,42.769500732421875,-87.09402465820312
9.940637350082397,0,3.0364577770233154,5.851805996049547e-16,0.0,-2.643180119221711e-09,2.01200008392334,2964.0,-0.0,0.0,20.012001037597656,0.0,0.12031476944684982,0.28791743516921997,9.122373580932617,-0.0009041521698236465,0.0002157166600227356,-0.0008029546588659286,30.777311325073242,42.23710250854492,-85.90095520019531
9.960903406143188,0,3.0364577770233154,4.801917657652906e-16,0.0,-2.643180119221711e-09,2.0280001163482666,2960.0,-0.0,0.0,20.012001037597656,0.0,0.1101388931274414,0.27953729033470154,9.164274215698242,-0.0009041521698236465,-0.00045008398592472076,0.00012916605919599533,29.53914451599121,41.7047004699707,-87.43490600585938
9.981083631515503,0,3.0364577770233154,3.934498215544971e-16,0.0,-2.643180119221711e-09,2.01200008392334,2988.0,-0.0,0.0,20.00400161743164,0.0,0.11732186377048492,0.2903117537498474,9.157690048217773,-0.0011704731732606888,-0.00031692348420619965,-0.0009361151605844498,32.015480041503906,41.34976577758789,-88.79840850830078
10.001516342163086,0,3.0364577770233154,3.233070761319277e-16,0.0,-2.643180119221711e-09,2.0160000324249268,2960.0,-0.0,0.0,20.02400016784668,0.0,0.11971618235111237,0.2849245071411133,9.153499603271484,0.00029428862035274506,0.000881517305970192,0.0007949657738208771,31.661718368530273,42.059635162353516,-88.45753479003906
10.021615982055664,0,3.0364577770233154,2.649150599679396e-16,0.0,-2.643180119221711e-09,2.01200008392334,2984.0,-0.0,0.0,20.016000747680664,0.0,0.10175875574350357,0.28791743516921997,9.161879539489746,0.0010932479053735733,0.0010146759450435638,-0.0002703145146369934,31.838598251342773,41.172298431396484,-88.62797546386719
10.041779518127441,0,3.0364577770233154,2.1766213586527636e-16,0.0,-2.643180119221711e-09,2.01200008392334,2964.0,-0.0,0.0,20.00400161743164,0.0,0.12091334909200668,0.3052762746810913,9.142126083374023,2.796761691570282e-05,8.255615830421448e-05,-0.0010692747309803963,30.069787979125977,42.23710250854492,-87.94622039794922
10.062146425247192,0,3.0364577770233154,1.7773942165326206e-16,0.0,-2.643180119221711e-09,2.008000135421753,2968.0,-0.0,0.0,20.00400161743164,0.0,0.09936443716287613,0.3070720136165619,9.146915435791016,0.0006937682628631592,0.001280996948480606,0.0006618062034249306,29.716026306152344,39.39763259887695,-87.60533905029297
10.082343339920044,0,3.0364577770233154,1.4658989089710357e-16,0.0,-2.643180119221711e-09,2.01200008392334,2960.0,-0.0,0.0,20.012001037597656,0.0,0.10475166141986847,0.2933046519756317,9.175646781921387,2.796761691570282e-05,0.0002157166600227356,-0.0004034740850329399,31.838598251342773,41.88216781616211,-87.60533905029297
10.102714776992798,0,3.0364577770233154,1.2027609770659948e-16,0.0,-2.643180119221711e-09,2.008000135421753,2968.0,-0.0,0.0,20.00800132751465,0.0,0.12570199370384216,0.28971317410469055,9.14332389831543,0.00016112811863422394,-0.00031692348420619965,-0.0001371540129184723,32.72300338745117,41.34976577758789,-88.11666107177734
10.123792886734009,0,3.0364577770233154,9.853411190934128e-17,0.0,-2.643180119221711e-09,2.01200008392334,2988.0,-0.0,0.0,20.00400161743164,0.0,0.11133605241775513,0.2968961298465729,9.172654151916504,0.00029428862035274506,0.001280996948480606,-0.0004034740850329399,31.48483657836914,41.88216781616211,-87.94622039794922
10.143117427825928,0,3.0364577770233154,8.099291322209687e-17,0.0,-2.643180119221711e-09,2.008000135421753,2960.0,-0.0,0.0,20.012001037597656,0.0,0.11313179135322571,0.29450181126594543,9.155295372009277,0.00016112811863422394,-0.000716404989361763,0.0014607664197683334,29.53914451599121,41.34976577758789,-87.43490600585938
10.163367986679077,0,3.0364577770233154,6.644356725345267e-17,0.0,-2.643180119221711e-09,2.01200008392334,2968.0,-0.0,0.0,20.00800132751465,0.0,0.12689915299415588,0.30467769503593445,9.171457290649414,0.00029428862035274506,0.0003488771617412567,-0.001468755304813385,30.600431442260742,42.059635162353516,-89.13928985595703
10.183607578277588,0,3.0364577770233154,5.454814094467869e-17,0.0,-2.643180119221711e-09,2.008000135421753,2960.0,-0.0,0.0,20.00400161743164,0.0,0.10894172638654709,0.2939032316207886,9.149908065795898,-0.0007709935307502747,-5.060434341430664e-05,0.00039548613131046295,31.131074905395508,41.172298431396484,-88.9688491821289
10.204885244369507,0,3.0364577770233154,4.474942558282453e-17,0.0,-2.643180119221711e-09,2.0280001163482666,2968.0,-0.0,0.0,20.020000457763672,0.0,0.12330766767263412,0.28372734785079956,9.097831726074219,-0.0007709935307502747,0.0007483568042516708,-0.001468755304813385,31.661718368530273,42.059635162353516,-87.7757797241211
10.224328756332397,0,3.0364577770233154,3.666588907343377e-17,0.0,-2.643180119221711e-09,2.008000135421753,2984.0,-0.0,0.0,20.012001037597656,0.0,0.08978714048862457,0.29749470949172974,9.161280632019043,-0.0003715120255947113,0.0002157166600227356,-0.0008029546588659286,30.42354965209961,42.23710250854492,-89.30972290039062
10.244230270385742,0,3.0364577770233154,3.0129296114802934e-17,0.0,-2.643180119221711e-09,2.008000135421753,2964.0,-0.0,0.0,20.012001037597656,0.0,0.10774456709623337,0.28552308678627014,9.132549285888672,-0.0007709935307502747,0.0006151963025331497,-0.0006697950884699821,31.661718368530273,40.994834899902344,-86.7531509399414
10.264582633972168,0,3.0364577770233154,2.4717885510564703e-17,0.0,-2.643180119221711e-09,2.008000135421753,2964.0,-0.0,0.0,20.00800132751465,0.0,0.1101388931274414,0.2741500735282898,9.168463706970215,-0.0007709935307502747,8.255615830421448e-05,-0.0006697950884699821,29.716026306152344,43.301902770996094,-88.62797546386719
10.284793138504028,0,3.0364577770233154,2.0287871763561435e-17,0.0,-2.643180119221711e-09,2.01200008392334,2968.0,-0.0,0.0,20.00400161743164,0.0,0.11253321170806885,0.28851601481437683,9.163076400756836,-0.00023835152387619019,8.255615830421448e-05,-0.0008029546588659286,29.53914451599121,41.7047004699707,-88.79840850830078
10.305113792419434,0,3.0364577770233154,1.6652542011566437e-17,0.0,-2.643180119221711e-09,2.004000186920166,2968.0,-0.0,0.0,20.012001037597656,0.0,0.13288496434688568,0.302283376455307,9.163076400756836,0.0010932479053735733,8.255615830421448e-05,0.0009281262755393982,31.48483657836914,40.462432861328125,-87.94622039794922
10.325278282165527,0,3.0364577770233154,1.3640723634521047e-17,0.0,-2.643180119221711e-09,2.01200008392334,2980.0,-0.0,0.0,20.016000747680664,0.0,0.10355450212955475,0.2861216962337494,9.164872169494629,-0.0003715120255947113,0.0007483568042516708,0.00039548613131046295,29.008501052856445,40.462432861328125,-88.11666107177734
10.345435619354248,0,3.0364577770233154,1.1210242001713637e-17,0.0,-2.643180119221711e-09,2.01200008392334,2960.0,-0.0,0.0,20.016000747680664,0.0,0.1191176027059555,0.2873188555240631,9.164274215698242,0.00029428862035274506,-0.0008495636284351349,0.0007949657738208771,30.777311325073242,41.172298431396484,-88.9688491821289
10.365768671035767,0,3.0364577770233154,9.179527659966368e-18,0.0,-2.643180119221711e-09,2.01200008392334,3008.0,-0.0,0.0,20.00800132751465,0.0,0.13168780505657196,0.28672027587890625,9.137337684631348,0.00042744725942611694,0.0007483568042516708,0.00039548613131046295,32.015480041503906,42.41456604003906,-88.11666107177734
10.386099100112915,0,3.0364577770233154,7.546833603825526e-18,0.0,-2.643180119221711e-09,2.01200008392334,2964.0,-0.0,0.0,20.016000747680664,0.0,0.09936443716287613,0.28791743516921997,9.167865753173828,0.00029428862035274506,8.255615830421448e-05,-0.000536634586751461,31.48483657836914,42.59203338623047,-87.26446533203125
10.406305074691772,0,3.0364577770233154,6.193073535633998e-18,0.0,-2.643180119221711e-09,2.0280001163482666,2960.0,-0.0,0.0,20.00800132751465,0.0,0.11492753773927689,0.27774155139923096,9.15589427947998,0.002291688695549965,-0.00018376484513282776,0.0009281262755393982,30.24666976928711,42.41456604003906,-88.11666107177734
10.426513671875,0,3.0364577770233154,5.073560263569523e-18,0.0,-2.643180119221711e-09,2.01200008392334,2988.0,-0.0,0.0,20.00400161743164,0.0,0.12151192873716354,0.28253018856048584,9.160083770751953,-0.0003715120255947113,0.0007483568042516708,0.00026232562959194183,30.069787979125977,41.5272331237793,-87.26446533203125
10.446819543838501,0,3.0364577770233154,4.171019361309852e-18,0.0,-2.643180119221711e-09,2.008000135421753,2960.0,-0.0,0.0,20.00400161743164,0.0,0.12749773263931274,0.2831287682056427,9.135541915893555,-0.0001051928848028183,0.0020799580961465836,0.0010612867772579193,31.48483657836914,40.10749816894531,-87.60533905029297
10.466997385025024,0,3.0364577770233154,3.4043339824704306e-18,0.0,-2.643180119221711e-09,2.01200008392334,3088.0,-0.0,0.0,20.012001037597656,0.0,0.1370750367641449,0.3034805357456207,9.147513389587402,0.0005606077611446381,-5.060434341430664e-05,0.0011944463476538658,31.661718368530273,42.41456604003906,-88.79840850830078
10.487139225006104,0,3.0364577770233154,2.8080333341562133e-18,0.0,-2.643180119221711e-09,2.01200008392334,2956.0,-0.0,0.0,20.016000747680664,0.0,0.10056159645318985,0.2771429717540741,9.15709114074707,0.00016112811863422394,0.000881517305970192,0.0011944463476538658,31.131074905395508,42.23710250854492,-88.28709411621094
10.507517576217651,0,3.0364577770233154,2.3046887615388675e-18,0.0,-2.643180119221711e-09,2.008000135421753,2960.0,-0.0,0.0,20.032001495361328,0.0,0.09876585006713867,0.2783401310443878,9.152900695800781,0.00016112811863422394,-0.0005832444876432419,0.0005286457017064095,31.661718368530273,41.7047004699707,-87.43490600585938
10.52771258354187,0,3.0364577770233154,1.8877150797618586e-18,0.0,-2.643180119221711e-09,2.01200008392334,2976.0,-0.0,0.0,20.00400161743164,0.0,0.09816727042198181,0.2699599862098694,9.149908065795898,-0.0007709935307502747,-5.060434341430664e-05,-0.0009361151605844498,30.777311325073242,42.94696807861328,-87.94622039794922
10.548027992248535,0,3.0364577770233154,1.5513053775274879e-18,0.0,-2.643180119221711e-09,2.008000135421753,2964.0,-0.0,0.0,20.032001495361328,0.0,0.1161246970295906,0.27654439210891724,9.142126083374023,-0.0003715120255947113,-0.00031692348420619965,-0.0001371540129184723,30.777311325073242,41.5272331237793,-87.26446533203125
10.56822681427002,0,3.0364577770233154,1.2650905458264834e-18,0.0,-2.643180119221711e-09,2.01200008392334,3116.0,-0.0,0.0,20.00800132751465,0.0,0.09637153148651123,0.2903117537498474,9.156492233276367,0.00029428862035274506,-0.0008495636284351349,-0.0008029546588659286,31.838598251342773,41.5272331237793,-87.60533905029297
10.588635921478271,0,3.0364577770233154,1.0443063209638828e-18,0.0,-2.643180119221711e-09,2.01200008392334,2960.0,-0.0,0.0,20.012001037597656,0.0,0.1101388931274414,0.2849245071411133,9.151703834533691,0.00016112811863422394,0.0002157166600227356,-0.0006697950884699821,30.24666976928711,42.059635162353516,-87.43490600585938
10.608723878860474,0,3.0364577770233154,8.569122238039626e-19,0.0,-2.643180119221711e-09,2.004000186920166,2968.0,-0.0,0.0,20.020000457763672,0.0,0.11672328412532806,0.3010862171649933,9.125965118408203,0.0005606077611446381,-0.00018376484513282776,0.0005286457017064095,32.36924362182617,42.059635162353516,-87.09402465820312
10.628877878189087,0,3.0364577770233154,7.0190204083034025e-19,0.0,-2.643180119221711e-09,2.01200008392334,2992.0,-0.0,0.0,20.012001037597656,0.0,0.12929348647594452,0.29749470949172974,9.130154609680176,2.796761691570282e-05,-0.000716404989361763,0.0006618062034249306,31.307954788208008,41.7047004699707,-88.11666107177734
10.649231433868408,0,3.0364577770233154,5.770395926545553e-19,0.0,-2.643180119221711e-09,2.004000186920166,2968.0,-0.0,0.0,20.00400161743164,0.0,0.08978714048862457,0.28672027587890625,9.166069984436035,0.0005606077611446381,-0.0005832444876432419,-3.994442522525787e-06,31.838598251342773,42.94696807861328,-88.9688491821289
10.669653177261353,0,3.0364577770233154,4.717319526534653e-19,0.0,-2.643180119221711e-09,2.01200008392334,3036.0,-0.0,0.0,20.00800132751465,0.0,0.13049064576625824,0.3004876375198364,9.119379997253418,-0.0006378330290317535,0.0006151963025331497,0.00026232562959194183,30.777311325073242,42.23710250854492,-86.92359161376953
10.689718008041382,0,3.0364577770233154,3.8857866514898894e-19,0.0,-2.643180119221711e-09,2.01200008392334,2960.0,-0.0,0.0,20.00800132751465,0.0,0.11971618235111237,0.302283376455307,9.179238319396973,0.00029428862035274506,-0.0005832444876432419,-0.000536634586751461,30.954193115234375,41.34976577758789,-89.13928985595703
10.709909677505493,0,3.0364577770233154,3.1881319246110676e-19,0.0,-2.643180119221711e-09,2.008000135421753,2960.0,-0.0,0.0,20.00800132751465,0.0,0.11193463206291199,0.27055856585502625,9.137337684631348,0.00042744725942611694,-0.00018376484513282776,0.0007949657738208771,30.954193115234375,40.994834899902344,-88.11666107177734
10.730553150177002,0,3.0364577770233154,2.61171292421108e-19,0.0,-2.643180119221711e-09,2.01200008392334,2972.0,-0.0,0.0,20.016000747680664,0.0,0.11193463206291199,0.2693614065647125,9.149309158325195,0.0010932479053735733,0.0007483568042516708,0.0009281262755393982,30.777311325073242,41.5272331237793,-88.9688491821289
10.750429153442383,0,3.0364577770233154,2.1471953048181785e-19,0.0,-2.643180119221711e-09,2.008000135421753,2956.0,-0.0,0.0,20.012001037597656,0.0,0.10954030603170395,0.2681642472743988,9.122373580932617,0.00016112811863422394,0.0019467975944280624,-0.0002703145146369934,31.838598251342773,42.23710250854492,-88.28709411621094
10.770620822906494,0,3.0364577770233154,1.7586455651412348e-19,0.0,-2.643180119221711e-09,2.01200008392334,2976.0,-0.0,0.0,20.00800132751465,0.0,0.11672328412532806,0.28971317410469055,9.121175765991211,0.0010932479053735733,0.001147836446762085,-0.0006697950884699821,29.362262725830078,42.94696807861328,-86.92359161376953
10.790939331054688,0,3.0364577770233154,1.4453458675049178e-19,0.0,-2.643180119221711e-09,2.01200008392334,2956.0,-0.0,0.0,20.016000747680664,0.0,0.12151192873716354,0.2783401310443878,9.123570442199707,0.0006937682628631592,-0.00018376484513282776,-0.0004034740850329399,30.24666976928711,42.41456604003906,-88.11666107177734
10.811117172241211,0,3.0364577770233154,1.185474670362196e-19,0.0,-2.643180119221711e-09,2.01200008392334,2960.0,-0.0,0.0,20.012001037597656,0.0,0.09876585006713867,0.2753472328186035,9.136738777160645,-0.0001051928848028183,0.0004820358008146286,0.0005286457017064095,31.131074905395508,42.23710250854492,-88.28709411621094
10.831526041030884,0,3.0364577770233154,9.733134414939426e-20,0.0,-2.643180119221711e-09,2.01200008392334,2964.0,-0.0,0.0,20.00400161743164,0.0,0.1191176027059555,0.2849245071411133,9.12416934967041,-0.0007709935307502747,0.0002157166600227356,0.0011944463476538658,31.48483657836914,40.81736755371094,-88.62797546386719
10.851696491241455,0,3.0364577770233154,7.985645577556971e-20,0.0,-2.643180119221711e-09,2.008000135421753,2960.0,-0.0,0.0,20.012001037597656,0.0,0.10834314674139023,0.2603827118873596,9.153499603271484,0.0006937682628631592,0.0003488771617412567,0.00012916605919599533,31.661718368530273,42.41456604003906,-87.09402465820312
10.871929168701172,0,3.0364577770233154,6.541850932194532e-20,0.0,-2.643180119221711e-09,2.008000135421753,2988.0,-0.0,0.0,20.00400161743164,0.0,0.09158287942409515,0.27474865317344666,9.146915435791016,-0.0006378330290317535,-0.00045008398592472076,0.0009281262755393982,31.48483657836914,42.59203338623047,-87.94622039794922
10.893527746200562,0,3.0364577770233154,5.377048797809743e-20,0.0,-2.643180119221711e-09,2.01200008392334,2960.0,-0.0,0.0,20.00400161743164,0.0,0.10834314674139023,0.29450181126594543,9.149309158325195,0.0005606077611446381,0.0007483568042516708,0.00012916605919599533,30.600431442260742,41.34976577758789,-88.79840850830078
10.91247010231018,0,3.0364577770233154,4.4035224865550387e-20,0.0,-2.643180119221711e-09,2.01200008392334,2968.0,-0.0,0.0,20.012001037597656,0.0,0.1191176027059555,0.28672027587890625,9.187020301818848,0.00016112811863422394,8.255615830421448e-05,0.0005286457017064095,30.42354965209961,40.10749816894531,-87.26446533203125
10.933310747146606,0,3.0364577770233154,3.620435447412489e-20,0.0,-2.643180119221711e-09,2.01200008392334,2968.0,-0.0,0.0,20.00800132751465,0.0,0.11732186377048492,0.2729529142379761,9.121175765991211,0.00029428862035274506,0.001147836446762085,-0.0002703145146369934,31.131074905395508,41.5272331237793,-87.26446533203125
10.952962875366211,0,3.0364577770233154,2.9715739722931535e-20,0.0,-2.643180119221711e-09,2.004000186920166,2960.0,-0.0,0.0,20.00800132751465,0.0,0.12989206612110138,0.2753472328186035,9.160682678222656,0.00016112811863422394,-0.00031692348420619965,-0.0004034740850329399,30.24666976928711,41.7047004699707,-88.45753479003906
10.973529577255249,0,3.0364577770233154,2.4346014381599728e-20,0.0,-2.643180119221711e-09,2.01200008392334,2984.0,-0.0,0.0,20.012001037597656,0.0,0.12031476944684982,0.2753472328186035,9.136140823364258,-0.00023835152387619019,0.0002157166600227356,0.0010612867772579193,30.42354965209961,41.88216781616211,-89.65060424804688
10.993295669555664,0,3.0364577770233154,2.0007306665917047e-20,0.0,-2.643180119221711e-09,2.01200008392334,2964.0,-0.0,0.0,20.012001037597656,0.0,0.11313179135322571,0.28253018856048584,9.145119667053223,-0.0001051928848028183,0.001280996948480606,-0.0012024352326989174,31.307954788208008,40.994834899902344,-88.45753479003906
11.01362919807434,0,3.0364577770233154,1.641454622610814e-20,0.0,-2.643180119221711e-09,2.01200008392334,2964.0,-0.0,0.0,20.00800132751465,0.0,0.12270908802747726,0.29988905787467957,9.151104927062988,-0.00023835152387619019,0.0010146759450435638,-0.0012024352326989174,29.185382843017578,41.34976577758789,-88.79840850830078
11.033776044845581,0,3.0364577770233154,1.3475341672953518e-20,0.0,-2.643180119221711e-09,2.01200008392334,2960.0,-0.0,0.0,20.00400161743164,0.0,0.11492753773927689,0.2933046519756317,9.121175765991211,-0.0006378330290317535,0.0004820358008146286,0.0014607664197683334,30.24666976928711,41.7047004699707,-88.11666107177734
11.054257869720459,0,3.0364577770233154,1.1056868318033769e-20,0.0,-2.643180119221711e-09,2.0160000324249268,2960.0,-0.0,0.0,20.016000747680664,0.0,0.11193463206291199,0.2681642472743988,9.165471076965332,0.0006937682628631592,0.000881517305970192,0.0009281262755393982,31.48483657836914,41.5272331237793,-87.94622039794922
11.074323654174805,0,3.0364577770233154,9.057445146109523e-21,0.0,-2.643180119221711e-09,2.01200008392334,2976.0,-0.0,0.0,20.012001037597656,0.0,0.07781551778316498,0.2891145944595337,9.146915435791016,-0.0007709935307502747,-0.000982724130153656,0.00012916605919599533,33.25364685058594,42.23710250854492,-87.94622039794922
11.094502925872803,0,3.0364577770233154,7.444485764690167e-21,0.0,-2.643180119221711e-09,2.01200008392334,2968.0,-0.0,0.0,20.00400161743164,0.0,0.1221105083823204,0.26756566762924194,9.151703834533691,0.00029428862035274506,-0.00045008398592472076,0.00012916605919599533,29.53914451599121,42.769500732421875,-87.7757797241211
11.114831447601318,0,3.0364577770233154,6.107910528820793e-21,0.0,-2.643180119221711e-09,2.008000135421753,2964.0,-0.0,0.0,20.012001037597656,0.0,0.10894172638654709,0.2699599862098694,9.163076400756836,0.0012264084070920944,0.0003488771617412567,-3.994442522525787e-06,29.53914451599121,40.994834899902344,-86.7531509399414
11.136515855789185,0,3.0364577770233154,5.012082009708429e-21,0.0,-2.643180119221711e-09,2.01200008392334,2968.0,-0.0,0.0,20.00400161743164,0.0,0.11373037844896317,0.29270607233047485,9.127760887145996,-0.0003715120255947113,8.255615830421448e-05,-0.002267715521156788,29.185382843017578,40.994834899902344,-89.821044921875
11.155335187911987,0,3.0364577770233154,4.113496080908398e-21,0.0,-2.643180119221711e-09,2.01200008392334,2964.0,-0.0,0.0,20.012001037597656,0.0,0.10175875574350357,0.2909103333950043,9.167865753173828,0.0008269287645816803,-0.00045008398592472076,-0.0009361151605844498,30.954193115234375,40.63990020751953,-88.11666107177734
11.175516605377197,0,3.0364577770233154,3.369907562250109e-21,0.0,-2.643180119221711e-09,2.01200008392334,2976.0,-0.0,0.0,20.00400161743164,0.0,0.12450483441352844,0.2843259274959564,9.148711204528809,2.796761691570282e-05,-0.0005832444876432419,-0.0010692747309803963,31.131074905395508,43.301902770996094,-86.92359161376953
11.195674896240234,0,3.0364577770233154,2.769569115786245e-21,0.0,-2.643180119221711e-09,2.01200008392334,2960.0,-0.0,0.0,20.00400161743164,0.0,0.11253321170806885,0.26756566762924194,9.142724990844727,-0.0006378330290317535,0.0016804765909910202,-0.0002703145146369934,32.192359924316406,42.94696807861328,-87.94622039794922
11.216055870056152,0,3.0364577770233154,2.2596498305481664e-21,0.0,-2.643180119221711e-09,2.01200008392334,3028.0,-0.0,0.0,20.00800132751465,0.0,0.11253321170806885,0.296297550201416,9.153499603271484,-0.0006378330290317535,-0.0012490451335906982,-3.994442522525787e-06,29.53914451599121,40.994834899902344,-87.09402465820312
11.236228227615356,0,3.0364577770233154,1.8650838705668053e-21,0.0,-2.643180119221711e-09,2.01200008392334,2968.0,-0.0,0.0,20.00800132751465,0.0,0.10714598745107651,0.2939032316207886,9.169661521911621,-0.0001051928848028183,-5.060434341430664e-05,0.00026232562959194183,30.954193115234375,43.83430099487305,-88.11666107177734
11.256557941436768,0,3.0364577770233154,1.5303474440439106e-21,0.0,-2.643180119221711e-09,2.0240001678466797,2960.0,-0.0,0.0,20.016000747680664,0.0,0.12929348647594452,0.27953729033470154,9.167266845703125,2.796761691570282e-05,0.0003488771617412567,-0.000536634586751461,30.069787979125977,41.5272331237793,-87.60533905029297
11.276707649230957,0,3.0364577770233154,1.253755897495616e-21,0.0,-2.643180119221711e-09,2.01200008392334,2976.0,-0.0,0.0,20.016000747680664,0.0,0.10535024106502533,0.2699599862098694,9.149309158325195,-0.0003715120255947113,-0.00018376484513282776,-0.0006697950884699821,30.777311325073242,41.88216781616211,-89.9914779663086
11.297080039978027,0,3.0364577770233154,1.0304452029327499e-21,0.0,-2.643180119221711e-09,2.01200008392334,2964.0,-0.0,0.0,20.00400161743164,0.0,0.1101388931274414,0.2801358699798584,9.158886909484863,-0.0014367923140525818,0.000881517305970192,-0.0010692747309803963,30.600431442260742,41.34976577758789,-88.11666107177734
11.317537307739258,0,3.0364577770233154,8.404276697444782e-22,0.0,-2.643180119221711e-09,2.01200008392334,3108.0,-0.0,0.0,20.012001037597656,0.0,0.12151192873716354,0.2909103333950043,9.149908065795898,-0.00023835152387619019,0.001280996948480606,-0.000536634586751461,32.192359924316406,41.172298431396484,-86.92359161376953
11.337373495101929,0,3.0364577770233154,6.938654924642796e-22,0.0,-2.643180119221711e-09,2.01200008392334,2964.0,-0.0,0.0,20.00800132751465,0.0,0.10475166141986847,0.2843259274959564,9.161280632019043,-0.0007709935307502747,0.001280996948480606,-0.0004034740850329399,32.54612350463867,42.23710250854492,-87.94622039794922
11.35777473449707,0,3.0364577770233154,5.6928953756663815e-22,0.0,-2.643180119221711e-09,2.01200008392334,2964.0,-0.0,0.0,20.016000747680664,0.0,0.1221105083823204,0.2861216962337494,9.132549285888672,-0.0010373126715421677,8.255615830421448e-05,0.0006618062034249306,31.307954788208008,41.34976577758789,-88.79840850830078
11.378530502319336,0,3.0364577770233154,4.664519638877952e-22,0.0,-2.643180119221711e-09,2.01200008392334,2984.0,-0.0,0.0,20.012001037597656,0.0,0.11672328412532806,0.2771429717540741,9.118782043457031,-0.0007709935307502747,0.0007483568042516708,0.0005286457017064095,32.015480041503906,42.41456604003906,-87.7757797241211
11.39828634262085,0,3.0364577770233154,3.8334060813958547e-22,0.0,-2.643180119221711e-09,2.01200008392334,2968.0,-0.0,0.0,20.02400016784668,0.0,0.11073747277259827,0.3004876375198364,9.121175765991211,0.00029428862035274506,0.0002157166600227356,-0.000536634586751461,31.48483657836914,43.65683364868164,-88.9688491821289
11.419379472732544,0,3.0364577770233154,3.1285534352178527e-22,0.0,-2.643180119221711e-09,2.01200008392334,3092.0,-0.0,0.0,20.00400161743164,0.0,0.1340821236371994,0.2831287682056427,9.155295372009277,0.0008269287645816803,-0.00031692348420619965,-0.0006697950884699821,30.24666976928711,42.769500732421875,-88.45753479003906
11.43951940536499,0,3.0364577770233154,2.580859804279643e-22,0.0,-2.643180119221711e-09,2.01200008392334,2956.0,-0.0,0.0,20.012001037597656,0.0,0.1101388931274414,0.29569897055625916,9.169661521911621,0.00016112811863422394,0.0006151963025331497,-0.0001371540129184723,29.716026306152344,41.5272331237793,-87.94622039794922
11.45893931388855,0,3.0364577770233154,2.118236176053998e-22,0.0,-2.643180119221711e-09,2.008000135421753,2960.0,-0.0,0.0,20.016000747680664,0.0,0.10235733538866043,0.2903117537498474,9.163076400756836,0.00042744725942611694,0.0007483568042516708,0.0007949657738208771,31.131074905395508,40.462432861328125,-87.26446533203125
11.479113578796387,0,3.0364577770233154,1.7345214837622695e-22,0.0,-2.643180119221711e-09,2.01200008392334,2984.0,-0.0,0.0,20.012001037597656,0.0,0.10594882071018219,0.28791743516921997,9.125965118408203,0.0005606077611446381,0.001147836446762085,-0.0002703145146369934,31.307954788208008,42.059635162353516,-86.7531509399414
11.49950647354126,0,3.0364577770233154,1.425684206416671e-22,0.0,-2.643180119221711e-09,2.01200008392334,2964.0,-0.0,0.0,20.00800132751465,0.0,0.11492753773927689,0.281931608915329,9.149309158325195,-0.0001051928848028183,-0.0008495636284351349,-0.0004034740850329399,31.131074905395508,41.5272331237793,-87.94622039794922
11.519665718078613,0,3.0364577770233154,1.166438133452376e-22,0.0,-2.643180119221711e-09,2.01200008392334,3020.0,-0.0,0.0,20.016000747680664,0.0,0.1280963122844696,0.28372734785079956,9.169661521911621,-0.00023835152387619019,0.0002157166600227356,0.00012916605919599533,31.131074905395508,42.23710250854492,-88.28709411621094
11.54009461402893,0,3.0364577770233154,9.602719864455061e-23,0.0,-2.643180119221711e-09,2.008000135421753,2960.0,-0.0,0.0,20.016000747680664,0.0,0.10535024106502533,0.28791743516921997,9.148711204528809,0.0005606077611446381,0.000881517305970192,-0.0010692747309803963,28.124095916748047,42.059635162353516,-89.13928985595703
