time,layout.data_offset,data[0],data[1],data[2],data[3],data[4],data[5],data[6],data[7],data[8],data[9],data[10],data[11],data[12],data[13],data[14],data[15],data[16],data[17],data[18]
0.0,0,-1.7770599126815796,1.5414283107572988e-44,0.0,-3.762821609853972e-09,2.004000186920166,2944.0,-0.0,0.0,20.02800178527832,0.0,0.1490466445684433,0.25080540776252747,9.082866668701172,0.000515330582857132,0.0006311777979135513,0.00022770464420318604,17.511228561401367,16.149478912353516,-91.1845474243164
0.020128965377807617,0,-1.7770599126815796,1.5414283107572988e-44,0.0,-3.762821609853972e-09,2.01200008392334,2968.0,-0.0,0.0,20.012001037597656,0.0,0.13767361640930176,0.2591855525970459,9.088852882385254,-0.0017483904957771301,0.0010306574404239655,-0.0005712555721402168,17.334348678588867,16.326946258544922,-91.01410675048828
0.040421247482299805,0,-1.7770599126815796,1.5414283107572988e-44,0.0,-3.762821609853972e-09,2.0240001678466797,2940.0,-0.0,0.0,20.00800132751465,0.0,0.17059555649757385,0.24661533534526825,9.082268714904785,-0.0005499497056007385,-3.462284803390503e-05,-0.0008375765755772591,17.334348678588867,15.972012519836426,-91.35498809814453
0.060556888580322266,0,-1.7770599126815796,1.5414283107572988e-44,0.0,-3.762821609853972e-09,2.0160000324249268,3040.0,-0.0,0.0,20.00800132751465,0.0,0.15323671698570251,0.25260114669799805,9.052937507629395,-0.0009494293481111526,9.853765368461609e-05,0.0004940247163176537,18.041872024536133,17.036813735961914,-89.65060424804688
0.08074688911437988,0,-1.7770599126815796,1.5414283107572988e-44,0.0,-3.762821609853972e-09,2.0160000324249268,2944.0,-0.0,0.0,20.00400161743164,0.0,0.15443387627601624,0.2514039874076843,9.052339553833008,-1.7309561371803284e-05,0.0008974988013505936,-0.0007044160738587379,16.44994354248047,16.149478912353516,-90.50279235839844
0.1010591983795166,0,-1.7770599126815796,1.5414283107572988e-44,0.0,-3.762821609853972e-09,2.004000186920166,2948.0,-0.0,0.0,20.016000747680664,0.0,0.16041968762874603,0.2442210167646408,9.079874038696289,-0.0008162688463926315,-0.0005672629922628403,-0.002036016434431076,16.8037052154541,15.794546127319336,-90.84367370605469
0.12131381034851074,0,-1.7770599126815796,1.5414283107572988e-44,0.0,-3.762821609853972e-09,2.01200008392334,2952.0,-0.0,0.0,20.012001037597656,0.0,0.16041968762874603,0.2322493940591812,9.090049743652344,-0.0004167892038822174,-0.0005672629922628403,0.00022770464420318604,17.157466888427734,16.149478912353516,-91.1845474243164
0.14160990715026855,0,-1.7770599126815796,1.5414283107572988e-44,0.0,-3.762821609853972e-09,2.01200008392334,2944.0,-0.0,0.0,20.00400161743164,0.0,0.1622154265642166,0.24242527782917023,9.09483814239502,-0.0008162688463926315,0.0002316981554031372,0.0016924655064940453,16.44994354248047,15.084678649902344,-91.86630249023438
0.16169500350952148,0,-1.7770599126815796,1.5414283107572988e-44,0.0,-3.762821609853972e-09,2.01200008392334,2964.0,-0.0,0.0,20.00800132751465,0.0,0.15563103556632996,0.23643946647644043,9.082866668701172,0.00011585094034671783,0.0004980172961950302,0.00036086421459913254,15.919299125671387,15.26214599609375,-91.01410675048828
0.18200325965881348,0,-1.7770599126815796,1.5414283107572988e-44,0.0,-3.762821609853972e-09,2.008000135421753,2948.0,-0.0,0.0,20.00400161743164,0.0,0.1771799474954605,0.27654439210891724,9.077479362487793,-0.0021478701382875443,0.0003648567944765091,0.001026664860546589,16.62682342529297,16.326946258544922,-92.0367431640625
0.20226311683654785,0,-1.7770599126815796,1.5414283107572988e-44,0.0,-3.762821609853972e-09,2.008000135421753,2944.0,-0.0,0.0,20.00400161743164,0.0,0.15144097805023193,0.24900966882705688,9.063712120056152,-0.0001504700630903244,-0.0007004234939813614,0.0015593050047755241,16.096179962158203,16.149478912353516,-91.86630249023438
0.22249388694763184,0,-1.7770599126815796,1.5414283107572988e-44,0.0,-3.762821609853972e-09,2.01200008392334,2972.0,-0.0,0.0,20.00800132751465,0.0,0.13946935534477234,0.2430238574743271,9.064909934997559,-0.0005499497056007385,0.0011638179421424866,0.00036086421459913254,17.511228561401367,15.43961238861084,-91.52542877197266
0.24262666702270508,0,-1.7770599126815796,1.5414283107572988e-44,0.0,-3.762821609853972e-09,2.01200008392334,2948.0,-0.0,0.0,20.00400161743164,0.0,0.1490466445684433,0.25080540776252747,9.069698333740234,-0.0005499497056007385,0.0002316981554031372,-0.0011038966476917267,16.8037052154541,16.149478912353516,-91.1845474243164
0.26286816596984863,0,-1.7770599126815796,1.5414283107572988e-44,0.0,-3.762821609853972e-09,2.01200008392334,2960.0,-0.0,0.0,20.012001037597656,0.0,0.1490466445684433,0.2549954652786255,9.102620124816895,-0.0010825898498296738,-0.0013662241399288177,0.00036086421459913254,16.980587005615234,15.972012519836426,-91.69586181640625
0.2831549644470215,0,-1.7770599126815796,1.5414283107572988e-44,0.0,-3.762821609853972e-09,2.01200008392334,2932.0,-0.0,0.0,20.012001037597656,0.0,0.16341258585453033,0.25379830598831177,9.099627494812012,-0.0005499497056007385,-0.0008335839956998825,-0.0001717759296298027,15.565537452697754,16.681880950927734,-91.69586181640625
0.3034844398498535,0,-1.7770599126815796,1.5414283107572988e-44,0.0,-3.762821609853972e-09,2.01200008392334,2944.0,-0.0,0.0,20.012001037597656,0.0,0.1622154265642166,0.2531997263431549,9.064311027526855,-0.0017483904957771301,-3.462284803390503e-05,9.454414248466492e-05,16.096179962158203,15.084678649902344,-90.16191864013672
0.32398343086242676,0,-1.7770599126815796,1.5414283107572988e-44,0.0,-3.762821609853972e-09,2.01200008392334,2952.0,-0.0,0.0,20.012001037597656,0.0,0.16041968762874603,0.24242527782917023,9.078078269958496,-1.7309561371803284e-05,-0.0005672629922628403,0.00115982536226511,17.511228561401367,16.859346389770508,-90.84367370605469
0.3439900875091553,0,-1.7770599126815796,1.5414283107572988e-44,0.0,-3.762821609853972e-09,2.0360000133514404,2944.0,-0.0,0.0,20.016000747680664,0.0,0.1682012379169464,0.2531997263431549,9.088852882385254,0.00024901144206523895,0.0010306574404239655,0.0008935052901506424,16.62682342529297,15.61707878112793,-90.33235931396484
0.3641030788421631,0,-1.7770599126815796,1.5414283107572988e-44,0.0,-3.762821609853972e-09,2.01200008392334,2980.0,-0.0,0.0,20.012001037597656,0.0,0.1759827882051468,0.2514039874076843,9.090648651123047,-0.0001504700630903244,-0.0009667426347732544,-0.0001717759296298027,16.8037052154541,15.794546127319336,-92.88893127441406
0.3843569755554199,0,-1.7770599126815796,1.5414283107572988e-44,0.0,-3.762821609853972e-09,2.01200008392334,2944.0,-0.0,0.0,20.00800132751465,0.0,0.1682012379169464,0.23584088683128357,9.10621166229248,-0.001348910853266716,-0.0008335839956998825,0.001026664860546589,16.980587005615234,15.26214599609375,-91.01410675048828
0.4046156406402588,0,-1.7770599126815796,1.5414283107572988e-44,0.0,-3.762821609853972e-09,2.0160000324249268,2940.0,-0.0,0.0,20.00400161743164,0.0,0.1580253690481186,0.24661533534526825,9.106810569763184,0.000515330582857132,0.0006311777979135513,0.00022770464420318604,17.6881103515625,14.907212257385254,-91.35498809814453
0.42495131492614746,0,-1.7770599126815796,1.5414283107572988e-44,0.0,-3.762821609853972e-09,2.0160000324249268,2952.0,-0.0,0.0,20.012001037597656,0.0,0.15682820975780487,0.2579883933067322,9.073887825012207,-0.0006831102073192596,0.0007643382996320724,0.00115982536226511,16.8037052154541,15.084678649902344,-91.52542877197266
0.4451735019683838,0,-1.7770599126815796,1.5414283107572988e-44,0.0,-3.762821609853972e-09,2.0240001678466797,2940.0,-0.0,0.0,20.016000747680664,0.0,0.16281400620937347,0.24960824847221375,9.06071949005127,0.00011585094034671783,-0.00043410249054431915,-3.8615427911281586e-05,15.919299125671387,14.907212257385254,-92.71849060058594
0.46543312072753906,0,-1.7770599126815796,1.5414283107572988e-44,0.0,-3.762821609853972e-09,2.0160000324249268,2968.0,-0.0,0.0,20.012001037597656,0.0,0.14844806492328644,0.24841108918190002,9.0786771774292,-0.001615229994058609,0.0003648567944765091,-0.0015033762902021408,17.511228561401367,16.149478912353516,-92.2071762084961
0.4865896701812744,0,-1.7770599126815796,1.5414283107572988e-44,0.0,-3.762821609853972e-09,2.0160000324249268,2940.0,-0.0,0.0,20.00400161743164,0.0,0.1592225283384323,0.2412281185388565,9.05652904510498,0.000515330582857132,0.0007643382996320724,-0.0004380960017442703,16.44994354248047,15.43961238861084,-92.2071762084961
0.5065948963165283,0,-1.7770599126815796,1.5414283107572988e-44,0.0,-3.762821609853972e-09,2.01200008392334,2944.0,-0.0,0.0,20.016000747680664,0.0,0.14725090563297272,0.2292564958333969,9.098429679870605,-0.0001504700630903244,-3.462284803390503e-05,0.0018256250768899918,16.096179962158203,15.084678649902344,-91.1845474243164
0.5261366367340088,0,-1.7770599126815796,1.5414283107572988e-44,0.0,-3.762821609853972e-09,2.01200008392334,2940.0,-0.0,0.0,20.00400161743164,0.0,0.14246225357055664,0.2514039874076843,9.096035957336426,-0.001348910853266716,-0.0007004234939813614,0.00036086421459913254,16.096179962158203,15.794546127319336,-91.52542877197266
0.5463705062866211,0,-1.7770599126815796,1.5414283107572988e-44,0.0,-3.762821609853972e-09,2.0199999809265137,2940.0,-0.0,0.0,20.012001037597656,0.0,0.16341258585453033,0.25738978385925293,9.1253662109375,-0.0001504700630903244,-3.462284803390503e-05,-0.0012370562180876732,17.334348678588867,16.326946258544922,-92.0367431640625
0.5664927959442139,0,-1.7770599126815796,1.5414283107572988e-44,0.0,-3.762821609853972e-09,2.01200008392334,2960.0,-0.0,0.0,20.00800132751465,0.0,0.14425800740718842,0.26157987117767334,9.0786771774292,-0.0009494293481111526,-0.00016778334975242615,0.001026664860546589,16.096179962158203,15.794546127319336,-91.52542877197266
0.5867674350738525,0,-1.7770599126815796,1.5414283107572988e-44,0.0,-3.762821609853972e-09,2.0160000324249268,2948.0,-0.0,0.0,20.00400161743164,0.0,0.14784948527812958,0.24841108918190002,9.072092056274414,-1.7309561371803284e-05,0.0008974988013505936,-3.8615427911281586e-05,15.211774826049805,14.907212257385254,-92.37761688232422
0.6070020198822021,0,-1.7770599126815796,1.5414283107572988e-44,0.0,-3.762821609853972e-09,2.01200008392334,3012.0,-0.0,0.0,20.020000457763672,0.0,0.15982110798358917,0.2561926245689392,9.076881408691406,-0.0009494293481111526,-0.0005672629922628403,-0.0001717759296298027,16.980587005615234,16.326946258544922,-91.69586181640625
0.6273212432861328,0,-1.7770599126815796,1.5414283107572988e-44,0.0,-3.762821609853972e-09,2.01200008392334,2940.0,-0.0,0.0,20.012001037597656,0.0,0.15742678940296173,0.26277703046798706,9.088852882385254,-0.0001504700630903244,0.0003648567944765091,0.00036086421459913254,17.6881103515625,15.26214599609375,-90.67323303222656
0.6475744247436523,0,-1.7770599126815796,1.5414283107572988e-44,0.0,-3.762821609853972e-09,2.0280001163482666,2944.0,-0.0,0.0,20.012001037597656,0.0,0.1430608481168747,0.2633756101131439,9.064311027526855,0.000515330582857132,0.0007643382996320724,9.454414248466492e-05,17.157466888427734,16.149478912353516,-91.1845474243164
0.6678178310394287,0,-1.7770599126815796,1.5414283107572988e-44,0.0,-3.762821609853972e-09,2.0160000324249268,2960.0,-0.0,0.0,20.016000747680664,0.0,0.169996976852417,0.234045147895813,9.052339553833008,-0.0006831102073192596,0.0014301389455795288,0.001026664860546589,15.388655662536621,15.084678649902344,-91.86630249023438
0.6881155967712402,0,-1.7770599126815796,1.5414283107572988e-44,0.0,-3.762821609853972e-09,2.01200008392334,2944.0,-0.0,0.0,20.00400161743164,0.0,0.1490466445684433,0.24481959640979767,9.111000061035156,-1.7309561371803284e-05,-0.0008335839956998825,-0.0005712555721402168,16.980587005615234,14.907212257385254,-90.67323303222656
0.7082071304321289,0,-1.7770599126815796,1.5414283107572988e-44,0.0,-3.762821609853972e-09,2.01200008392334,3084.0,-0.0,0.0,20.00800132751465,0.0,0.14964522421360016,0.24841108918190002,9.07568359375,-0.0008162688463926315,0.0007643382996320724,9.454414248466492e-05,16.62682342529297,16.681880950927734,-91.01410675048828
0.728513240814209,0,-1.7770599126815796,1.5414283107572988e-44,0.0,-3.762821609853972e-09,2.0160000324249268,2944.0,-0.0,0.0,20.00800132751465,0.0,0.14725090563297272,0.2669670879840851,9.046952247619629,-0.0001504700630903244,-0.00030094198882579803,-0.0009707361459732056,15.919299125671387,15.61707878112793,-92.0367431640625
0.7487599849700928,0,-1.7770599126815796,1.5414283107572988e-44,0.0,-3.762821609853972e-09,2.0280001163482666,2940.0,-0.0,0.0,20.012001037597656,0.0,0.1592225283384323,0.23464372754096985,9.075085639953613,-0.0008162688463926315,0.0003648567944765091,-0.0009707361459732056,16.62682342529297,15.972012519836426,-90.33235931396484
0.768883466720581,0,-1.7770599126815796,1.5414283107572988e-44,0.0,-3.762821609853972e-09,2.01200008392334,2972.0,-0.0,0.0,20.00800132751465,0.0,0.15263813734054565,0.2400309443473816,9.07568359375,-0.0006831102073192596,-0.0005672629922628403,0.0018256250768899918,15.211774826049805,15.26214599609375,-89.65060424804688
0.7893459796905518,0,-1.7770599126815796,1.5414283107572988e-44,0.0,-3.762821609853972e-09,2.0160000324249268,2936.0,-0.0,0.0,20.00800132751465,0.0,0.1592225283384323,0.2669670879840851,9.097232818603516,-0.0001504700630903244,-0.00030094198882579803,-0.0003049355000257492,16.980587005615234,15.61707878112793,-92.0367431640625
0.8094167709350586,0,-1.7770599126815796,1.5414283107572988e-44,0.0,-3.762821609853972e-09,2.0160000324249268,3080.0,-0.0,0.0,20.00800132751465,0.0,0.1502438187599182,0.2783401310443878,9.079275131225586,-0.0021478701382875443,0.0010306574404239655,-0.0009707361459732056,18.218753814697266,15.43961238861084,-91.52542877197266
0.829725980758667,0,-1.7770599126815796,1.5414283107572988e-44,0.0,-3.762821609853972e-09,2.01200008392334,2940.0,-0.0,0.0,20.00400161743164,0.0,0.1682012379169464,0.2520025670528412,9.083465576171875,-0.002014709636569023,0.0012969784438610077,-0.0003049355000257492,16.8037052154541,15.43961238861084,-89.821044921875
0.849942684173584,0,-1.7770599126815796,1.5414283107572988e-44,0.0,-3.762821609853972e-09,2.0280001163482666,2948.0,-0.0,0.0,20.00800132751465,0.0,0.15144097805023193,0.25379830598831177,9.067902565002441,0.0011811312288045883,0.0006311777979135513,-3.8615427911281586e-05,16.980587005615234,16.326946258544922,-92.0367431640625
0.8702089786529541,0,-1.7770599126815796,1.5414283107572988e-44,0.0,-3.762821609853972e-09,2.01200008392334,2972.0,-0.0,0.0,20.00400161743164,0.0,0.16760265827178955,0.2460167557001114,9.064909934997559,-0.0002836287021636963,0.0012969784438610077,0.0016924655064940453,17.334348678588867,15.972012519836426,-91.35498809814453
0.8905327320098877,0,-1.7770599126815796,1.5414283107572988e-44,0.0,-3.762821609853972e-09,2.008000135421753,2948.0,-0.0,0.0,20.012001037597656,0.0,0.14964522421360016,0.25080540776252747,9.082268714904785,-0.0009494293481111526,0.0002316981554031372,-3.8615427911281586e-05,16.273061752319336,15.26214599609375,-90.67323303222656
0.9105908870697021,0,-1.7770599126815796,1.5414283107572988e-44,0.0,-3.762821609853972e-09,2.01200008392334,2996.0,-0.0,0.0,20.00800132751465,0.0,0.1610182672739029,0.24362243711948395,9.065507888793945,-0.0004167892038822174,0.0006311777979135513,-0.0004380960017442703,16.273061752319336,16.681880950927734,-91.35498809814453
0.9308507442474365,0,-1.7770599126815796,1.5414283107572988e-44,0.0,-3.762821609853972e-09,2.008000135421753,2948.0,-0.0,0.0,20.00400161743164,0.0,0.15084239840507507,0.2759458124637604,9.04276180267334,0.0010479707270860672,-0.00030094198882579803,0.00036086421459913254,15.919299125671387,15.972012519836426,-92.37761688232422
0.9511208534240723,0,-1.7770599126815796,1.5414283107572988e-44,0.0,-3.762821609853972e-09,2.004000186920166,2940.0,-0.0,0.0,20.00400161743164,0.0,0.16161684691905975,0.23584088683128357,9.081669807434082,-0.0014820694923400879,-0.00030094198882579803,-0.0007044160738587379,15.919299125671387,14.907212257385254,-90.67323303222656
0.9714069366455078,0,-1.7770599126815796,1.5414283107572988e-44,0.0,-3.762821609853972e-09,2.01200008392334,2948.0,-0.0,0.0,20.00400161743164,0.0,0.14485658705234528,0.2520025670528412,9.069099426269531,-1.7309561371803284e-05,0.0004980172961950302,0.00036086421459913254,17.334348678588867,15.26214599609375,-91.01410675048828
0.9917111396789551,0,-1.7770599126815796,1.5414283107572988e-44,0.0,-3.762821609853972e-09,2.008000135421753,2948.0,-0.0,0.0,20.032001495361328,0.0,0.14665232598781586,0.23165081441402435,9.068501472473145,0.000515330582857132,-3.462284803390503e-05,0.00036086421459913254,15.74241828918457,15.084678649902344,-90.50279235839844
1.0118534564971924,0,-1.7770599126815796,1.5414283107572988e-44,0.0,-3.762821609853972e-09,2.01200008392334,2968.0,-0.0,0.0,20.012001037597656,0.0,0.16041968762874603,0.24541817605495453,9.075085639953613,-0.0008162688463926315,-0.0007004234939813614,0.0014261454343795776,17.157466888427734,16.149478912353516,-91.86630249023438
1.032057285308838,0,-1.7770599126815796,1.5414283107572988e-44,0.0,-3.762821609853972e-09,2.0160000324249268,2940.0,-0.0,0.0,20.016000747680664,0.0,0.1592225283384323,0.25379830598831177,9.08825397491455,-0.0012157503515481949,9.853765368461609e-05,-0.0005712555721402168,16.8037052154541,14.729744911193848,-92.2071762084961
1.0523288249969482,0,-1.7770599126815796,1.5414283107572988e-44,0.0,-3.762821609853972e-09,2.004000186920166,2944.0,-0.0,0.0,20.02800178527832,0.0,0.17358846962451935,0.2531997263431549,9.079275131225586,0.00024901144206523895,-0.0012330636382102966,-0.0009707361459732056,16.096179962158203,15.794546127319336,-91.86630249023438
1.0726649761199951,0,-1.7770599126815796,1.5414283107572988e-44,0.0,-3.762821609853972e-09,2.01200008392334,2968.0,-0.0,0.0,20.00800132751465,0.0,0.15144097805023193,0.27175575494766235,9.079874038696289,-0.0006831102073192596,0.0007643382996320724,0.00022770464420318604,15.74241828918457,15.794546127319336,-91.1845474243164
1.0928928852081299,0,-1.7770599126815796,1.5414283107572988e-44,0.0,-3.762821609853972e-09,2.004000186920166,2940.0,-0.0,0.0,20.00800132751465,0.0,0.16281400620937347,0.25260114669799805,9.064311027526855,-0.0004167892038822174,-0.00043410249054431915,-0.0001717759296298027,16.8037052154541,16.859346389770508,-90.16191864013672
1.1131603717803955,0,-1.7770599126815796,1.5414283107572988e-44,0.0,-3.762821609853972e-09,2.0160000324249268,2948.0,-0.0,0.0,20.00800132751465,0.0,0.16640549898147583,0.23763662576675415,9.10501480102539,-0.0004167892038822174,-0.00030094198882579803,-3.8615427911281586e-05,16.44994354248047,15.43961238861084,-90.16191864013672
1.133260726928711,0,-1.7770599126815796,1.5414283107572988e-44,0.0,-3.762821609853972e-09,2.0160000324249268,2948.0,-0.0,0.0,20.00800132751465,0.0,0.15862394869327545,0.25080540776252747,9.087656021118164,-0.0018815509974956512,-0.0007004234939813614,-0.0007044160738587379,17.6881103515625,16.681880950927734,-91.35498809814453
1.1535146236419678,0,-1.7770599126815796,1.5414283107572988e-44,0.0,-3.762821609853972e-09,2.0160000324249268,2940.0,-0.0,0.0,20.00800132751465,0.0,0.15144097805023193,0.238235205411911,9.068501472473145,-0.0017483904957771301,0.0015632975846529007,-0.0008375765755772591,17.511228561401367,15.43961238861084,-91.1845474243164
1.1738572120666504,0,-1.7770599126815796,1.5414283107572988e-44,0.0,-3.762821609853972e-09,2.01200008392334,2940.0,-0.0,0.0,20.00400161743164,0.0,0.15622961521148682,0.2639741897583008,9.113394737243652,-0.0001504700630903244,0.0014301389455795288,0.00022770464420318604,16.8037052154541,15.43961238861084,-90.84367370605469
1.194643259048462,0,-1.7770599126815796,1.5414283107572988e-44,0.0,-3.762821609853972e-09,2.0199999809265137,2944.0,-0.0,0.0,20.020000457763672,0.0,0.18376433849334717,0.25379830598831177,9.100824356079102,-0.0001504700630903244,9.853765368461609e-05,-0.0007044160738587379,17.334348678588867,15.972012519836426,-91.35498809814453
1.2146024703979492,0,-1.7770599126815796,1.5414283107572988e-44,0.0,-3.762821609853972e-09,2.0160000324249268,2964.0,-0.0,0.0,20.00800132751465,0.0,0.1682012379169464,0.2591855525970459,9.095437049865723,-0.001615229994058609,9.853765368461609e-05,0.00036086421459913254,15.919299125671387,15.61707878112793,-91.01410675048828
1.2346889972686768,0,-1.7770599126815796,1.5414283107572988e-44,0.0,-3.762821609853972e-09,2.0160000324249268,2948.0,-0.0,0.0,20.012001037597656,0.0,0.14725090563297272,0.2442210167646408,9.063114166259766,0.00011585094034671783,-0.00016778334975242615,0.0012929849326610565,17.334348678588867,16.326946258544922,-91.35498809814453
1.2550020217895508,0,-1.7770599126815796,1.5414283107572988e-44,0.0,-3.762821609853972e-09,2.0160000324249268,2936.0,-0.0,0.0,20.00400161743164,0.0,0.16760265827178955,0.26876282691955566,9.108007431030273,-0.0014820694923400879,-0.00043410249054431915,0.00036086421459913254,16.8037052154541,16.149478912353516,-91.52542877197266
1.2750682830810547,0,-1.7770599126815796,1.5414283107572988e-44,0.0,-3.762821609853972e-09,2.01200008392334,2948.0,-0.0,0.0,20.012001037597656,0.0,0.14425800740718842,0.25439688563346863,9.085261344909668,-0.0006831102073192596,0.0015632975846529007,0.0004940247163176537,16.980587005615234,14.907212257385254,-92.0367431640625
1.2953202724456787,0,-1.7770599126815796,1.5414283107572988e-44,0.0,-3.762821609853972e-09,2.008000135421753,2944.0,-0.0,0.0,20.02800178527832,0.0,0.17538420855998993,0.2442210167646408,9.073887825012207,0.000515330582857132,0.0007643382996320724,-0.0003049355000257492,16.273061752319336,15.972012519836426,-91.35498809814453
1.3156139850616455,0,-1.7770599126815796,1.5414283107572988e-44,0.0,-3.762821609853972e-09,2.01200008392334,2976.0,-0.0,0.0,20.00800132751465,0.0,0.14784948527812958,0.26576992869377136,9.096633911132812,-0.0017483904957771301,0.0004980172961950302,-0.0008375765755772591,16.273061752319336,15.61707878112793,-92.37761688232422
1.3356828689575195,0,-1.7770599126815796,1.5414283107572988e-44,0.0,-3.762821609853972e-09,2.01200008392334,2944.0,-0.0,0.0,20.00400161743164,0.0,0.1400679349899292,0.2531997263431549,9.09483814239502,-0.0008162688463926315,-0.00030094198882579803,-0.0015033762902021408,17.511228561401367,15.43961238861084,-89.821044921875
1.3559935092926025,0,-1.7770599126815796,1.5414283107572988e-44,0.0,-3.762821609853972e-09,2.0160000324249268,2940.0,-0.0,0.0,20.016000747680664,0.0,0.1340821236371994,0.2400309443473816,9.0786771774292,-0.0012157503515481949,-0.0009667426347732544,-0.0004380960017442703,15.74241828918457,16.859346389770508,-92.2071762084961
1.3762683868408203,0,-1.7770599126815796,1.5414283107572988e-44,0.0,-3.762821609853972e-09,2.01200008392334,2940.0,-0.0,0.0,20.00400161743164,0.0,0.1759827882051468,0.2633756101131439,9.069698333740234,-0.0014820694923400879,0.0007643382996320724,0.001026664860546589,15.919299125671387,15.61707878112793,-90.67323303222656
1.3964729309082031,0,-1.7770599126815796,1.5414283107572988e-44,0.0,-3.762821609853972e-09,2.008000135421753,2940.0,-0.0,0.0,20.016000747680664,0.0,0.14545516669750214,0.2322493940591812,9.076881408691406,-0.0004167892038822174,0.0010306574404239655,-0.0007044160738587379,16.62682342529297,14.197344779968262,-92.0367431640625
1.4167296886444092,0,-1.7770599126815796,1.5414283107572988e-44,0.0,-3.762821609853972e-09,2.01200008392334,2972.0,-0.0,0.0,20.00400161743164,0.0,0.1891515702009201,0.22386926412582397,9.080472946166992,-0.0012157503515481949,-0.0009667426347732544,0.00115982536226511,18.041872024536133,16.326946258544922,-91.01410675048828
1.437028169631958,0,-1.7770599126815796,1.5414283107572988e-44,0.0,-3.762821609853972e-09,2.01200008392334,2940.0,-0.0,0.0,20.00400161743164,0.0,0.1592225283384323,0.24541817605495453,9.100824356079102,-0.002014709636569023,-0.0008335839956998825,0.0012929849326610565,17.157466888427734,14.019878387451172,-90.50279235839844
1.457289218902588,0,-1.7770599126815796,1.5414283107572988e-44,0.0,-3.762821609853972e-09,2.0160000324249268,3020.0,-0.0,0.0,20.016000747680664,0.0,0.14485658705234528,0.2520025670528412,9.077479362487793,-1.7309561371803284e-05,-0.00016778334975242615,0.0012929849326610565,16.980587005615234,15.61707878112793,-91.69586181640625
1.477428674697876,0,-1.7770599126815796,1.5414283107572988e-44,0.0,-3.762821609853972e-09,2.01200008392334,2940.0,-0.0,0.0,20.00400161743164,0.0,0.1622154265642166,0.24541817605495453,9.078078269958496,-0.0001504700630903244,0.0007643382996320724,-0.0012370562180876732,16.273061752319336,17.036813735961914,-92.0367431640625
1.4977073669433594,0,-1.7770599126815796,1.5414283107572988e-44,0.0,-3.762821609853972e-09,2.004000186920166,2944.0,-0.0,0.0,20.00800132751465,0.0,0.14246225357055664,0.2520025670528412,9.088852882385254,-0.0017483904957771301,0.0006311777979135513,0.001026664860546589,17.334348678588867,14.907212257385254,-90.67323303222656
1.5180327892303467,0,-1.7770599126815796,1.5414283107572988e-44,0.0,-3.762821609853972e-09,2.01200008392334,2944.0,-0.0,0.0,20.00400161743164,0.0,0.15563103556632996,0.2514039874076843,9.085261344909668,-0.0008162688463926315,0.0002316981554031372,9.454414248466492e-05,15.034893989562988,15.794546127319336,-90.84367370605469
1.5382192134857178,0,-1.7770599126815796,1.5414283107572988e-44,0.0,-3.762821609853972e-09,2.0160000324249268,2944.0,-0.0,0.0,20.012001037597656,0.0,0.1592225283384323,0.2502068281173706,9.049345970153809,-0.0005499497056007385,0.0003648567944765091,-3.8615427911281586e-05,16.62682342529297,16.681880950927734,-91.69586181640625
1.5583436489105225,0,-1.7770599126815796,1.5414283107572988e-44,0.0,-3.762821609853972e-09,2.01200008392334,3100.0,-0.0,0.0,20.00400161743164,0.0,0.1520395576953888,0.2520025670528412,9.072092056274414,0.00011585094034671783,-3.462284803390503e-05,-0.0008375765755772591,17.864992141723633,15.794546127319336,-91.1845474243164
1.5790517330169678,0,-1.7770599126815796,1.5414283107572988e-44,0.0,-3.762821609853972e-09,2.0160000324249268,2944.0,-0.0,0.0,20.00400161743164,0.0,0.16460976004600525,0.2412281185388565,9.079275131225586,0.0009148120880126953,0.0014301389455795288,-0.0001717759296298027,17.334348678588867,15.972012519836426,-91.35498809814453
1.5989205837249756,0,-1.7770599126815796,1.5414283107572988e-44,0.0,-3.762821609853972e-09,2.0280001163482666,2948.0,-0.0,0.0,20.012001037597656,0.0,0.1520395576953888,0.24242527782917023,9.09124755859375,-0.0004167892038822174,0.0002316981554031372,-3.8615427911281586e-05,16.8037052154541,16.504413604736328,-90.84367370605469
1.6191763877868652,0,-1.7770599126815796,1.5414283107572988e-44,0.0,-3.762821609853972e-09,2.01200008392334,3004.0,-0.0,0.0,20.00400161743164,0.0,0.1610182672739029,0.25260114669799805,9.038572311401367,-0.0008162688463926315,0.0008974988013505936,-3.8615427911281586e-05,17.511228561401367,15.794546127319336,-91.1845474243164
1.6394352912902832,0,-1.7770599126815796,1.5414283107572988e-44,0.0,-3.762821609853972e-09,2.0160000324249268,2944.0,-0.0,0.0,20.016000747680664,0.0,0.16341258585453033,0.2442210167646408,9.079275131225586,-0.0017483904957771301,9.853765368461609e-05,-0.0004380960017442703,17.334348678588867,16.326946258544922,-91.35498809814453
1.6596944332122803,0,-1.7770599126815796,1.5414283107572988e-44,0.0,-3.762821609853972e-09,2.008000135421753,3072.0,-0.0,0.0,20.012001037597656,0.0,0.15622961521148682,0.2442210167646408,9.086458206176758,-0.0005499497056007385,-3.462284803390503e-05,-0.0001717759296298027,15.919299125671387,15.61707878112793,-91.01410675048828
1.6798272132873535,0,-1.7770599126815796,1.5414283107572988e-44,0.0,-3.762821609853972e-09,2.008000135421753,2952.0,-0.0,0.0,20.00400161743164,0.0,0.15982110798358917,0.2430238574743271,9.099627494812012,-1.7309561371803284e-05,0.0016964580863714218,0.00022770464420318604,16.980587005615234,16.326946258544922,-89.9914779663086
1.7000622749328613,0,-1.7770599126815796,1.5414283107572988e-44,0.0,-3.762821609853972e-09,2.004000186920166,2952.0,-0.0,0.0,20.00800132751465,0.0,0.15563103556632996,0.2400309443473816,9.05652904510498,-0.0001504700630903244,-0.00030094198882579803,0.0012929849326610565,16.096179962158203,15.43961238861084,-91.52542877197266
1.7203261852264404,0,-1.7770599126815796,1.5414283107572988e-44,0.0,-3.762821609853972e-09,2.01200008392334,2956.0,-0.0,0.0,20.016000747680664,0.0,0.146053746342659,0.23584088683128357,9.077479362487793,-0.0009494293481111526,-0.0008335839956998825,9.454414248466492e-05,16.980587005615234,15.972012519836426,-92.0367431640625
1.7406377792358398,0,-1.7770599126815796,1.5414283107572988e-44,0.0,-3.762821609853972e-09,2.0320000648498535,2944.0,-0.0,0.0,20.012001037597656,0.0,0.14485658705234528,0.22985507547855377,9.082268714904785,-0.0001504700630903244,0.0002316981554031372,-0.0007044160738587379,16.62682342529297,15.61707878112793,-91.01410675048828
1.7607192993164062,0,-1.7770599126815796,1.5414283107572988e-44,0.0,-3.762821609853972e-09,2.01200008392334,3004.0,-0.0,0.0,20.00800132751465,0.0,0.15982110798358917,0.2549954652786255,9.076282501220703,-0.001615229994058609,9.853765368461609e-05,0.0020919451490044594,16.096179962158203,16.149478912353516,-91.1845474243164
1.7810778617858887,0,-1.7770599126815796,1.5414283107572988e-44,0.0,-3.762821609853972e-09,2.01200008392334,2940.0,-0.0,0.0,20.00800132751465,0.0,0.16939839720726013,0.22327068448066711,9.102021217346191,-0.0004167892038822174,9.853765368461609e-05,0.0004940247163176537,16.62682342529297,15.26214599609375,-91.69586181640625
1.8012580871582031,0,-1.7770599126815796,1.5414283107572988e-44,0.0,-3.762821609853972e-09,2.0240001678466797,2944.0,-0.0,0.0,20.00800132751465,0.0,0.16580691933631897,0.24062953889369965,9.083465576171875,0.00024901144206523895,9.853765368461609e-05,-0.0005712555721402168,17.157466888427734,16.149478912353516,-91.52542877197266
1.8215663433074951,0,-1.7770599126815796,1.5414283107572988e-44,0.0,-3.762821609853972e-09,2.01200008392334,2960.0,-0.0,0.0,20.00400161743164,0.0,0.15443387627601624,0.23643946647644043,9.079275131225586,-0.0005499497056007385,-0.00030094198882579803,-0.0004380960017442703,16.62682342529297,16.326946258544922,-90.33235931396484
1.8418219089508057,0,-1.7770599126815796,1.5414283107572988e-44,0.0,-3.762821609853972e-09,2.0320000648498535,2940.0,-0.0,0.0,20.012001037597656,0.0,0.14784948527812958,0.25439688563346863,9.07568359375,0.00011585094034671783,9.853765368461609e-05,0.0012929849326610565,15.74241828918457,15.43961238861084,-90.16191864013672
1.861922025680542,0,-1.7770599126815796,1.5414283107572988e-44,0.0,-3.762821609853972e-09,2.01200008392334,2968.0,-0.0,0.0,20.00400161743164,0.0,0.1370750367641449,0.238235205411911,9.133746147155762,-0.0002836287021636963,-0.0009667426347732544,0.00022770464420318604,16.62682342529297,16.681880950927734,-91.01410675048828
1.8826336860656738,0,-1.7770599126815796,1.5414283107572988e-44,0.0,-3.762821609853972e-09,2.01200008392334,2936.0,-0.0,0.0,20.00400161743164,0.0,0.1741870492696762,0.2603827118873596,9.103219032287598,-0.0008162688463926315,-0.00043410249054431915,-0.0004380960017442703,16.980587005615234,16.326946258544922,-91.69586181640625
1.902644157409668,0,-1.7770599126815796,1.5414283107572988e-44,0.0,-3.762821609853972e-09,2.01200008392334,2944.0,-0.0,0.0,20.00400161743164,0.0,0.15144097805023193,0.25080540776252747,9.09364128112793,-0.0005499497056007385,9.853765368461609e-05,0.0014261454343795776,15.919299125671387,14.552278518676758,-89.65060424804688
1.9228360652923584,0,-1.7770599126815796,1.5414283107572988e-44,0.0,-3.762821609853972e-09,2.01200008392334,2944.0,-0.0,0.0,20.012001037597656,0.0,0.14425800740718842,0.2561926245689392,9.103816986083984,0.000515330582857132,-0.0010999031364917755,0.0007603447884321213,16.096179962158203,15.084678649902344,-91.52542877197266
1.9429147243499756,0,-1.7770599126815796,1.5414283107572988e-44,0.0,-3.762821609853972e-09,2.0240001678466797,2936.0,-0.0,0.0,20.00800132751465,0.0,0.16879981756210327,0.24481959640979767,9.08825397491455,-0.0001504700630903244,0.0010306574404239655,0.0014261454343795776,16.980587005615234,15.972012519836426,-91.35498809814453
1.9632012844085693,0,-1.7770599126815796,1.5414283107572988e-44,0.0,-3.762821609853972e-09,2.01200008392334,2964.0,-0.0,0.0,20.00800132751465,0.0,0.16580691933631897,0.2412281185388565,9.073887825012207,-1.7309561371803284e-05,-0.0010999031364917755,0.0016924655064940453,17.157466888427734,16.504413604736328,-92.88893127441406
1.9834818840026855,0,-1.7770599126815796,1.5414283107572988e-44,0.0,-3.762821609853972e-09,2.0160000324249268,2944.0,-0.0,0.0,20.00800132751465,0.0,0.16640549898147583,0.24242527782917023,9.068501472473145,-0.0017483904957771301,0.0011638179421424866,9.454414248466492e-05,15.74241828918457,15.794546127319336,-92.2071762084961
2.0037457942962646,0,-1.7770599126815796,1.5414283107572988e-44,0.0,-3.762821609853972e-09,2.0160000324249268,2944.0,-0.0,0.0,20.012001037597656,0.0,0.1520395576953888,0.2412281185388565,9.090049743652344,-0.001348910853266716,0.0008974988013505936,0.0008935052901506424,16.980587005615234,14.907212257385254,-92.0367431640625
2.023914098739624,0,-1.7770599126815796,1.5414283107572988e-44,0.0,-3.762821609853972e-09,2.01200008392334,2940.0,-0.0,0.0,20.00400161743164,0.0,0.1580253690481186,0.23464372754096985,9.083465576171875,-0.0004167892038822174,0.0007643382996320724,0.00036086421459913254,17.334348678588867,15.26214599609375,-90.33235931396484
2.044166088104248,0,-1.7770599126815796,1.5414283107572988e-44,0.0,-3.762821609853972e-09,2.004000186920166,2944.0,-0.0,0.0,20.012001037597656,0.0,0.15263813734054565,0.26876282691955566,9.103219032287598,0.00024901144206523895,0.0002316981554031372,-0.0003049355000257492,16.273061752319336,15.61707878112793,-91.69586181640625
2.0644421577453613,0,-1.7770599126815796,1.5414283107572988e-44,0.0,-3.762821609853972e-09,2.01200008392334,2952.0,-0.0,0.0,20.00400161743164,0.0,0.14725090563297272,0.2603827118873596,9.091845512390137,0.00024901144206523895,0.0012969784438610077,0.00115982536226511,15.388655662536621,16.149478912353516,-91.86630249023438
2.084575653076172,0,-1.7770599126815796,1.5414283107572988e-44,0.0,-3.762821609853972e-09,2.01200008392334,2944.0,-0.0,0.0,20.012001037597656,0.0,0.14844806492328644,0.2502068281173706,9.064311027526855,-0.0008162688463926315,0.0008974988013505936,-3.8615427911281586e-05,18.041872024536133,15.61707878112793,-90.67323303222656
2.1048476696014404,0,-1.7770599126815796,1.5414283107572988e-44,0.0,-3.762821609853972e-09,2.01200008392334,2944.0,-0.0,0.0,20.00400161743164,0.0,0.1490466445684433,0.24841108918190002,9.090049743652344,-0.0004167892038822174,9.853765368461609e-05,0.0007603447884321213,16.980587005615234,15.972012519836426,-90.67323303222656
2.1251232624053955,0,-1.7770599126815796,1.5414283107572988e-44,0.0,-3.762821609853972e-09,2.01200008392334,2944.0,-0.0,0.0,20.00400161743164,0.0,0.15144097805023193,0.24541817605495453,9.098429679870605,-0.0002836287021636963,0.0003648567944765091,-0.0001717759296298027,16.8037052154541,15.794546127319336,-90.84367370605469
2.1454262733459473,0,-1.7770599126815796,1.5414283107572988e-44,0.0,-3.762821609853972e-09,2.0199999809265137,2944.0,-0.0,0.0,20.012001037597656,0.0,0.14725090563297272,0.22446784377098083,9.06191635131836,-0.0005499497056007385,0.0008974988013505936,-0.0009707361459732056,16.980587005615234,15.972012519836426,-92.37761688232422
2.165565252304077,0,-1.7770599126815796,1.5414283107572988e-44,0.0,-3.762821609853972e-09,2.01200008392334,2956.0,-0.0,0.0,20.00800132751465,0.0,0.1520395576953888,0.25260114669799805,9.09364128112793,-0.0008162688463926315,9.853765368461609e-05,-0.0005712555721402168,15.919299125671387,16.681880950927734,-90.67323303222656
2.1858346462249756,0,-1.7770599126815796,1.5414283107572988e-44,0.0,-3.762821609853972e-09,2.01200008392334,2948.0,-0.0,0.0,20.00800132751465,0.0,0.1580253690481186,0.24481959640979767,9.070895195007324,-0.0006831102073192596,0.0002316981554031372,-0.0004380960017442703,16.8037052154541,15.084678649902344,-91.52542877197266
2.206275463104248,0,-1.7770599126815796,1.5414283107572988e-44,0.0,-3.762821609853972e-09,2.01200008392334,2948.0,-0.0,0.0,20.00800132751465,0.0,0.16161684691905975,0.24661533534526825,9.078078269958496,-0.0014820694923400879,0.0006311777979135513,-0.0005712555721402168,16.8037052154541,16.504413604736328,-91.1845474243164
2.226684331893921,0,-1.7770599126815796,1.5414283107572988e-44,0.0,-3.762821609853972e-09,2.0160000324249268,2948.0,-0.0,0.0,20.012001037597656,0.0,0.14844806492328644,0.2591855525970459,9.066705703735352,-0.0014820694923400879,0.0006311777979135513,0.0004940247163176537,15.919299125671387,15.61707878112793,-91.35498809814453
2.2477173805236816,0,-1.7770599126815796,1.5414283107572988e-44,0.0,-3.762821609853972e-09,2.0280001163482666,2940.0,-0.0,0.0,20.00800132751465,0.0,0.1711941510438919,0.2412281185388565,9.102021217346191,-0.0004167892038822174,0.0008974988013505936,-0.0007044160738587379,16.8037052154541,16.149478912353516,-91.1845474243164
2.2667717933654785,0,-1.7770599126815796,1.5414283107572988e-44,0.0,-3.762821609853972e-09,2.01200008392334,2980.0,-0.0,0.0,20.00800132751465,0.0,0.1550324559211731,0.24182669818401337,9.075085639953613,-0.0021478701382875443,0.0011638179421424866,-0.0009707361459732056,16.273061752319336,16.326946258544922,-91.35498809814453
2.2871017456054688,0,-1.7770599126815796,1.5414283107572988e-44,0.0,-3.762821609853972e-09,2.0160000324249268,2944.0,-0.0,0.0,20.00800132751465,0.0,0.1502438187599182,0.234045147895813,9.060120582580566,0.00024901144206523895,0.0006311777979135513,0.0007603447884321213,16.62682342529297,15.26214599609375,-91.01410675048828
2.3073596954345703,0,-1.7770599126815796,1.5414283107572988e-44,0.0,-3.762821609853972e-09,2.01200008392334,3028.0,-0.0,0.0,20.00800132751465,0.0,0.15263813734054565,0.23883378505706787,9.079275131225586,0.00024901144206523895,0.0007643382996320724,0.0004940247163176537,17.864992141723633,16.859346389770508,-92.2071762084961
2.327448606491089,0,-1.7770599126815796,1.5414283107572988e-44,0.0,-3.762821609853972e-09,2.0160000324249268,2940.0,-0.0,0.0,20.00400161743164,0.0,0.15084239840507507,0.2412281185388565,9.069698333740234,-1.7309561371803284e-05,0.0007643382996320724,0.0018256250768899918,16.273061752319336,15.61707878112793,-92.37761688232422
2.3477399349212646,0,-1.7770599126815796,1.5414283107572988e-44,0.0,-3.762821609853972e-09,2.01200008392334,2948.0,-0.0,0.0,20.00800132751465,0.0,0.1490466445684433,0.21788345277309418,9.076881408691406,-0.0014820694923400879,-0.00043410249054431915,-0.0001717759296298027,16.44994354248047,14.374811172485352,-91.52542877197266
2.3680007457733154,0,-1.7770599126815796,1.5414283107572988e-44,0.0,-3.762821609853972e-09,2.01200008392334,2952.0,-0.0,0.0,20.012001037597656,0.0,0.1550324559211731,0.25379830598831177,9.086458206176758,-0.0001504700630903244,9.853765368461609e-05,9.454414248466492e-05,17.511228561401367,15.43961238861084,-91.1845474243164
2.388292074203491,0,-1.7770599126815796,1.5414283107572988e-44,0.0,-3.762821609853972e-09,2.01200008392334,2944.0,-0.0,0.0,20.016000747680664,0.0,0.17059555649757385,0.2561926245689392,9.054733276367188,-0.0026805102825164795,-0.0005672629922628403,0.0004940247163176537,16.980587005615234,15.26214599609375,-89.9914779663086
2.408595323562622,0,-1.7770599126815796,1.5414283107572988e-44,0.0,-3.762821609853972e-09,2.01200008392334,3092.0,-0.0,0.0,20.00800132751465,0.0,0.1490466445684433,0.24900966882705688,9.079874038696289,-0.001348910853266716,0.0006311777979135513,9.454414248466492e-05,15.74241828918457,15.43961238861084,-90.84367370605469
2.428661346435547,0,-1.7770599126815796,1.5414283107572988e-44,0.0,-3.762821609853972e-09,2.01200008392334,2936.0,-0.0,0.0,20.012001037597656,0.0,0.15622961521148682,0.24841108918190002,9.114591598510742,-0.0001504700630903244,0.0003648567944765091,0.001026664860546589,16.8037052154541,15.084678649902344,-91.1845474243164
2.4489474296569824,0,-1.7770599126815796,1.5414283107572988e-44,0.0,-3.762821609853972e-09,2.01200008392334,2944.0,-0.0,0.0,20.00800132751465,0.0,0.1520395576953888,0.2400309443473816,9.082866668701172,-0.0017483904957771301,0.0008974988013505936,-0.0004380960017442703,18.218753814697266,15.794546127319336,-91.52542877197266
2.469230890274048,0,-1.7770599126815796,1.5414283107572988e-44,0.0,-3.762821609853972e-09,2.0160000324249268,2948.0,-0.0,0.0,20.016000747680664,0.0,0.13587787747383118,0.25679120421409607,9.053536415100098,-0.0006831102073192596,-0.0005672629922628403,-0.0008375765755772591,16.8037052154541,16.504413604736328,-91.52542877197266
2.4895198345184326,0,-1.7770599126815796,1.5414283107572988e-44,0.0,-3.762821609853972e-09,2.0160000324249268,2944.0,-0.0,0.0,20.020000457763672,0.0,0.1610182672739029,0.24062953889369965,9.083465576171875,0.0011811312288045883,0.0003648567944765091,0.0007603447884321213,17.864992141723633,15.43961238861084,-90.16191864013672
2.5097856521606445,0,-1.7770599126815796,1.5414283107572988e-44,0.0,-3.762821609853972e-09,2.01200008392334,3060.0,-0.0,0.0,20.016000747680664,0.0,0.15323671698570251,0.24481959640979767,9.106810569763184,-0.0002836287021636963,0.0007643382996320724,0.001026664860546589,14.681131362915039,16.859346389770508,-90.84367370605469
2.529920816421509,0,-1.7770599126815796,1.5414283107572988e-44,0.0,-3.762821609853972e-09,2.0160000324249268,2944.0,-0.0,0.0,20.00400161743164,0.0,0.15084239840507507,0.26756566762924194,9.043360710144043,-0.0008162688463926315,0.0010306574404239655,0.00022770464420318604,16.273061752319336,15.61707878112793,-91.35498809814453
2.550328493118286,0,-1.7770599126815796,1.5414283107572988e-44,0.0,-3.762821609853972e-09,2.004000186920166,2940.0,-0.0,0.0,20.032001495361328,0.0,0.13049064576625824,0.2502068281173706,9.077479362487793,-0.0004167892038822174,-0.00043410249054431915,0.0018256250768899918,17.157466888427734,16.504413604736328,-91.86630249023438
2.5704214572906494,0,-1.7770599126815796,1.5414283107572988e-44,0.0,-3.762821609853972e-09,2.01200008392334,2968.0,-0.0,0.0,20.00400161743164,0.0,0.15982110798358917,0.23883378505706787,9.10501480102539,-0.0012157503515481949,0.0011638179421424866,0.00022770464420318604,15.919299125671387,15.972012519836426,-91.35498809814453
2.5907175540924072,0,-1.7770599126815796,1.5414283107572988e-44,0.0,-3.762821609853972e-09,2.0280001163482666,2944.0,-0.0,0.0,20.012001037597656,0.0,0.1592225283384323,0.2502068281173706,9.101423263549805,-0.0006831102073192596,-0.00016778334975242615,9.454414248466492e-05,15.74241828918457,15.43961238861084,-91.1845474243164
2.610970973968506,0,-1.7770599126815796,1.5414283107572988e-44,0.0,-3.762821609853972e-09,2.01200008392334,2996.0,-0.0,0.0,20.012001037597656,0.0,0.1861586719751358,0.2412281185388565,9.042163848876953,-0.0032131504267454147,0.0012969784438610077,0.0008935052901506424,16.273061752319336,15.61707878112793,-90.33235931396484
2.6312944889068604,0,-1.7770599126815796,1.5414283107572988e-44,0.0,-3.762821609853972e-09,2.0160000324249268,2944.0,-0.0,0.0,20.00800132751465,0.0,0.15443387627601624,0.25738978385925293,9.099028587341309,-0.0018815509974956512,-3.462284803390503e-05,0.0006271842867136002,16.096179962158203,15.794546127319336,-91.1845474243164
2.6513619422912598,0,-1.7770599126815796,1.5414283107572988e-44,0.0,-3.762821609853972e-09,2.01200008392334,2944.0,-0.0,0.0,20.012001037597656,0.0,0.1550324559211731,0.21848203241825104,9.096035957336426,0.0010479707270860672,0.0004980172961950302,0.0014261454343795776,18.041872024536133,15.972012519836426,-89.65060424804688
2.6716580390930176,0,-1.7770599126815796,1.5414283107572988e-44,0.0,-3.762821609853972e-09,2.01200008392334,2960.0,-0.0,0.0,20.012001037597656,0.0,0.1682012379169464,0.2502068281173706,9.087057113647461,-0.0004167892038822174,-0.0009667426347732544,0.0006271842867136002,17.157466888427734,15.084678649902344,-90.16191864013672
2.6919262409210205,0,-1.7770599126815796,1.5414283107572988e-44,0.0,-3.762821609853972e-09,2.004000186920166,2944.0,-0.0,0.0,20.00400161743164,0.0,0.16580691933631897,0.23883378505706787,9.083465576171875,-0.0010825898498296738,0.0010306574404239655,-0.0012370562180876732,17.864992141723633,15.084678649902344,-92.2071762084961
2.7122066020965576,0,-1.7770599126815796,1.5414283107572988e-44,0.0,-3.762821609853972e-09,2.01200008392334,2952.0,-0.0,0.0,20.00400161743164,0.0,0.1652083396911621,0.2442210167646408,9.100824356079102,-1.7309561371803284e-05,0.0012969784438610077,0.00115982536226511,17.334348678588867,15.26214599609375,-91.35498809814453
2.7323267459869385,0,-1.7770599126815796,1.5414283107572988e-44,0.0,-3.762821609853972e-09,2.01200008392334,2944.0,-0.0,0.0,20.00800132751465,0.0,0.16281400620937347,0.2472139149904251,9.051141738891602,0.00011585094034671783,-0.00043410249054431915,-0.0009707361459732056,16.62682342529297,14.197344779968262,-91.01410675048828
2.7525956630706787,0,-1.7770599126815796,1.5414283107572988e-44,0.0,-3.762821609853972e-09,2.0160000324249268,2944.0,-0.0,0.0,20.012001037597656,0.0,0.14665232598781586,0.23943236470222473,9.105612754821777,-0.0021478701382875443,9.853765368461609e-05,-3.8615427911281586e-05,16.62682342529297,15.972012519836426,-90.67323303222656
2.7728846073150635,0,-1.7770599126815796,1.5414283107572988e-44,0.0,-3.762821609853972e-09,2.01200008392334,2940.0,-0.0,0.0,20.00800132751465,0.0,0.14246225357055664,0.25260114669799805,9.112197875976562,-0.0004167892038822174,0.0006311777979135513,0.00022770464420318604,16.62682342529297,16.681880950927734,-91.69586181640625
2.7931666374206543,0,-1.7770599126815796,1.5414283107572988e-44,0.0,-3.762821609853972e-09,2.0160000324249268,2944.0,-0.0,0.0,20.00400161743164,0.0,0.1711941510438919,0.25080540776252747,9.072092056274414,-0.001348910853266716,-0.00043410249054431915,0.0014261454343795776,18.041872024536133,15.26214599609375,-92.0367431640625
2.8134257793426514,0,-1.7770599126815796,1.5414283107572988e-44,0.0,-3.762821609853972e-09,2.0160000324249268,2952.0,-0.0,0.0,20.012001037597656,0.0,0.15682820975780487,0.24841108918190002,9.09124755859375,0.00011585094034671783,0.0003648567944765091,-0.0005712555721402168,16.8037052154541,16.149478912353516,-93.91156005859375
2.8335649967193604,0,-1.7770599126815796,1.5414283107572988e-44,0.0,-3.762821609853972e-09,2.01200008392334,2948.0,-0.0,0.0,20.012001037597656,0.0,0.16161684691905975,0.25559404492378235,9.088852882385254,-0.0001504700630903244,0.0006311777979135513,-3.8615427911281586e-05,17.864992141723633,16.859346389770508,-91.86630249023438
2.853811025619507,0,-1.7770599126815796,1.5414283107572988e-44,0.0,-3.762821609853972e-09,2.0160000324249268,2944.0,-0.0,0.0,20.012001037597656,0.0,0.14126509428024292,0.25559404492378235,9.09124755859375,-0.0005499497056007385,0.0015632975846529007,-0.0009707361459732056,16.8037052154541,16.859346389770508,-91.86630249023438
2.874113082885742,0,-1.7770599126815796,1.5414283107572988e-44,0.0,-3.762821609853972e-09,2.01200008392334,2940.0,-0.0,0.0,20.00800132751465,0.0,0.14365942776203156,0.2370380461215973,9.086458206176758,-0.0005499497056007385,0.0002316981554031372,-0.0004380960017442703,18.218753814697266,15.43961238861084,-91.52542877197266
2.8944084644317627,0,-1.7770599126815796,1.5414283107572988e-44,0.0,-3.762821609853972e-09,2.0199999809265137,2940.0,-0.0,0.0,20.012001037597656,0.0,0.1610182672739029,0.25738978385925293,9.058923721313477,-0.0002836287021636963,-0.00030094198882579803,-0.0005712555721402168,16.8037052154541,16.859346389770508,-91.52542877197266
2.914489269256592,0,-1.7770599126815796,1.5414283107572988e-44,0.0,-3.762821609853972e-09,2.0160000324249268,2968.0,-0.0,0.0,20.00800132751465,0.0,0.16580691933631897,0.25978413224220276,9.090049743652344,0.000515330582857132,0.0010306574404239655,-0.0004380960017442703,16.096179962158203,16.149478912353516,-92.88893127441406
2.9347870349884033,0,-1.7770599126815796,1.5414283107572988e-44,0.0,-3.762821609853972e-09,2.01200008392334,2944.0,-0.0,0.0,20.00800132751465,0.0,0.1622154265642166,0.24481959640979767,9.096633911132812,-0.0004167892038822174,-0.00030094198882579803,0.0008935052901506424,16.096179962158203,15.43961238861084,-90.50279235839844
2.955063819885254,0,-1.7770599126815796,1.5414283107572988e-44,0.0,-3.762821609853972e-09,2.01200008392334,2944.0,-0.0,0.0,20.00800132751465,0.0,0.1490466445684433,0.2591855525970459,9.07448673248291,0.00024901144206523895,0.0014301389455795288,0.0006271842867136002,16.980587005615234,16.326946258544922,-92.71849060058594
2.9753262996673584,0,-1.7770599126815796,1.5414283107572988e-44,0.0,-3.762821609853972e-09,2.01200008392334,2944.0,-0.0,0.0,20.00400161743164,0.0,0.1490466445684433,0.25379830598831177,9.07328987121582,-0.0002836287021636963,0.0008974988013505936,0.00115982536226511,16.980587005615234,15.61707878112793,-92.37761688232422
2.995635986328125,0,-1.7770599126815796,1.5414283107572988e-44,0.0,-3.762821609853972e-09,2.008000135421753,2940.0,-0.0,0.0,20.032001495361328,0.0,0.1622154265642166,0.238235205411911,9.051740646362305,-0.0026805102825164795,0.0004980172961950302,0.0007603447884321213,16.096179962158203,15.084678649902344,-91.86630249023438
3.0157949924468994,0,-1.7770599126815796,1.5414283107572988e-44,-0.0,-1.5414283107572988e-43,2.01200008392334,2968.0,-0.0,2.0,20.00400161743164,0.0,0.13946935534477234,0.2549954652786255,9.102021217346191,0.0014474522322416306,-0.00016778334975242615,0.001026664860546589,16.273061752319336,17.036813735961914,-91.35498809814453
3.0360043048858643,0,-1.7770599126815796,1.5414283107572988e-44,-0.0,-1.5414283107572988e-43,2.01200008392334,2944.0,-0.0,2.0,20.00800132751465,0.0,0.17239131033420563,0.2502068281173706,9.122971534729004,-0.0005499497056007385,9.853765368461609e-05,0.0008935052901506424,16.980587005615234,14.552278518676758,-89.9914779663086
3.0562620162963867,0,-1.7770599126815796,1.5414283107572988e-44,-0.0,-1.5414283107572988e-43,2.008000135421753,2960.0,-0.0,2.0,20.016000747680664,0.0,0.16460976004600525,0.2322493940591812,9.043360710144043,-0.0006831102073192596,0.0004980172961950302,-0.0013702167198061943,16.273061752319336,15.61707878112793,-92.71849060058594
3.0765633583068848,0,-1.7770599126815796,1.5414283107572988e-44,-0.0,-1.5414283107572988e-43,2.01200008392334,2948.0,-0.0,2.0,20.016000747680664,0.0,0.15563103556632996,0.2520025670528412,9.048149108886719,0.0009148120880126953,-3.462284803390503e-05,0.0004940247163176537,17.6881103515625,16.681880950927734,-91.35498809814453
3.09683895111084,0,-1.7770599126815796,1.5414283107572988e-44,-0.0,-1.5414283107572988e-43,2.0160000324249268,2952.0,-0.0,2.0,20.020000457763672,0.0,0.1652083396911621,0.2591855525970459,9.11159896850586,0.00011585094034671783,0.0010306574404239655,0.0004940247163176537,17.334348678588867,16.326946258544922,-92.37761688232422
3.1170785427093506,0,-1.7770599126815796,1.5414283107572988e-44,-0.0,-1.5414283107572988e-43,2.01200008392334,2964.0,-0.0,2.0,20.012001037597656,0.0,0.16580691933631897,0.2603827118873596,9.097232818603516,-0.001348910853266716,9.853765368461609e-05,0.0006271842867136002,15.388655662536621,16.504413604736328,-92.2071762084961
3.1372079849243164,0,-1.7770599126815796,1.5414283107572988e-44,-0.0,-1.5414283107572988e-43,2.01200008392334,2948.0,-0.0,2.0,20.00800132751465,0.0,0.15443387627601624,0.2412281185388565,9.063712120056152,-0.0002836287021636963,9.853765368461609e-05,-0.0001717759296298027,16.44994354248047,16.149478912353516,-91.86630249023438
3.1574833393096924,0,-1.7770599126815796,1.5414283107572988e-44,-0.0,-1.5414283107572988e-43,2.01200008392334,3048.0,-0.0,2.0,20.00800132751465,0.0,0.13827219605445862,0.24781250953674316,9.063114166259766,0.0010479707270860672,0.0006311777979135513,0.0007603447884321213,16.096179962158203,16.149478912353516,-92.2071762084961
3.1779208183288574,0,-1.7770599126815796,1.5414283107572988e-44,-0.0,-1.5414283107572988e-43,2.008000135421753,2940.0,-0.0,2.0,20.012001037597656,0.0,0.1430608481168747,0.2621784508228302,9.106810569763184,-0.0008162688463926315,0.0008974988013505936,-0.0008375765755772591,17.511228561401367,16.504413604736328,-91.1845474243164
3.1980326175689697,0,-1.7770599126815796,1.5414283107572988e-44,-0.0,-1.5414283107572988e-43,2.01200008392334,2948.0,-0.0,2.0,20.036001205444336,0.0,0.16939839720726013,0.2591855525970459,9.07328987121582,-0.0002836287021636963,0.0012969784438610077,0.00036086421459913254,15.211774826049805,15.61707878112793,-91.69586181640625
3.218308687210083,0,-1.7770599126815796,1.5414283107572988e-44,-0.0,-1.5414283107572988e-43,2.01200008392334,2976.0,-0.0,2.0,20.012001037597656,0.0,0.1711941510438919,0.2609812915325165,9.084064483642578,0.0010479707270860672,0.001829618588089943,-0.0009707361459732056,15.211774826049805,17.391746520996094,-92.0367431640625
3.238746166229248,0,-1.7770599126815796,1.5414283107572988e-44,-0.0,-1.5414283107572988e-43,2.008000135421753,2944.0,-0.0,2.0,20.00800132751465,0.0,0.14066651463508606,0.2430238574743271,9.07568359375,-0.0005499497056007385,0.0008974988013505936,9.454414248466492e-05,16.980587005615234,15.61707878112793,-91.35498809814453
3.258941411972046,0,-1.7770599126815796,1.5414283107572988e-44,-0.0,-1.5414283107572988e-43,2.008000135421753,3100.0,-0.0,2.0,20.09200096130371,0.0,0.14066651463508606,0.24481959640979767,9.058324813842773,0.00024901144206523895,-0.00030094198882579803,-0.0003049355000257492,16.096179962158203,15.084678649902344,-91.1845474243164
3.2792134284973145,0,-1.7770599126815796,1.5414283107572988e-44,-0.0,-1.5414283107572988e-43,2.01200008392334,2952.0,-0.0,2.0,20.00800132751465,0.0,0.14425800740718842,0.25439688563346863,9.09364128112793,-0.0002836287021636963,0.0004980172961950302,-3.8615427911281586e-05,16.8037052154541,15.794546127319336,-93.22981262207031
3.299429178237915,0,-1.7770599126815796,1.5414283107572988e-44,-0.0,-1.5414283107572988e-43,2.01200008392334,2944.0,-0.0,2.0,20.036001205444336,0.0,0.1592225283384323,0.24481959640979767,9.087057113647461,-0.0012157503515481949,0.0002316981554031372,0.0006271842867136002,17.157466888427734,16.149478912353516,-92.2071762084961
3.319523334503174,0,-1.7770599126815796,1.5414283107572988e-44,-0.0,-1.5414283107572988e-43,2.008000135421753,2972.0,-0.0,2.0,20.00400161743164,0.0,0.15982110798358917,0.26457276940345764,9.079275131225586,-0.0017483904957771301,0.0004980172961950302,0.0004940247163176537,18.041872024536133,15.972012519836426,-91.35498809814453
3.3399930000305176,0,-1.7770599126815796,1.5414283107572988e-44,-0.0,-1.5414283107572988e-43,2.01200008392334,2952.0,-0.0,2.0,20.016000747680664,0.0,0.14964522421360016,0.2472139149904251,9.062515258789062,-0.0012157503515481949,0.001829618588089943,-0.0001717759296298027,17.334348678588867,15.61707878112793,-91.35498809814453
3.3600659370422363,0,-1.7770599126815796,1.5414283107572988e-44,-0.0,-1.5414283107572988e-43,2.01200008392334,3044.0,-0.0,2.0,20.016000747680664,0.0,0.16041968762874603,0.2412281185388565,9.066106796264648,0.00024901144206523895,-0.00016778334975242615,0.0004940247163176537,17.334348678588867,15.972012519836426,-91.35498809814453
3.380356550216675,0,-1.7770599126815796,1.5414283107572988e-44,-0.0,-1.5414283107572988e-43,2.01200008392334,2952.0,-0.0,2.0,20.00800132751465,0.0,0.16161684691905975,0.23943236470222473,9.067902565002441,-0.0024141911417245865,0.0010306574404239655,-0.0004380960017442703,16.8037052154541,16.504413604736328,-90.84367370605469
3.4007232189178467,0,-1.7770599126815796,1.5414283107572988e-44,-0.0,-1.5414283107572988e-43,2.008000135421753,2952.0,-0.0,2.0,20.016000747680664,0.0,0.14725090563297272,0.24182669818401337,9.081669807434082,-0.0002836287021636963,-0.00016778334975242615,0.001026664860546589,16.44994354248047,15.794546127319336,-92.54805755615234
3.420774459838867,0,-1.7770599126815796,1.5414283107572988e-44,-0.0,-1.5414283107572988e-43,2.008000135421753,2968.0,-0.0,2.0,20.00400161743164,0.0,0.1682012379169464,0.2549954652786255,9.102620124816895,-0.0004167892038822174,0.0004980172961950302,-0.0003049355000257492,16.8037052154541,15.43961238861084,-91.1845474243164
3.4410288333892822,0,-1.7770599126815796,1.5414283107572988e-44,-0.0,-1.5414283107572988e-43,2.0360000133514404,2952.0,-0.0,2.0,20.032001495361328,0.0,0.146053746342659,0.24182669818401337,9.10501480102539,-0.0005499497056007385,0.0003648567944765091,-0.0001717759296298027,15.034893989562988,16.504413604736328,-91.52542877197266
3.461277484893799,0,-1.7770599126815796,1.5414283107572988e-44,-0.0,-1.5414283107572988e-43,2.008000135421753,2980.0,-0.0,2.0,20.00400161743164,0.0,0.14725090563297272,0.25080540776252747,9.05533218383789,0.00024901144206523895,-0.0014993827790021896,0.00022770464420318604,16.8037052154541,14.374811172485352,-91.52542877197266
3.481628894805908,0,-1.7770599126815796,1.5414283107572988e-44,-0.0,-1.5414283107572988e-43,2.01200008392334,2940.0,-0.0,2.0,20.00800132751465,0.0,0.14665232598781586,0.26457276940345764,9.072690963745117,-0.0012157503515481949,0.0012969784438610077,0.0006271842867136002,16.44994354248047,14.729744911193848,-92.2071762084961
3.5018577575683594,0,-1.7770599126815796,1.5414283107572988e-44,-0.0,-1.5414283107572988e-43,2.008000135421753,2948.0,-0.0,2.0,20.020000457763672,0.0,0.16281400620937347,0.2621784508228302,9.094240188598633,-0.0006831102073192596,-0.00016778334975242615,-0.0003049355000257492,16.8037052154541,16.504413604736328,-91.1845474243164
3.521970748901367,0,-1.7770599126815796,1.5414283107572988e-44,-0.0,-1.5414283107572988e-43,2.01200008392334,2972.0,-0.0,2.0,20.00400161743164,0.0,0.1711941510438919,0.24841108918190002,9.090049743652344,-0.0001504700630903244,0.0003648567944765091,-0.0003049355000257492,17.157466888427734,15.084678649902344,-92.2071762084961
3.5422370433807373,0,-1.7770599126815796,1.5414283107572988e-44,-0.0,-1.5414283107572988e-43,2.0240001678466797,2952.0,-0.0,2.0,20.020000457763672,0.0,0.1550324559211731,0.24661533534526825,9.070895195007324,-0.001615229994058609,0.0007643382996320724,0.0008935052901506424,16.62682342529297,15.972012519836426,-92.37761688232422
3.5625159740448,0,-1.7770599126815796,1.5414283107572988e-44,-0.0,-1.5414283107572988e-43,2.01200008392334,2972.0,-0.0,2.0,20.00800132751465,0.0,0.16281400620937347,0.2579883933067322,9.062515258789062,-0.0006831102073192596,-0.0005672629922628403,-0.0007044160738587379,17.6881103515625,14.907212257385254,-91.01410675048828
3.582813262939453,0,-1.7770599126815796,1.5414283107572988e-44,-0.0,-1.5414283107572988e-43,2.01200008392334,2948.0,-0.0,2.0,20.00800132751465,0.0,0.1520395576953888,0.24781250953674316,9.099028587341309,0.000515330582857132,0.0003648567944765091,0.0007603447884321213,16.8037052154541,16.149478912353516,-91.86630249023438
3.6029202938079834,0,-1.7770599126815796,1.5414283107572988e-44,-0.0,-1.5414283107572988e-43,2.01200008392334,2948.0,-0.0,2.0,20.00800132751465,0.0,0.16281400620937347,0.24541817605495453,9.076881408691406,-0.0017483904957771301,9.853765368461609e-05,0.00022770464420318604,16.62682342529297,15.972012519836426,-90.33235931396484
3.6232104301452637,0,-1.7770599126815796,1.5414283107572988e-44,-0.0,-1.5414283107572988e-43,2.01200008392334,2952.0,-0.0,2.0,20.016000747680664,0.0,0.14725090563297272,0.22985507547855377,9.064311027526855,-0.0005499497056007385,0.0011638179421424866,0.0008935052901506424,17.157466888427734,16.859346389770508,-91.86630249023438
3.6434857845306396,0,-1.7770599126815796,1.5414283107572988e-44,-0.0,-1.5414283107572988e-43,2.0160000324249268,2940.0,-0.0,2.0,20.012001037597656,0.0,0.14665232598781586,0.238235205411911,9.070297241210938,-0.0001504700630903244,0.0008974988013505936,0.0008935052901506424,17.334348678588867,14.907212257385254,-91.01410675048828
3.663780689239502,0,-1.7770599126815796,1.5414283107572988e-44,-0.0,-1.5414283107572988e-43,2.008000135421753,2948.0,-0.0,2.0,20.00400161743164,0.0,0.14964522421360016,0.2412281185388565,9.072690963745117,-0.0022810306400060654,0.0014301389455795288,-0.0004380960017442703,16.273061752319336,15.26214599609375,-90.67323303222656
3.683882713317871,0,-1.7770599126815796,1.5414283107572988e-44,-0.0,-1.5414283107572988e-43,2.01200008392334,2940.0,-0.0,2.0,20.00800132751465,0.0,0.14784948527812958,0.2202777862548828,9.089451789855957,-0.0002836287021636963,-0.00043410249054431915,0.00022770464420318604,17.157466888427734,16.504413604736328,-90.84367370605469
3.704174041748047,0,-1.7770599126815796,1.5414283107572988e-44,-0.0,-1.5414283107572988e-43,2.01200008392334,2948.0,-0.0,2.0,20.016000747680664,0.0,0.1580253690481186,0.24362243711948395,9.103816986083984,-0.0010825898498296738,0.0006311777979135513,0.0006271842867136002,17.157466888427734,16.859346389770508,-93.22981262207031
3.724602222442627,0,-1.7770599126815796,1.5414283107572988e-44,-0.0,-1.5414283107572988e-43,2.01200008392334,2952.0,-0.0,2.0,20.00800132751465,0.0,0.15563103556632996,0.24242527782917023,9.081070899963379,-0.0001504700630903244,0.0006311777979135513,0.00022770464420318604,18.3956356048584,14.552278518676758,-92.0367431640625
3.7447280883789062,0,-1.7770599126815796,1.5414283107572988e-44,-0.0,-1.5414283107572988e-43,2.004000186920166,2948.0,-0.0,2.0,20.00800132751465,0.0,0.1670040786266327,0.23883378505706787,9.05533218383789,-0.0005499497056007385,0.0006311777979135513,0.0012929849326610565,16.273061752319336,15.972012519836426,-91.35498809814453
3.7650110721588135,0,-1.7770599126815796,1.5414283107572988e-44,-0.0,-1.5414283107572988e-43,2.008000135421753,2960.0,-0.0,2.0,20.00400161743164,0.0,0.15383529663085938,0.2442210167646408,9.113394737243652,-0.0006831102073192596,0.0003648567944765091,0.0008935052901506424,18.041872024536133,15.972012519836426,-91.69586181640625
3.785090684890747,0,-1.7770599126815796,1.5414283107572988e-44,-0.0,-1.5414283107572988e-43,2.01200008392334,2948.0,-0.0,2.0,20.012001037597656,0.0,0.13767361640930176,0.23284797370433807,9.075085639953613,-1.7309561371803284e-05,-0.0007004234939813614,0.0008935052901506424,15.034893989562988,15.43961238861084,-91.86630249023438
3.8053677082061768,0,-1.7770599126815796,1.5414283107572988e-44,-0.0,-1.5414283107572988e-43,2.01200008392334,2948.0,-0.0,2.0,20.00800132751465,0.0,0.14725090563297272,0.22446784377098083,9.102021217346191,-0.0021478701382875443,0.0002316981554031372,-0.0013702167198061943,18.041872024536133,15.61707878112793,-90.33235931396484
3.825665235519409,0,-1.7770599126815796,1.5414283107572988e-44,-0.0,-1.5414283107572988e-43,2.008000135421753,2944.0,-0.0,2.0,20.00400161743164,0.0,0.1622154265642166,0.25559404492378235,9.087057113647461,-0.0006831102073192596,0.0003648567944765091,-0.0003049355000257492,15.565537452697754,16.326946258544922,-90.67323303222656
3.8459224700927734,0,-1.7770599126815796,1.5414283107572988e-44,-0.0,-1.5414283107572988e-43,2.0160000324249268,2948.0,-0.0,2.0,20.016000747680664,0.0,0.1502438187599182,0.2502068281173706,9.111000061035156,-0.0012157503515481949,-0.00043410249054431915,0.001026664860546589,16.980587005615234,15.972012519836426,-90.33235931396484
3.8661928176879883,0,-1.7770599126815796,1.5414283107572988e-44,-0.0,-1.5414283107572988e-43,2.01200008392334,2964.0,-0.0,2.0,20.016000747680664,0.0,0.15323671698570251,0.24242527782917023,9.067902565002441,-1.7309561371803284e-05,-0.00016778334975242615,-0.0004380960017442703,17.334348678588867,15.61707878112793,-92.37761688232422
3.886366367340088,0,-1.7770599126815796,1.5414283107572988e-44,-0.0,-1.5414283107572988e-43,2.008000135421753,2948.0,-0.0,2.0,20.012001037597656,0.0,0.15862394869327545,0.23284797370433807,9.070297241210938,0.00011585094034671783,-0.00030094198882579803,-0.0003049355000257492,15.919299125671387,15.972012519836426,-90.33235931396484
3.9066176414489746,0,-1.7770599126815796,1.5414283107572988e-44,-0.0,-1.5414283107572988e-43,2.008000135421753,2980.0,-0.0,2.0,20.016000747680664,0.0,0.16161684691905975,0.24481959640979767,9.097831726074219,0.00038217194378376007,0.0002316981554031372,0.0004940247163176537,17.511228561401367,16.504413604736328,-91.86630249023438
3.926910638809204,0,-1.7770599126815796,1.5414283107572988e-44,-0.0,-1.5414283107572988e-43,2.01200008392334,2944.0,-0.0,2.0,20.00800132751465,0.0,0.15982110798358917,0.2502068281173706,9.109803199768066,-0.0017483904957771301,0.002229098230600357,0.0006271842867136002,16.096179962158203,15.794546127319336,-91.1845474243164
3.947202444076538,0,-1.7770599126815796,1.5414283107572988e-44,-0.0,-1.5414283107572988e-43,2.0160000324249268,2948.0,-0.0,2.0,20.02400016784668,0.0,0.1640111804008484,0.24781250953674316,9.076881408691406,-0.0009494293481111526,0.0002316981554031372,-0.0007044160738587379,18.218753814697266,17.21428108215332,-91.86630249023438
3.967418909072876,0,-1.775733470916748,0.012565786018967628,4.800000190734863,4.800000190734863,2.004000186920166,2976.0,-0.0,1.0,20.00800132751465,0.001326464000158012,0.1670040786266327,0.23763662576675415,9.090648651123047,-0.0010825898498296738,0.0003648567944765091,0.00022770464420318604,17.157466888427734,14.729744911193848,-91.86630249023438
3.9877195358276367,0,-1.7698332071304321,0.06393395364284515,4.800000190734863,4.800000190734863,2.004000186920166,2956.0,-0.0,1.0,20.00800132751465,0.005900288000702858,0.14784948527812958,0.2370380461215973,9.07328987121582,-1.7309561371803284e-05,0.0003648567944765091,0.00115982536226511,15.74241828918457,17.5692138671875,-91.1845474243164
4.007780313491821,0,-1.7614864110946655,0.1266229897737503,4.800000190734863,4.800000190734863,2.008000135421753,3068.0,-0.0,1.0,20.012001037597656,0.008346815593540668,0.13827219605445862,0.9822713136672974,9.547964096069336,-0.003479471430182457,-0.0028309840708971024,9.454414248466492e-05,15.565537452697754,15.26214599609375,-91.35498809814453
4.028120279312134,0,-1.7583986520767212,0.1313406229019165,4.800000190734863,4.800000190734863,2.008000135421753,2948.0,-0.0,1.0,20.00800132751465,0.003087744116783142,0.21788345277309418,3.856058359146118,10.275239944458008,0.027280505746603012,-0.009355828166007996,-0.010957742109894753,16.62682342529297,14.907212257385254,-90.33235931396484
4.048370122909546,0,-1.7583765983581543,0.10791386663913727,4.800000190734863,4.800000190734863,2.0240001678466797,2960.0,-0.0,1.0,20.020000457763672,2.2016000002622604e-05,0.7224871516227722,1.2037461996078491,8.794949531555176,0.08014506101608276,0.020605189725756645,0.009016268886625767,16.8037052154541,15.794546127319336,-89.48016357421875
4.0686821937561035,0,-1.758236289024353,0.08975391089916229,4.800000190734863,4.800000190734863,2.004000186920166,2964.0,-0.0,1.0,20.012001037597656,0.0001403520000167191,0.11193463206291199,0.18975014984607697,10.629600524902344,-0.006675312295556068,0.02113782986998558,-0.0008375765755772591,16.8037052154541,15.084678649902344,-89.48016357421875
4.088942527770996,0,-1.756796956062317,0.08697788417339325,4.800000190734863,4.800000190734863,2.004000186920166,2952.0,-0.0,1.0,20.00400161743164,0.0014392959419637918,0.16939839720726013,0.20950332283973694,8.72790813446045,-0.0171949602663517,0.0031612198799848557,0.0036898665130138397,17.864992141723633,15.084678649902344,-90.84367370605469
4.109023571014404,0,-1.7542458772659302,0.09401005506515503,4.800000190734863,4.800000190734863,2.004000186920166,3100.0,-0.0,1.0,20.012001037597656,0.0025511039420962334,0.3771059811115265,0.1580253690481186,8.842836380004883,-0.006675312295556068,0.004093339666724205,-0.004299738444387913,17.511228561401367,13.31001091003418,-91.1845474243164
4.12928581237793,0,-1.7511911392211914,0.10503129661083221,4.800000190734863,4.800000190734863,2.0160000324249268,2948.0,-0.0,1.0,20.016000747680664,0.0030547198839485645,0.11732186377048492,0.7464303970336914,9.639547348022461,0.021554622799158096,0.0028948988765478134,-0.016417305916547775,15.919299125671387,15.972012519836426,-90.33235931396484
4.149558782577515,0,-1.7485052347183228,0.11003817617893219,4.800000190734863,4.800000190734863,2.008000135421753,2948.0,-0.0,1.0,20.00400161743164,0.0026859520003199577,0.06883680820465088,1.2845547199249268,8.94519329071045,0.017426662147045135,-0.0052278656512498856,-0.005897659342736006,16.273061752319336,17.391746520996094,-90.67323303222656
4.169804096221924,0,-1.7461798191070557,0.11109336465597153,4.800000190734863,4.800000190734863,2.0160000324249268,2956.0,-0.0,1.0,20.012001037597656,0.0023254400584846735,0.3010862171649933,0.6883680820465088,9.127161979675293,-0.020523961633443832,0.0011638179421424866,0.004222506657242775,15.919299125671387,15.972012519836426,-90.67323303222656
4.190080642700195,0,-1.7437278032302856,0.11337270587682724,4.800000190734863,4.800000190734863,2.0160000324249268,2948.0,-0.0,1.0,20.012001037597656,0.0024520319420844316,0.3753102421760559,0.32862094044685364,9.214554786682129,-0.01826024055480957,0.021803630515933037,-0.011756702326238155,15.388655662536621,16.504413604736328,-91.1845474243164
4.210170030593872,0,-1.740042805671692,0.1256890743970871,4.800000190734863,4.800000190734863,2.004000186920166,3032.0,-0.0,1.0,20.00400161743164,0.0036849279422312975,0.0820055902004242,0.6877694725990295,9.002656936645508,0.008371774107217789,0.013680865988135338,-0.03239651396870613,16.273061752319336,15.26214599609375,-91.69586181640625
4.230430841445923,0,-1.7363249063491821,0.1369069367647171,4.800000190734863,4.800000190734863,2.004000186920166,2944.0,-0.0,1.0,20.00800132751465,0.0037179519422352314,-0.12630057334899902,1.1133605241775513,9.069099426269531,0.01170077919960022,0.0048923008143901825,-0.017349425703287125,16.62682342529297,15.26214599609375,-90.67323303222656
4.250720739364624,0,-1.7327858209609985,0.14387454092502594,4.800000190734863,4.800000190734863,2.008000135421753,2948.0,-0.0,1.0,20.020000457763672,0.003539071884006262,0.18256717920303345,0.8146686553955078,9.189414024353027,-0.0022810306400060654,-0.0049615465104579926,0.007551508955657482,15.388655662536621,16.504413604736328,-90.84367370605469
4.270997047424316,0,-1.7291696071624756,0.15024450421333313,4.800000190734863,4.800000190734863,2.004000186920166,2956.0,-0.0,1.0,20.00400161743164,0.0036161281168460846,0.43576690554618835,0.530342698097229,9.034381866455078,-0.0109364353120327,0.015278786420822144,-0.018681026995182037,15.211774826049805,15.61707878112793,-90.33235931396484
4.291268348693848,0,-1.7249618768692017,0.1612720489501953,4.800000190734863,4.800000190734863,2.008000135421753,2948.0,-0.0,1.0,20.012001037597656,0.004207808058708906,-0.02933046594262123,0.8374147415161133,8.943397521972656,-0.0001504700630903244,0.006490221247076988,-0.03452707454562187,15.919299125671387,15.26214599609375,-91.35498809814453
4.311558485031128,0,-1.7205063104629517,0.17200209200382233,4.800000190734863,4.800000190734863,2.004000186920166,2960.0,-0.0,1.0,20.012001037597656,0.004455488175153732,0.22746075689792633,0.5896022319793701,8.982305526733398,0.0009148120880126953,-0.010421108454465866,-0.011756702326238155,16.62682342529297,15.972012519836426,-90.67323303222656
4.331676244735718,0,-1.7159875631332397,0.18195222318172455,4.800000190734863,4.800000190734863,2.004000186920166,2952.0,-0.0,1.0,20.00800132751465,0.004518784116953611,0.2933046519756317,0.6063624620437622,9.333672523498535,0.01689402014017105,0.013148224912583828,-0.014419903978705406,16.62682342529297,16.681880950927734,-91.69586181640625
4.351924419403076,0,-1.7111247777938843,0.1929926574230194,4.800000190734863,4.800000190734863,2.008000135421753,2956.0,-0.0,1.0,20.02800178527832,0.004862783942371607,-0.044893570244312286,0.9876585006713867,8.822484016418457,-0.0006831102073192596,-0.006426306441426277,-0.01268882304430008,15.919299125671387,16.326946258544922,-91.35498809814453
4.372180700302124,0,-1.7061519622802734,0.20271341502666473,4.800000190734863,4.800000190734863,2.004000186920166,2956.0,-0.0,1.0,20.00400161743164,0.00497286394238472,0.22686217725276947,0.6883680820465088,8.996072769165039,-0.02025764063000679,-0.0033636242151260376,-0.007229260168969631,17.511228561401367,16.504413604736328,-91.1845474243164
4.392464637756348,0,-1.701027750968933,0.21257852017879486,4.800000190734863,4.800000190734863,2.008000135421753,2948.0,-0.0,1.0,20.00400161743164,0.005124223884195089,0.20591184496879578,0.8505834937095642,9.203780174255371,-0.0014820694923400879,0.018740948289632797,-0.008028220385313034,14.681131362915039,16.859346389770508,-90.50279235839844
4.412722587585449,0,-1.6958154439926147,0.2208051085472107,4.800000190734863,4.800000190734863,2.0160000324249268,2964.0,-0.0,1.0,20.00400161743164,0.00521228788420558,0.3633386194705963,0.4555200934410095,8.635128021240234,-0.019591841846704483,-0.0073584262281656265,-0.008161380887031555,15.919299125671387,15.972012519836426,-89.65060424804688
4.432848215103149,0,-1.6904875040054321,0.22936709225177765,4.800000190734863,4.800000190734863,2.0160000324249268,2956.0,-0.0,1.0,20.00800132751465,0.00532787200063467,0.022147493436932564,0.646467387676239,9.615005493164062,-0.004411591216921806,0.032855916768312454,-0.025871671736240387,15.919299125671387,15.61707878112793,-90.33235931396484
4.453104257583618,0,-1.6847193241119385,0.23884882032871246,4.800000190734863,4.800000190734863,2.0160000324249268,2944.0,-0.0,1.0,20.00400161743164,0.005768192000687122,0.1101388931274414,0.6255170702934265,8.576467514038086,-0.010670115239918232,-0.028930358588695526,-0.017615746706724167,16.8037052154541,16.149478912353516,-92.2071762084961
4.473365783691406,0,-1.67898690700531,0.24850422143936157,4.800000190734863,4.800000190734863,2.0160000324249268,2952.0,-0.0,1.0,20.016000747680664,0.005732416175305843,0.18795441091060638,0.602770984172821,9.637751579284668,-0.011735396459698677,0.02020571008324623,-0.014419903978705406,14.858013153076172,16.326946258544922,-91.69586181640625
4.4937121868133545,0,-1.6731692552566528,0.2561036944389343,4.800000190734863,4.800000190734863,2.008000135421753,2952.0,-0.0,1.0,20.032001495361328,0.005817728117108345,0.4381612241268158,0.4393584132194519,8.516011238098145,-0.010403795167803764,-0.03665364533662796,-0.005631338804960251,16.62682342529297,16.326946258544922,-90.33235931396484
4.513934373855591,0,-1.6670432090759277,0.26475077867507935,4.800000190734863,4.800000190734863,2.004000186920166,2964.0,-0.0,1.0,20.00400161743164,0.0061259521171450615,0.10175875574350357,0.5698490142822266,9.19420337677002,-0.0042784325778484344,-0.010287947952747345,-0.016284145414829254,14.504250526428223,17.391746520996094,-90.33235931396484
4.53420877456665,0,-1.6607797145843506,0.27381324768066406,4.800000190734863,4.800000190734863,2.0160000324249268,2952.0,-0.0,1.0,20.00800132751465,0.006263552233576775,0.23643946647644043,0.5046037435531616,8.785371780395508,-0.009338514879345894,-0.002298343926668167,-0.01908050663769245,16.273061752319336,17.036813735961914,-91.01410675048828
4.554473876953125,0,-1.654254674911499,0.2831294536590576,4.800000190734863,4.800000190734863,2.004000186920166,2948.0,-0.0,1.0,20.00800132751465,0.006524992175400257,0.40464070439338684,0.4644987881183624,8.478899002075195,-0.003346310928463936,-0.016280151903629303,-0.009226661175489426,15.74241828918457,16.859346389770508,-91.1845474243164
4.574582099914551,0,-1.6476939916610718,0.291230708360672,4.800000190734863,4.800000190734863,2.0160000324249268,2956.0,-0.0,1.0,20.012001037597656,0.006560768000781536,0.21429197490215302,0.7290715575218201,9.304940223693848,0.005309093743562698,0.027529513463377953,-0.020545266568660736,15.565537452697754,16.326946258544922,-91.01410675048828
4.594828844070435,0,-1.6409653425216675,0.2993849217891693,4.800000190734863,4.800000190734863,2.004000186920166,2944.0,-0.0,1.0,20.016000747680664,0.006728639826178551,0.14425800740718842,0.5441100597381592,9.186421394348145,0.004376973956823349,0.007422341033816338,-0.026537470519542694,15.034893989562988,16.149478912353516,-90.16191864013672
4.615090847015381,0,-1.6338926553726196,0.3087853193283081,4.800000190734863,4.800000190734863,2.008000135421753,2948.0,-0.0,1.0,20.00800132751465,0.0070726401172578335,-0.13288496434688568,0.6973468065261841,9.359411239624023,0.006374374032020569,0.002362258732318878,-0.01668362505733967,16.62682342529297,15.61707878112793,-90.33235931396484
4.635368824005127,0,-1.6268558502197266,0.3167813718318939,4.800000190734863,4.800000190734863,2.004000186920166,2944.0,-0.0,1.0,20.00800132751465,0.007036863826215267,0.1610182672739029,0.5704476237297058,9.230716705322266,0.027813147753477097,0.0015632975846529007,-0.0011038966476917267,14.504250526428223,17.746681213378906,-90.67323303222656
4.655715227127075,0,-1.6196703910827637,0.32404786348342896,4.800000190734863,4.800000190734863,2.0160000324249268,2956.0,-0.0,1.0,20.016000747680664,0.007185472175478935,0.3364024758338928,0.5339341759681702,8.636923789978027,0.021554622799158096,-0.0028309840708971024,0.004621987231075764,14.681131362915039,16.859346389770508,-90.84367370605469
4.676017999649048,0,-1.6122866868972778,0.33245572447776794,4.800000190734863,4.800000190734863,2.008000135421753,2944.0,-0.0,1.0,20.00400161743164,0.007383616175502539,0.06883680820465088,0.7272758483886719,9.221138954162598,-0.010670115239918232,0.02526579238474369,0.001958785578608513,15.211774826049805,16.681880950927734,-91.69586181640625
4.696226596832275,0,-1.6047214269638062,0.34065088629722595,4.800000190734863,4.800000190734863,2.0160000324249268,2956.0,-0.0,1.0,20.016000747680664,0.00756524782627821,0.2071090042591095,0.5069980621337891,9.431241035461426,-0.009871155023574829,0.018607787787914276,-0.005764499306678772,15.211774826049805,16.326946258544922,-91.69586181640625
4.716293811798096,0,-1.596933364868164,0.3488045632839203,4.800000190734863,4.800000190734863,2.004000186920166,2980.0,-0.0,1.0,20.00400161743164,0.0077881598845124245,-0.10774456709623337,0.8218516111373901,8.734493255615234,0.0015806108713150024,-0.006426306441426277,-0.023741111159324646,14.681131362915039,17.5692138671875,-91.52542877197266
4.736652612686157,0,-1.5890461206436157,0.3575054109096527,4.800000190734863,4.800000190734863,2.008000135421753,2948.0,-0.0,1.0,20.00400161743164,0.00788723211735487,-0.08739281445741653,0.8793153762817383,9.014628410339355,-0.02318716235458851,-0.00988847017288208,-0.022675829008221626,15.211774826049805,15.61707878112793,-91.01410675048828
4.756843328475952,0,-1.5809193849563599,0.3657073378562927,4.800000190734863,4.800000190734863,2.004000186920166,2984.0,-0.0,1.0,20.012001037597656,0.008126655593514442,0.48185765743255615,0.3884790241718292,9.879578590393066,-0.003479471430182457,0.009552903473377228,-0.016017824411392212,15.74241828918457,16.504413604736328,-91.52542877197266
4.777079105377197,0,-1.5727019309997559,0.37430933117866516,4.800000190734863,4.800000190734863,2.01200008392334,2948.0,-0.0,1.0,20.00800132751465,0.008217471651732922,0.3184450566768646,0.6356929540634155,9.07448673248291,0.019690383225679398,0.006623381748795509,-0.02613799087703228,14.504250526428223,17.036813735961914,-90.67323303222656
4.797361612319946,0,-1.5642451047897339,0.383148729801178,4.800000190734863,4.800000190734863,2.004000186920166,2948.0,-0.0,1.0,20.00800132751465,0.008456896059215069,0.12630057334899902,0.8188586831092834,8.987692832946777,-0.028114086017012596,0.01021870318800211,-0.04278300330042839,16.096179962158203,17.924148559570312,-90.50279235839844
4.817466735839844,0,-1.5557303428649902,0.3900640606880188,4.800000190734863,4.800000190734863,2.004000186920166,2968.0,-0.0,1.0,20.00400161743164,0.008514688350260258,0.12989206612110138,0.3711201846599579,9.632963180541992,-0.009205354377627373,0.009686063043773174,-0.042117200791835785,15.388655662536621,17.21428108215332,-90.50279235839844
4.837749719619751,0,-1.5470890998840332,0.39825063943862915,4.800000190734863,4.800000190734863,2.008000135421753,2952.0,-0.0,1.0,20.00400161743164,0.008641280233860016,0.22386926412582397,0.5465043783187866,8.77639389038086,0.029677387326955795,-0.002165183424949646,-0.02840171381831169,15.388655662536621,17.5692138671875,-91.86630249023438
4.857994079589844,0,-1.5379606485366821,0.40673431754112244,4.800000190734863,4.800000190734863,2.008000135421753,3080.0,-0.0,1.0,20.00800132751465,0.009128384292125702,0.10654740780591965,0.5872079133987427,9.506662368774414,0.0015806108713150024,0.011949784122407436,-0.02307530865073204,15.388655662536621,17.21428108215332,-89.821044921875
4.878265619277954,0,-1.5292010307312012,0.4141709506511688,4.800000190734863,4.800000190734863,2.004000186920166,2944.0,-0.0,1.0,20.00800132751465,0.008759615942835808,-0.03711201623082161,0.7458318471908569,8.854208946228027,0.005309093743562698,-0.016413312405347824,-0.024939551949501038,15.211774826049805,18.101613998413086,-89.9914779663086
4.898527383804321,0,-1.5200066566467285,0.4224182367324829,4.800000190734863,4.800000190734863,2.01200008392334,2944.0,-0.0,1.0,20.020000457763672,0.009194431826472282,0.31365641951560974,0.4734775125980377,8.012005805969238,-0.003079991787672043,-0.017345432192087173,-0.025871671736240387,14.327369689941406,17.21428108215332,-90.84367370605469
4.918791055679321,0,-1.5107406377792358,0.4289762079715729,4.800000190734863,4.800000190734863,2.004000186920166,2968.0,-0.0,1.0,20.00400161743164,0.009265984408557415,0.3280223608016968,0.37950029969215393,9.122373580932617,-0.006675312295556068,-0.005893666297197342,-0.0272032730281353,15.74241828918457,17.21428108215332,-91.52542877197266
4.939079761505127,0,-1.5014774799346924,0.43567782640457153,4.800000190734863,4.800000190734863,2.008000135421753,2944.0,-0.0,1.0,20.00400161743164,0.009263232350349426,0.21848203241825104,0.3812960386276245,9.368988990783691,0.02621522545814514,-0.022671837359666824,-0.0315975546836853,15.034893989562988,17.5692138671875,-91.52542877197266
4.959168195724487,0,-1.4917958974838257,0.4418558180332184,4.800000190734863,4.800000190734863,2.004000186920166,3116.0,-0.0,1.0,20.00800132751465,0.009681535884737968,-0.12630057334899902,0.7883310914039612,10.02682876586914,0.012366577982902527,0.005291780456900597,-0.03519287705421448,15.74241828918457,17.21428108215332,-90.84367370605469
4.9794557094573975,0,-1.4825986623764038,0.44766563177108765,4.800000190734863,4.800000190734863,2.004000186920166,2944.0,-0.0,1.0,20.00400161743164,0.009197183884680271,-0.07721693813800812,0.6404815912246704,9.386347770690918,0.002246411517262459,-0.010421108454465866,-0.02707011252641678,13.619845390319824,17.924148559570312,-90.50279235839844
4.999741315841675,0,-1.4729666709899902,0.4537665843963623,4.800000190734863,4.800000190734863,2.008000135421753,2940.0,-0.0,1.0,20.00400161743164,0.009631999768316746,-0.08020984381437302,0.756007730960846,9.076282501220703,-0.00587635301053524,-0.009222667664289474,-0.027469590306282043,16.096179962158203,17.21428108215332,-91.1845474243164
5.020026206970215,0,-1.4629714488983154,0.4614351987838745,4.800000190734863,4.800000190734863,2.004000186920166,2952.0,-0.0,1.0,20.00400161743164,0.009995264001190662,0.10355450212955475,0.47587183117866516,8.976319313049316,-0.009338514879345894,-0.03652048483490944,-0.025871671736240387,15.74241828918457,18.988948822021484,-92.2071762084961
5.040286540985107,0,-1.452998161315918,0.46866774559020996,4.800000190734863,4.800000190734863,2.004000186920166,2944.0,-0.0,1.0,20.00400161743164,0.009973248466849327,0.45252716541290283,0.15263813734054565,8.20055866241455,0.004110652953386307,-0.0362541638314724,-0.023741111159324646,14.681131362915039,18.279081344604492,-91.1845474243164
5.06035590171814,0,-1.4427305459976196,0.47500723600387573,4.800000190734863,4.800000190734863,2.004000186920166,3020.0,-0.0,1.0,20.00800132751465,0.0102677121758461,0.5291455388069153,0.18077144026756287,8.12214469909668,0.03140847012400627,-0.02320447564125061,-0.017615746706724167,14.858013153076172,18.4565486907959,-92.0367431640625
5.080629587173462,0,-1.432691216468811,0.4815412163734436,4.800000190734863,4.800000190734863,2.004000186920166,2956.0,-0.0,1.0,20.00800132751465,0.010039296001195908,0.733860194683075,0.15383529663085938,8.305909156799316,0.012233417481184006,-0.033191483467817307,-0.016417305916547775,13.266082763671875,17.924148559570312,-91.1845474243164
5.100934743881226,0,-1.4222280979156494,0.48891305923461914,4.800000190734863,4.800000190734863,2.008000135421753,2956.0,-0.0,1.0,20.012001037597656,0.010463103652000427,0.5488986968994141,0.482456237077713,9.231314659118652,0.0015806108713150024,0.013547705486416817,-0.026936952024698257,14.681131362915039,19.698816299438477,-90.50279235839844
5.121185302734375,0,-1.4115145206451416,0.49659496545791626,4.800000190734863,4.800000190734863,2.004000186920166,2956.0,-0.0,1.0,20.00400161743164,0.01071353629231453,0.1759827882051468,0.6656219959259033,8.621360778808594,-0.006941633298993111,-0.010021626949310303,-0.037057116627693176,15.211774826049805,17.746681213378906,-89.9914779663086
5.1414713859558105,0,-1.4009441137313843,0.5030122399330139,4.800000190734863,4.800000190734863,2.004000186920166,2944.0,-0.0,1.0,20.012001037597656,0.010570432059466839,-0.02992904558777809,0.7069240808486938,10.493124008178711,-0.03650316968560219,0.04164448380470276,-0.049441006034612656,15.034893989562988,18.279081344604492,-90.84367370605469
5.161564588546753,0,-1.3900765180587769,0.5093646049499512,4.800000190734863,4.800000190734863,2.008000135421753,2964.0,-0.0,1.0,20.00400161743164,0.0108676478266716,-0.049682218581438065,0.648263156414032,10.673296928405762,0.001980092376470566,-0.0048283860087394714,-0.049441006034612656,14.681131362915039,18.279081344604492,-89.48016357421875
5.181810617446899,0,-1.3791427612304688,0.5170653462409973,4.800000190734863,4.800000190734863,2.004000186920166,2952.0,-0.0,1.0,20.00800132751465,0.010933696292340755,-0.005387228447943926,1.2031476497650146,8.317281723022461,0.014630299061536789,0.017409346997737885,-0.049307845532894135,15.388655662536621,18.634014129638672,-90.84367370605469
5.202092170715332,0,-1.367997169494629,0.5240955948829651,4.800000190734863,4.800000190734863,2.008000135421753,2948.0,-0.0,1.0,20.00800132751465,0.011145600117743015,-0.30168479681015015,1.3078993558883667,10.34467601776123,-0.016928639262914658,0.02300207130610943,-0.057430610060691833,16.8037052154541,17.924148559570312,-90.84367370605469
5.222358465194702,0,-1.3569424152374268,0.5282321572303772,4.800000190734863,4.800000190734863,2.0160000324249268,2976.0,-0.0,1.0,20.016000747680664,0.011054784059524536,-0.2729529142379761,1.2989206314086914,10.080102920532227,0.008371774107217789,0.013148224912583828,-0.0541016086935997,14.681131362915039,17.924148559570312,-91.86630249023438
5.242629051208496,0,-1.3460170030593872,0.5323714017868042,4.800000190734863,4.800000190734863,2.004000186920166,2948.0,-0.0,1.0,20.02400016784668,0.01092544011771679,-0.21728487312793732,1.3851162195205688,9.795178413391113,-0.014664918184280396,-0.0007004234939813614,-0.04051927849650383,15.74241828918457,18.279081344604492,-91.86630249023438
5.262725830078125,0,-1.3349016904830933,0.5355865359306335,4.800000190734863,4.800000190734863,2.004000186920166,2960.0,-0.0,1.0,20.00400161743164,0.011115328408777714,-0.2190806120634079,1.1810001134872437,10.305169105529785,-0.0522160604596138,0.057756852358579636,-0.035326037555933,15.034893989562988,18.988948822021484,-90.84367370605469
5.282975912094116,0,-1.3238991498947144,0.5390471816062927,4.800000190734863,4.800000190734863,2.008000135421753,2948.0,-0.0,1.0,20.00800132751465,0.011002495884895325,-0.3962605595588684,1.1301207542419434,10.39675235748291,-0.022654522210359573,0.0024954192340373993,-0.024673230946063995,18.041872024536133,18.811481475830078,-90.33235931396484
5.303288459777832,0,-1.3122801780700684,0.5446817278862,4.800000190734863,4.800000190734863,2.004000186920166,2944.0,-0.0,1.0,20.016000747680664,0.011618943884968758,-0.32083937525749207,1.0660725831985474,10.456609725952148,-0.02118976227939129,0.002095937728881836,-0.030798595398664474,16.44994354248047,19.343881607055664,-90.50279235839844
5.3235719203948975,0,-1.3009198904037476,0.5504769086837769,4.800000190734863,4.800000190734863,2.008000135421753,2948.0,-0.0,1.0,20.00800132751465,0.011360256001353264,-0.16580691933631897,0.9930457472801208,10.960017204284668,-0.0253177247941494,-0.019609153270721436,-0.040252961218357086,16.273061752319336,19.16641616821289,-92.0367431640625
5.343829870223999,0,-1.2892789840698242,0.5560609102249146,4.800000190734863,4.800000190734863,2.01200008392334,2948.0,-0.0,1.0,20.00800132751465,0.011640960350632668,0.10774456709623337,0.952940821647644,9.566520690917969,-0.0024141911417245865,0.019673069939017296,-0.04691096395254135,15.74241828918457,18.988948822021484,-91.52542877197266
5.36406683921814,0,-1.2773903608322144,0.562127411365509,4.800000190734863,4.800000190734863,2.004000186920166,2964.0,-0.0,1.0,20.00800132751465,0.011888640001416206,0.19753170013427734,1.0989946126937866,9.172654151916504,-0.004012111574411392,0.03245643526315689,-0.0441146045923233,15.919299125671387,19.16641616821289,-89.65060424804688
5.3841776847839355,0,-1.2656283378601074,0.5675830841064453,4.800000190734863,4.800000190734863,2.004000186920166,2948.0,-0.0,1.0,20.00800132751465,0.011762048117816448,0.2101019024848938,0.03112620860338211,10.19323444366455,0.006241215392947197,0.07480134069919586,-0.041185081005096436,17.864992141723633,21.47348403930664,-89.821044921875
5.404447078704834,0,-1.2534947395324707,0.574613094329834,4.800000190734863,4.800000190734863,2.004000186920166,2948.0,-0.0,1.0,20.00800132751465,0.012133567593991756,0.20052461326122284,0.16580691933631897,8.13591194152832,0.05883944779634476,-0.03838472440838814,-0.05530004948377609,17.6881103515625,19.52134895324707,-89.30972290039062
5.424740791320801,0,-1.2409813404083252,0.5836971402168274,4.800000190734863,4.800000190734863,2.004000186920166,2956.0,-0.0,1.0,20.016000747680664,0.012513344176113605,0.38369038701057434,0.9846656322479248,9.521028518676758,-0.028114086017012596,-0.00016778334975242615,-0.041984040290117264,16.8037052154541,18.988948822021484,-89.821044921875
5.4450273513793945,0,-1.2286221981048584,0.5897460579872131,4.800000190734863,4.800000190734863,2.008000135421753,2956.0,-0.0,1.0,20.00400161743164,0.01235923171043396,0.3651343584060669,0.6303057074546814,10.280028343200684,-0.008006913587450981,0.027928993105888367,-0.042117200791835785,16.980587005615234,20.586149215698242,-91.01410675048828
5.465269565582275,0,-1.2161803245544434,0.5947670340538025,4.800000190734863,4.800000190734863,2.004000186920166,2964.0,-0.0,1.0,20.00800132751465,0.012441791594028473,0.5363284945487976,0.47766757011413574,9.455782890319824,0.017160341143608093,0.02206994965672493,-0.041185081005096436,17.334348678588867,19.16641616821289,-91.01410675048828
5.485525369644165,0,-1.2036092281341553,0.6016086935997009,4.800000190734863,4.800000190734863,2.004000186920166,2956.0,-0.0,1.0,20.012001037597656,0.01257113553583622,0.3393953740596771,0.48664629459381104,8.678226470947266,-0.009871155023574829,0.03818231821060181,-0.06195805221796036,17.511228561401367,19.343881607055664,-90.50279235839844
5.505664348602295,0,-1.1907050609588623,0.6093778014183044,4.800000190734863,4.800000190734863,2.008000135421753,2952.0,-0.0,1.0,20.00400161743164,0.012904128059744835,0.2663685083389282,-0.03591485694050789,8.201157569885254,0.018491942435503006,0.0011638179421424866,-0.06062645465135574,17.511228561401367,18.279081344604492,-89.821044921875
5.525895118713379,0,-1.1778119802474976,0.6157842874526978,4.800000190734863,4.800000190734863,2.008000135421753,2948.0,-0.0,1.0,20.012001037597656,0.01289311982691288,0.146053746342659,0.36752867698669434,8.617769241333008,0.04246075451374054,-0.033990442752838135,-0.056764811277389526,16.8037052154541,19.698816299438477,-90.84367370605469
5.546173810958862,0,-1.1648060083389282,0.6216113567352295,4.800000190734863,4.800000190734863,2.0320000648498535,2952.0,-0.0,1.0,20.02400016784668,0.013005952350795269,0.17239131033420563,0.46270304918289185,9.468353271484375,0.011301297694444656,-0.007491586729884148,-0.04451408237218857,16.980587005615234,19.16641616821289,-90.33235931396484
5.566442966461182,0,-1.1516817808151245,0.6270803213119507,4.800000190734863,4.800000190734863,2.008000135421753,2964.0,-0.0,1.0,20.00800132751465,0.013124288059771061,0.14485658705234528,0.36274003982543945,9.573104858398438,-0.006275832653045654,0.005558101460337639,-0.039187680929899216,16.62682342529297,18.811481475830078,-89.65060424804688
5.586755990982056,0,-1.1386977434158325,0.6317598223686218,4.800000190734863,4.800000190734863,2.008000135421753,2948.0,-0.0,1.0,20.012001037597656,0.012983935885131359,0.18855299055576324,0.36154288053512573,8.97033405303955,0.008371774107217789,-0.004295745864510536,-0.03945399820804596,16.62682342529297,19.16641616821289,-90.67323303222656
5.607190847396851,0,-1.1250368356704712,0.6364561319351196,4.800000190734863,4.800000190734863,2.004000186920166,2996.0,-0.0,1.0,20.168001174926758,0.01366092823445797,0.15084239840507507,0.3262265920639038,8.704564094543457,0.03207426890730858,-0.011086910963058472,-0.03652447834610939,17.334348678588867,18.811481475830078,-88.62797546386719
5.627275228500366,0,-1.1122592687606812,0.6404686570167542,4.800000190734863,4.800000190734863,2.004000186920166,2952.0,-0.0,1.0,20.012001037597656,0.012777536176145077,0.0305276270955801,0.6398829817771912,8.815300941467285,0.015029780566692352,-0.048504892736673355,-0.03679079934954643,18.041872024536133,18.811481475830078,-91.69586181640625
5.647566556930542,0,-1.0988267660140991,0.646174967288971,4.800000190734863,4.800000190734863,2.008000135421753,2952.0,-0.0,1.0,20.016000747680664,0.013432512059807777,0.12151192873716354,0.6865723133087158,9.057726860046387,0.002512732520699501,-0.022938154637813568,-0.04038611799478531,16.8037052154541,20.053749084472656,-89.821044921875
5.667804956436157,0,-1.0849567651748657,0.6536820530891418,4.800000190734863,4.800000190734863,2.004000186920166,2956.0,-0.0,1.0,20.00400161743164,0.01387008000165224,0.1861586719751358,0.4603087306022644,9.167865753173828,0.012899219989776611,-0.03146040067076683,-0.028002232313156128,16.8037052154541,18.634014129638672,-90.16191864013672
5.688117265701294,0,-1.0710536241531372,0.6618760228157043,4.800000190734863,4.800000190734863,2.004000186920166,2948.0,-0.0,1.0,20.00400161743164,0.013903103768825531,0.4423513114452362,0.4219995439052582,8.530376434326172,0.010236017405986786,-0.0034967847168445587,-0.03252967447042465,17.334348678588867,18.101613998413086,-89.65060424804688
5.708205223083496,0,-1.0566661357879639,0.6687130331993103,4.800000190734863,4.800000190734863,2.004000186920166,3092.0,-0.0,1.0,20.00800132751465,0.014387455768883228,0.679987907409668,0.35854998230934143,8.996072769165039,-0.021056601777672768,0.02912743389606476,-0.030665434896945953,18.218753814697266,18.634014129638672,-90.50279235839844
5.728576898574829,0,-1.043341040611267,0.6717014312744141,4.800000190734863,4.800000190734863,2.008000135421753,2948.0,-0.0,1.0,20.012001037597656,0.013325183652341366,0.1622154265642166,0.702135443687439,9.422262191772461,-0.04316117614507675,0.0028948988765478134,-0.04557936266064644,19.103158950805664,18.811481475830078,-90.67323303222656
5.748775959014893,0,-1.0293552875518799,0.6766089797019958,4.800000190734863,4.800000190734863,2.01200008392334,2948.0,-0.0,1.0,20.00800132751465,0.013985663652420044,-0.0017957427771762013,0.6452702283859253,9.415079116821289,0.019424062222242355,-0.01388327032327652,-0.048242565244436264,18.218753814697266,17.5692138671875,-89.821044921875
5.769032001495361,0,-1.0146762132644653,0.685827910900116,4.800000190734863,4.800000190734863,2.004000186920166,2968.0,-0.0,1.0,20.00800132751465,0.014679168350994587,0.6392844319343567,0.021548913791775703,7.9623236656188965,0.036868032068014145,0.007954982109367847,-0.045978844165802,18.3956356048584,18.4565486907959,-89.65060424804688
5.789372205734253,0,-1.000296950340271,0.6929123997688293,4.800000190734863,4.800000190734863,2.008000135421753,2948.0,-0.0,1.0,20.012001037597656,0.014379199594259262,0.350169837474823,0.41361942887306213,9.795777320861816,-0.008672714233398438,0.030725356191396713,-0.04264984279870987,17.6881103515625,18.101613998413086,-89.65060424804688
5.809416055679321,0,-0.9861049056053162,0.6920082569122314,4.800000190734863,4.800000190734863,2.008000135421753,3080.0,-0.0,1.0,20.00400161743164,0.014192064292728901,-0.2591855525970459,0.9535394310951233,8.979910850524902,-0.026782484725117683,-0.0048283860087394714,-0.05103892832994461,18.926279067993164,17.21428108215332,-90.84367370605469
5.829715013504028,0,-0.9728705286979675,0.6902831792831421,4.800000190734863,4.800000190734863,2.008000135421753,2948.0,-0.0,1.0,20.00800132751465,0.013234367594122887,0.05746376886963844,0.5500958561897278,8.381928443908691,-0.028779886662960052,-0.01388327032327652,-0.037057116627693176,19.280040740966797,18.279081344604492,-90.84367370605469
5.849975109100342,0,-0.9586454629898071,0.693902313709259,4.800000190734863,4.800000190734863,2.01200008392334,2948.0,-0.0,1.0,20.012001037597656,0.014225088059902191,0.0849984884262085,0.24960824847221375,10.091475486755371,-0.04103061556816101,-0.012418508529663086,-0.035858675837516785,19.103158950805664,19.87628173828125,-90.33235931396484
5.870264530181885,0,-0.9438121318817139,0.7016063928604126,4.800000190734863,4.800000190734863,2.008000135421753,2960.0,-0.0,1.0,20.00400161743164,0.014833279885351658,-0.05866093188524246,0.52016681432724,9.138534545898438,0.017027180641889572,-0.04051528498530388,-0.0434488020837307,18.926279067993164,20.40868377685547,-91.86630249023438
5.890556335449219,0,-0.9290394186973572,0.7091189026832581,4.800000190734863,4.800000190734863,2.008000135421753,2952.0,-0.0,1.0,20.02800178527832,0.01477273553609848,-0.10295592248439789,1.4533544778823853,8.467525482177734,0.020622503012418747,0.015278786420822144,-0.03825555741786957,18.74939727783203,18.811481475830078,-91.01410675048828
5.910659551620483,0,-0.9140300154685974,0.7142718434333801,4.800000190734863,4.800000190734863,2.008000135421753,3012.0,-0.0,1.0,20.00400161743164,0.015009407885372639,0.5931937098503113,0.1502438187599182,10.091475486755371,-0.022121882066130638,0.06787701696157455,-0.03039911389350891,18.926279067993164,19.698816299438477,-90.50279235839844
5.930887937545776,0,-0.8995324969291687,0.7183167934417725,4.800000190734863,4.800000190734863,2.004000186920166,2944.0,-0.0,1.0,20.016000747680664,0.014497536234557629,-0.16879981756210327,0.22267210483551025,9.051141738891602,0.049251921474933624,0.0002316981554031372,-0.026670631021261215,17.864992141723633,19.698816299438477,-92.54805755615234
5.951159238815308,0,-0.8842450976371765,0.726527988910675,4.800000190734863,4.800000190734863,2.008000135421753,2952.0,-0.0,1.0,20.00400161743164,0.015287360176444054,-0.27055856585502625,1.1935703754425049,7.071036338806152,0.025549426674842834,-0.04704013094305992,-0.022409509867429733,17.864992141723633,19.343881607055664,-90.84367370605469
5.971446990966797,0,-0.8684981465339661,0.7366092801094055,4.800000190734863,4.800000190734863,2.004000186920166,2960.0,-0.0,1.0,20.00800132751465,0.015746943652629852,0.7775565981864929,-0.04190066456794739,10.217177391052246,-0.03637000918388367,0.04151131957769394,-0.02840171381831169,18.926279067993164,18.988948822021484,-90.84367370605469
5.99178671836853,0,-0.8532548546791077,0.7417497038841248,4.800000190734863,4.800000190734863,2.0240001678466797,2944.0,-0.0,1.0,20.016000747680664,0.015243328176438808,0.11193463206291199,0.5836163759231567,10.323725700378418,-0.014531757682561874,0.033921197056770325,-0.05210420861840248,19.456920623779297,19.87628173828125,-90.67323303222656
6.011833429336548,0,-0.8380060195922852,0.7444220781326294,4.800000190734863,4.800000190734863,2.008000135421753,2956.0,-0.0,1.0,20.012001037597656,0.015248832292854786,0.1101388931274414,0.5441100597381592,7.59299898147583,0.0038443338125944138,0.02433367259800434,-0.056631650775671005,18.74939727783203,17.746681213378906,-91.69586181640625
6.032154560089111,0,-0.8226525783538818,0.7494441866874695,4.800000190734863,4.800000190734863,2.008000135421753,2948.0,-0.0,1.0,20.012001037597656,0.015353407710790634,0.36992302536964417,0.15323671698570251,9.271419525146484,-0.009737994521856308,0.009552903473377228,-0.051438406109809875,18.926279067993164,17.924148559570312,-90.84367370605469
6.052422285079956,0,-0.8068808913230896,0.7564105987548828,4.800000190734863,4.800000190734863,2.004000186920166,2952.0,-0.0,1.0,20.00400161743164,0.015771711245179176,-0.4770689904689789,0.828436017036438,9.017023086547852,0.002779051661491394,-0.01601383090019226,-0.058495890349149704,18.5725154876709,18.634014129638672,-89.821044921875
6.072697162628174,0,-0.7911064028739929,0.762062668800354,4.800000190734863,4.800000190734863,2.004000186920166,2948.0,-0.0,1.0,20.00400161743164,0.01577446423470974,0.2909103333950043,0.7967112064361572,10.393160820007324,0.013032380491495132,0.0034275390207767487,-0.046511486172676086,19.103158950805664,17.391746520996094,-91.35498809814453
6.092994213104248,0,-0.7754640579223633,0.7657249569892883,4.800000190734863,4.800000190734863,2.008000135421753,2952.0,-0.0,1.0,20.00400161743164,0.01564236730337143,0.6817836761474609,0.0005985809257254004,8.0203857421875,0.006773855537176132,-0.01801123470067978,-0.025738511234521866,18.926279067993164,17.924148559570312,-90.50279235839844
6.113075256347656,0,-0.75970059633255,0.7686058878898621,4.800000190734863,4.800000190734863,2.008000135421753,2976.0,-0.0,1.0,20.00400161743164,0.015763456001877785,-0.5058009028434753,0.978081226348877,9.347439765930176,-0.003479471430182457,-0.04597484692931175,-0.03892135992646217,16.8037052154541,18.634014129638672,-91.1845474243164
6.133320331573486,0,-0.7438958883285522,0.7738627791404724,4.800000190734863,4.800000190734863,2.008000135421753,2944.0,-0.0,1.0,20.012001037597656,0.01580473594367504,0.5105895400047302,0.09876585006713867,9.290574073791504,0.015029780566692352,-0.008290547877550125,-0.045978844165802,17.864992141723633,18.988948822021484,-92.2071762084961
6.153631687164307,0,-0.7273948788642883,0.7824999094009399,4.800000190734863,4.800000190734863,2.004000186920166,2952.0,-0.0,1.0,20.00400161743164,0.016500992700457573,-0.08439990878105164,0.3950634002685547,8.063483238220215,0.02395150437951088,-0.023870278149843216,-0.03732343763113022,19.103158950805664,18.811481475830078,-91.35498809814453
6.173899173736572,0,-0.7109048962593079,0.7903305888175964,4.800000190734863,4.800000190734863,2.008000135421753,2948.0,-0.0,1.0,20.00800132751465,0.016489984467625618,0.42559105157852173,0.826640248298645,8.870969772338867,-0.0014820694923400879,-0.02853088080883026,-0.032929155975580215,18.5725154876709,18.279081344604492,-90.84367370605469
6.194020986557007,0,-0.6946157813072205,0.7948245406150818,4.800000190734863,4.800000190734863,2.01200008392334,2948.0,-0.0,1.0,20.00400161743164,0.016289088875055313,0.3962605595588684,0.16760265827178955,8.301718711853027,-0.04928653687238693,0.0032943785190582275,-0.03878819942474365,18.926279067993164,17.924148559570312,-91.86630249023438
6.2142698764801025,0,-0.6782854199409485,0.7973570823669434,4.800000190734863,4.800000190734863,2.004000186920166,2964.0,-0.0,1.0,20.00800132751465,0.01633036881685257,0.13228638470172882,0.6003766655921936,9.849050521850586,-0.01932552084326744,0.03272275626659393,-0.04957416653633118,18.926279067993164,18.279081344604492,-91.86630249023438
6.234572172164917,0,-0.6618697643280029,0.8025621771812439,4.800000190734863,4.800000190734863,2.004000186920166,2944.0,-0.0,1.0,20.012001037597656,0.016415679827332497,0.42858394980430603,-0.16281400620937347,7.990456581115723,0.05524412542581558,-0.008690029382705688,-0.047177284955978394,19.456920623779297,18.811481475830078,-92.0367431640625
6.254870653152466,0,-0.6450825333595276,0.8091122508049011,4.800000190734863,4.800000190734863,2.008000135421753,2956.0,-0.0,1.0,20.00400161743164,0.016787199303507805,0.0035914855543524027,0.9852641820907593,7.980280876159668,-0.008539554663002491,0.03045903518795967,-0.04358196258544922,20.164445877075195,17.391746520996094,-90.33235931396484
6.274951219558716,0,-0.6286751627922058,0.8110268712043762,4.800000190734863,4.800000190734863,2.008000135421753,2944.0,-0.0,1.0,20.020000457763672,0.016407424584031105,0.1520395576953888,-0.20291893184185028,9.763453483581543,-0.04635701701045036,0.03219011798501015,-0.047443605959415436,20.69508934020996,20.40868377685547,-91.86630249023438
6.295259237289429,0,-0.6125759482383728,0.8097960352897644,4.800000190734863,4.800000190734863,2.004000186920166,2948.0,-0.0,1.0,20.012001037597656,0.016099199652671814,-0.46090731024742126,1.2097320556640625,8.601009368896484,-0.014664918184280396,-0.026666637510061264,-0.050506286323070526,20.341327667236328,16.859346389770508,-91.86630249023438
6.315558910369873,0,-0.5960914492607117,0.8115130662918091,4.800000190734863,4.800000190734863,2.004000186920166,2968.0,-0.0,1.0,20.012001037597656,0.01648448035120964,0.34059253334999084,0.281931608915329,9.486908912658691,-0.015330717898905277,-0.03372412174940109,-0.047443605959415436,19.810684204101562,17.5692138671875,-91.52542877197266
6.335811376571655,0,-0.5792877674102783,0.8175102472305298,4.800000190734863,4.800000190734863,2.004000186920166,2952.0,-0.0,1.0,20.012001037597656,0.016803711652755737,0.2663685083389282,0.7117127180099487,9.571907997131348,0.023685183376073837,0.027928993105888367,-0.04171771928668022,19.987564086914062,18.634014129638672,-91.86630249023438
6.35608434677124,0,-0.5619831681251526,0.8261711597442627,4.800000190734863,4.800000190734863,2.004000186920166,2948.0,-0.0,1.0,20.00400161743164,0.01730457693338394,0.4591115713119507,0.1831657588481903,8.171228408813477,0.002113252878189087,0.04657140374183655,-0.043182481080293655,18.041872024536133,18.811481475830078,-93.4002456665039
6.376185417175293,0,-0.5445905327796936,0.8336937427520752,4.800000190734863,4.800000190734863,2.004000186920166,2948.0,-0.0,1.0,20.00400161743164,0.017392639070749283,-0.5494973063468933,0.9798769950866699,10.509883880615234,0.029943708330392838,-0.027865078300237656,-0.04451408237218857,18.74939727783203,18.811481475830078,-92.37761688232422
6.396472215652466,0,-0.5272364020347595,0.8397836685180664,4.800000190734863,4.800000190734863,2.0160000324249268,2944.0,-0.0,1.0,20.016000747680664,0.01735411211848259,0.21668629348278046,0.5734405517578125,7.801305294036865,0.01795930042862892,-0.0469069741666317,-0.043315641582012177,20.164445877075195,17.391746520996094,-91.35498809814453
6.416778087615967,0,-0.509579598903656,0.8463678956031799,4.800000190734863,4.800000190734863,2.0160000324249268,2960.0,-0.0,1.0,20.012001037597656,0.017656832933425903,0.281931608915329,0.9601237773895264,10.250100135803223,-0.05341450124979019,0.04444084316492081,-0.04584568366408348,19.810684204101562,18.811481475830078,-93.05937194824219
6.437023401260376,0,-0.49206310510635376,0.8527100086212158,4.800000190734863,4.800000190734863,2.004000186920166,2948.0,-0.0,1.0,20.00800132751465,0.0175164807587862,0.4710831940174103,-0.18795441091060638,8.554320335388184,-0.0017483904957771301,0.01714302785694599,-0.05316948890686035,21.048851013183594,17.5692138671875,-92.2071762084961
6.457137107849121,0,-0.4740457534790039,0.857451319694519,4.800000190734863,4.800000190734863,2.004000186920166,3032.0,-0.0,1.0,20.00800132751465,0.018017344176769257,0.14425800740718842,0.5524901747703552,9.15589427947998,0.04871927946805954,0.001829618588089943,-0.05929485335946083,19.280040740966797,18.634014129638672,-91.86630249023438
6.477426528930664,0,-0.45687052607536316,0.8616028428077698,4.800000190734863,4.800000190734863,2.004000186920166,2948.0,-0.0,1.0,20.016000747680664,0.017175231128931046,0.12151192873716354,0.5590745806694031,9.804755210876465,0.02807946875691414,-0.028664041310548782,-0.05210420861840248,19.280040740966797,18.988948822021484,-91.52542877197266
6.497712850570679,0,-0.43925222754478455,0.8646177649497986,4.800000190734863,4.800000190734863,2.0320000648498535,2952.0,-0.0,1.0,20.020000457763672,0.01761830411851406,0.5016108155250549,0.028133302927017212,7.430184841156006,0.008105456829071045,0.0014301389455795288,-0.04917468503117561,21.756376266479492,18.988948822021484,-94.59331512451172
6.517947435379028,0,-0.42146605253219604,0.8679827451705933,4.800000190734863,4.800000190734863,2.004000186920166,2960.0,-0.0,1.0,20.00800132751465,0.01778617687523365,-0.2561926245689392,1.0397350788116455,10.24830436706543,-0.014398598112165928,-0.016679633408784866,-0.0559658482670784,20.164445877075195,18.811481475830078,-92.37761688232422
6.538273334503174,0,-0.4036963880062103,0.872881293296814,4.800000190734863,4.800000190734863,2.004000186920166,2948.0,-0.0,1.0,20.00400161743164,0.017769664525985718,0.4411541521549225,-0.12630057334899902,7.988062381744385,0.02315254509449005,-0.05902453884482384,-0.0434488020837307,18.5725154876709,15.794546127319336,-92.2071762084961
6.558526515960693,0,-0.38494426012039185,0.87928307056427,4.800000190734863,4.800000190734863,2.004000186920166,3104.0,-0.0,1.0,20.020000457763672,0.01875212788581848,0.38967618346214294,0.4339711666107178,9.47972583770752,0.03606907278299332,-0.012551669031381607,-0.040252961218357086,20.164445877075195,18.811481475830078,-93.74112701416016
6.578628301620483,0,-0.36698195338249207,0.8876583576202393,4.800000190734863,4.800000190734863,2.008000135421753,2948.0,-0.0,1.0,20.00800132751465,0.01796230487525463,0.10594882071018219,0.954736590385437,9.650919914245605,0.02381834387779236,-0.01295115053653717,-0.028801191598176956,19.987564086914062,16.859346389770508,-92.88893127441406
6.5989251136779785,0,-0.3484554886817932,0.8943555355072021,4.800000190734863,4.800000190734863,2.008000135421753,2952.0,-0.0,1.0,20.016000747680664,0.018526464700698853,0.44175273180007935,0.3860847055912018,7.877923488616943,-0.048753898590803146,-0.015214871615171432,-0.035991836339235306,19.810684204101562,17.036813735961914,-93.4002456665039
6.619179964065552,0,-0.33006662130355835,0.8979190587997437,4.800000190734863,4.800000190734863,2.008000135421753,2960.0,-0.0,1.0,20.00800132751465,0.018388863652944565,0.43157684803009033,0.6518546342849731,9.61201286315918,-0.0640673041343689,0.03658439964056015,-0.06049329414963722,20.69508934020996,18.279081344604492,-92.54805755615234
6.639493465423584,0,-0.31193920969963074,0.9003261923789978,4.800000190734863,4.800000190734863,2.004000186920166,2956.0,-0.0,1.0,20.00400161743164,0.018127424642443657,-0.33580389618873596,0.7392474412918091,9.33008098602295,0.04432499408721924,0.04776984453201294,-0.05942801386117935,20.518207550048828,18.4565486907959,-92.71849060058594
6.6595683097839355,0,-0.29312652349472046,0.9033673405647278,4.800000190734863,4.800000190734863,2.004000186920166,3064.0,-0.0,1.0,20.00800132751465,0.018812671303749084,0.6189326643943787,0.03411911427974701,8.265205383300781,0.00650753453373909,0.03272275626659393,-0.05716428905725479,20.164445877075195,18.101613998413086,-92.37761688232422
6.679824590682983,0,-0.27520549297332764,0.9060777425765991,4.800000190734863,4.800000190734863,2.008000135421753,2944.0,-0.0,1.0,20.00800132751465,0.017921023070812225,-0.1670040786266327,0.2909103333950043,9.20916748046875,-0.05554506182670593,0.015545106492936611,-0.049307845532894135,19.63380241394043,17.21428108215332,-92.54805755615234
6.700111627578735,0,-0.25697076320648193,0.9071964025497437,4.800000190734863,4.800000190734863,2.01200008392334,2948.0,-0.0,1.0,20.016000747680664,0.018234752118587494,-0.5477015376091003,0.6285099983215332,6.7298455238342285,-0.020790282636880875,-0.044110607355833054,-0.033728115260601044,19.810684204101562,17.391746520996094,-93.05937194824219
6.720352649688721,0,-0.23847180604934692,0.9090913534164429,4.800000190734863,4.800000190734863,2.008000135421753,2960.0,-0.0,1.0,20.00800132751465,0.018498944118618965,0.816464364528656,0.3034805357456207,9.822712898254395,-0.00374579057097435,-0.027598757296800613,-0.016550466418266296,19.63380241394043,17.924148559570312,-91.86630249023438
6.740643501281738,0,-0.21977196633815765,0.914716362953186,4.800000190734863,4.800000190734863,2.01200008392334,2952.0,-0.0,1.0,20.012001037597656,0.01869983971118927,0.5746377110481262,0.4674917161464691,10.567347526550293,0.0007816515862941742,0.052297286689281464,-0.028534874320030212,21.40261459350586,18.988948822021484,-91.52542877197266
6.760865688323975,0,-0.20011994242668152,0.9245493412017822,4.800000190734863,4.800000190734863,2.004000186920166,3000.0,-0.0,1.0,20.012001037597656,0.019652031362056732,-0.45073142647743225,0.9020614624023438,8.35439395904541,0.00038217194378376007,0.03232327848672867,-0.045978844165802,19.456920623779297,17.036813735961914,-93.4002456665039
6.781132936477661,0,-0.1809770166873932,0.9328373670578003,4.800000190734863,4.800000190734863,2.004000186920166,2948.0,-0.0,1.0,20.012001037597656,0.019142912700772285,-0.20950332283973694,0.18256717920303345,10.46379280090332,0.03913175314664841,-0.017345432192087173,-0.03545919805765152,19.280040740966797,17.5692138671875,-93.22981262207031
6.801431179046631,0,-0.16160844266414642,0.9388972520828247,4.800000190734863,4.800000190734863,2.01200008392334,2948.0,-0.0,1.0,20.00800132751465,0.019368575885891914,0.7404446005821228,0.5435115098953247,8.482490539550781,-0.010536955669522285,-0.047439608722925186,-0.036923956125974655,18.926279067993164,17.924148559570312,-91.1845474243164
6.821505069732666,0,-0.14211328327655792,0.9439092874526978,4.800000190734863,4.800000190734863,2.0160000324249268,2960.0,-0.0,1.0,20.00400161743164,0.019495168700814247,0.528546929359436,0.48185765743255615,8.727310180664062,-0.04808809608221054,0.07453502714633942,-0.04890836402773857,19.810684204101562,18.811481475830078,-92.0367431640625
6.841831207275391,0,-0.12291532754898071,0.9481130838394165,4.800000190734863,4.800000190734863,2.004000186920166,2952.0,-0.0,1.0,20.00400161743164,0.01919795200228691,-0.2753472328186035,0.2909103333950043,9.083465576171875,-0.034239448606967926,0.018208308145403862,-0.07514090090990067,20.69508934020996,19.343881607055664,-92.54805755615234
6.862054109573364,0,-0.10329907387495041,0.9528258442878723,4.800000190734863,4.800000190734863,2.004000186920166,2960.0,-0.0,1.0,20.012001037597656,0.019616255536675453,0.38788044452667236,0.3842889666557312,10.056159973144531,-0.01413227804005146,-0.03958316519856453,-0.07620617747306824,20.518207550048828,18.4565486907959,-92.71849060058594
6.8823018074035645,0,-0.08407635241746902,0.9553269743919373,4.800000190734863,4.800000190734863,2.004000186920166,2948.0,-0.0,1.0,20.00400161743164,0.019222719594836235,0.37950029969215393,0.7446346879005432,9.073887825012207,-0.011202756315469742,-0.015481192618608475,-0.06701813638210297,21.048851013183594,18.279081344604492,-92.88893127441406
6.90260648727417,0,-0.0647050216794014,0.9576637148857117,4.800000190734863,4.800000190734863,2.004000186920166,2956.0,-0.0,1.0,20.00400161743164,0.019371328875422478,-0.03950634226202965,0.6207284331321716,8.575270652770996,-0.005610032007098198,-0.010154787451028824,-0.0710129365324974,20.871971130371094,17.746681213378906,-92.0367431640625
6.9228715896606445,0,-0.044920895248651505,0.9632936716079712,4.800000190734863,4.800000190734863,2.004000186920166,2952.0,-0.0,1.0,20.012001037597656,0.019784128293395042,0.044893570244312286,-0.24182669818401337,7.858170509338379,0.020223021507263184,-0.046640653163194656,-0.07620617747306824,21.048851013183594,18.279081344604492,-92.88893127441406
6.943112373352051,0,-0.02463865652680397,0.9722095131874084,4.800000190734863,4.800000190734863,2.0160000324249268,2948.0,-0.0,1.0,20.012001037597656,0.020282240584492683,0.43097826838493347,0.32682517170906067,9.64493465423584,0.05271407961845398,-0.02014179527759552,-0.0803341418504715,21.57949447631836,18.4565486907959,-91.69586181640625
6.963207483291626,0,-0.0040839677676558495,0.9807644486427307,4.800000190734863,4.800000190734863,2.004000186920166,2980.0,-0.0,1.0,20.016000747680664,0.020554687827825546,0.2561926245689392,1.2133235931396484,10.857060432434082,0.001980092376470566,-0.002165183424949646,-0.07380929589271545,21.40261459350586,17.924148559570312,-91.86630249023438
6.983466386795044,0,0.016035903245210648,0.9868845343589783,4.800000190734863,4.800000190734863,2.01200008392334,2944.0,-0.0,1.0,20.00400161743164,0.02011987194418907,-0.14665232598781586,1.2145206928253174,8.079047203063965,-0.06140410527586937,-0.041181083768606186,-0.07620617747306824,20.69508934020996,16.859346389770508,-94.25244140625
7.003829717636108,0,0.03603468835353851,0.9888014197349548,4.800000190734863,4.800000190734863,2.004000186920166,2952.0,-0.0,1.0,20.016000747680664,0.019998783245682716,0.7063254714012146,0.5692504644393921,8.959559440612793,-0.020923441275954247,0.07733137905597687,-0.08419578522443771,19.63380241394043,18.279081344604492,-93.22981262207031
7.0240724086761475,0,0.055805057287216187,0.9885466694831848,4.800000190734863,4.800000190734863,2.004000186920166,2948.0,-0.0,1.0,20.00800132751465,0.019770368933677673,0.3190436363220215,0.014964522793889046,9.702398300170898,0.003977492451667786,0.05642525106668472,-0.07713829725980759,22.463899612426758,18.634014129638672,-92.54805755615234
7.044341802597046,0,0.07570751756429672,0.9897850751876831,4.800000190734863,4.800000190734863,2.01200008392334,2944.0,-0.0,1.0,20.016000747680664,0.019902464002370834,0.22267210483551025,-0.11133605241775513,7.89408540725708,-0.051683418452739716,0.009552903473377228,-0.07820358127355576,21.225732803344727,18.101613998413086,-92.71849060058594
7.064410448074341,0,0.09586866945028305,0.9915673732757568,4.800000190734863,4.800000190734863,2.004000186920166,2972.0,-0.0,1.0,20.00800132751465,0.020161151885986328,-0.06823822855949402,0.4405555725097656,9.578492164611816,-0.04382697492837906,0.0007643382996320724,-0.07141241431236267,22.110137939453125,17.5692138671875,-92.88893127441406
7.084686040878296,0,0.11583168059587479,0.9940580725669861,4.800000190734863,4.800000190734863,2.004000186920166,2952.0,-0.0,1.0,20.00800132751465,0.019963007420301437,0.35555708408355713,0.5836163759231567,9.456979751586914,0.01582873985171318,-0.017878074198961258,-0.05370212718844414,21.756376266479492,18.279081344604492,-92.88893127441406
7.1049816608428955,0,0.13648268580436707,1.0008723735809326,4.800000190734863,4.800000190734863,2.0160000324249268,2948.0,-0.0,1.0,20.00800132751465,0.020651008933782578,0.5153781771659851,0.5369271039962769,9.841867446899414,0.05777416378259659,0.04470716416835785,-0.05183788761496544,21.40261459350586,18.634014129638672,-93.57068634033203
7.1252524852752686,0,0.15773913264274597,1.0117613077163696,4.800000190734863,4.800000190734863,2.004000186920166,2956.0,-0.0,1.0,20.00800132751465,0.021256448701024055,0.24900966882705688,0.7554091215133667,8.99188232421875,0.011301297694444656,0.040179722011089325,-0.07673881947994232,21.40261459350586,17.924148559570312,-93.57068634033203
7.145558595657349,0,0.17889375984668732,1.0199692249298096,4.800000190734863,4.800000190734863,2.0160000324249268,2952.0,-0.0,1.0,20.036001205444336,0.021154623478651047,-0.13946935534477234,0.3082691729068756,10.705619812011719,0.010236017405986786,0.004359660670161247,-0.07247769832611084,22.287019729614258,18.811481475830078,-92.71849060058594
7.165616750717163,0,0.19996307790279388,1.0244269371032715,4.800000190734863,4.800000190734863,2.004000186920166,2976.0,-0.0,1.0,20.00400161743164,0.02106931246817112,0.234045147895813,0.7470290064811707,8.53995418548584,-0.00840639416128397,-0.04397745057940483,-0.08273102343082428,21.225732803344727,18.101613998413086,-92.0367431640625
7.185880422592163,0,0.2207929641008377,1.0290106534957886,4.800000190734863,4.800000190734863,2.004000186920166,2952.0,-0.0,1.0,20.00400161743164,0.020829888060688972,-0.19932745397090912,0.5195682644844055,7.32363748550415,0.007040174677968025,0.0938432365655899,-0.08779110759496689,21.225732803344727,18.4565486907959,-92.71849060058594
7.206162214279175,0,0.2419750988483429,1.0339887142181396,4.800000190734863,4.800000190734863,2.0160000324249268,2948.0,-0.0,1.0,20.00400161743164,0.021182144060730934,-0.1251034140586853,0.19753170013427734,9.586872100830078,-0.01919236034154892,0.015278786420822144,-0.09684599190950394,22.994543075561523,19.16641616821289,-92.37761688232422
7.226438760757446,0,0.2629590928554535,1.0371034145355225,4.800000190734863,4.800000190734863,2.004000186920166,2948.0,-0.0,1.0,20.00800132751465,0.020983999595046043,0.11073747277259827,0.2939032316207886,8.632135391235352,0.05311356484889984,-0.03026195988059044,-0.10017499327659607,21.048851013183594,19.343881607055664,-91.86630249023438
7.246723413467407,0,0.28399813175201416,1.039609670639038,4.800000190734863,4.800000190734863,2.008000135421753,2952.0,-0.0,1.0,20.00800132751465,0.021039040759205818,0.09697011113166809,0.6805865168571472,9.046353340148926,-0.0022810306400060654,-0.030794601887464523,-0.10070763528347015,22.994543075561523,19.16641616821289,-93.4002456665039
7.266815900802612,0,0.3053729236125946,1.043102741241455,4.800000190734863,4.800000190734863,2.004000186920166,2964.0,-0.0,1.0,20.012001037597656,0.021374784409999847,0.1741870492696762,0.49801933765411377,11.000720024108887,-0.006142672151327133,-0.04144740477204323,-0.10070763528347015,23.171424865722656,18.634014129638672,-92.54805755615234
7.287095785140991,0,0.3269128203392029,1.0506256818771362,4.800000190734863,4.800000190734863,2.008000135421753,2952.0,-0.0,1.0,20.012001037597656,0.021539904177188873,0.6889666318893433,0.7260786890983582,10.312352180480957,0.04765400290489197,-0.03558836504817009,-0.08965534716844559,21.933256149291992,17.036813735961914,-92.37761688232422
7.307385206222534,0,0.3494269549846649,1.0604588985443115,4.800000190734863,4.800000190734863,2.004000186920166,3040.0,-0.0,1.0,20.00800132751465,0.022514112293720245,0.6033695936203003,0.9948415160179138,9.540781021118164,0.0013142917305231094,-0.047173287719488144,-0.07234454154968262,21.756376266479492,18.634014129638672,-91.1845474243164
7.32763934135437,0,0.3709668517112732,1.0670396089553833,4.800000190734863,4.800000190734863,2.004000186920166,2952.0,-0.0,1.0,20.00400161743164,0.021539904177188873,0.7500218749046326,1.1367051601409912,9.072690963745117,-0.02638300508260727,-0.01601383090019226,-0.07114610075950623,22.110137939453125,18.279081344604492,-91.86630249023438
7.347924709320068,0,0.39245447516441345,1.0678361654281616,4.800000190734863,4.800000190734863,2.008000135421753,2956.0,-0.0,1.0,20.00800132751465,0.021487616002559662,0.19872887432575226,1.019981861114502,10.591889381408691,-0.00840639416128397,0.12433689832687378,-0.07167873531579971,21.57949447631836,18.811481475830078,-91.69586181640625
7.3680195808410645,0,0.41365036368370056,1.065053939819336,4.800000190734863,4.800000190734863,2.004000186920166,2968.0,-0.0,1.0,20.00400161743164,0.021195903420448303,-0.20531325042247772,0.8362175822257996,8.686007499694824,-0.006675312295556068,-0.0073584262281656265,-0.06315649300813675,22.817663192749023,18.988948822021484,-91.1845474243164
7.388461351394653,0,0.4346398711204529,1.0637552738189697,4.800000190734863,4.800000190734863,2.004000186920166,2952.0,-0.0,1.0,20.016000747680664,0.02098950371146202,-0.45492151379585266,0.8230487704277039,7.768383026123047,-0.03437260910868645,-0.02014179527759552,-0.06115909293293953,23.34830665588379,17.746681213378906,-91.69586181640625
7.408594131469727,0,0.4569118022918701,1.0660996437072754,4.800000190734863,4.800000190734863,2.008000135421753,3104.0,-0.0,1.0,20.04400062561035,0.022271936759352684,-0.02753472328186035,0.16341258585453033,8.50703239440918,-0.03250836953520775,-0.0052278656512498856,-0.04464724287390709,22.110137939453125,17.924148559570312,-91.52542877197266
7.428848505020142,0,0.478115975856781,1.0711278915405273,4.800000190734863,4.800000190734863,2.004000186920166,2948.0,-0.0,1.0,20.00800132751465,0.021204160526394844,0.005985809490084648,0.02933046594262123,9.313919067382812,0.0660300925374031,0.03898128122091293,-0.05117208883166313,21.57949447631836,17.036813735961914,-90.33235931396484
7.449105978012085,0,0.5005199909210205,1.0799797773361206,4.800000190734863,4.800000190734863,2.01200008392334,2948.0,-0.0,1.0,20.00800132751465,0.022404031828045845,0.2609812915325165,0.540518581867218,8.481891632080078,0.0665627270936966,0.026996873319149017,-0.0666186511516571,23.52518653869629,18.279081344604492,-90.50279235839844
7.469369173049927,0,0.5233616232872009,1.0896204710006714,4.800000190734863,4.800000190734863,2.008000135421753,2968.0,-0.0,1.0,20.00400161743164,0.022841600701212883,0.025738980621099472,0.016161685809493065,9.9166898727417,-0.015463878400623798,0.05948793143033981,-0.06502073258161545,21.40261459350586,17.5692138671875,-91.86630249023438
7.489702939987183,0,0.5454629063606262,1.0938314199447632,4.800000190734863,4.800000190734863,2.008000135421753,2952.0,-0.0,1.0,20.020000457763672,0.02210131287574768,0.1490466445684433,-0.6267142295837402,10.204607963562012,0.014896620064973831,-0.03731944411993027,-0.10523507744073868,23.171424865722656,16.504413604736328,-90.16191864013672
7.509747266769409,0,0.5680898427963257,1.0954095125198364,4.800000190734863,4.800000190734863,2.004000186920166,3056.0,-0.0,1.0,20.00800132751465,0.02262694388628006,-0.08858997374773026,0.8870969414710999,8.601608276367188,0.05564360320568085,0.056691572070121765,-0.16262707114219666,23.34830665588379,16.326946258544922,-91.69586181640625
7.53001594543457,0,0.5894866585731506,1.0955718755722046,4.800000190734863,4.800000190734863,2.004000186920166,2944.0,-0.0,1.0,20.012001037597656,0.021396800875663757,0.702135443687439,-0.8763224482536316,8.87515926361084,-0.044492773711681366,0.023534711450338364,-0.13426397740840912,23.171424865722656,17.924148559570312,-91.52542877197266
7.550290107727051,0,0.6111559271812439,1.0934149026870728,4.800000190734863,4.800000190734863,2.01200008392334,2944.0,-0.0,1.0,20.012001037597656,0.02166924811899662,0.5429129004478455,-0.40583786368370056,8.721922874450684,0.037933312356472015,-0.05516289547085762,-0.17061667144298553,22.110137939453125,16.859346389770508,-91.52542877197266
7.570531606674194,0,0.6330645680427551,1.0921120643615723,4.800000190734863,4.800000190734863,2.008000135421753,2976.0,-0.0,1.0,20.016000747680664,0.021908672526478767,0.764387845993042,0.03471769392490387,7.496627330780029,0.037933312356472015,-0.03665364533662796,-0.14398466050624847,22.110137939453125,17.21428108215332,-90.84367370605469
7.5908873081207275,0,0.6550475358963013,1.094930648803711,4.800000190734863,4.800000190734863,2.01200008392334,2948.0,-0.0,1.0,20.012001037597656,0.02198297530412674,0.9451592564582825,-0.4423513114452362,8.113165855407715,-0.02118976227939129,-0.017744913697242737,-0.11508892476558685,22.287019729614258,16.681880950927734,-90.33235931396484
7.611095666885376,0,0.6777102947235107,1.0993455648422241,4.800000190734863,4.800000190734863,2.008000135421753,2984.0,-0.0,1.0,20.00400161743164,0.02266271971166134,0.6434745192527771,-0.11133605241775513,9.224132537841797,0.01995670422911644,-0.026932958513498306,-0.10736563801765442,22.463899612426758,15.43961238861084,-91.1845474243164
7.631186008453369,0,0.700034499168396,1.1045641899108887,4.800000190734863,4.800000190734863,2.004000186920166,2948.0,-0.0,1.0,20.00800132751465,0.022324223071336746,-0.010774456895887852,0.8727309703826904,7.027339935302734,0.01995670422911644,-0.09351299703121185,-0.09950919449329376,22.817663192749023,16.149478912353516,-90.16191864013672
7.651495695114136,0,0.7226119041442871,1.1086980104446411,4.800000190734863,4.800000190734863,2.004000186920166,2952.0,-0.0,1.0,20.012001037597656,0.022577408701181412,0.8362175822257996,0.5692504644393921,7.621730804443359,-0.0341062918305397,-0.01295115053653717,-0.0891227051615715,23.34830665588379,18.101613998413086,-89.30972290039062
7.671750545501709,0,0.7447710037231445,1.1067898273468018,4.800000190734863,4.800000190734863,2.008000135421753,2956.0,-0.0,1.0,20.00800132751465,0.02215910330414772,0.7494233250617981,0.3040791153907776,8.793752670288086,-0.03437260910868645,0.11834469437599182,-0.1016397550702095,23.702068328857422,17.036813735961914,-89.9914779663086
7.692044734954834,0,0.7662613987922668,1.1025114059448242,4.800000190734863,4.800000190734863,2.004000186920166,2948.0,-0.0,1.0,20.00800132751465,0.021490367129445076,-0.03112620860338211,0.002394323702901602,9.122971534729004,0.0015806108713150024,0.026996873319149017,-0.10483559221029282,22.463899612426758,16.149478912353516,-89.821044921875
7.712306261062622,0,0.7882086038589478,1.0999513864517212,4.800000190734863,4.800000190734863,2.008000135421753,2960.0,-0.0,1.0,20.00800132751465,0.02194719947874546,-0.22267210483551025,0.3735145032405853,5.951091766357422,-0.029312526807188988,-0.08232754468917847,-0.0965796709060669,22.994543075561523,17.746681213378906,-90.33235931396484
7.732397079467773,0,0.8099989295005798,1.09956693649292,4.800000190734863,4.800000190734863,2.008000135421753,2952.0,-0.0,1.0,20.00800132751465,0.021790336817502975,0.40284496545791626,0.06165383383631706,8.823681831359863,-0.040231652557849884,-0.00043410249054431915,-0.07700514048337936,22.463899612426758,17.924148559570312,-91.52542877197266
7.752687692642212,0,0.8325377702713013,1.104453682899475,4.800000190734863,4.800000190734863,2.004000186920166,2948.0,-0.0,1.0,20.00800132751465,0.02253887988626957,0.36154288053512573,0.3292195200920105,10.472771644592285,0.05937208980321884,0.036051757633686066,-0.0928511917591095,22.994543075561523,18.101613998413086,-89.30972290039062
7.772957801818848,0,0.8558417558670044,1.1154054403305054,4.800000190734863,4.800000190734863,2.004000186920166,2952.0,-0.0,1.0,20.016000747680664,0.023303935304284096,0.36154288053512573,0.836816132068634,9.547964096069336,0.06243477016687393,0.008354462683200836,-0.09178590774536133,23.34830665588379,17.036813735961914,-89.9914779663086
7.793251276016235,0,0.8792392611503601,1.1247844696044922,4.800000190734863,4.800000190734863,2.008000135421753,2948.0,-0.0,1.0,20.012001037597656,0.023397503420710564,0.22686217725276947,0.8009012937545776,10.010068893432617,-0.03876689076423645,0.03045903518795967,-0.08326366543769836,23.171424865722656,17.924148559570312,-90.84367370605469
7.813528776168823,0,0.9022982120513916,1.1281380653381348,4.800000190734863,4.800000190734863,2.008000135421753,2972.0,-0.0,1.0,20.012001037597656,0.02305900864303112,0.6518546342849731,-0.12151192873716354,10.798998832702637,0.027946308255195618,-0.029063519090414047,-0.08446210622787476,23.52518653869629,18.634014129638672,-90.84367370605469
7.833785772323608,0,0.9248921871185303,1.1299299001693726,4.800000190734863,4.800000190734863,2.008000135421753,2960.0,-0.0,1.0,20.012001037597656,0.022593919187784195,0.7236843109130859,0.7320644855499268,7.147655010223389,0.07362021505832672,0.033122237771749496,-0.10456927865743637,23.52518653869629,19.698816299438477,-89.821044921875
7.853875637054443,0,0.9476704597473145,1.131186842918396,4.800000190734863,4.800000190734863,2.008000135421753,2948.0,-0.0,1.0,20.016000747680664,0.022778304293751717,0.3669300973415375,0.5602717399597168,9.269025802612305,-0.037168972194194794,0.042043961584568024,-0.11309152096509933,23.34830665588379,17.391746520996094,-89.9914779663086
7.874144792556763,0,0.9702423810958862,1.1304880380630493,4.800000190734863,4.800000190734863,2.004000186920166,2952.0,-0.0,1.0,20.00800132751465,0.022571904584765434,0.3771059811115265,-0.04309782758355141,9.975351333618164,0.007173335179686546,-0.02027495577931404,-0.11375731974840164,24.409591674804688,19.16641616821289,-90.33235931396484
7.894427061080933,0,0.9931527972221375,1.1333072185516357,4.800000190734863,4.800000190734863,2.004000186920166,2948.0,-0.0,1.0,20.016000747680664,0.022910399362444878,0.019154589623212814,0.5818206667900085,7.172196865081787,0.02927790954709053,-0.053698133677244186,-0.12094796448945999,23.878948211669922,18.634014129638672,-90.50279235839844
7.914732933044434,0,1.0167099237442017,1.1397907733917236,4.800000190734863,4.800000190734863,2.004000186920166,2964.0,-0.0,1.0,20.016000747680664,0.023557119071483612,0.19753170013427734,0.2633756101131439,8.77639389038086,-0.014798077754676342,9.853765368461609e-05,-0.11575472354888916,24.58647346496582,17.5692138671875,-89.48016357421875
7.934980869293213,0,1.0401018857955933,1.1463494300842285,4.800000190734863,4.800000190734863,2.008000135421753,2952.0,-0.0,1.0,20.00800132751465,0.023391999304294586,0.03591485694050789,-0.11672328412532806,9.736516952514648,0.02621522545814514,-0.03345780447125435,-0.10643351823091507,23.878948211669922,18.279081344604492,-91.52542877197266
7.955256700515747,0,1.0642699003219604,1.152182698249817,4.800000190734863,4.800000190734863,2.004000186920166,2948.0,-0.0,1.0,20.00400161743164,0.024168064817786217,0.2202777862548828,0.3370010554790497,7.196139812469482,0.04965139925479889,-0.08858607709407806,-0.09218538552522659,24.055830001831055,17.391746520996094,-90.67323303222656
7.975329399108887,0,1.086885929107666,1.1536914110183716,4.800000190734863,4.800000190734863,2.004000186920166,2956.0,-0.0,1.0,20.012001037597656,0.022615935653448105,0.8248445391654968,0.2202777862548828,8.669846534729004,-0.018659720197319984,0.045372962951660156,-0.09218538552522659,22.817663192749023,17.5692138671875,-91.1845474243164
7.995620012283325,0,1.1096256971359253,1.150205373764038,4.800000190734863,4.800000190734863,2.0320000648498535,2948.0,-0.0,1.0,20.012001037597656,0.022739775478839874,0.23284797370433807,0.7703736424446106,9.204379081726074,-0.03983217477798462,0.1056944876909256,-0.09631334990262985,24.58647346496582,17.21428108215332,-90.84367370605469
8.015888929367065,0,1.1324342489242554,1.1470627784729004,4.800000190734863,4.800000190734863,2.008000135421753,2952.0,-0.0,1.0,20.00400161743164,0.022808576002717018,-0.29988905787467957,0.29869186878204346,9.535393714904785,-0.016928639262914658,0.001829618588089943,-0.09751179069280624,25.29399871826172,17.924148559570312,-91.52542877197266
8.036154747009277,0,1.1552263498306274,1.1473249197006226,4.800000190734863,4.800000190734863,2.008000135421753,2956.0,-0.0,1.0,20.00400161743164,0.022792063653469086,0.13049064576625824,0.6081582307815552,8.498652458190918,-0.025717204436659813,-0.035055723041296005,-0.08859006315469742,24.055830001831055,17.391746520996094,-91.01410675048828
8.056391477584839,0,1.1787724494934082,1.1519440412521362,4.800000190734863,4.800000190734863,2.004000186920166,2964.0,-0.0,1.0,20.012001037597656,0.023546112701296806,0.9774826765060425,0.07661835849285126,11.347298622131348,0.00011585094034671783,0.016477227210998535,-0.08086678385734558,24.055830001831055,17.746681213378906,-90.33235931396484
8.076701402664185,0,1.202712059020996,1.160545825958252,4.800000190734863,4.800000190734863,2.004000186920166,2952.0,-0.0,1.0,20.012001037597656,0.023939648643136024,0.6117497086524963,0.23284797370433807,9.69042682647705,0.06856013089418411,0.02819531410932541,-0.08139941841363907,22.994543075561523,17.746681213378906,-89.65060424804688
8.096989393234253,0,1.2269572019577026,1.169478178024292,4.800000190734863,4.800000190734863,2.01200008392334,2956.0,-0.0,1.0,20.012001037597656,0.024245120584964752,0.04429498687386513,0.38249319791793823,7.82943868637085,-0.004012111574411392,0.013547705486416817,-0.07354297488927841,24.055830001831055,17.746681213378906,-90.67323303222656
8.117045879364014,0,1.2510812282562256,1.174271583557129,4.800000190734863,4.800000190734863,2.004000186920166,2968.0,-0.0,1.0,20.00800132751465,0.024124031886458397,0.10714598745107651,-0.09158287942409515,9.907113075256348,0.02395150437951088,-0.014149591326713562,-0.06954817473888397,22.994543075561523,18.988948822021484,-91.1845474243164
8.137311935424805,0,1.2746824026107788,1.1771427392959595,4.800000190734863,4.800000190734863,2.004000186920166,2952.0,-0.0,1.0,20.016000747680664,0.023601152002811432,0.2699599862098694,0.7835424542427063,6.222248554229736,0.06230160593986511,0.023801032453775406,-0.0791357010602951,22.463899612426758,18.988948822021484,-90.16191864013672
8.157604217529297,0,1.2988752126693726,1.178014874458313,4.800000190734863,4.800000190734863,2.004000186920166,3060.0,-0.0,1.0,20.00400161743164,0.02419283241033554,0.10355450212955475,0.8152672052383423,9.914894104003906,-0.048487577587366104,0.04976724833250046,-0.08805742859840393,23.878948211669922,17.21428108215332,-90.84367370605469
8.17788577079773,0,1.3215296268463135,1.174697756767273,4.800000190734863,4.800000190734863,2.004000186920166,2948.0,-0.0,1.0,20.00800132751465,0.022654464468359947,0.2502068281173706,0.0670410618185997,11.496943473815918,0.0033116936683654785,-0.012019030749797821,-0.09444911032915115,23.702068328857422,16.681880950927734,-91.01410675048828
8.19814682006836,0,1.3451720476150513,1.1757655143737793,4.800000190734863,4.800000190734863,2.01200008392334,2952.0,-0.0,1.0,20.00800132751465,0.02364243194460869,0.4363654851913452,0.5560816526412964,8.089820861816406,0.03194110840559006,-0.05636133626103401,-0.08965534716844559,24.232711791992188,18.634014129638672,-91.86630249023438
8.218247175216675,0,1.3697172403335571,1.182862639427185,4.800000190734863,4.800000190734863,2.004000186920166,2972.0,-0.0,1.0,20.00400161743164,0.024545088410377502,0.553687334060669,-0.2130948156118393,9.34384822845459,-0.00374579057097435,0.01714302785694599,-0.0766056552529335,22.287019729614258,18.811481475830078,-90.33235931396484
8.23869514465332,0,1.3938604593276978,1.1896332502365112,4.800000190734863,4.800000190734863,2.004000186920166,2956.0,-0.0,1.0,20.00800132751465,0.024143295362591743,-0.026936141774058342,0.1430608481168747,8.143693923950195,0.036868032068014145,-0.07766695320606232,-0.07154557853937149,24.232711791992188,18.279081344604492,-91.1845474243164
8.258790731430054,0,1.4190248250961304,1.1946016550064087,4.800000190734863,4.800000190734863,2.008000135421753,3108.0,-0.0,1.0,20.016000747680664,0.02516428753733635,0.11792044341564178,0.7159028053283691,8.830863952636719,0.026348385959863663,-0.03771892562508583,-0.04584568366408348,22.994543075561523,17.391746520996094,-91.01410675048828
8.279064655303955,0,1.442075490951538,1.1936354637145996,4.800000190734863,4.800000190734863,2.008000135421753,2948.0,-0.0,1.0,20.00800132751465,0.02305075153708458,0.472280353307724,0.8942798972129822,9.605427742004395,-0.008805874735116959,0.07453502714633942,-0.04398144409060478,23.34830665588379,18.101613998413086,-90.33235931396484
8.299342155456543,0,1.4654510021209717,1.1891992092132568,4.800000190734863,4.800000190734863,2.01200008392334,2948.0,-0.0,1.0,20.02800178527832,0.023375488817691803,-0.21967920660972595,1.146282434463501,9.732327461242676,-0.05807510390877724,0.06721121817827225,-0.05090576782822609,24.232711791992188,17.5692138671875,-92.2071762084961
8.319608688354492,0,1.4891594648361206,1.1862213611602783,4.800000190734863,4.800000190734863,2.004000186920166,2980.0,-0.0,1.0,20.016000747680664,0.02370847947895527,-0.10235733538866043,0.6452702283859253,10.054364204406738,-0.05953986570239067,-0.0387842059135437,-0.030931755900382996,23.878948211669922,17.21428108215332,-91.1845474243164
8.339896440505981,0,1.512818455696106,1.187813401222229,4.800000190734863,4.800000190734863,2.004000186920166,2948.0,-0.0,1.0,20.00800132751465,0.02365894429385662,0.6781921982765198,-0.14964522421360016,9.534795761108398,-0.007074793800711632,-0.030128799378871918,-0.013887263834476471,23.34830665588379,18.101613998413086,-93.05937194824219
8.359955787658691,0,1.5378588438034058,1.194281816482544,4.800000190734863,4.800000190734863,2.008000135421753,3040.0,-0.0,1.0,20.00400161743164,0.02504044771194458,0.4004506468772888,-0.36752867698669434,8.947587966918945,0.04885244369506836,0.03618491813540459,-0.021477388218045235,23.34830665588379,17.036813735961914,-91.01410675048828
8.38020944595337,0,1.5621232986450195,1.2024602890014648,4.800000190734863,4.800000190734863,2.004000186920166,2948.0,-0.0,1.0,20.00400161743164,0.0242643840610981,-0.3070720136165619,0.3322124183177948,8.359781265258789,0.03447115048766136,0.007555501535534859,-0.031730715185403824,23.52518653869629,17.924148559570312,-92.54805755615234
8.400482654571533,0,1.58693528175354,1.2093673944473267,4.800000190734863,4.800000190734863,2.008000135421753,2948.0,-0.0,1.0,20.012001037597656,0.024812031537294388,0.4261896312236786,0.530342698097229,7.845001697540283,-0.05634402111172676,-0.04957016929984093,-0.03892135992646217,23.702068328857422,17.391746520996094,-91.01410675048828
8.420851945877075,0,1.6115987300872803,1.2114413976669312,4.800000190734863,4.800000190734863,2.008000135421753,2964.0,-0.0,1.0,20.00400161743164,0.024663424119353294,0.8847026228904724,0.15084239840507507,11.346699714660645,0.04445815831422806,0.025665272027254105,-0.040252961218357086,24.763355255126953,18.101613998413086,-90.67323303222656
8.441055297851562,0,1.6357557773590088,1.2121800184249878,4.800000190734863,4.800000190734863,2.0320000648498535,2944.0,-0.0,1.0,20.032001495361328,0.024157056584954262,0.3549584746360779,0.8679423332214355,6.7316412925720215,0.0340716727077961,-0.0013662241399288177,-0.06555337458848953,24.409591674804688,19.16641616821289,-89.9914779663086
8.461322784423828,0,1.660138487815857,1.2114087343215942,4.800000190734863,4.800000190734863,2.004000186920166,2980.0,-0.0,1.0,20.00800132751465,0.02438271977007389,0.16879981756210327,0.11851902306079865,8.179608345031738,-0.05860774591565132,0.04297608137130737,-0.07487457990646362,22.994543075561523,17.036813735961914,-89.9914779663086
8.481398105621338,0,1.6838937997817993,1.2089463472366333,4.800000190734863,4.800000190734863,2.004000186920166,2956.0,-0.0,1.0,20.00400161743164,0.023755263537168503,-0.234045147895813,-0.12330766767263412,9.894542694091797,0.007173335179686546,-0.0034967847168445587,-0.08552738279104233,24.58647346496582,18.279081344604492,-89.48016357421875
8.501800537109375,0,1.7083755731582642,1.211666226387024,4.800000190734863,4.800000190734863,2.0199999809265137,2948.0,-0.0,1.0,20.012001037597656,0.024481792002916336,0.43157684803009033,0.29869186878204346,7.340397834777832,0.02288622409105301,-0.04597484692931175,-0.0884569063782692,24.940235137939453,18.279081344604492,-90.16191864013672
8.521963596343994,0,1.7334903478622437,1.2182245254516602,4.800000190734863,4.800000190734863,2.008000135421753,2964.0,-0.0,1.0,20.00800132751465,0.0251147523522377,0.16760265827178955,0.15383529663085938,9.40849494934082,-0.0045447517186403275,-0.028930358588695526,-0.0835299864411354,24.232711791992188,17.924148559570312,-90.84367370605469
8.54227590560913,0,1.7583023309707642,1.223378300666809,4.800000190734863,4.800000190734863,2.0240001678466797,2956.0,-0.0,1.0,20.00400161743164,0.024812031537294388,0.14425800740718842,0.017358846962451935,10.150734901428223,0.025549426674842834,-0.06861206889152527,-0.07314349710941315,23.702068328857422,17.391746520996094,-91.01410675048828
8.56247878074646,0,1.7831060886383057,1.2246122360229492,4.800000190734863,4.800000190734863,2.004000186920166,2968.0,-0.0,1.0,20.012001037597656,0.024803776293992996,0.19872887432575226,0.23284797370433807,9.327088356018066,0.04046335816383362,0.0212709903717041,-0.0722113773226738,23.878948211669922,17.5692138671875,-90.50279235839844
8.582733631134033,0,1.807012677192688,1.2209502458572388,4.800000190734863,4.800000190734863,2.008000135421753,2956.0,-0.0,1.0,20.00800132751465,0.02390662394464016,0.2699599862098694,0.8900898098945618,8.247247695922852,0.0034448523074388504,0.06055321544408798,-0.07327665388584137,25.47087860107422,17.036813735961914,-91.35498809814453
8.602841138839722,0,1.8309028148651123,1.2158164978027344,4.800000190734863,4.800000190734863,2.004000186920166,2944.0,-0.0,1.0,20.012001037597656,0.023890111595392227,-0.43756264448165894,0.8499849438667297,11.511908531188965,-0.02944568730890751,0.02619791403412819,-0.05729744955897331,24.409591674804688,17.036813735961914,-90.33235931396484
8.623125791549683,0,1.8549691438674927,1.2136857509613037,4.800000190734863,4.800000190734863,2.008000135421753,2952.0,-0.0,1.0,20.00800132751465,0.024066239595413208,-0.14665232598781586,0.521962583065033,10.13277816772461,-0.013200157321989536,-0.054763417690992355,-0.0441146045923233,23.34830665588379,17.036813735961914,-91.01410675048828
8.643401861190796,0,1.8796957731246948,1.2180075645446777,4.800000190734863,4.800000190734863,2.008000135421753,2944.0,-0.0,1.0,20.016000747680664,0.02472672052681446,0.3082691729068756,-0.26576992869377136,8.239466667175293,0.051249317824840546,-0.006293145939707756,-0.041984040290117264,23.34830665588379,16.326946258544922,-92.71849060058594
8.663782596588135,0,1.905132532119751,1.2255767583847046,4.800000190734863,4.800000190734863,2.004000186920166,2956.0,-0.0,1.0,20.016000747680664,0.02543673664331436,-0.0730268731713295,0.6327000260353088,9.160682678222656,0.04978456348180771,0.0393807590007782,-0.05077260732650757,23.34830665588379,18.4565486907959,-90.33235931396484
8.684011459350586,0,1.930318832397461,1.2330732345581055,4.800000190734863,4.800000190734863,2.008000135421753,2948.0,-0.0,1.0,20.00400161743164,0.02518630400300026,-0.03232337161898613,0.4770689904689789,9.084662437438965,0.009037576615810394,-0.044376928359270096,-0.0441146045923233,23.171424865722656,17.924148559570312,-90.84367370605469
8.704203128814697,0,1.9552243947982788,1.2353819608688354,4.800000190734863,4.800000190734863,2.004000186920166,2940.0,-0.0,1.0,20.00400161743164,0.024905599653720856,0.2903117537498474,0.1502438187599182,11.109662055969238,0.02621522545814514,-0.0012330636382102966,-0.03852187842130661,23.878948211669922,17.924148559570312,-90.84367370605469
8.72428560256958,0,1.979830026626587,1.2340859174728394,4.800000190734863,4.800000190734863,2.004000186920166,2952.0,-0.0,1.0,20.012001037597656,0.024605631828308105,-0.022746074944734573,0.32263511419296265,8.351999282836914,0.10291542857885361,-0.02107391506433487,-0.035059716552495956,24.409591674804688,18.4565486907959,-90.67323303222656
8.744622945785522,0,2.0044164657592773,1.233152985572815,4.800000190734863,4.800000190734863,2.0320000648498535,2948.0,-0.0,1.0,20.012001037597656,0.02458636835217476,0.10175875574350357,1.0906144380569458,4.846709728240967,-0.001615229994058609,0.014612985774874687,-0.04238352179527283,23.171424865722656,16.504413604736328,-92.88893127441406
8.764842510223389,0,2.0290331840515137,1.2310518026351929,4.800000190734863,4.800000190734863,2.0160000324249268,2948.0,-0.0,1.0,20.016000747680664,0.02461664006114006,-0.32383227348327637,0.656643271446228,11.011494636535645,-0.07325535267591476,0.11275196075439453,-0.05396844819188118,23.34830665588379,18.101613998413086,-92.37761688232422
8.785117149353027,0,2.053490161895752,1.23092520236969,4.800000190734863,4.800000190734863,2.008000135421753,2952.0,-0.0,1.0,20.00400161743164,0.024457024410367012,-0.014964522793889046,0.2609812915325165,12.393019676208496,0.025815747678279877,-0.024402916431427002,-0.060759611427783966,24.055830001831055,18.811481475830078,-91.69586181640625
8.80542540550232,0,2.0791194438934326,1.235707402229309,4.800000190734863,4.800000190734863,2.004000186920166,2960.0,-0.0,1.0,20.00800132751465,0.025629375129938126,0.20651042461395264,0.41182368993759155,8.42023754119873,0.04312655329704285,-0.024935558438301086,-0.06542021036148071,23.702068328857422,18.101613998413086,-90.33235931396484
8.825509071350098,0,2.1039233207702637,1.2406830787658691,4.800000190734863,4.800000190734863,2.004000186920166,2948.0,-0.0,1.0,20.012001037597656,0.024803776293992996,-0.24960824847221375,0.2849245071411133,7.715109348297119,0.015429258346557617,-0.03478940203785896,-0.0497073270380497,23.702068328857422,17.746681213378906,-92.37761688232422
8.845810890197754,0,2.128715991973877,1.2401610612869263,4.800000190734863,4.800000190734863,2.0320000648498535,2964.0,-0.0,1.0,20.016000747680664,0.02479276806116104,-0.006584390066564083,0.1610182672739029,10.51227855682373,0.014497138559818268,-0.011752709746360779,-0.043315641582012177,24.763355255126953,18.101613998413086,-91.35498809814453
8.866055011749268,0,2.1531951427459717,1.2358253002166748,4.800000190734863,4.800000190734863,2.008000135421753,2964.0,-0.0,1.0,20.016000747680664,0.024479040876030922,0.6560447216033936,0.29749470949172974,9.184026718139648,0.07255493104457855,0.020871508866548538,-0.03958715870976448,22.817663192749023,17.924148559570312,-91.86630249023438
8.886330127716064,0,2.177250385284424,1.2312870025634766,4.800000190734863,4.800000190734863,2.004000186920166,2948.0,-0.0,1.0,20.00400161743164,0.024055231362581253,0.8475905656814575,0.5770320296287537,8.277775764465332,-0.02664932608604431,0.040046561509370804,-0.052237369120121,22.64078140258789,18.101613998413086,-90.33235931396484
8.906637191772461,0,2.2013330459594727,1.2246819734573364,4.800000190734863,4.800000190734863,2.004000186920166,2980.0,-0.0,1.0,20.00800132751465,0.02408275194466114,0.04190066456794739,-0.3962605595588684,9.04276180267334,-0.05381397902965546,-0.007624747231602669,-0.07833673804998398,23.878948211669922,16.859346389770508,-92.54805755615234
8.926749229431152,0,2.2256579399108887,1.2243684530258179,4.800000190734863,4.800000190734863,2.0199999809265137,2944.0,-0.0,1.0,20.016000747680664,0.024324927479028702,-0.7494233250617981,0.12151192873716354,7.700743675231934,0.022486742585897446,-0.04970333352684975,-0.13559557497501373,22.463899612426758,18.279081344604492,-92.54805755615234
8.947046518325806,0,2.2508139610290527,1.2303223609924316,4.800000190734863,4.800000190734863,2.004000186920166,2956.0,-0.0,1.0,20.016000747680664,0.025156032294034958,0.19872887432575226,0.6231227517127991,9.99929428100586,0.040729671716690063,-0.0034967847168445587,-0.14944422245025635,24.763355255126953,17.746681213378906,-92.37761688232422
8.967289209365845,0,2.2763662338256836,1.2373871803283691,4.800000190734863,4.800000190734863,2.004000186920166,2956.0,-0.0,1.0,20.00400161743164,0.02555231936275959,0.8876954913139343,0.3393953740596771,12.076370239257812,-0.005343712866306305,-0.015081711113452911,-0.14691418409347534,22.463899612426758,17.5692138671875,-92.88893127441406
8.987574338912964,0,2.3012332916259766,1.2399135828018188,4.800000190734863,4.800000190734863,2.004000186920166,2948.0,-0.0,1.0,20.012001037597656,0.024867072701454163,0.9379763007164001,0.017957428470253944,8.477103233337402,-0.03890005126595497,-0.04304533079266548,-0.14518310129642487,23.52518653869629,17.5692138671875,-92.88893127441406
9.007846117019653,0,2.3262104988098145,1.2359734773635864,4.800000190734863,4.800000190734863,2.004000186920166,3060.0,-0.0,1.0,20.012001037597656,0.024977151304483414,0.04130208492279053,-0.016161685809493065,8.850617408752441,0.06190212815999985,0.02113782986998558,-0.12028216570615768,24.055830001831055,16.681880950927734,-92.0367431640625
9.027997732162476,0,2.349836587905884,1.2311077117919922,4.800000190734863,4.800000190734863,2.008000135421753,2956.0,-0.0,1.0,20.012001037597656,0.023625919595360756,0.7536134123802185,1.2486398220062256,8.344817161560059,-0.07338851690292358,0.003960179165005684,-0.10803143680095673,25.117116928100586,17.036813735961914,-92.37761688232422
9.048251867294312,0,2.374197244644165,1.228156328201294,4.800000190734863,4.800000190734863,2.0320000648498535,2948.0,-0.0,1.0,20.02800178527832,0.02436070330440998,0.5183711051940918,0.33161383867263794,11.037832260131836,-0.05421346426010132,0.10902348160743713,-0.09271802753210068,22.994543075561523,19.52134895324707,-91.69586181640625
9.068494081497192,0,2.398921251296997,1.228280782699585,4.800000190734863,4.800000190734863,2.004000186920166,2972.0,-0.0,1.0,20.00400161743164,0.024723967537283897,-0.4369640648365021,0.08080842345952988,10.297388076782227,0.022619903087615967,-0.012019030749797821,-0.09378331154584885,23.878948211669922,17.5692138671875,-92.2071762084961
9.088768720626831,0,2.423837661743164,1.2329394817352295,4.800000190734863,4.800000190734863,2.004000186920166,2948.0,-0.0,1.0,20.00400161743164,0.02491660788655281,0.21249623596668243,0.302283376455307,8.198163986206055,0.008904416114091873,-0.06528306007385254,-0.08752478659152985,23.702068328857422,17.746681213378906,-91.69586181640625
9.108942985534668,0,2.449871778488159,1.2381396293640137,4.800000190734863,4.800000190734863,2.004000186920166,3108.0,-0.0,1.0,20.00400161743164,0.0260339193046093,0.39566197991371155,0.6877694725990295,10.960615158081055,-0.029179366305470467,0.004492819309234619,-0.06768393516540527,24.055830001831055,17.391746520996094,-92.37761688232422
9.129181861877441,0,2.473681926727295,1.2366762161254883,4.800000190734863,4.800000190734863,2.004000186920166,2948.0,-0.0,1.0,20.012001037597656,0.023810304701328278,0.4734775125980377,0.37171876430511475,9.371382713317871,0.006108054891228676,-0.019475992769002914,-0.06528705358505249,24.409591674804688,18.101613998413086,-92.71849060058594
9.149456262588501,0,2.4978363513946533,1.2311081886291504,4.800000190734863,4.800000190734863,2.004000186920166,2956.0,-0.0,1.0,20.036001205444336,0.0241543035954237,-0.12091334909200668,0.6751992702484131,6.822625160217285,0.0303431898355484,0.009286582469940186,-0.06928185373544693,23.34830665588379,16.681880950927734,-92.0367431640625
9.169714450836182,0,2.5221941471099854,1.226676344871521,4.800000190734863,4.800000190734863,2.008000135421753,2968.0,-0.0,1.0,20.00400161743164,0.024357952177524567,-0.2322493940591812,0.45192858576774597,7.264378070831299,-0.07924755662679672,0.03645123913884163,-0.06768393516540527,24.055830001831055,18.4565486907959,-92.71849060058594
9.189991235733032,0,2.546224594116211,1.2229958772659302,4.800000190734863,4.800000190734863,2.0320000648498535,2952.0,-0.0,1.0,20.00400161743164,0.02403046377003193,-0.054470863193273544,-0.2711571455001831,10.594284057617188,-0.03130992874503136,-0.025734517723321915,-0.056631650775671005,24.232711791992188,18.279081344604492,-91.52542877197266
9.210277557373047,0,2.5711770057678223,1.2235239744186401,4.800000190734863,4.800000190734863,2.0199999809265137,3040.0,-0.0,1.0,20.016000747680664,0.02495238371193409,0.9511451125144958,0.1221105083823204,8.67343807220459,0.05298040062189102,-0.01082058995962143,-0.05822957307100296,24.409591674804688,18.4565486907959,-93.05937194824219
9.230515718460083,0,2.595832347869873,1.2296947240829468,4.800000190734863,4.800000190734863,2.004000186920166,2952.0,-0.0,1.0,20.012001037597656,0.024655168876051903,0.5345327854156494,-0.022746074944734573,9.225329399108887,0.017559822648763657,0.08532098680734634,-0.05822957307100296,24.409591674804688,18.811481475830078,-91.35498809814453
9.25062894821167,0,2.621230363845825,1.2366054058074951,4.800000190734863,4.800000190734863,2.01200008392334,2948.0,-0.0,1.0,20.00400161743164,0.02539820782840252,-0.6763964295387268,0.03292195126414299,8.962552070617676,-0.031043607741594315,0.006223900243639946,-0.07380929589271545,23.878948211669922,18.279081344604492,-93.22981262207031
9.270941972732544,0,2.6463892459869385,1.2387491464614868,4.800000190734863,4.800000190734863,2.004000186920166,2964.0,-0.0,1.0,20.016000747680664,0.025158783420920372,0.4160137474536896,0.33161383867263794,9.39053726196289,-0.017594439908862114,0.0007643382996320724,-0.08566054701805115,23.171424865722656,17.21428108215332,-92.88893127441406
9.291173934936523,0,2.6707911491394043,1.236785650253296,4.800000190734863,4.800000190734863,2.008000135421753,2956.0,-0.0,1.0,20.012001037597656,0.024401983246207237,0.4573158323764801,0.1711941510438919,11.903380393981934,0.05178195983171463,0.08665259182453156,-0.09524807333946228,24.58647346496582,17.924148559570312,-91.86630249023438
9.311458110809326,0,2.6951987743377686,1.231884479522705,4.800000190734863,4.800000190734863,2.004000186920166,2968.0,-0.0,1.0,20.016000747680664,0.024407487362623215,0.23763662576675415,0.7045297622680664,7.673208713531494,-0.003346310928463936,-0.018410712480545044,-0.11495576053857803,23.702068328857422,19.16641616821289,-92.71849060058594
9.33169436454773,0,2.719245672225952,1.2283273935317993,4.800000190734863,4.800000190734863,2.004000186920166,2952.0,-0.0,1.0,20.00400161743164,0.02404697611927986,-0.24242527782917023,0.13946935534477234,8.003625869750977,-0.05980618670582771,0.03978024050593376,-0.11855108290910721,23.878948211669922,18.988948822021484,-92.2071762084961
9.351975679397583,0,2.7438321113586426,1.2283955812454224,4.800000190734863,4.800000190734863,2.0160000324249268,2944.0,-0.0,1.0,20.00800132751465,0.02458636835217476,-0.4339711666107178,0.0760197788476944,10.153129577636719,-0.03290785104036331,-0.006559466943144798,-0.11575472354888916,23.702068328857422,18.4565486907959,-92.37761688232422
9.37207579612732,0,2.7690155506134033,1.2322391271591187,4.800000190734863,4.800000190734863,2.004000186920166,2960.0,-0.0,1.0,20.00800132751465,0.025183552876114845,-0.10175875574350357,0.782943844795227,9.44560718536377,0.036868032068014145,-0.08392547070980072,-0.12094796448945999,22.994543075561523,16.681880950927734,-93.05937194824219
9.392334461212158,0,2.7941579818725586,1.2383015155792236,4.800000190734863,4.800000190734863,2.004000186920166,2952.0,-0.0,1.0,20.012001037597656,0.02514227107167244,0.7907254099845886,0.5052022933959961,9.425853729248047,0.013032380491495132,0.012216105125844479,-0.10217239707708359,24.763355255126953,18.101613998413086,-93.74112701416016
9.412633419036865,0,2.8190414905548096,1.237583875656128,4.800000190734863,4.800000190734863,2.004000186920166,2956.0,-0.0,1.0,20.012001037597656,0.024883583188056946,0.6189326643943787,-0.2992904484272003,9.869401931762695,-0.033174168318510056,-0.021872874349355698,-0.0872584655880928,24.763355255126953,17.036813735961914,-92.0367431640625
9.432880401611328,0,2.8429617881774902,1.2314229011535645,4.800000190734863,4.800000190734863,2.004000186920166,2956.0,-0.0,1.0,20.012001037597656,0.02392038330435753,0.15323671698570251,0.3723173439502716,7.541521072387695,0.05710836499929428,0.0028948988765478134,-0.08832374215126038,24.232711791992188,17.5692138671875,-92.2071762084961
9.45315957069397,0,2.8677353858947754,1.2268465757369995,4.800000190734863,4.800000190734863,2.004000186920166,2956.0,-0.0,1.0,20.00800132751465,0.024773504585027695,0.28791743516921997,1.0295591354370117,7.648666858673096,-0.010670115239918232,0.035119637846946716,-0.0747414156794548,22.817663192749023,17.5692138671875,-92.88893127441406
9.473399877548218,0,2.8914411067962646,1.2252341508865356,4.800000190734863,4.800000190734863,2.004000186920166,2948.0,-0.0,1.0,20.012001037597656,0.023705728352069855,-0.18137001991271973,0.6201298236846924,10.370414733886719,-0.09362884610891342,0.03432067856192589,-0.07873622328042984,24.940235137939453,18.634014129638672,-92.2071762084961
9.49373197555542,0,2.9160385131835938,1.2257180213928223,4.800000190734863,4.800000190734863,2.008000135421753,2948.0,-0.0,1.0,20.020000457763672,0.024597376585006714,0.3310152590274811,-0.25738978385925293,9.973555564880371,0.011301297694444656,-0.04770592972636223,-0.07926885783672333,25.47087860107422,18.101613998413086,-92.71849060058594
9.513800621032715,0,2.941356897354126,1.2310060262680054,4.800000190734863,4.800000190734863,2.004000186920166,2972.0,-0.0,1.0,20.00800132751465,0.02531839907169342,0.28073444962501526,0.3411911129951477,8.450166702270508,0.05777416378259659,0.043375562876462936,-0.0821983814239502,25.824642181396484,18.811481475830078,-92.71849060058594
9.53407621383667,0,2.966609239578247,1.2385895252227783,4.800000190734863,4.800000190734863,2.004000186920166,2948.0,-0.0,1.0,20.00800132751465,0.02525235153734684,0.18556009232997894,0.5620675086975098,8.952376365661621,-0.02758144587278366,0.011550304479897022,-0.06688497215509415,24.58647346496582,18.634014129638672,-92.54805755615234
9.554344415664673,0,2.9916634559631348,1.2408053874969482,4.800000190734863,4.800000190734863,2.004000186920166,2956.0,-0.0,1.0,20.00800132751465,0.0250542089343071,0.7853381633758545,0.19274306297302246,9.880176544189453,-0.023719802498817444,-0.03279200196266174,-0.05277000740170479,24.232711791992188,17.924148559570312,-91.86630249023438
9.574609994888306,0,3.0162553787231445,1.2386506795883179,4.800000190734863,4.800000190734863,2.004000186920166,2952.0,-0.0,1.0,20.00400161743164,0.024591872468590736,0.281931608915329,0.3932676613330841,8.26939582824707,0.026614706963300705,0.05482732877135277,-0.06342281401157379,26.53216552734375,17.391746520996094,-92.0367431640625
9.594902753829956,0,3.040632486343384,1.235421895980835,4.800000190734863,4.800000190734863,2.004000186920166,2944.0,-0.0,1.0,20.020000457763672,0.024377215653657913,0.052076540887355804,-0.1400679349899292,8.144291877746582,0.03447115048766136,-0.011220067739486694,-0.05436792969703674,26.001522064208984,17.5692138671875,-92.54805755615234
9.615130186080933,0,3.065260171890259,1.2325761318206787,4.800000190734863,4.800000190734863,2.008000135421753,2964.0,-0.0,1.0,20.00400161743164,0.024627648293972015,0.39685913920402527,0.4273867905139923,7.678596019744873,-0.013466477394104004,0.020472029224038124,-0.06635233759880066,24.58647346496582,17.21428108215332,-91.86630249023438
9.635228872299194,0,3.0896759033203125,1.2323483228683472,4.800000190734863,4.800000190734863,2.004000186920166,2952.0,-0.0,1.0,20.012001037597656,0.024415744468569756,0.6344957947731018,0.339993953704834,10.765478134155273,-0.030244646593928337,0.013947186060249805,-0.07167873531579971,24.940235137939453,19.343881607055664,-93.57068634033203
9.65550684928894,0,3.1148760318756104,1.2354695796966553,4.800000190734863,4.800000190734863,2.004000186920166,2948.0,-0.0,1.0,20.00800132751465,0.02520006336271763,-0.17358846962451935,0.04070350155234337,9.295961380004883,0.024750467389822006,-0.07527007162570953,-0.07900253683328629,24.763355255126953,17.036813735961914,-92.0367431640625
9.675753593444824,0,3.1399989128112793,1.2404605150222778,4.800000190734863,4.800000190734863,2.004000186920166,2952.0,-0.0,1.0,20.016000747680664,0.025123007595539093,-0.4794633090496063,0.602770984172821,7.678596019744873,0.02288622409105301,-0.012152191251516342,-0.07167873531579971,25.29399871826172,18.279081344604492,-93.22981262207031
9.696065187454224,0,3.1649348735809326,1.2413910627365112,4.800000190734863,4.800000190734863,2.008000135421753,2952.0,-0.0,1.0,20.00400161743164,0.024935871362686157,0.15323671698570251,0.42858394980430603,10.919313430786133,-0.04382697492837906,-0.02307131513953209,-0.05183788761496544,24.409591674804688,17.391746520996094,-92.71849060058594
9.716320514678955,0,3.189455270767212,1.2364929914474487,4.800000190734863,4.800000190734863,2.004000186920166,2968.0,-0.0,1.0,20.00400161743164,0.02452032081782818,0.9200189113616943,0.03830917924642563,10.374006271362305,0.031807951629161835,-0.014282751828432083,-0.05490056797862053,25.64776039123535,17.924148559570312,-91.1845474243164
9.73640489578247,0,3.213367223739624,1.2314492464065552,4.800000190734863,4.800000190734863,2.008000135421753,2952.0,-0.0,1.0,20.00800132751465,0.023912128061056137,0.7865353226661682,-0.06943538784980774,7.942570209503174,0.06589692831039429,0.042043961584568024,-0.04544620215892792,24.232711791992188,18.279081344604492,-92.54805755615234
9.756729364395142,0,3.237959146499634,1.2287853956222534,4.800000190734863,4.800000190734863,2.004000186920166,2984.0,-0.0,1.0,20.00800132751465,0.024591872468590736,-0.08978714048862457,0.07362545281648636,7.210505962371826,-0.053680822253227234,0.00768866203725338,-0.048375725746154785,23.52518653869629,16.859346389770508,-90.84367370605469
9.77695608139038,0,3.26235294342041,1.2291431427001953,4.800000190734863,4.800000190734863,2.008000135421753,2952.0,-0.0,1.0,20.016000747680664,0.024393728002905846,-0.09756869077682495,-0.15084239840507507,9.61320972442627,-0.017727600410580635,-0.07553638517856598,-0.017748907208442688,24.940235137939453,18.634014129638672,-92.88893127441406
9.797244310379028,0,3.2874345779418945,1.2335399389266968,4.800000190734863,4.800000190734863,2.008000135421753,2944.0,-0.0,1.0,20.032001495361328,0.025081727653741837,0.39865490794181824,0.5614688992500305,9.455782890319824,0.07921294122934341,0.018341468647122383,-0.0262711513787508,24.58647346496582,17.924148559570312,-92.54805755615234
9.817495107650757,0,3.313284158706665,1.2420741319656372,4.800000190734863,4.800000190734863,2.0199999809265137,2960.0,-0.0,1.0,20.00800132751465,0.025849536061286926,0.5782291889190674,0.15622961521148682,9.015826225280762,0.027280505746603012,0.03898128122091293,-0.033728115260601044,24.232711791992188,17.21428108215332,-91.52542877197266
9.83778429031372,0,3.338330030441284,1.2454200983047485,4.800000190734863,4.800000190734863,2.008000135421753,2952.0,-0.0,1.0,20.012001037597656,0.025045951828360558,0.14665232598781586,0.09936443716287613,8.012604713439941,-0.05541190132498741,-0.054630253463983536,-0.032929155975580215,23.878948211669922,19.343881607055664,-91.1845474243164
9.858048915863037,0,3.3633952140808105,1.2409188747406006,4.800000190734863,4.800000190734863,2.004000186920166,3064.0,-0.0,1.0,20.012001037597656,0.025065215304493904,-0.06584390252828598,0.3783031404018402,7.503810405731201,0.028478946536779404,0.020605189725756645,-0.051438406109809875,25.824642181396484,20.231216430664062,-92.0367431640625
9.878148317337036,0,3.3871781826019287,1.2371083498001099,4.800000190734863,4.800000190734863,2.004000186920166,2952.0,-0.0,1.0,20.00800132751465,0.02378278411924839,-0.15443387627601624,0.6781921982765198,11.128816604614258,0.07335389405488968,0.024999473243951797,-0.055566370487213135,25.47087860107422,17.746681213378906,-91.69586181640625
9.898405075073242,0,3.4118001461029053,1.2358425855636597,4.800000190734863,4.800000190734863,2.004000186920166,2952.0,-0.0,1.0,20.00800132751465,0.024622144177556038,0.43875980377197266,0.3812960386276245,9.504267692565918,-0.019591841846704483,-0.027731917798519135,-0.06528705358505249,24.763355255126953,18.4565486907959,-91.69586181640625
9.91883397102356,0,3.4367637634277344,1.236452341079712,4.800000190734863,4.800000190734863,2.004000186920166,2964.0,-0.0,1.0,20.00400161743164,0.024963391944766045,0.07661835849285126,-0.03112620860338211,8.914666175842285,-0.04662333428859711,0.012615584768354893,-0.06808341294527054,26.178403854370117,18.279081344604492,-91.86630249023438
9.939046621322632,0,3.4615399837493896,1.2383074760437012,4.800000190734863,4.800000190734863,2.008000135421753,2952.0,-0.0,1.0,20.00800132751465,0.02477625571191311,-0.27654439210891724,0.19334164261817932,7.979682445526123,0.027813147753477097,-0.06514990329742432,-0.07154557853937149,23.52518653869629,16.504413604736328,-91.1845474243164
9.959121704101562,0,3.4873976707458496,1.2411071062088013,4.800000190734863,4.800000190734863,2.004000186920166,3116.0,-0.0,1.0,20.00400161743164,0.025857791304588318,-0.0909842997789383,1.0696641206741333,9.539584159851074,0.017426662147045135,0.0159445870667696,-0.06715129315853119,24.940235137939453,17.5692138671875,-93.57068634033203
9.979353666305542,0,3.511422634124756,1.2408981323242188,4.800000190734863,4.800000190734863,2.008000135421753,2944.0,-0.0,1.0,20.00400161743164,0.02402495965361595,0.6979453563690186,0.20531325042247772,11.988378524780273,-0.0334404893219471,-0.024935558438301086,-0.05809641256928444,24.055830001831055,17.391746520996094,-91.69586181640625
9.999640941619873,0,3.5357887744903564,1.236890435218811,4.800000190734863,4.800000190734863,2.008000135421753,2948.0,-0.0,1.0,20.02400016784668,0.024366207420825958,0.3483740985393524,-0.03232337161898613,7.766587734222412,0.053379885852336884,-0.03798524662852287,-0.055699530988931656,25.29399871826172,19.698816299438477,-92.54805755615234
10.019922018051147,0,3.560344934463501,1.233408808708191,4.800000190734863,4.800000190734863,2.0160000324249268,2960.0,-0.0,1.0,20.016000747680664,0.024556096643209457,0.11672328412532806,0.3920705020427704,7.0722336769104,0.04046335816383362,0.049500927329063416,-0.03266283497214317,25.29399871826172,17.21428108215332,-91.52542877197266
10.040189027786255,0,3.5845956802368164,1.2312042713165283,4.800000190734863,4.800000190734863,2.004000186920166,2948.0,-0.0,1.0,20.00800132751465,0.02425062470138073,-0.31066349148750305,0.4633016288280487,7.564865589141846,-0.04356065392494202,-0.016679633408784866,-0.03359495475888252,24.763355255126953,17.391746520996094,-93.05937194824219
10.060473203659058,0,3.609790086746216,1.2315305471420288,4.800000190734863,4.800000190734863,2.004000186920166,3040.0,-0.0,1.0,20.00400161743164,0.02519455924630165,0.7153041958808899,-0.41960522532463074,10.772661209106445,0.06629641354084015,-0.06794627010822296,-0.009093500673770905,25.64776039123535,17.924148559570312,-91.86630249023438
10.080542087554932,0,3.6344122886657715,1.2359437942504883,4.800000190734863,4.800000190734863,2.004000186920166,2956.0,-0.0,1.0,20.00400161743164,0.024622144177556038,0.6572418808937073,0.12330766767263412,8.313092231750488,0.0997195914387703,0.0048923008143901825,-0.0272032730281353,25.824642181396484,17.746681213378906,-92.37761688232422
10.100855350494385,0,3.660003185272217,1.2437338829040527,4.800000190734863,4.800000190734863,2.0199999809265137,2944.0,-0.0,1.0,20.012001037597656,0.025590848177671432,-0.03471769392490387,0.3573528230190277,8.083236694335938,-0.022654522210359573,0.017542507499456406,-0.04984048753976822,26.001522064208984,19.698816299438477,-91.52542877197266
10.121118545532227,0,3.685431718826294,1.2471120357513428,4.800000190734863,4.800000190734863,2.004000186920166,2960.0,-0.0,1.0,20.00400161743164,0.02542847953736782,0.4830548167228699,-0.08918856084346771,8.472314834594727,-0.04822126030921936,-0.037186283618211746,-0.03359495475888252,25.117116928100586,18.4565486907959,-92.71849060058594
10.141366958618164,0,3.709805965423584,1.2433230876922607,4.800000190734863,4.800000190734863,2.008000135421753,2952.0,-0.0,1.0,20.016000747680664,0.0243744645267725,0.6500588655471802,0.27774155139923096,9.705989837646484,0.050184041261672974,0.04310924559831619,-0.05077260732650757,25.29399871826172,17.5692138671875,-91.1845474243164
10.161649703979492,0,3.734224557876587,1.2373478412628174,4.800000190734863,4.800000190734863,2.004000186920166,2972.0,-0.0,1.0,20.00800132751465,0.02441849559545517,-0.10594882071018219,0.40883076190948486,11.184484481811523,0.056442566215991974,0.033122237771749496,-0.06275701522827148,26.001522064208984,18.634014129638672,-91.1845474243164
10.181735038757324,0,3.7585301399230957,1.2350904941558838,4.800000190734863,4.800000190734863,2.008000135421753,2956.0,-0.0,1.0,20.00400161743164,0.024305664002895355,-0.28971317410469055,0.5812220573425293,8.004223823547363,-0.01812708005309105,-0.04024896398186684,-0.07687197625637054,25.117116928100586,18.101613998413086,-91.01410675048828
10.202028036117554,0,3.783416509628296,1.2364509105682373,4.800000190734863,4.800000190734863,2.0160000324249268,2948.0,-0.0,1.0,20.02800178527832,0.02488633617758751,-0.0700339674949646,0.5243569016456604,9.172654151916504,-0.03463893011212349,0.04297608137130737,-0.06795025616884232,24.58647346496582,18.279081344604492,-91.86630249023438
10.22228455543518,0,3.8086469173431396,1.239367127418518,4.800000190734863,4.800000190734863,2.004000186920166,2960.0,-0.0,1.0,20.012001037597656,0.02523033693432808,0.27355149388313293,0.354359894990921,10.213586807250977,0.0038443338125944138,-0.04477640613913536,-0.06821657717227936,24.940235137939453,17.924148559570312,-93.22981262207031
10.242585182189941,0,3.833538770675659,1.241968035697937,4.800000190734863,4.800000190734863,2.008000135421753,2952.0,-0.0,1.0,20.02800178527832,0.024891840294003487,0.2771429717540741,0.5315398573875427,9.338460922241211,0.034737471491098404,-0.018277551978826523,-0.05996065214276314,25.29399871826172,17.5692138671875,-92.2071762084961
10.262824773788452,0,3.8585379123687744,1.2411179542541504,4.800000190734863,4.800000190734863,2.004000186920166,2972.0,-0.0,1.0,20.012001037597656,0.024999167770147324,0.09218145906925201,0.47886472940444946,8.33523941040039,-0.008006913587450981,-0.014682229608297348,-0.047177284955978394,25.29399871826172,17.21428108215332,-90.50279235839844
10.283060550689697,0,3.8825628757476807,1.2355314493179321,4.800000190734863,4.800000190734863,2.004000186920166,2952.0,-0.0,1.0,20.00800132751465,0.02402495965361595,0.37770456075668335,-0.1831657588481903,8.873363494873047,0.0322074294090271,-0.03825156390666962,-0.055566370487213135,24.763355255126953,17.391746520996094,-90.67323303222656
10.30335521697998,0,3.9073281288146973,1.2315959930419922,4.800000190734863,4.800000190734863,2.008000135421753,2952.0,-0.0,1.0,20.012001037597656,0.024765247479081154,0.007781552150845528,0.47467467188835144,9.081669807434082,0.0660300925374031,0.022735750302672386,-0.049441006034612656,24.763355255126953,18.101613998413086,-92.0367431640625
10.323630332946777,0,3.9314026832580566,1.230713963508606,4.800000190734863,4.800000190734863,2.004000186920166,2952.0,-0.0,1.0,20.00800132751465,0.02407449670135975,0.0820055902004242,0.6213269829750061,8.581255912780762,-0.025717204436659813,-0.030661441385746002,-0.04398144409060478,27.062808990478516,16.859346389770508,-91.86630249023438
10.34387755393982,0,3.956101894378662,1.2313165664672852,4.800000190734863,4.800000190734863,2.01200008392334,2948.0,-0.0,1.0,20.012001037597656,0.024699199944734573,0.1610182672739029,0.4411541521549225,8.25682544708252,-0.06073830649256706,-0.0005672629922628403,-0.023474790155887604,25.64776039123535,18.634014129638672,-89.821044921875
10.364004611968994,0,3.9810900688171387,1.2326607704162598,4.800000190734863,4.800000190734863,2.004000186920166,2976.0,-0.0,1.0,20.016000747680664,0.02498815953731537,-0.17239131033420563,0.20651042461395264,10.224360466003418,0.004643293097615242,0.026863712817430496,-0.03852187842130661,25.64776039123535,18.279081344604492,-91.52542877197266
10.38424801826477,0,4.006100177764893,1.2376856803894043,4.800000190734863,4.800000190734863,2.004000186920166,2948.0,-0.0,1.0,20.012001037597656,0.02501017600297928,0.07182971388101578,0.6267142295837402,9.76165771484375,0.024350985884666443,0.04404136538505554,-0.04890836402773857,27.41657066345215,17.21428108215332,-91.52542877197266
10.404495239257812,0,4.0312700271606445,1.241086483001709,4.800000190734863,4.800000190734863,2.004000186920166,2952.0,-0.0,1.0,20.012001037597656,0.025169791653752327,0.4052392840385437,0.49801933765411377,10.14774227142334,-0.05341450124979019,-0.009488988667726517,-0.04664464294910431,25.824642181396484,17.036813735961914,-92.0367431640625
10.424774885177612,0,4.055820465087891,1.2384164333343506,4.800000190734863,4.800000190734863,2.004000186920166,2948.0,-0.0,1.0,20.00800132751465,0.02455059252679348,0.1161246970295906,0.10714598745107651,9.143921852111816,0.009969696402549744,0.006623381748795509,-0.06289017200469971,25.47087860107422,17.391746520996094,-91.35498809814453
10.445035219192505,0,4.080079555511475,1.23368501663208,4.800000190734863,4.800000190734863,2.008000135421753,2940.0,-0.0,1.0,20.00800132751465,0.02425887994468212,-0.22267210483551025,0.39087334275245667,7.279941082000732,0.019424062222242355,0.03738335892558098,-0.0821983814239502,26.355283737182617,18.988948822021484,-91.86630249023438
10.465314865112305,0,4.104544639587402,1.2301379442214966,4.800000190734863,4.800000190734863,2.004000186920166,2960.0,-0.0,1.0,20.012001037597656,0.024465279653668404,0.019753171131014824,-0.1490466445684433,9.52521800994873,-0.014931238256394863,-0.03891736641526222,-0.07261085510253906,24.763355255126953,18.101613998413086,-91.35498809814453
10.485573530197144,0,4.128965854644775,1.2301186323165894,4.800000190734863,4.800000190734863,2.004000186920166,2952.0,-0.0,1.0,20.012001037597656,0.024421248584985733,0.5836163759231567,0.37471166253089905,8.574671745300293,-0.032242048531770706,-0.00030094198882579803,-0.07247769832611084,26.178403854370117,17.746681213378906,-90.67323303222656
10.50569486618042,0,4.153860569000244,1.2326700687408447,4.800000190734863,4.800000190734863,2.008000135421753,2952.0,-0.0,1.0,20.00400161743164,0.0248945914208889,0.5393214225769043,0.3723173439502716,9.612610816955566,-0.03450576961040497,-0.006026826798915863,-0.07181189954280853,25.29399871826172,19.343881607055664,-91.86630249023438
10.525994062423706,0,4.178727626800537,1.234457015991211,4.800000190734863,4.800000190734863,2.004000186920166,2956.0,-0.0,1.0,20.00800132751465,0.024867072701454163,-0.004788647405803204,-0.026337560266256332,9.231314659118652,-0.008539554663002491,-0.010687429457902908,-0.0659528523683548,25.29399871826172,17.924148559570312,-90.84367370605469
10.54621410369873,0,4.203336238861084,1.2334685325622559,4.800000190734863,4.800000190734863,2.01200008392334,2948.0,-0.0,1.0,20.00800132751465,0.02460838481783867,-0.40464070439338684,0.6327000260353088,7.90485954284668,-0.01000431552529335,-0.01894335448741913,-0.06235753372311592,26.53216552734375,19.87628173828125,-90.67323303222656
10.56649923324585,0,4.227636337280273,1.2283426523208618,4.800000190734863,4.800000190734863,2.004000186920166,2960.0,-0.0,1.0,20.00800132751465,0.024300159886479378,0.3381982147693634,0.6931567192077637,10.29619026184082,-0.02664932608604431,-0.019342835992574692,-0.06635233759880066,26.178403854370117,19.87628173828125,-91.69586181640625
10.586757898330688,0,4.251457691192627,1.2233237028121948,4.800000190734863,4.800000190734863,2.004000186920166,2952.0,-0.0,1.0,20.00800132751465,0.023821312934160233,0.6315028667449951,0.08679423481225967,10.669705390930176,0.0428602397441864,0.020472029224038124,-0.07327665388584137,27.062808990478516,18.988948822021484,-91.52542877197266
10.60725450515747,0,4.272812843322754,1.1849771738052368,-0.0,-11.849771499633789,2.0160000324249268,3000.0,-0.0,2.0,20.256000518798828,0.0213555209338665,0.2621784508228302,-0.17239131033420563,8.27478313446045,0.03327270969748497,-0.0425126887857914,-0.06515389680862427,26.001522064208984,18.988948822021484,-93.22981262207031
10.62752628326416,0,4.279307842254639,1.0340875387191772,-0.0,-10.340875625610352,2.01200008392334,2956.0,-0.0,2.0,20.00400161743164,0.006494720000773668,0.3112620711326599,-0.3172478973865509,6.746605396270752,-0.04808809608221054,-0.034123603254556656,-0.045978844165802,26.709047317504883,18.988948822021484,-92.54805755615234
10.647796392440796,0,4.282662391662598,0.8789551854133606,-0.0,-8.789551734924316,2.0240001678466797,2952.0,-0.0,2.0,20.02800178527832,0.0033546879421919584,-0.31245923042297363,-2.2704174518585205,7.943767547607422,-0.06486626714468002,0.05429469048976898,-0.041185081005096436,26.178403854370117,19.16641616821289,-91.69586181640625
10.667863368988037,0,4.285821914672852,0.7471975088119507,-3.1083455085754395,-38.5554313659668,2.004000186920166,2968.0,-0.0,2.0,20.00400161743164,0.0031592960003763437,0.44953426718711853,-1.48148775100708,12.937727928161621,-0.1704622209072113,0.0010306574404239655,-0.04984048753976822,26.178403854370117,18.101613998413086,-92.0367431640625
10.688293695449829,0,4.283303737640381,0.5915402770042419,-3.1083455085754395,-36.99885940551758,2.01200008392334,2952.0,-0.0,2.0,20.00800132751465,-0.0025180799420922995,0.3549584746360779,-0.826640248298645,9.807748794555664,0.04938507825136185,0.002362258732318878,-0.03133123368024826,24.58647346496582,18.988948822021484,-95.27507019042969
10.708425760269165,0,4.283229351043701,0.4820043742656708,-4.0,-44.82004165649414,2.004000186920166,3100.0,-0.0,2.0,20.056001663208008,-7.430400000885129e-05,0.7733665704727173,-1.7921513319015503,9.710179328918457,-0.0640673041343689,-0.010554268956184387,-0.011090902611613274,25.47087860107422,18.4565486907959,-92.0367431640625
10.728715181350708,0,4.282312870025635,0.3892838954925537,-4.0,-43.89284133911133,2.01200008392334,2952.0,-0.0,2.0,20.012001037597656,-0.0009164160001091659,0.44773852825164795,-2.638544797897339,10.138165473937988,-0.052615538239479065,-0.016146991401910782,-0.039054520428180695,25.47087860107422,16.681880950927734,-92.0367431640625
10.748976469039917,0,4.2820515632629395,0.3171890676021576,-4.0,-43.17189025878906,2.004000186920166,2952.0,-0.0,2.0,20.012001037597656,-0.0002614400000311434,0.48485055565834045,-2.075878620147705,9.217547416687012,0.050317198038101196,0.026730552315711975,-0.05010680481791496,25.29399871826172,17.924148559570312,-91.86630249023438
10.769243955612183,0,4.281784534454346,0.2572721242904663,-4.0,-42.572723388671875,2.004000186920166,2976.0,-0.0,2.0,20.012001037597656,-0.0002669440000317991,0.28073444962501526,-2.3033394813537598,9.849050521850586,-0.003612631931900978,-0.0025646649301052094,-0.05370212718844414,24.409591674804688,16.326946258544922,-92.37761688232422
10.789534091949463,0,4.280367374420166,0.19883979856967926,-4.0,-41.98839569091797,2.004000186920166,2944.0,-0.0,2.0,20.00400161743164,-0.0014172799419611692,0.29569897055625916,-2.2327067852020264,7.798312187194824,0.03447115048766136,0.006357060745358467,-0.043315641582012177,24.763355255126953,16.326946258544922,-92.71849060058594
10.809636116027832,0,4.279780864715576,0.15717214345932007,-4.0,-41.57172393798828,2.004000186920166,3068.0,-0.0,2.0,20.016000747680664,-0.0005861760000698268,-0.07781551778316498,-2.2309110164642334,8.6937894821167,-0.04569121450185776,0.04164448380470276,-0.042250361293554306,24.940235137939453,16.504413604736328,-91.86630249023438
10.829878568649292,0,4.279346466064453,0.12574540078639984,-4.0,-41.25745391845703,2.004000186920166,2940.0,-0.0,2.0,20.00400161743164,-0.00043481600005179644,-0.302283376455307,-1.99686598777771,9.355819702148438,-0.03490525111556053,-0.031060922890901566,-0.046245165169239044,25.824642181396484,17.746681213378906,-91.35498809814453
10.850146055221558,0,4.279326915740967,0.10302731394767761,-4.0,-41.0302734375,2.008000135421753,2956.0,-0.0,2.0,20.032001495361328,-1.926400000229478e-05,0.20232035219669342,-2.0621113777160645,9.13793659210205,0.004376973956823349,-3.462284803390503e-05,-0.03332863375544548,24.940235137939453,16.149478912353516,-92.2071762084961
10.870389223098755,0,4.279326915740967,0.08440982550382614,-4.0,-40.84409713745117,2.004000186920166,2964.0,-0.0,2.0,20.012001037597656,0.0,0.19753170013427734,-2.2231295108795166,9.759861946105957,0.002512732520699501,-0.008157387375831604,-0.027602750808000565,24.055830001831055,17.746681213378906,-92.0367431640625
10.890687942504883,0,4.279326915740967,0.06936179846525192,-4.0,-40.69361877441406,2.01200008392334,2944.0,-0.0,2.0,20.00400161743164,0.0,0.1550324559211731,-1.934613585472107,8.822484016418457,0.012366577982902527,-0.013750109821557999,-0.025605350732803345,25.117116928100586,14.907212257385254,-92.0367431640625
10.910942792892456,0,4.279326915740967,0.05676034465432167,-4.0,-40.567604064941406,2.004000186920166,2992.0,-0.0,2.0,20.00400161743164,0.0,0.09038572013378143,-1.7801796197891235,9.30972957611084,0.013165537267923355,-0.0050947051495313644,-0.018681026995182037,25.47087860107422,17.391746520996094,-90.67323303222656
10.931051969528198,0,4.279324054718018,0.04667925462126732,-4.0,-40.46678924560547,2.008000135421753,2936.0,-0.0,2.0,20.012001037597656,-2.7520000003278255e-06,-0.01436594221740961,-1.7233145236968994,9.411487579345703,-0.01000431552529335,-0.012152191251516342,-0.020678427070379257,24.055830001831055,15.26214599609375,-91.35498809814453
10.951312780380249,0,4.279324054718018,0.03830145671963692,-4.0,-40.38301467895508,2.004000186920166,2952.0,-0.0,2.0,20.00400161743164,0.0,0.2520025670528412,-2.323092460632324,9.017621994018555,-0.011868556030094624,-0.011752709746360779,-0.007362419739365578,23.52518653869629,16.149478912353516,-90.50279235839844
10.971585512161255,0,4.279324054718018,0.031399596482515335,-4.0,-40.313995361328125,2.004000186920166,2948.0,-0.0,2.0,20.00400161743164,0.0,0.37291592359542847,-2.339254140853882,9.044557571411133,0.012899219989776611,-0.0050947051495313644,0.0007603447884321213,24.409591674804688,18.101613998413086,-91.69586181640625
10.991853475570679,0,4.279324054718018,0.02579493820667267,-4.0,-40.25794982910156,2.004000186920166,2948.0,-0.0,2.0,20.00400161743164,0.0,0.20052461326122284,-2.0980260372161865,9.060120582580566,-0.001615229994058609,-0.005760505795478821,-0.006696619559079409,24.409591674804688,16.326946258544922,-91.69586181640625
11.012155055999756,0,4.279321670532227,0.02111046575009823,-4.0,-40.21110534667969,2.004000186920166,2952.0,-0.0,2.0,20.00400161743164,-2.7520000003278255e-06,0.07961126416921616,-2.035175085067749,9.22293472290039,0.006773855537176132,0.009686063043773174,-0.006430299486964941,24.409591674804688,15.972012519836426,-91.69586181640625
11.0324387550354,0,4.2793049812316895,0.017201360315084457,-4.0,-40.17201232910156,2.004000186920166,2948.0,-0.0,2.0,20.00800132751465,-1.6512000001966953e-05,0.08439990878105164,-2.0100347995758057,8.743471145629883,-0.004145272076129913,-0.0050947051495313644,-0.00376709783449769,24.763355255126953,15.972012519836426,-91.01410675048828
11.052499771118164,0,4.280898571014404,0.029502660036087036,1.325165033340454,12.956624031066895,2.01200008392334,2952.0,-0.0,2.0,20.00400161743164,0.00159340794198215,0.0580623485147953,-2.0178163051605225,9.585675239562988,0.000515330582857132,0.008887102827429771,-0.001636536791920662,25.47087860107422,16.681880950927734,-91.35498809814453
11.072749853134155,0,4.297280788421631,0.1733165681362152,1.325165033340454,11.518484115600586,2.01200008392334,2948.0,-0.0,2.0,20.00800132751465,0.016382655128836632,0.20052461326122284,0.6332986354827881,9.740707397460938,0.012899219989776611,-0.02027495577931404,0.002491425722837448,23.52518653869629,17.924148559570312,-89.48016357421875
11.093019247055054,0,4.321746349334717,0.36110377311706543,1.325165033340454,9.640612602233887,2.004000186920166,2948.0,-0.0,2.0,20.036001205444336,0.024465279653668404,0.4740760922431946,1.4796921014785767,9.692222595214844,0.1047796681523323,-0.013217471539974213,-0.0005712555721402168,24.055830001831055,15.61707878112793,-90.33235931396484
11.113285303115845,0,4.332071781158447,0.38498032093048096,-0.0,-3.8498032093048096,2.01200008392334,2972.0,-0.0,2.0,20.00400161743164,0.010325504466891289,0.7955140471458435,2.299747943878174,8.513017654418945,0.4375467002391815,0.10462920367717743,-0.043049320578575134,24.055830001831055,18.101613998413086,-90.33235931396484
11.133554697036743,0,4.331631660461426,0.31219470500946045,-0.0,-3.1219470500946045,2.01200008392334,2944.0,-0.0,2.0,20.012001037597656,-0.0004403200000524521,-0.30467769503593445,1.632928729057312,8.035948753356934,0.2061145007610321,0.07533398270606995,-0.04185087978839874,23.52518653869629,17.21428108215332,-90.50279235839844
11.153820514678955,0,4.331584930419922,0.255765438079834,-0.0,-2.55765438079834,2.01200008392334,2948.0,-0.0,2.0,20.012001037597656,-4.6784000005573034e-05,0.04549214988946915,-0.8152672052383423,12.264324188232422,-0.18257978558540344,0.0312579944729805,-0.01908050663769245,24.409591674804688,16.681880950927734,-89.65060424804688
11.174076080322266,0,4.331590175628662,0.20995944738388062,-0.0,-2.0995945930480957,2.01200008392334,2948.0,-0.0,2.0,20.00400161743164,5.504000000655651e-06,-0.01436594221740961,-0.7218886017799377,11.473000526428223,-0.037168972194194794,0.027529513463377953,0.0020919451490044594,25.29399871826172,17.5692138671875,-90.16191864013672
11.194336891174316,0,4.331747055053711,0.17375633120536804,-0.0,-1.7375633716583252,2.004000186920166,2948.0,-0.0,2.0,20.012001037597656,0.00015686400001868606,0.408232182264328,-0.18975014984607697,8.21971321105957,-0.001348910853266716,-0.00988847017288208,-0.0023023374378681183,24.232711791992188,16.859346389770508,-92.2071762084961
11.214447736740112,0,4.3323774337768555,0.148075133562088,-0.0,-1.4807512760162354,2.0160000324249268,2980.0,-0.0,2.0,20.00800132751465,0.000630208000075072,0.09457578510046005,-0.2442210167646408,9.164872169494629,-0.006675312295556068,-0.0025646649301052094,-0.02826855331659317,26.355283737182617,17.21428108215332,-89.48016357421875
11.234821319580078,0,4.334237575531006,0.13864736258983612,-0.0,-1.3864736557006836,2.01200008392334,2940.0,-0.0,2.0,20.00800132751465,0.00186035200022161,0.0610552541911602,-0.6578404307365417,9.208568572998047,-0.021589241921901703,-0.02640032023191452,-0.011889862827956676,26.355283737182617,17.5692138671875,-89.821044921875
11.25505518913269,0,4.337652683258057,0.14465230703353882,-0.0,-1.4465230703353882,2.0160000324249268,2956.0,-0.0,2.0,20.00800132751465,0.0034152320586144924,0.14964522421360016,-0.6877694725990295,8.92723560333252,-0.009604834951460361,0.0048923008143901825,0.006086747162044048,26.001522064208984,15.794546127319336,-90.84367370605469
11.275306940078735,0,4.3411946296691895,0.15045107901096344,-0.0,-1.504510760307312,2.01200008392334,2944.0,-0.0,2.0,20.00400161743164,0.0035418239422142506,0.09038572013378143,-0.2101019024848938,8.89311695098877,0.00451013445854187,-0.0030973050743341446,-0.0023023374378681183,24.763355255126953,16.681880950927734,-91.01410675048828
11.295574188232422,0,4.343283653259277,0.14202050864696503,-0.0,-1.4202051162719727,2.01200008392334,2944.0,-0.0,2.0,20.00800132751465,0.0020887679420411587,0.051477961242198944,0.10954030603170395,9.019417762756348,0.017559822648763657,-0.00030094198882579803,-0.007362419739365578,25.824642181396484,15.972012519836426,-90.33235931396484
11.315661907196045,0,4.34445858001709,0.12666575610637665,-0.0,-1.2666575908660889,2.0160000324249268,2980.0,-0.0,2.0,20.00400161743164,0.0011751039419323206,0.09517436474561691,0.10235733538866043,9.255258560180664,0.00011585094034671783,0.002095937728881836,-0.005631338804960251,24.763355255126953,17.391746520996094,-90.67323303222656
11.335970878601074,0,4.344797134399414,0.10710389167070389,-0.0,-1.0710389614105225,2.0160000324249268,2952.0,-0.0,2.0,20.00400161743164,0.00033849600004032254,0.17478562891483307,-0.12689915299415588,8.942798614501953,-0.010536955669522285,-0.0032304637134075165,0.00036086421459913254,25.824642181396484,15.61707878112793,-92.0367431640625
11.356192111968994,0,4.345149517059326,0.09107881039381027,-0.0,-0.9107881188392639,2.0160000324249268,2944.0,-0.0,2.0,20.012001037597656,0.00035225600004196167,0.13049064576625824,-0.4339711666107178,9.11159896850586,-0.008539554663002491,0.004359660670161247,-0.005631338804960251,24.232711791992188,15.794546127319336,-91.1845474243164
11.376450061798096,0,4.3455400466918945,0.07819540053606033,-0.0,-0.7819539904594421,2.0160000324249268,2952.0,-0.0,2.0,20.00800132751465,0.00039078400004655123,0.07063254714012146,-0.5087937712669373,9.16247844696045,-0.0012157503515481949,-0.004428904503583908,-0.009093500673770905,24.232711791992188,16.504413604736328,-90.16191864013672
11.396724224090576,0,4.345551013946533,0.06424635648727417,-0.0,-0.6424635648727417,2.0199999809265137,2948.0,-0.0,2.0,20.020000457763672,1.1008000001311302e-05,0.053273703902959824,-0.5429129004478455,9.058923721313477,0.002512732520699501,-0.0030973050743341446,-0.003900257870554924,25.64776039123535,17.21428108215332,-89.48016357421875
11.416817426681519,0,4.345551013946533,0.05265315622091293,-0.0,-0.5265315771102905,2.01200008392334,2968.0,-0.0,2.0,20.00400161743164,0.0,0.16460976004600525,-0.594390869140625,9.209766387939453,-0.0045447517186403275,-0.0007004234939813614,9.454414248466492e-05,25.64776039123535,16.504413604736328,-90.16191864013672
11.43711519241333,0,4.345551013946533,0.04326476529240608,-0.0,-0.4326476454734802,2.0160000324249268,2944.0,-0.0,2.0,20.012001037597656,0.0,0.180172860622406,-0.38788044452667236,8.987692832946777,0.002645893022418022,0.002229098230600357,0.0031572263687849045,24.763355255126953,17.391746520996094,-89.9914779663086
11.457370042800903,0,4.345551013946533,0.035372938960790634,-0.0,-0.35372939705848694,2.0160000324249268,3028.0,-0.0,2.0,20.012001037597656,0.0,0.11552611738443375,-0.11373037844896317,9.08825397491455,0.005974894389510155,0.003960179165005684,0.0026245862245559692,24.055830001831055,17.391746520996094,-90.67323303222656
11.477617740631104,0,4.345531940460205,0.02895091101527214,-0.0,-0.289509117603302,2.004000186920166,2936.0,-0.0,2.0,20.012001037597656,-1.926400000229478e-05,0.09278004616498947,0.19034872949123383,9.150506973266602,0.0075728148221969604,-0.0009667426347732544,0.005554107017815113,23.878948211669922,17.5692138671875,-89.48016357421875
11.497936010360718,0,4.345259189605713,0.02127872034907341,-0.0,-0.2127872109413147,2.008000135421753,2944.0,-0.0,2.0,20.012001037597656,-0.00027244800003245473,0.14784948527812958,0.39685913920402527,8.979910850524902,0.0057085733860731125,-0.0026978235691785812,0.005554107017815113,25.64776039123535,16.504413604736328,-90.16191864013672
11.518197536468506,0,4.345176696777344,0.016741223633289337,0.0,-0.19995079934597015,2.01200008392334,2948.0,-0.0,0.0,20.012001037597656,-8.256000000983477e-05,0.11971618235111237,0.4214009642601013,9.166667938232422,-0.0004167892038822174,0.0028948988765478134,0.0006271842867136002,25.117116928100586,16.326946258544922,-90.67323303222656
11.538447618484497,0,4.345176696777344,0.013757209293544292,0.0,-0.19995079934597015,2.01200008392334,2944.0,-0.0,0.0,20.00800132751465,0.0,0.07542119920253754,0.39985206723213196,9.094240188598633,0.0018469318747520447,0.0027617383748292923,-0.007628740277141333,24.055830001831055,17.036813735961914,-90.33235931396484
11.558539867401123,0,4.345176696777344,0.011217297054827213,0.0,-0.19995079934597015,2.01200008392334,3096.0,-0.0,0.0,20.012001037597656,0.0,0.056266605854034424,0.4022463858127594,9.033185005187988,0.00011585094034671783,-0.0025646649301052094,-0.009626141749322414,24.409591674804688,16.681880950927734,-90.33235931396484
11.578790426254272,0,4.345176696777344,0.009263596497476101,0.0,-0.19995079934597015,2.008000135421753,2944.0,-0.0,0.0,20.012001037597656,0.0,0.15443387627601624,0.482456237077713,9.142126083374023,0.00237957201898098,-0.0049615465104579926,-0.003101297654211521,24.055830001831055,16.326946258544922,-89.65060424804688
11.599100112915039,0,4.345176696777344,0.007602477911859751,0.0,-0.19995079934597015,2.004000186920166,2944.0,-0.0,0.0,20.00800132751465,0.0,0.25260114669799805,0.49682217836380005,8.942200660705566,0.0009148120880126953,-0.0070921070873737335,0.004488826729357243,25.824642181396484,16.681880950927734,-89.65060424804688
11.619369745254517,0,4.345176696777344,0.006228417623788118,0.0,-0.19995079934597015,2.008000135421753,2948.0,-0.0,0.0,20.012001037597656,0.0,0.20531325042247772,0.5004136562347412,9.133148193359375,0.00011585094034671783,0.008221302181482315,0.005953588522970676,24.58647346496582,16.149478912353516,-90.50279235839844
11.63961148262024,0,4.345176696777344,0.005119249690324068,0.0,-0.19995079934597015,2.008000135421753,2948.0,-0.0,0.0,20.02800178527832,0.0,0.10175875574350357,0.5040051341056824,9.068501472473145,0.0017137713730335236,0.00462597981095314,0.0023582661524415016,26.709047317504883,16.149478912353516,-90.84367370605469
11.659685850143433,0,4.345176696777344,0.0041800434701144695,0.0,-0.19995079934597015,2.008000135421753,3048.0,-0.0,0.0,20.00800132751465,0.0,0.047287892550230026,0.5524901747703552,9.108606338500977,0.00038217194378376007,0.004759140312671661,0.002890906296670437,25.824642181396484,17.036813735961914,-90.33235931396484
11.680052042007446,0,4.345176696777344,0.0034462723415344954,0.0,-0.19995079934597015,2.008000135421753,2936.0,-0.0,0.0,20.012001037597656,0.0,0.10894172638654709,0.5548844933509827,9.097831726074219,0.00038217194378376007,0.0014301389455795288,0.0020919451490044594,25.117116928100586,16.326946258544922,-90.67323303222656
11.700282335281372,0,4.345174312591553,0.0028032762929797173,0.0,-0.19995079934597015,2.0160000324249268,2940.0,-0.0,0.0,20.012001037597656,-2.7520000003278255e-06,0.16939839720726013,0.5806235074996948,9.046353340148926,-0.0001504700630903244,0.0006311777979135513,-0.0013702167198061943,24.58647346496582,16.859346389770508,-91.52542877197266
11.72055459022522,0,4.345174312591553,0.002296355552971363,0.0,-0.19995079934597015,2.01200008392334,2956.0,-0.0,0.0,20.00400161743164,0.0,0.11971618235111237,0.6422773599624634,9.09244441986084,0.0007816515862941742,0.001829618588089943,0.0015593050047755241,25.47087860107422,17.036813735961914,-90.33235931396484
11.740811347961426,0,4.345174312591553,0.0018873385852202773,0.0,-0.19995079934597015,2.01200008392334,2940.0,-0.0,0.0,20.036001205444336,0.0,0.15263813734054565,0.6057639122009277,9.023009300231934,0.002246411517262459,0.0004980172961950302,0.008883110247552395,25.47087860107422,15.61707878112793,-89.30972290039062
11.761109828948975,0,4.345174312591553,0.0015455832472071052,0.0,-0.19995079934597015,2.008000135421753,2980.0,-0.0,0.0,20.012001037597656,0.0,0.14425800740718842,0.574039101600647,9.218745231628418,0.000515330582857132,0.004492819309234619,0.0063530681654810905,25.29399871826172,15.794546127319336,-90.16191864013672
11.78136658668518,0,4.345174312591553,0.0012704351684078574,0.0,-0.19995079934597015,2.01200008392334,2936.0,-0.0,0.0,20.00400161743164,0.0,0.08918856084346771,0.584214985370636,9.036776542663574,-0.0010825898498296738,0.0032943785190582275,-3.8615427911281586e-05,25.117116928100586,16.326946258544922,-91.69586181640625
11.801505327224731,0,4.345174312591553,0.0010428277309983969,0.0,-0.19995079934597015,2.004000186920166,2940.0,-0.0,0.0,20.012001037597656,0.0,0.051477961242198944,0.592595100402832,8.948784828186035,-0.003479471430182457,-0.00043410249054431915,-0.0023023374378681183,24.763355255126953,16.681880950927734,-91.35498809814453
11.821757078170776,0,4.345174312591553,0.0008539198897778988,0.0,-0.19995079934597015,2.01200008392334,2960.0,-0.0,0.0,20.016000747680664,0.0,0.16939839720726013,0.5698490142822266,9.052937507629395,0.0037111733108758926,-0.0026978235691785812,0.0008935052901506424,24.763355255126953,16.681880950927734,-91.01410675048828
11.842090129852295,0,4.345174312591553,0.0007020129123702645,0.0,-0.19995079934597015,2.01200008392334,2936.0,-0.0,0.0,20.032001495361328,0.0,0.18855299055576324,0.560870349407196,9.238497734069824,0.004110652953386307,-0.0009667426347732544,-0.0009707361459732056,24.940235137939453,16.859346389770508,-89.48016357421875
11.862309217453003,0,4.345174312591553,0.0005752689321525395,0.0,-0.19995079934597015,2.004000186920166,2960.0,-0.0,0.0,20.00800132751465,0.0,0.1191176027059555,0.5494973063468933,9.136140823364258,-0.0042784325778484344,0.0008974988013505936,-0.0008375765755772591,24.763355255126953,17.391746520996094,-91.69586181640625
11.882569313049316,0,4.345174312591553,0.0004725485050585121,0.0,-0.19995079934597015,2.01200008392334,2936.0,-0.0,0.0,20.00800132751465,0.0,0.09218145906925201,0.4734775125980377,9.095437049865723,-0.0026805102825164795,0.001829618588089943,0.0016924655064940453,24.763355255126953,17.746681213378906,-91.35498809814453
11.902836561203003,0,4.345174312591553,0.00038782728370279074,0.0,-0.19995079934597015,2.01200008392334,2940.0,-0.0,0.0,20.00400161743164,0.0,0.12749773263931274,0.46090731024742126,9.087057113647461,-0.001348910853266716,-0.00043410249054431915,0.0015593050047755241,24.763355255126953,15.972012519836426,-90.33235931396484
11.922988891601562,0,4.345174312591553,0.0003182341461069882,0.0,-0.19995079934597015,2.01200008392334,2944.0,-0.0,0.0,20.012001037597656,0.0,0.12869489192962646,0.43157684803009033,9.036177635192871,-0.0029468312859535217,-0.0013662241399288177,-0.0017696963623166084,24.58647346496582,18.279081344604492,-90.16191864013672
11.943208456039429,0,4.345174312591553,0.0002610672963783145,0.0,-0.19995079934597015,2.0360000133514404,2936.0,-0.0,0.0,20.032001495361328,0.0,0.10116017609834671,0.3932676613330841,9.02779769897461,-0.001615229994058609,-0.00043410249054431915,-0.0011038966476917267,24.58647346496582,17.21428108215332,-91.1845474243164
11.9635169506073,0,4.345174312591553,0.00021395758085418493,0.0,-0.19995079934597015,2.008000135421753,2956.0,-0.0,0.0,20.00800132751465,0.0,0.12570199370384216,0.37950029969215393,9.046952247619629,0.002246411517262459,-0.00030094198882579803,0.00036086421459913254,25.117116928100586,16.681880950927734,-89.30972290039062
11.983756065368652,0,4.345174312591553,0.00017580107669346035,0.0,-0.19995079934597015,2.01200008392334,2936.0,-0.0,0.0,20.00800132751465,0.0,0.1280963122844696,0.39685913920402527,9.169661521911621,0.0015806108713150024,0.0004980172961950302,0.00115982536226511,24.409591674804688,16.326946258544922,-91.35498809814453
12.004089832305908,0,4.345174312591553,0.00014423752145376056,0.0,-0.19995079934597015,2.008000135421753,2940.0,-0.0,0.0,20.012001037597656,0.0,0.11073747277259827,0.370521605014801,9.142724990844727,-0.001615229994058609,0.0010306574404239655,-3.8615427911281586e-05,24.940235137939453,16.504413604736328,-90.16191864013672
12.024185419082642,0,4.345174312591553,0.00011837330384878442,0.0,-0.19995079934597015,2.008000135421753,2944.0,-0.0,0.0,20.00800132751465,0.0,0.11552611738443375,0.3549584746360779,9.06071949005127,-0.003479471430182457,-0.0008335839956998825,-0.0001717759296298027,25.29399871826172,16.859346389770508,-89.821044921875
12.04442548751831,0,4.345174312591553,9.710917947813869e-05,0.0,-0.19995079934597015,2.0240001678466797,2944.0,-0.0,0.0,20.012001037597656,0.0,0.15263813734054565,0.360345721244812,9.012234687805176,-0.0010825898498296738,-0.0012330636382102966,0.0006271842867136002,25.64776039123535,15.794546127319336,-88.45753479003906
12.064728736877441,0,4.345174312591553,7.959171489346772e-05,0.0,-0.19995079934597015,2.01200008392334,2964.0,-0.0,0.0,20.00400161743164,0.0,0.13228638470172882,0.34657835960388184,9.031389236450195,0.00011585094034671783,0.0008974988013505936,9.454414248466492e-05,24.763355255126953,17.036813735961914,-89.9914779663086
12.084972858428955,0,4.345174312591553,6.540518370456994e-05,0.0,-0.19995079934597015,2.01200008392334,2952.0,-0.0,0.0,20.012001037597656,0.0,0.10834314674139023,0.354359894990921,9.084662437438965,0.002912212163209915,9.853765368461609e-05,-0.0005712555721402168,25.824642181396484,17.036813735961914,-91.35498809814453
12.105254173278809,0,4.345174312591553,5.339848212315701e-05,0.0,-0.19995079934597015,2.01200008392334,2940.0,-0.0,0.0,20.00800132751465,0.0,0.10774456709623337,0.36992302536964417,9.148711204528809,0.002512732520699501,-0.00043410249054431915,-3.8615427911281586e-05,24.940235137939453,17.21428108215332,-92.2071762084961
12.125492811203003,0,4.345174312591553,4.403505226946436e-05,0.0,-0.19995079934597015,2.01200008392334,2940.0,-0.0,0.0,20.016000747680664,0.0,0.13647645711898804,0.38249319791793823,9.133148193359375,-0.0005499497056007385,-0.0009667426347732544,-0.0008375765755772591,24.763355255126953,17.036813735961914,-90.33235931396484
12.14577031135559,0,4.345174312591553,3.612327418522909e-05,0.0,-0.19995079934597015,2.0320000648498535,2936.0,-0.0,0.0,20.012001037597656,0.0,0.11971618235111237,0.3860847055912018,9.0541353225708,-0.0014820694923400879,-0.0008335839956998825,0.0006271842867136002,25.64776039123535,16.859346389770508,-90.16191864013672
12.16589069366455,0,4.345174312591553,2.9593229555757716e-05,0.0,-0.19995079934597015,2.01200008392334,2972.0,-0.0,0.0,20.00800132751465,0.0,0.13468070328235626,0.3723173439502716,9.024805068969727,-0.0002836287021636963,0.0003648567944765091,0.00115982536226511,26.709047317504883,16.859346389770508,-89.48016357421875
12.186154127120972,0,4.345174312591553,2.4329718144144863e-05,0.0,-0.19995079934597015,2.01200008392334,2940.0,-0.0,0.0,20.012001037597656,0.0,0.10116017609834671,0.3992534875869751,9.055931091308594,0.0007816515862941742,0.0011638179421424866,-0.0001717759296298027,24.409591674804688,16.326946258544922,-91.01410675048828
12.206438064575195,0,4.345174312591553,1.995322782022413e-05,0.0,-0.19995079934597015,2.008000135421753,2956.0,-0.0,0.0,20.016000747680664,0.0,0.12689915299415588,0.408232182264328,9.103219032287598,0.0006484910845756531,0.0008974988013505936,0.0006271842867136002,24.409591674804688,17.036813735961914,-91.35498809814453
12.22669506072998,0,4.345174312591553,1.6384134141844697e-05,0.0,-0.19995079934597015,2.008000135421753,2936.0,-0.0,0.0,20.00800132751465,0.0,0.10415308177471161,0.41780948638916016,9.083465576171875,0.00011585094034671783,0.0007643382996320724,0.0015593050047755241,25.117116928100586,17.391746520996094,-91.01410675048828
12.246981143951416,0,4.345174312591553,1.344518932455685e-05,0.0,-0.19995079934597015,2.004000186920166,2940.0,-0.0,0.0,20.00800132751465,0.0,0.11073747277259827,0.4501328468322754,9.087656021118164,-0.0001504700630903244,0.0002316981554031372,0.0006271842867136002,24.232711791992188,18.279081344604492,-91.86630249023438
12.267099857330322,0,4.345174312591553,1.101263114833273e-05,0.0,-0.19995079934597015,2.008000135421753,2972.0,-0.0,0.0,20.00400161743164,0.0,0.11792044341564178,0.4273867905139923,9.133746147155762,-0.0018815509974956512,0.0002316981554031372,-0.0007044160738587379,24.409591674804688,16.681880950927734,-90.33235931396484
12.287346124649048,0,4.345174312591553,9.050741937244311e-06,0.0,-0.19995079934597015,2.008000135421753,2940.0,-0.0,0.0,20.012001037597656,0.0,0.11432895809412003,0.4351683259010315,9.043360710144043,-0.0014820694923400879,0.002095937728881836,0.0008935052901506424,24.763355255126953,15.972012519836426,-88.9688491821289
12.307622194290161,0,4.345174312591553,7.399033165711444e-06,0.0,-0.19995079934597015,2.01200008392334,3048.0,-0.0,0.0,20.00800132751465,0.0,0.12031476944684982,0.4471399486064911,9.037973403930664,0.00011585094034671783,0.0008974988013505936,-0.0001717759296298027,25.29399871826172,17.21428108215332,-89.13928985595703
12.327874422073364,0,4.345174312591553,6.095016942708753e-06,0.0,-0.19995079934597015,2.01200008392334,2944.0,-0.0,0.0,20.012001037597656,0.0,0.13647645711898804,0.4261896312236786,9.07448673248291,0.0015806108713150024,0.0002316981554031372,-0.0001717759296298027,25.117116928100586,16.681880950927734,-91.01410675048828
12.348185539245605,0,4.345174312591553,5.000524652132299e-06,0.0,-0.19995079934597015,2.004000186920166,2948.0,-0.0,0.0,20.012001037597656,0.0,0.10654740780591965,0.4351683259010315,9.100225448608398,0.000515330582857132,-3.462284803390503e-05,-0.0008375765755772591,25.29399871826172,15.794546127319336,-90.84367370605469
12.368419170379639,0,4.345174312591553,4.0975305637402926e-06,0.0,-0.19995079934597015,2.01200008392334,2952.0,-0.0,0.0,20.00800132751465,0.0,0.1191176027059555,0.43875980377197266,9.139732360839844,-0.0006831102073192596,0.0003648567944765091,0.0015593050047755241,25.824642181396484,16.681880950927734,-91.01410675048828
12.38869571685791,0,4.345174312591553,3.3679605166980764e-06,0.0,-0.19995079934597015,2.008000135421753,2940.0,-0.0,0.0,20.016000747680664,0.0,0.10954030603170395,0.4094293415546417,9.105612754821777,0.00011585094034671783,-0.0010999031364917755,0.001026664860546589,24.763355255126953,16.326946258544922,-89.9914779663086
12.408787965774536,0,4.345174312591553,2.7462745038064895e-06,0.0,-0.19995079934597015,2.01200008392334,3088.0,-0.0,0.0,20.016000747680664,0.0,0.12570199370384216,0.43576690554618835,9.088852882385254,-0.0005499497056007385,-0.00016778334975242615,-0.0013702167198061943,23.878948211669922,16.149478912353516,-90.84367370605469
12.429112434387207,0,4.345174312591553,2.267435320391087e-06,0.0,-0.19995079934597015,2.01200008392334,2940.0,-0.0,0.0,20.016000747680664,0.0,0.1430608481168747,0.41661232709884644,8.930827140808105,0.0057085733860731125,0.0014301389455795288,-0.0011038966476917267,24.763355255126953,17.391746520996094,-90.67323303222656
12.449376583099365,0,4.345174312591553,1.8601219835545635e-06,0.0,-0.19995079934597015,2.0160000324249268,2940.0,-0.0,0.0,20.00400161743164,0.0,0.10235733538866043,0.45252716541290283,9.480923652648926,0.005841733887791634,0.0002316981554031372,0.0004940247163176537,24.232711791992188,17.5692138671875,-90.16191864013672
12.46962857246399,0,4.345174312591553,1.524163167232473e-06,0.0,-0.19995079934597015,2.01200008392334,2968.0,-0.0,0.0,20.00400161743164,0.0,0.1610182672739029,0.47587183117866516,8.982903480529785,-0.007607433944940567,-0.0034967847168445587,-0.0005712555721402168,25.47087860107422,17.036813735961914,-91.01410675048828
12.48988962173462,0,4.345174312591553,1.2530757658169023e-06,0.0,-0.19995079934597015,2.008000135421753,2936.0,-0.0,0.0,20.016000747680664,0.0,0.10954030603170395,0.36573293805122375,9.089451789855957,-0.008273234590888023,0.001962779089808464,-0.0003049355000257492,24.763355255126953,15.972012519836426,-89.65060424804688
12.510037183761597,0,4.345174312591553,1.0238487675451324e-06,0.0,-0.19995079934597015,2.01200008392334,3032.0,-0.0,0.0,20.00800132751465,0.0,0.1191176027059555,0.44594278931617737,8.778787612915039,0.006374374032020569,-0.0008335839956998825,-0.0005712555721402168,25.117116928100586,17.036813735961914,-89.65060424804688
12.530282020568848,0,4.345174312591553,8.436001621703326e-07,0.0,-0.19995079934597015,2.01200008392334,2944.0,-0.0,0.0,20.00800132751465,0.0,0.11253321170806885,0.3962605595588684,9.436029434204102,0.0014474522322416306,0.0035606995224952698,-0.0001717759296298027,25.824642181396484,16.326946258544922,-91.01410675048828
12.550580739974976,0,4.345174312591553,6.921123372194415e-07,0.0,-0.19995079934597015,2.01200008392334,2944.0,-0.0,0.0,20.012001037597656,0.0,0.12270908802747726,0.41661232709884644,8.999065399169922,-0.00374579057097435,-0.0017657037824392319,-0.0008375765755772591,25.29399871826172,17.924148559570312,-90.84367370605469
12.5708646774292,0,4.345174312591553,5.670428322446242e-07,0.0,-0.19995079934597015,2.004000186920166,2960.0,-0.0,0.0,20.012001037597656,0.0,0.13946935534477234,0.3962605595588684,8.983502388000488,-0.0028136707842350006,0.0014301389455795288,-0.0012370562180876732,25.64776039123535,16.859346389770508,-91.1845474243164
12.590925931930542,0,4.345174312591553,4.659879664359323e-07,0.0,-0.19995079934597015,2.0199999809265137,2936.0,-0.0,0.0,20.00800132751465,0.0,0.12630057334899902,0.43277400732040405,9.173253059387207,0.0030453726649284363,0.0008974988013505936,-0.0004380960017442703,24.763355255126953,15.61707878112793,-90.33235931396484
12.611231327056885,0,4.345174312591553,3.8181070749487844e-07,0.0,-0.19995079934597015,2.01200008392334,2956.0,-0.0,0.0,20.00400161743164,0.0,0.10834314674139023,0.42379528284072876,9.173253059387207,-0.0068084727972745895,0.0006311777979135513,-0.0001717759296298027,24.940235137939453,17.924148559570312,-90.84367370605469
12.631492137908936,0,4.345174312591553,3.1386497312269057e-07,0.0,-0.19995079934597015,2.008000135421753,2940.0,-0.0,0.0,20.00800132751465,0.0,0.1400679349899292,0.3992534875869751,8.908679962158203,-0.004677912220358849,-0.00043410249054431915,9.454414248466492e-05,24.763355255126953,16.681880950927734,-89.65060424804688
12.651784420013428,0,4.345174312591553,2.575133919435757e-07,0.0,-0.19995079934597015,2.008000135421753,2940.0,-0.0,0.0,20.00800132751465,0.0,0.11432895809412003,0.4124222695827484,8.942798614501953,0.0031785331666469574,0.0010306574404239655,-0.0009707361459732056,26.001522064208984,15.794546127319336,-89.821044921875
12.672045946121216,0,4.345174312591553,2.1099498326293542e-07,0.0,-0.19995079934597015,2.01200008392334,2944.0,-0.0,0.0,20.016000747680664,0.0,0.12689915299415588,0.408232182264328,9.125965118408203,0.002779051661491394,0.0007643382996320724,-0.0004380960017442703,25.117116928100586,17.746681213378906,-89.9914779663086
12.6923189163208,0,4.345174312591553,1.7344747504921543e-07,0.0,-0.19995079934597015,2.004000186920166,2936.0,-0.0,0.0,20.020000457763672,0.0,0.12151192873716354,0.41780948638916016,9.125965118408203,0.0009148120880126953,0.0008974988013505936,-0.0005712555721402168,25.64776039123535,15.084678649902344,-90.84367370605469
12.712435007095337,0,4.345174312591553,1.4201152964687935e-07,0.0,-0.19995079934597015,2.01200008392334,2968.0,-0.0,0.0,20.016000747680664,0.0,0.13468070328235626,0.4004506468772888,9.201386451721191,-0.0004167892038822174,0.0004980172961950302,0.0006271842867136002,25.117116928100586,16.681880950927734,-90.67323303222656
12.732686519622803,0,4.345174312591553,1.1674863031885252e-07,0.0,-0.19995079934597015,2.01200008392334,2940.0,-0.0,0.0,20.00800132751465,0.0,0.12091334909200668,0.41062650084495544,9.042163848876953,-0.00374579057097435,-0.00016778334975242615,-0.0001717759296298027,26.001522064208984,15.794546127319336,-90.84367370605469
12.752997398376465,0,4.345174312591553,9.579132864701023e-08,0.0,-0.19995079934597015,2.01200008392334,2940.0,-0.0,0.0,20.00800132751465,0.0,0.10594882071018219,0.4112251102924347,8.979910850524902,-0.003346310928463936,-0.00016778334975242615,-0.0011038966476917267,25.47087860107422,17.391746520996094,-89.65060424804688
12.773253440856934,0,4.345174312591553,7.861428485966826e-08,0.0,-0.19995079934597015,2.008000135421753,2940.0,-0.0,0.0,20.00800132751465,0.0,0.12390625476837158,0.3962605595588684,9.068501472473145,0.002113252878189087,-0.0005672629922628403,0.00022770464420318604,24.232711791992188,15.794546127319336,-90.16191864013672
12.793511629104614,0,4.345174312591553,6.448978950857054e-08,0.0,-0.19995079934597015,2.0280001163482666,2944.0,-0.0,0.0,20.02800178527832,0.0,0.12570199370384216,0.40464070439338684,9.142724990844727,0.002512732520699501,-0.0005672629922628403,-0.0001717759296298027,24.055830001831055,16.326946258544922,-89.9914779663086
12.813640356063843,0,4.345174312591553,5.2829904007012374e-08,0.0,-0.19995079934597015,2.008000135421753,2968.0,-0.0,0.0,20.00800132751465,0.0,0.12630057334899902,0.39566197991371155,9.106810569763184,-0.0022810306400060654,-0.0007004234939813614,-0.0007044160738587379,25.47087860107422,17.036813735961914,-91.69586181640625
12.833896398544312,0,4.345174312591553,4.342841108950779e-08,0.0,-0.19995079934597015,2.01200008392334,2936.0,-0.0,0.0,20.012001037597656,0.0,0.10774456709623337,0.4034435451030731,9.036776542663574,0.0009148120880126953,0.0002316981554031372,0.00022770464420318604,25.824642181396484,16.326946258544922,-91.01410675048828
12.854167699813843,0,4.345174312591553,3.562844952398336e-08,0.0,-0.19995079934597015,2.008000135421753,2944.0,-0.0,0.0,20.00400161743164,0.0,0.14066651463508606,0.41481658816337585,9.094240188598633,0.0013142917305231094,0.001829618588089943,0.0006271842867136002,26.53216552734375,17.746681213378906,-89.9914779663086
12.874413967132568,0,4.345174312591553,2.9248745647691976e-08,0.0,-0.19995079934597015,2.01200008392334,2936.0,-0.0,0.0,20.00400161743164,0.0,0.12031476944684982,0.40164780616760254,9.07568359375,-0.001615229994058609,-0.0016325432807207108,-0.0005712555721402168,26.001522064208984,17.21428108215332,-90.50279235839844
12.89467716217041,0,4.345174312591553,2.3994630282686558e-08,0.0,-0.19995079934597015,2.01200008392334,2940.0,-0.0,0.0,20.00800132751465,0.0,0.13168780505657196,0.3944648206233978,8.990086555480957,-0.0005499497056007385,0.0002316981554031372,0.0007603447884321213,25.824642181396484,15.972012519836426,-91.01410675048828
12.914954423904419,0,4.345174312591553,1.9660177486002794e-08,0.0,-0.19995079934597015,2.01200008392334,2960.0,-0.0,0.0,20.00800132751465,0.0,0.12570199370384216,0.40583786368370056,9.050543785095215,0.0011811312288045883,0.0014301389455795288,0.0007603447884321213,25.824642181396484,15.972012519836426,-91.35498809814453
12.935044527053833,0,4.345174312591553,1.6159027893536404e-08,0.0,-0.19995079934597015,2.008000135421753,2944.0,-0.0,0.0,20.012001037597656,0.0,0.11792044341564178,0.4172109067440033,9.136738777160645,0.0014474522322416306,0.0003648567944765091,9.454414248466492e-05,26.178403854370117,17.746681213378906,-90.67323303222656
12.955344438552856,0,4.345174312591553,1.3224147110690865e-08,0.0,-0.19995079934597015,2.008000135421753,2948.0,-0.0,0.0,20.012001037597656,0.0,0.12989206612110138,0.4052392840385437,9.117584228515625,-0.002014709636569023,0.0002316981554031372,0.0004940247163176537,23.52518653869629,14.729744911193848,-90.50279235839844
12.975604057312012,0,4.345174312591553,1.0881331391487947e-08,0.0,-0.19995079934597015,2.01200008392334,2940.0,-0.0,0.0,20.012001037597656,0.0,0.1191176027059555,0.42559105157852173,9.057127952575684,-0.0001504700630903244,-0.00043410249054431915,-0.0007044160738587379,24.055830001831055,15.26214599609375,-90.67323303222656
12.99588131904602,0,4.345174312591553,8.924920358310828e-09,0.0,-0.19995079934597015,2.0240001678466797,2948.0,-0.0,0.0,20.020000457763672,0.0,0.1310892254114151,0.4219995439052582,9.043959617614746,-0.0022810306400060654,0.0002316981554031372,0.0008935052901506424,24.58647346496582,16.504413604736328,-89.48016357421875
13.016135454177856,0,4.345174312591553,7.314104877309546e-09,0.0,-0.19995079934597015,2.008000135421753,2968.0,-0.0,0.0,20.00400161743164,0.0,0.1191176027059555,0.4333725869655609,9.02779769897461,-0.0024141911417245865,0.0016964580863714218,-3.8615427911281586e-05,26.178403854370117,17.036813735961914,-90.67323303222656
13.036429166793823,0,4.345174312591553,6.01041350023479e-09,0.0,-0.19995079934597015,2.008000135421753,2940.0,-0.0,0.0,20.00800132751465,0.0,0.12929348647594452,0.43277400732040405,9.094240188598633,0.00011585094034671783,0.0015632975846529007,0.0008935052901506424,25.117116928100586,15.61707878112793,-91.01410675048828
13.056701898574829,0,4.345174312591553,4.926762997570222e-09,0.0,-0.19995079934597015,2.008000135421753,2976.0,-0.0,0.0,20.012001037597656,0.0,0.2160877138376236,0.36453577876091003,8.5261869430542,-0.0014820694923400879,0.001962779089808464,0.0012929849326610565,23.878948211669922,16.859346389770508,-90.16191864013672
13.076762437820435,0,4.345174312591553,4.047516100058601e-09,0.0,-0.19995079934597015,2.01200008392334,2940.0,-0.0,0.0,20.00800132751465,0.0,0.13288496434688568,0.350169837474823,9.043360710144043,0.008105456829071045,0.0015632975846529007,0.00022770464420318604,24.763355255126953,17.036813735961914,-89.9914779663086
13.09701943397522,0,4.345174312591553,3.321601216299541e-09,0.0,-0.19995079934597015,2.0240001678466797,2936.0,-0.0,0.0,20.00400161743164,0.0,0.02753472328186035,0.45671725273132324,9.66408920288086,0.014097660779953003,0.0024954192340373993,0.001026664860546589,24.58647346496582,15.43961238861084,-90.84367370605469
13.117329120635986,0,4.345174312591553,2.721783243231357e-09,0.0,-0.19995079934597015,2.01200008392334,2948.0,-0.0,0.0,20.012001037597656,0.0,0.15084239840507507,0.44893568754196167,9.100225448608398,-0.010536955669522285,-0.0034967847168445587,0.0007603447884321213,24.940235137939453,17.21428108215332,-90.50279235839844
13.13757610321045,0,4.345174312591553,2.2366493102055074e-09,0.0,-0.19995079934597015,2.004000186920166,2932.0,-0.0,0.0,20.012001037597656,0.0,0.15323671698570251,0.37950029969215393,8.939207077026367,-0.014931238256394863,0.0003648567944765091,-0.0007044160738587379,24.232711791992188,17.21428108215332,-90.50279235839844
13.15785551071167,0,4.345174312591553,1.8264381118626716e-09,0.0,-0.19995079934597015,2.008000135421753,3056.0,-0.0,0.0,20.00800132751465,0.0,0.12390625476837158,0.44474563002586365,8.635128021240234,0.004909614101052284,-0.0009667426347732544,-3.8615427911281586e-05,25.64776039123535,15.794546127319336,-89.821044921875
13.178126096725464,0,4.345174312591553,1.506117675020846e-09,0.0,-0.19995079934597015,2.01200008392334,2940.0,-0.0,0.0,20.00400161743164,0.0,0.10774456709623337,0.39386624097824097,9.409093856811523,0.009703375399112701,0.003960179165005684,0.00115982536226511,24.940235137939453,17.21428108215332,-91.86630249023438
13.198204278945923,0,4.345174312591553,1.235662350218547e-09,0.0,-0.19995079934597015,2.008000135421753,2936.0,-0.0,0.0,20.00400161743164,0.0,0.0849984884262085,0.42499247193336487,9.451592445373535,0.0031785331666469574,-0.0029641445726156235,0.0007603447884321213,26.355283737182617,16.504413604736328,-91.86630249023438
13.218464612960815,0,4.345174312591553,1.0122132021450625e-09,0.0,-0.19995079934597015,2.01200008392334,2960.0,-0.0,0.0,20.012001037597656,0.0,0.12689915299415588,0.42678821086883545,8.862588882446289,-0.012800676748156548,-0.002032022923231125,-0.002169176936149597,24.232711791992188,15.43961238861084,-89.821044921875
13.238759517669678,0,4.345174312591553,8.321794364718471e-10,0.0,-0.19995079934597015,2.008000135421753,2936.0,-0.0,0.0,20.00400161743164,0.0,0.14126509428024292,0.3669300973415375,8.934418678283691,-0.0028136707842350006,0.0015632975846529007,-0.0023023374378681183,25.47087860107422,17.746681213378906,-91.69586181640625
13.259029150009155,0,4.345174312591553,6.785656481156366e-10,0.0,-0.19995079934597015,2.008000135421753,3100.0,-0.0,0.0,20.012001037597656,0.0,0.15563103556632996,0.43456974625587463,9.068501472473145,0.00850493460893631,-0.0017657037824392319,0.0006271842867136002,24.409591674804688,16.681880950927734,-91.69586181640625
13.279311180114746,0,4.345174312591553,5.602942554361334e-10,0.0,-0.19995079934597015,2.01200008392334,2944.0,-0.0,0.0,20.00400161743164,0.0,0.11432895809412003,0.41661232709884644,9.350432395935059,-0.0012157503515481949,0.0027617383748292923,-0.0019028568640351295,25.64776039123535,16.149478912353516,-91.52542877197266
13.299637079238892,0,4.345174312591553,4.598054992310807e-10,0.0,-0.19995079934597015,2.004000186920166,2936.0,-0.0,0.0,20.016000747680664,0.0,0.10355450212955475,0.39266908168792725,9.016424179077148,-0.0065421536564826965,0.0003648567944765091,-0.0003049355000257492,24.940235137939453,16.859346389770508,-89.48016357421875
13.319682121276855,0,4.345174312591553,3.7665845442624857e-10,0.0,-0.19995079934597015,2.008000135421753,2956.0,-0.0,0.0,20.00400161743164,0.0,0.11193463206291199,0.36453577876091003,8.919454574584961,-0.001348910853266716,0.0002316981554031372,-0.0008375765755772591,26.001522064208984,17.5692138671875,-90.16191864013672
13.340132474899292,0,4.345174312591553,3.096174705508048e-10,0.0,-0.19995079934597015,2.01200008392334,2940.0,-0.0,0.0,20.00400161743164,0.0,0.1340821236371994,0.38788044452667236,9.103219032287598,0.00024901144206523895,-0.0014993827790021896,-0.001636536791920662,25.29399871826172,17.5692138671875,-88.79840850830078
13.360208749771118,0,4.345174312591553,2.531136134020784e-10,0.0,-0.19995079934597015,2.01200008392334,3016.0,-0.0,0.0,20.00400161743164,0.0,0.13647645711898804,0.40583786368370056,9.178041458129883,-0.0001504700630903244,0.002362258732318878,-0.0001717759296298027,25.47087860107422,16.326946258544922,-90.33235931396484
13.38046407699585,0,4.345174312591553,2.0850447757236878e-10,0.0,-0.19995079934597015,2.008000135421753,2944.0,-0.0,0.0,20.012001037597656,0.0,0.12630057334899902,0.38668328523635864,9.216949462890625,-0.0026805102825164795,0.0015632975846529007,0.0004940247163176537,25.117116928100586,16.681880950927734,-91.35498809814453
13.400773763656616,0,4.345174312591553,1.710761116102688e-10,0.0,-0.19995079934597015,2.008000135421753,2940.0,-0.0,0.0,20.00800132751465,0.0,0.08918856084346771,0.42499247193336487,9.002656936645508,-0.0045447517186403275,0.0014301389455795288,0.0022251056507229805,25.64776039123535,16.149478912353516,-91.52542877197266
13.420916318893433,0,4.345174312591553,1.401613547447056e-10,0.0,-0.19995079934597015,2.01200008392334,2956.0,-0.0,0.0,20.00400161743164,0.0,0.11373037844896317,0.40583786368370056,9.057726860046387,-0.003878951072692871,0.0012969784438610077,0.002890906296670437,24.409591674804688,16.681880950927734,-90.33235931396484
13.441172361373901,0,4.345174312591553,1.1520072396020709e-10,0.0,-0.19995079934597015,2.004000186920166,2936.0,-0.0,0.0,20.04400062561035,0.0,0.14665232598781586,0.46689313650131226,9.052937507629395,0.0031785331666469574,-0.00043410249054431915,0.0022251056507229805,24.409591674804688,16.681880950927734,-90.33235931396484
13.461416959762573,0,4.345174312591553,9.434326236901214e-11,0.0,-0.19995079934597015,2.01200008392334,2964.0,-0.0,0.0,20.012001037597656,0.0,0.14725090563297272,0.4381612241268158,9.05952262878418,-0.0024141911417245865,-0.0029641445726156235,0.0023582661524415016,24.055830001831055,14.552278518676758,-91.69586181640625
13.481678485870361,0,4.345174312591553,7.756337933040314e-11,0.0,-0.19995079934597015,2.01200008392334,2936.0,-0.0,0.0,20.00800132751465,0.0,0.10594882071018219,0.45671725273132324,8.966143608093262,-0.008539554663002491,0.0016964580863714218,-0.0005712555721402168,24.58647346496582,17.5692138671875,-90.50279235839844
13.501988172531128,0,4.345174312591553,6.363033711043187e-11,0.0,-0.19995079934597015,2.01200008392334,2936.0,-0.0,0.0,20.00400161743164,0.0,0.10714598745107651,0.43995699286460876,9.036776542663574,0.004243813455104828,-0.0013662241399288177,0.0006271842867136002,24.763355255126953,17.391746520996094,-91.1845474243164
13.522120714187622,0,4.345174312591553,5.2129845579118594e-11,0.0,-0.19995079934597015,2.008000135421753,2960.0,-0.0,0.0,20.00400161743164,0.0,0.16041968762874603,0.40284496545791626,9.161879539489746,-0.0008162688463926315,0.0006311777979135513,0.0015593050047755241,24.763355255126953,15.972012519836426,-91.01410675048828
13.5425124168396,0,4.345174312591553,4.285301974382705e-11,0.0,-0.19995079934597015,2.004000186920166,2948.0,-0.0,0.0,20.032001495361328,0.0,0.17957428097724915,0.3962605595588684,8.867378234863281,-0.006408993154764175,0.00462597981095314,-0.001636536791920662,25.117116928100586,16.326946258544922,-90.33235931396484
13.562646627426147,0,4.345174312591553,3.5107944329482166e-11,0.0,-0.19995079934597015,2.01200008392334,2968.0,-0.0,0.0,20.00400161743164,0.0,0.06344957649707794,0.3812960386276245,8.960756301879883,-0.001348910853266716,0.003827020525932312,-0.0004380960017442703,25.824642181396484,17.036813735961914,-90.33235931396484
13.582897186279297,0,4.345174312591553,2.8844563890184638e-11,0.0,-0.19995079934597015,2.01200008392334,2936.0,-0.0,0.0,20.00400161743164,0.0,0.09278004616498947,0.37650740146636963,9.18881607055664,0.006640695035457611,0.001962779089808464,0.0015593050047755241,24.763355255126953,17.746681213378906,-92.0367431640625
13.603172302246094,0,4.345174312591553,2.354476509591752e-11,0.0,-0.19995079934597015,2.004000186920166,2936.0,-0.0,0.0,20.012001037597656,0.0,0.17897570133209229,0.3723173439502716,9.084064483642578,-0.00587635301053524,0.0010306574404239655,-0.0004380960017442703,25.29399871826172,16.859346389770508,-89.821044921875
13.623435974121094,0,4.345174312591553,1.94259885955006e-11,0.0,-0.19995079934597015,2.01200008392334,2940.0,-0.0,0.0,20.00800132751465,0.0,0.16341258585453033,0.3519655764102936,8.963748931884766,-0.006408993154764175,0.004093339666724205,-0.0035007777623832226,25.117116928100586,15.61707878112793,-90.67323303222656
13.643572807312012,0,4.345174312591553,1.5943234579762766e-11,0.0,-0.19995079934597015,2.008000135421753,2940.0,-0.0,0.0,20.00800132751465,0.0,0.13168780505657196,0.42259812355041504,8.745865821838379,0.00237957201898098,0.005424940958619118,-0.0001717759296298027,25.29399871826172,17.924148559570312,-90.16191864013672
13.663814067840576,0,4.345174312591553,1.3058187343928385e-11,0.0,-0.19995079934597015,2.01200008392334,2960.0,-0.0,0.0,20.00400161743164,0.0,0.05686518922448158,0.37650740146636963,9.609618186950684,0.01063549891114235,0.004492819309234619,0.0036898665130138397,26.001522064208984,16.859346389770508,-91.52542877197266
13.68408203125,0,4.345174312591553,1.073398227940947e-11,0.0,-0.19995079934597015,2.008000135421753,2944.0,-0.0,0.0,20.012001037597656,0.0,0.09337862581014633,0.3950634002685547,9.570710182189941,0.0033116936683654785,-0.003763105720281601,0.0018256250768899918,24.763355255126953,16.326946258544922,-91.01410675048828
13.70435905456543,0,4.345174312591553,8.805407791800945e-12,0.0,-0.19995079934597015,2.01200008392334,2932.0,-0.0,0.0,20.012001037597656,0.0,0.1310892254114151,0.41780948638916016,8.825477600097656,-0.019458681344985962,-0.003896264359354973,-0.0035007777623832226,25.64776039123535,17.5692138671875,-90.50279235839844
13.724630355834961,0,4.345174312591553,7.227554492394983e-12,0.0,-0.19995079934597015,2.01200008392334,2940.0,-0.0,0.0,20.00800132751465,0.0,0.14425800740718842,0.3920705020427704,8.929630279541016,-0.005210552364587784,0.0007643382996320724,-0.0019028568640351295,23.878948211669922,16.149478912353516,-90.84367370605469
13.744772672653198,0,4.345174312591553,5.930142661647597e-12,0.0,-0.19995079934597015,2.008000135421753,2936.0,-0.0,0.0,20.00800132751465,0.0,0.1622154265642166,0.46569594740867615,8.936813354492188,0.010768655687570572,-0.0034967847168445587,0.0030240658670663834,23.878948211669922,16.504413604736328,-92.2071762084961
13.765030145645142,0,4.345174312591553,4.858913184996316e-12,0.0,-0.19995079934597015,2.01200008392334,2956.0,-0.0,0.0,20.00800132751465,0.0,0.09218145906925201,0.4004506468772888,9.400115013122559,0.00237957201898098,0.002229098230600357,0.0012929849326610565,25.47087860107422,16.681880950927734,-91.69586181640625
13.785298347473145,0,4.345174312591553,3.993621405795622e-12,0.0,-0.19995079934597015,2.01200008392334,2936.0,-0.0,0.0,20.00800132751465,0.0,0.09816727042198181,0.4261896312236786,9.028395652770996,-0.0029468312859535217,-0.00362994521856308,-0.0001717759296298027,25.117116928100586,16.326946258544922,-91.01410675048828
13.805577516555786,0,4.345174312591553,3.271988149172733e-12,0.0,-0.19995079934597015,2.004000186920166,2940.0,-0.0,0.0,20.00400161743164,0.0,0.11492753773927689,0.4022463858127594,8.833857536315918,-0.003346310928463936,-0.0033636242151260376,-0.0009707361459732056,24.763355255126953,15.26214599609375,-91.69586181640625
13.825869083404541,0,4.345174312591553,2.689195654353993e-12,0.0,-0.19995079934597015,2.01200008392334,2940.0,-0.0,0.0,20.00800132751465,0.0,0.15742678940296173,0.43456974625587463,9.138534545898438,0.004110652953386307,-0.003763105720281601,0.0004940247163176537,25.29399871826172,15.794546127319336,-89.821044921875
13.845931053161621,0,4.345174312591553,2.2067213507892536e-12,0.0,-0.19995079934597015,2.008000135421753,2940.0,-0.0,0.0,20.00400161743164,0.0,0.1592225283384323,0.4483371078968048,9.163675308227539,0.0011811312288045883,-3.462284803390503e-05,0.0004940247163176537,24.58647346496582,15.43961238861084,-90.84367370605469
13.866208791732788,0,4.345174312591553,1.8078182180414348e-12,0.0,-0.19995079934597015,2.008000135421753,2960.0,-0.0,0.0,20.00800132751465,0.0,0.11193463206291199,0.42259812355041504,9.011635780334473,-0.008939034305512905,0.0011638179421424866,-0.0007044160738587379,24.940235137939453,16.859346389770508,-89.13928985595703
13.88648509979248,0,4.345174312591553,1.4860486972911868e-12,0.0,-0.19995079934597015,2.01200008392334,2940.0,-0.0,0.0,20.00400161743164,0.0,0.11432895809412003,0.3884790241718292,8.901496887207031,0.0010479707270860672,-0.0025646649301052094,0.00036086421459913254,25.47087860107422,17.391746520996094,-90.67323303222656
13.906762838363647,0,4.345174312591553,1.2175097085023734e-12,0.0,-0.19995079934597015,2.008000135421753,2972.0,-0.0,0.0,20.00800132751465,0.0,0.14425800740718842,0.41780948638916016,9.034980773925781,0.0033116936683654785,9.853765368461609e-05,-0.0009707361459732056,25.64776039123535,17.924148559570312,-89.13928985595703
13.927047967910767,0,4.345174312591553,1.0006138712742585e-12,0.0,-0.19995079934597015,2.01200008392334,2940.0,-0.0,0.0,20.00400161743164,0.0,0.12630057334899902,0.3962605595588684,9.099028587341309,-0.004145272076129913,0.0014301389455795288,-0.003234457690268755,23.878948211669922,16.859346389770508,-89.821044921875
13.947214126586914,0,4.345174312591553,8.212843382801593e-13,0.0,-0.19995079934597015,2.004000186920166,2940.0,-0.0,0.0,20.012001037597656,0.0,0.12330766767263412,0.3980563282966614,9.183428764343262,0.0014474522322416306,0.0012969784438610077,0.0022251056507229805,26.178403854370117,17.036813735961914,-89.9914779663086
13.96740460395813,0,4.345174312591553,6.725893171403985e-13,0.0,-0.19995079934597015,2.01200008392334,2964.0,-0.0,0.0,20.00400161743164,0.0,0.11432895809412003,0.4052392840385437,9.303743362426758,0.002779051661491394,0.0010306574404239655,0.0022251056507229805,26.001522064208984,16.504413604736328,-90.84367370605469
13.987698554992676,0,4.345174312591553,5.528748032307407e-13,0.0,-0.19995079934597015,2.008000135421753,2936.0,-0.0,0.0,20.00800132751465,0.0,0.09996301680803299,0.3950634002685547,8.984699249267578,-0.00587635301053524,-0.0012330636382102966,-0.0015033762902021408,26.709047317504883,16.859346389770508,-91.1845474243164
14.007957458496094,0,4.345174312591553,4.5152659280782437e-13,0.0,-0.19995079934597015,2.01200008392334,3060.0,-0.0,0.0,20.012001037597656,0.0,0.11971618235111237,0.38668328523635864,8.961355209350586,-0.0017483904957771301,-0.0005672629922628403,-0.0009707361459732056,24.763355255126953,14.907212257385254,-89.30972290039062
14.02826476097107,0,4.345174312591553,3.7232313044276155e-13,0.0,-0.19995079934597015,2.008000135421753,2948.0,-0.0,0.0,20.00800132751465,0.0,0.13647645711898804,0.40583786368370056,9.09244441986084,0.006907014176249504,-0.0005672629922628403,0.0014261454343795776,24.940235137939453,16.859346389770508,-89.821044921875
14.048510313034058,0,4.345174312591553,3.0548816514625043e-13,0.0,-0.19995079934597015,2.008000135421753,2940.0,-0.0,0.0,20.00400161743164,0.0,0.10654740780591965,0.3902747631072998,9.245680809020996,0.0007816515862941742,0.0010306574404239655,0.00115982536226511,25.824642181396484,17.391746520996094,-91.01410675048828
14.06864595413208,0,4.345174312591553,2.502947664666938e-13,0.0,-0.19995079934597015,2.004000186920166,2964.0,-0.0,0.0,20.00800132751465,0.0,0.09936443716287613,0.4100279211997986,8.954172134399414,-0.0042784325778484344,0.0002316981554031372,0.0004940247163176537,24.055830001831055,15.972012519836426,-89.30972290039062
14.088882207870483,0,4.345174312591553,2.0573729623152986e-13,0.0,-0.19995079934597015,2.008000135421753,2940.0,-0.0,0.0,20.00800132751465,0.0,0.11133605241775513,0.3992534875869751,8.87515926361084,-0.0012157503515481949,-0.00043410249054431915,0.001958785578608513,24.232711791992188,17.21428108215332,-91.1845474243164
14.1092050075531,0,4.345174312591553,1.6777903935963345e-13,0.0,-0.19995079934597015,2.008000135421753,3096.0,-0.0,0.0,20.00800132751465,0.0,0.1370750367641449,0.41182368993759155,9.061318397521973,0.003977492451667786,-0.0007004234939813614,-0.0004380960017442703,25.47087860107422,18.101613998413086,-89.9914779663086
14.12944221496582,0,4.345174312591553,1.385575410916412e-13,0.0,-0.19995079934597015,2.01200008392334,2940.0,-0.0,0.0,20.00800132751465,0.0,0.1310892254114151,0.4112251102924347,9.147513389587402,0.00038217194378376007,0.0015632975846529007,0.0008935052901506424,25.117116928100586,17.036813735961914,-90.33235931396484
14.14952802658081,0,4.345174312591553,1.1366769477700808e-13,0.0,-0.19995079934597015,2.01200008392334,2940.0,-0.0,0.0,20.00800132751465,0.0,0.10774456709623337,0.41182368993759155,9.058324813842773,-0.004012111574411392,0.0007643382996320724,-0.0004380960017442703,24.763355255126953,16.326946258544922,-91.01410675048828
14.169816493988037,0,4.345174312591553,9.313117090665665e-14,0.0,-0.19995079934597015,2.008000135421753,2968.0,-0.0,0.0,20.00800132751465,0.0,0.1101388931274414,0.41182368993759155,8.912271499633789,-0.0002836287021636963,0.0011638179421424866,-0.0008375765755772591,24.940235137939453,15.084678649902344,-90.84367370605469
14.190090894699097,0,4.345174312591553,7.653695521326123e-14,0.0,-0.19995079934597015,2.0320000648498535,2940.0,-0.0,0.0,20.012001037597656,0.0,0.14844806492328644,0.4094293415546417,8.909876823425293,-0.0001504700630903244,0.0003648567944765091,-3.8615427911281586e-05,26.178403854370117,14.552278518676758,-90.33235931396484
14.210360527038574,0,4.345174312591553,6.258864683039017e-14,0.0,-0.19995079934597015,2.01200008392334,3032.0,-0.0,0.0,20.016000747680664,0.0,0.10654740780591965,0.40404212474823,9.3893404006958,0.0054422542452812195,0.0035606995224952698,0.0014261454343795776,25.117116928100586,14.907212257385254,-89.65060424804688
14.230474948883057,0,4.345174312591553,5.1543994495761164e-14,0.0,-0.19995079934597015,2.008000135421753,2936.0,-0.0,0.0,20.00800132751465,0.0,0.09816727042198181,0.42499247193336487,9.615604400634766,0.008638095110654831,-0.0014993827790021896,0.0007603447884321213,24.409591674804688,16.681880950927734,-89.9914779663086
14.250774145126343,0,4.345174312591553,4.2298013236494875e-14,0.0,-0.19995079934597015,2.008000135421753,2932.0,-0.0,0.0,20.00400161743164,0.0,0.146053746342659,0.414218008518219,8.776991844177246,-0.014398598112165928,-0.00016778334975242615,-0.0008375765755772591,26.709047317504883,16.859346389770508,-91.1845474243164
14.271044492721558,0,4.345174312591553,3.465990379902459e-14,0.0,-0.19995079934597015,2.01200008392334,2964.0,-0.0,0.0,20.012001037597656,0.0,0.1310892254114151,0.3441840410232544,8.734493255615234,-0.009604834951460361,0.005025459453463554,-0.0001717759296298027,25.117116928100586,16.681880950927734,-90.33235931396484
14.291324377059937,0,4.345174312591553,2.847431695269208e-14,0.0,-0.19995079934597015,2.0160000324249268,2944.0,-0.0,0.0,20.012001037597656,0.0,0.12330766767263412,0.4130208492279053,8.980509757995605,0.012499738484621048,-0.002165183424949646,0.0016924655064940453,24.409591674804688,16.681880950927734,-89.30972290039062
14.31162166595459,0,4.345174312591553,2.3331534390580964e-14,0.0,-0.19995079934597015,2.01200008392334,2960.0,-0.0,0.0,20.012001037597656,0.0,0.0790126845240593,0.408232182264328,9.512049674987793,0.006773855537176132,0.0008974988013505936,-0.0007044160738587379,25.824642181396484,17.036813735961914,-89.65060424804688
14.331690073013306,0,4.345174312591553,1.9173591954044743e-14,0.0,-0.19995079934597015,2.008000135421753,2944.0,-0.0,0.0,20.00800132751465,0.0,0.12270908802747726,0.4172109067440033,9.154696464538574,-0.0068084727972745895,-0.0024315044283866882,-0.0019028568640351295,25.29399871826172,16.859346389770508,-89.821044921875
14.35199499130249,0,4.345174312591553,1.5733572620744637e-14,0.0,-0.19995079934597015,2.01200008392334,2936.0,-0.0,0.0,20.00400161743164,0.0,0.1251034140586853,0.4130208492279053,8.549530982971191,-0.010803275741636753,0.001962779089808464,-0.0019028568640351295,24.940235137939453,16.859346389770508,-90.84367370605469
14.372238636016846,0,4.345174312591553,1.2897883343223216e-14,0.0,-0.19995079934597015,2.01200008392334,2940.0,-0.0,0.0,20.012001037597656,0.0,0.12630057334899902,0.37471166253089905,9.180436134338379,0.004776453599333763,0.002095937728881836,0.00115982536226511,25.117116928100586,17.746681213378906,-90.33235931396484
14.392502784729004,0,4.345174312591553,1.0596913259809226e-14,0.0,-0.19995079934597015,2.0160000324249268,2936.0,-0.0,0.0,20.012001037597656,0.0,0.08320274949073792,0.4321754276752472,9.397720336914062,0.00957021489739418,-0.0005672629922628403,0.0022251056507229805,25.117116928100586,17.036813735961914,-90.67323303222656
14.41278338432312,0,4.345174312591553,8.679295041729481e-15,0.0,-0.19995079934597015,2.01200008392334,2952.0,-0.0,0.0,20.00400161743164,0.0,0.1191176027059555,0.3812960386276245,9.063712120056152,-0.012667517177760601,-0.0005672629922628403,-0.0013702167198061943,24.763355255126953,15.61707878112793,-89.9914779663086
14.43288803100586,0,4.345174312591553,7.133912228584217e-15,0.0,-0.19995079934597015,2.008000135421753,2936.0,-0.0,0.0,20.00800132751465,0.0,0.14186367392539978,0.40284496545791626,8.712345123291016,0.00038217194378376007,-3.462284803390503e-05,9.454414248466492e-05,24.055830001831055,17.746681213378906,-91.01410675048828
14.453236103057861,0,4.345174312591553,5.8288529913657315e-15,0.0,-0.19995079934597015,2.01200008392334,2944.0,-0.0,0.0,20.00800132751465,0.0,0.13168780505657196,0.4124222695827484,8.858997344970703,0.0018469318747520447,0.0012969784438610077,-0.0011038966476917267,25.64776039123535,16.149478912353516,-90.50279235839844
14.473419189453125,0,4.345174312591553,4.803415423661889e-15,0.0,-0.19995079934597015,2.008000135421753,2940.0,-0.0,0.0,20.00800132751465,0.0,0.0909842997789383,0.40164780616760254,9.573104858398438,0.00850493460893631,0.0026285797357559204,0.0004940247163176537,24.58647346496582,15.084678649902344,-89.48016357421875
14.49370813369751,0,4.345174312591553,3.940531948865619e-15,0.0,-0.19995079934597015,2.0360000133514404,2936.0,-0.0,0.0,20.036001205444336,0.0,0.1161246970295906,0.43157684803009033,9.237300872802734,-0.0005499497056007385,-0.0049615465104579926,0.0006271842867136002,24.409591674804688,16.681880950927734,-90.67323303222656
14.513991594314575,0,4.345174312591553,3.2292055382227187e-15,0.0,-0.19995079934597015,2.008000135421753,2964.0,-0.0,0.0,20.012001037597656,0.0,0.15323671698570251,0.3962605595588684,8.952376365661621,-0.01253435667604208,-0.0009667426347732544,-0.001636536791920662,24.409591674804688,15.972012519836426,-90.67323303222656
14.534256935119629,0,4.345174312591553,2.654040520883895e-15,0.0,-0.19995079934597015,2.008000135421753,2940.0,-0.0,0.0,20.00800132751465,0.0,0.1310892254114151,0.38788044452667236,8.739880561828613,-0.0012157503515481949,9.853765368461609e-05,-0.0007044160738587379,23.878948211669922,17.5692138671875,-91.1845474243164
14.554370641708374,0,4.345174312591553,2.1773691299265116e-15,0.0,-0.19995079934597015,2.01200008392334,2948.0,-0.0,0.0,20.00400161743164,0.0,0.1310892254114151,0.40284496545791626,9.187618255615234,0.007972296327352524,0.0011638179421424866,0.0015593050047755241,23.52518653869629,17.5692138671875,-90.50279235839844
14.57462763786316,0,4.345174312591553,1.786929081131405e-15,0.0,-0.19995079934597015,2.01200008392334,2940.0,-0.0,0.0,20.00800132751465,0.0,0.11851902306079865,0.4112251102924347,9.381558418273926,0.0037111733108758926,0.0004980172961950302,0.001026664860546589,26.001522064208984,16.504413604736328,-90.84367370605469
14.594890832901001,0,4.345174312591553,1.4658141262669715e-15,0.0,-0.19995079934597015,2.0360000133514404,2940.0,-0.0,0.0,20.032001495361328,0.0,0.13767361640930176,0.4160137474536896,8.93980598449707,-0.0065421536564826965,-0.002032022923231125,-0.0012370562180876732,24.055830001831055,17.746681213378906,-89.9914779663086
14.615222930908203,0,4.345174312591553,1.2015381526577352e-15,0.0,-0.19995079934597015,2.01200008392334,2956.0,-0.0,0.0,20.00800132751465,0.0,0.14725090563297272,0.4130208492279053,8.84223747253418,-0.003346310928463936,0.0003648567944765091,-0.0011038966476917267,26.001522064208984,16.504413604736328,-90.84367370605469
14.635504961013794,0,4.345174312591553,9.871843951355362e-16,0.0,-0.19995079934597015,2.008000135421753,2940.0,-0.0,0.0,20.00400161743164,0.0,0.16161684691905975,0.4219995439052582,9.14332389831543,0.008904416114091873,-0.00030094198882579803,0.001026664860546589,24.940235137939453,16.149478912353516,-90.84367370605469
14.65575361251831,0,4.345174312591553,8.100393126785608e-16,0.0,-0.19995079934597015,2.01200008392334,2936.0,-0.0,0.0,20.012001037597656,0.0,0.10355450212955475,0.40883076190948486,9.335468292236328,0.0011811312288045883,0.0008974988013505936,-0.0009707361459732056,23.52518653869629,16.859346389770508,-89.821044921875
14.675991296768188,0,4.345174312591553,6.646303312937175e-16,0.0,-0.19995079934597015,2.008000135421753,2940.0,-0.0,0.0,20.016000747680664,0.0,0.11313179135322571,0.40284496545791626,9.028395652770996,-0.008939034305512905,9.853765368461609e-05,-0.0011038966476917267,23.878948211669922,16.859346389770508,-90.50279235839844
14.696093082427979,0,4.345174312591553,5.454090145995763e-16,0.0,-0.19995079934597015,2.008000135421753,2940.0,-0.0,0.0,20.012001037597656,0.0,0.11432895809412003,0.38668328523635864,8.879947662353516,-0.0017483904957771301,0.0002316981554031372,0.0004940247163176537,24.409591674804688,17.036813735961914,-91.35498809814453
14.71638536453247,0,4.345174312591553,4.467643516557285e-16,0.0,-0.19995079934597015,2.01200008392334,2956.0,-0.0,0.0,20.00800132751465,0.0,0.13887077569961548,0.3980563282966614,9.049944877624512,0.004376973956823349,-0.00030094198882579803,-0.0001717759296298027,24.055830001831055,15.972012519836426,-88.9688491821289
14.736644506454468,0,4.345174312591553,3.6724553384220524e-16,0.0,-0.19995079934597015,2.008000135421753,2940.0,-0.0,0.0,20.00800132751465,0.0,0.11732186377048492,0.4369640648365021,9.213357925415039,0.0006484910845756531,0.0012969784438610077,0.00022770464420318604,24.232711791992188,16.859346389770508,-89.48016357421875
14.7569100856781,0,4.345174312591553,3.0072041319779974e-16,0.0,-0.19995079934597015,2.01200008392334,2992.0,-0.0,0.0,20.00800132751465,0.0,0.10175875574350357,0.42798537015914917,9.150506973266602,-0.00374579057097435,9.853765368461609e-05,-0.0001717759296298027,25.64776039123535,16.859346389770508,-90.50279235839844
14.777223825454712,0,4.345174312591553,2.4728168689067717e-16,0.0,-0.19995079934597015,2.01200008392334,2948.0,-0.0,0.0,20.012001037597656,0.0,0.13468070328235626,0.4094293415546417,9.014030456542969,-0.0018815509974956512,-0.00030094198882579803,-0.0005712555721402168,26.53216552734375,17.391746520996094,-89.9914779663086
14.797422647476196,0,4.345174312591553,2.0288471965813903e-16,0.0,-0.19995079934597015,2.004000186920166,2944.0,-0.0,0.0,20.012001037597656,0.0,0.10295592248439789,0.4124222695827484,9.049944877624512,-1.7309561371803284e-05,0.0006311777979135513,-0.0009707361459732056,26.001522064208984,15.43961238861084,-90.84367370605469
14.817557334899902,0,4.345174312591553,1.6618995536388226e-16,0.0,-0.19995079934597015,2.01200008392334,2964.0,-0.0,0.0,20.00400161743164,0.0,0.11672328412532806,0.4231967031955719,9.071494102478027,0.0013142917305231094,0.0006311777979135513,0.0007603447884321213,25.47087860107422,16.681880950927734,-89.65060424804688
14.837980508804321,0,4.345174312591553,1.3663107307332854e-16,0.0,-0.19995079934597015,2.01200008392334,2940.0,-0.0,0.0,20.012001037597656,0.0,0.12689915299415588,0.3860847055912018,9.133148193359375,-0.0012157503515481949,0.002095937728881836,-0.0003049355000257492,25.117116928100586,17.036813735961914,-91.01410675048828
14.858114242553711,0,4.345174312591553,1.1151262865985749e-16,0.0,-0.19995079934597015,2.008000135421753,3076.0,-0.0,0.0,20.00800132751465,0.0,0.12151192873716354,0.4034435451030731,9.036177635192871,-0.003479471430182457,0.0004980172961950302,0.00036086421459913254,25.29399871826172,15.794546127319336,-90.84367370605469
14.878353595733643,0,4.345174312591553,9.199807481608208e-17,0.0,-0.19995079934597015,2.01200008392334,2948.0,-0.0,0.0,20.016000747680664,0.0,0.11432895809412003,0.4231967031955719,9.011635780334473,-0.001615229994058609,-0.0008335839956998825,9.454414248466492e-05,24.940235137939453,16.149478912353516,-89.48016357421875
14.898614883422852,0,4.345174312591553,7.548955487532847e-17,0.0,-0.19995079934597015,2.004000186920166,2940.0,-0.0,0.0,20.00800132751465,0.0,0.12450483441352844,0.4130208492279053,9.1253662109375,0.0006484910845756531,-0.0007004234939813614,0.00022770464420318604,25.29399871826172,16.149478912353516,-90.84367370605469
14.918868780136108,0,4.345174312591553,6.185059065397033e-17,0.0,-0.19995079934597015,2.008000135421753,2960.0,-0.0,0.0,20.00800132751465,0.0,0.14784948527812958,0.41780948638916016,9.178640365600586,0.00038217194378376007,0.0002316981554031372,-0.0004380960017442703,25.64776039123535,16.859346389770508,-89.821044921875
14.939152240753174,0,4.345174312591553,5.082412750485066e-17,0.0,-0.19995079934597015,2.008000135421753,2940.0,-0.0,0.0,20.02800178527832,0.0,0.11073747277259827,0.4124222695827484,9.096633911132812,-0.0028136707842350006,0.0002316981554031372,0.00022770464420318604,24.58647346496582,13.664944648742676,-90.16191864013672
14.959261655807495,0,4.345174312591553,4.146958827960277e-17,0.0,-0.19995079934597015,2.01200008392334,3092.0,-0.0,0.0,20.00400161743164,0.0,0.09996301680803299,0.4100279211997986,8.966742515563965,-0.0026805102825164795,9.853765368461609e-05,-0.0003049355000257492,24.763355255126953,16.326946258544922,-90.33235931396484
14.979495763778687,0,4.345174312591553,3.422439932103451e-17,0.0,-0.19995079934597015,2.01200008392334,2940.0,-0.0,0.0,20.012001037597656,0.0,0.12869489192962646,0.40284496545791626,9.077479362487793,0.0006484910845756531,-0.0007004234939813614,-0.0001717759296298027,26.709047317504883,16.859346389770508,-91.1845474243164
14.999791622161865,0,4.345174312591553,2.8080866045876617e-17,0.0,-0.19995079934597015,2.0240001678466797,2944.0,-0.0,0.0,20.012001037597656,0.0,0.12929348647594452,0.408232182264328,9.270821571350098,0.003977492451667786,0.0010306574404239655,0.0012929849326610565,23.702068328857422,17.391746520996094,-91.01410675048828
15.020121097564697,0,4.345174312591553,2.3014489018746504e-17,0.0,-0.19995079934597015,2.01200008392334,2956.0,-0.0,0.0,20.00800132751465,0.0,0.12989206612110138,0.4333725869655609,9.175646781921387,-1.7309561371803284e-05,0.0007643382996320724,0.00115982536226511,24.409591674804688,16.326946258544922,-90.67323303222656
15.040341854095459,0,4.345174312591553,1.890423848113786e-17,0.0,-0.19995079934597015,2.0280001163482666,2948.0,-0.0,0.0,20.02800178527832,0.0,0.12031476944684982,0.408232182264328,8.920052528381348,-0.005476871505379677,0.0004980172961950302,-0.0001717759296298027,24.58647346496582,16.504413604736328,-91.1845474243164
15.060610055923462,0,4.345174312591553,1.5460831174867415e-17,0.0,-0.19995079934597015,2.008000135421753,3020.0,-0.0,0.0,20.012001037597656,0.0,0.12989206612110138,0.39985206723213196,8.954172134399414,0.0014474522322416306,0.0008974988013505936,0.00036086421459913254,26.001522064208984,17.21428108215332,-90.50279235839844
15.08067512512207,0,4.345174312591553,1.2729082091162067e-17,0.0,-0.19995079934597015,2.01200008392334,2936.0,-0.0,0.0,20.00400161743164,0.0,0.10116017609834671,0.42678821086883545,9.175048828125,0.00451013445854187,0.0015632975846529007,-0.0003049355000257492,24.409591674804688,16.681880950927734,-89.30972290039062
15.100934743881226,0,4.345174312591553,1.0446939584784404e-17,0.0,-0.19995079934597015,2.01200008392334,2936.0,-0.0,0.0,20.00400161743164,0.0,0.14186367392539978,0.4130208492279053,9.22712516784668,-0.0014820694923400879,0.0008974988013505936,0.0006271842867136002,25.29399871826172,17.21428108215332,-90.16191864013672
15.121254205703735,0,4.345174312591553,8.562758634189679e-18,0.0,-0.19995079934597015,2.008000135421753,2940.0,-0.0,0.0,20.00400161743164,0.0,0.11672328412532806,0.4010492265224457,9.017621994018555,-0.003479471430182457,-0.0005672629922628403,-0.0001717759296298027,25.824642181396484,17.036813735961914,-88.9688491821289
15.14148211479187,0,4.345174312591553,7.033780619153799e-18,0.0,-0.19995079934597015,2.01200008392334,2944.0,-0.0,0.0,20.012001037597656,0.0,0.1161246970295906,0.40583786368370056,8.974523544311523,0.0010479707270860672,-3.462284803390503e-05,-0.0008375765755772591,26.178403854370117,15.61707878112793,-89.65060424804688
15.16177248954773,0,4.345174312591553,5.76317991307437e-18,0.0,-0.19995079934597015,2.01200008392334,2960.0,-0.0,0.0,20.00800132751465,0.0,0.10654740780591965,0.414218008518219,9.100824356079102,0.00237957201898098,0.0006311777979135513,9.454414248466492e-05,26.53216552734375,17.391746520996094,-89.9914779663086
15.182017087936401,0,4.345174312591553,4.737410192649918e-18,0.0,-0.19995079934597015,2.01200008392334,2936.0,-0.0,0.0,20.016000747680664,0.0,0.12570199370384216,0.42858394980430603,9.125965118408203,-0.0022810306400060654,-0.0010999031364917755,0.00036086421459913254,26.53216552734375,17.036813735961914,-90.33235931396484
15.202325582504272,0,4.345174312591553,3.88640595127475e-18,0.0,-0.19995079934597015,2.008000135421753,2940.0,-0.0,0.0,20.00400161743164,0.0,0.13049064576625824,0.39985206723213196,9.045156478881836,-0.0017483904957771301,-0.00030094198882579803,0.0008935052901506424,24.58647346496582,18.279081344604492,-89.13928985595703
15.222412347793579,0,4.345174312591553,3.1828650588557893e-18,0.0,-0.19995079934597015,2.01200008392334,2948.0,-0.0,0.0,20.00800132751465,0.0,0.10295592248439789,0.4004506468772888,9.035578727722168,0.002645893022418022,-3.462284803390503e-05,-0.0004380960017442703,24.940235137939453,17.21428108215332,-90.16191864013672
15.242679834365845,0,4.345174312591553,2.6166431791558377e-18,0.0,-0.19995079934597015,2.0360000133514404,2940.0,-0.0,0.0,20.02400016784668,0.0,0.12270908802747726,0.3944648206233978,9.097831726074219,0.00038217194378376007,0.0014301389455795288,0.0007603447884321213,24.232711791992188,17.21428108215332,-89.821044921875
15.26294231414795,0,4.345174312591553,2.144465531248571e-18,0.0,-0.19995079934597015,2.01200008392334,2968.0,-0.0,0.0,20.016000747680664,0.0,0.1280963122844696,0.40284496545791626,9.109204292297363,-0.001348910853266716,0.0006311777979135513,-0.0008375765755772591,26.001522064208984,17.924148559570312,-90.84367370605469
15.28323769569397,0,4.345174312591553,1.7620272604311106e-18,0.0,-0.19995079934597015,2.01200008392334,2940.0,-0.0,0.0,20.00800132751465,0.0,0.11492753773927689,0.41182368993759155,9.119379997253418,0.0007816515862941742,-3.462284803390503e-05,-0.0008375765755772591,25.64776039123535,16.504413604736328,-90.84367370605469
15.303515434265137,0,4.345174312591553,1.4427321318656151e-18,0.0,-0.19995079934597015,2.01200008392334,2948.0,-0.0,0.0,20.00400161743164,0.0,0.1221105083823204,0.38967618346214294,9.024206161499023,-0.0010825898498296738,-0.0013662241399288177,-0.0001717759296298027,25.64776039123535,16.859346389770508,-89.13928985595703
15.323742628097534,0,4.345174312591553,1.1864457287025449e-18,0.0,-0.19995079934597015,2.01200008392334,2940.0,-0.0,0.0,20.012001037597656,0.0,0.11313179135322571,0.3920705020427704,9.038572311401367,0.0007816515862941742,-0.0009667426347732544,-0.0003049355000257492,25.64776039123535,15.794546127319336,-91.1845474243164
15.343998670578003,0,4.345174312591553,9.735454656557637e-19,0.0,-0.19995079934597015,2.008000135421753,2944.0,-0.0,0.0,20.032001495361328,0.0,0.12749773263931274,0.42499247193336487,9.122971534729004,0.0013142917305231094,-0.00016778334975242615,0.001026664860546589,25.47087860107422,15.61707878112793,-90.67323303222656
15.36410641670227,0,4.345174312591553,7.974062464041814e-19,0.0,-0.19995079934597015,2.008000135421753,2968.0,-0.0,0.0,20.00400161743164,0.0,0.12689915299415588,0.42678821086883545,9.12656307220459,-0.0005499497056007385,-3.462284803390503e-05,-0.0001717759296298027,24.763355255126953,17.746681213378906,-90.67323303222656
15.384368896484375,0,4.345174312591553,6.555038776098041e-19,0.0,-0.19995079934597015,2.008000135421753,2944.0,-0.0,0.0,20.00800132751465,0.0,0.13288496434688568,0.38668328523635864,9.070895195007324,-0.0014820694923400879,0.0002316981554031372,-0.0012370562180876732,25.117116928100586,16.681880950927734,-91.35498809814453
15.404662370681763,0,4.345174312591553,5.376471322344604e-19,0.0,-0.19995079934597015,2.01200008392334,2944.0,-0.0,0.0,20.00800132751465,0.0,0.1340821236371994,0.414218008518219,9.084662437438965,-0.0005499497056007385,-0.0009667426347732544,0.0008935052901506424,25.64776039123535,15.43961238861084,-89.821044921875
15.424890756607056,0,4.345174312591553,4.41287363413298e-19,0.0,-0.19995079934597015,2.01200008392334,2940.0,-0.0,0.0,20.00800132751465,0.0,0.09697011113166809,0.40583786368370056,9.076881408691406,0.0009148120880126953,0.0002316981554031372,0.0006271842867136002,24.58647346496582,18.634014129638672,-90.16191864013672
15.445186376571655,0,4.345174312591553,3.6214243806088874e-19,0.0,-0.19995079934597015,2.004000186920166,2940.0,-0.0,0.0,20.012001037597656,0.0,0.12689915299415588,0.40404212474823,9.02360725402832,-0.0024141911417245865,0.0002316981554031372,-0.0004380960017442703,24.763355255126953,17.746681213378906,-91.35498809814453
15.46528673171997,0,4.345174312591553,2.967241096847024e-19,0.0,-0.19995079934597015,2.01200008392334,2944.0,-0.0,0.0,20.00400161743164,0.0,0.10535024106502533,0.4154151678085327,9.061318397521973,-0.0006831102073192596,-0.00016778334975242615,-0.0015033762902021408,26.885927200317383,16.681880950927734,-90.33235931396484
15.48555874824524,0,4.345174312591553,2.438447278708719e-19,0.0,-0.19995079934597015,2.008000135421753,2948.0,-0.0,0.0,20.00800132751465,0.0,0.12989206612110138,0.4070350229740143,9.118183135986328,-0.0006831102073192596,-0.00016778334975242615,0.0004940247163176537,24.940235137939453,16.504413604736328,-90.50279235839844
15.505833625793457,0,4.345174312591553,2.0012699172652554e-19,0.0,-0.19995079934597015,2.008000135421753,2940.0,-0.0,0.0,20.00800132751465,0.0,0.12989206612110138,0.414218008518219,9.12656307220459,-0.0006831102073192596,0.0010306574404239655,0.00036086421459913254,24.763355255126953,18.4565486907959,-91.35498809814453
15.526098012924194,0,4.345174312591553,1.642220410912279e-19,0.0,-0.19995079934597015,2.01200008392334,2944.0,-0.0,0.0,20.00400161743164,0.0,0.1580253690481186,0.4064364433288574,9.045755386352539,-0.002014709636569023,0.0006311777979135513,0.0012929849326610565,25.117116928100586,16.326946258544922,-91.01410675048828
15.546375036239624,0,4.345174312591553,1.3475343450099365e-19,0.0,-0.19995079934597015,2.01200008392334,2940.0,-0.0,0.0,20.012001037597656,0.0,0.1161246970295906,0.4022463858127594,9.057726860046387,-1.7309561371803284e-05,9.853765368461609e-05,-0.0008375765755772591,24.940235137939453,17.5692138671875,-90.50279235839844
15.566660165786743,0,4.345174312591553,1.1042455342094886e-19,0.0,-0.19995079934597015,2.01200008392334,2964.0,-0.0,0.0,20.00800132751465,0.0,0.11552611738443375,0.414218008518219,9.099028587341309,-0.0002836287021636963,9.853765368461609e-05,0.001026664860546589,24.055830001831055,16.681880950927734,-89.30972290039062
15.58675765991211,0,4.345174312591553,9.073522499913742e-20,0.0,-0.19995079934597015,2.01200008392334,2940.0,-0.0,0.0,20.012001037597656,0.0,0.1280963122844696,0.4064364433288574,9.082866668701172,-0.0002836287021636963,-0.0008335839956998825,9.454414248466492e-05,26.001522064208984,16.149478912353516,-89.821044921875
15.607038974761963,0,4.345174312591553,7.400072143468465e-20,0.0,-0.19995079934597015,2.01200008392334,3012.0,-0.0,0.0,20.00400161743164,0.0,0.11672328412532806,0.41960522532463074,9.06191635131836,-0.0006831102073192596,0.0003648567944765091,0.00022770464420318604,26.53216552734375,18.101613998413086,-90.67323303222656
15.62728500366211,0,4.345174312591553,6.109800281091307e-20,0.0,-0.19995079934597015,2.008000135421753,2944.0,-0.0,0.0,20.00800132751465,0.0,0.12151192873716354,0.4052392840385437,9.102620124816895,0.0006484910845756531,-3.462284803390503e-05,0.0007603447884321213,25.117116928100586,17.391746520996094,-89.9914779663086
15.647603511810303,0,4.345174312591553,5.014020875827813e-20,0.0,-0.19995079934597015,2.004000186920166,2936.0,-0.0,0.0,20.00400161743164,0.0,0.1161246970295906,0.4064364433288574,9.055931091308594,-0.0014820694923400879,0.0004980172961950302,0.0008935052901506424,26.178403854370117,15.972012519836426,-91.35498809814453
15.667848587036133,0,4.345174312591553,4.1076503212024776e-20,0.0,-0.19995079934597015,2.008000135421753,2960.0,-0.0,0.0,20.016000747680664,0.0,0.1430608481168747,0.414218008518219,9.02779769897461,-0.001615229994058609,-0.0009667426347732544,-0.0004380960017442703,24.409591674804688,17.746681213378906,-89.65060424804688
15.68812894821167,0,4.345174312591553,3.375618743547776e-20,0.0,-0.19995079934597015,2.008000135421753,2936.0,-0.0,0.0,20.00400161743164,0.0,0.1251034140586853,0.40883076190948486,9.087057113647461,-0.0005499497056007385,-0.00016778334975242615,-0.0005712555721402168,25.117116928100586,17.036813735961914,-89.9914779663086
15.708296537399292,0,4.345174312591553,2.754523395146373e-20,0.0,-0.19995079934597015,2.01200008392334,3092.0,-0.0,0.0,20.00800132751465,0.0,0.1161246970295906,0.40883076190948486,9.06071949005127,0.00011585094034671783,0.0004980172961950302,-0.0007044160738587379,24.58647346496582,16.504413604736328,-89.48016357421875
15.728512048721313,0,4.345174312591553,2.2735453339280635e-20,0.0,-0.19995079934597015,2.01200008392334,2940.0,-0.0,0.0,20.012001037597656,0.0,0.13887077569961548,0.38488754630088806,9.085860252380371,-0.0012157503515481949,-0.00043410249054431915,0.0007603447884321213,25.117116928100586,15.972012519836426,-90.33235931396484
15.748764276504517,0,4.345174312591553,1.8655775939949228e-20,0.0,-0.19995079934597015,2.004000186920166,2944.0,-0.0,0.0,20.00400161743164,0.0,0.11133605241775513,0.39566197991371155,9.064909934997559,0.00024901144206523895,0.0006311777979135513,0.0018256250768899918,25.29399871826172,17.924148559570312,-90.16191864013672
15.769045114517212,0,4.345174312591553,1.5282774124440932e-20,0.0,-0.19995079934597015,2.008000135421753,2952.0,-0.0,0.0,20.00400161743164,0.0,0.14425800740718842,0.40284496545791626,9.100824356079102,0.00038217194378376007,0.0010306574404239655,0.0012929849326610565,25.64776039123535,17.924148559570312,-91.52542877197266
15.789312362670898,0,4.345174312591553,1.2562141546837078e-20,0.0,-0.19995079934597015,2.008000135421753,2944.0,-0.0,0.0,20.012001037597656,0.0,0.1251034140586853,0.408232182264328,9.08825397491455,0.00011585094034671783,0.0006311777979135513,0.0008935052901506424,24.940235137939453,17.924148559570312,-89.48016357421875
15.809440612792969,0,4.345174312591553,1.0248336427767264e-20,0.0,-0.19995079934597015,2.01200008392334,3080.0,-0.0,0.0,20.00800132751465,0.0,0.10654740780591965,0.40464070439338684,9.067303657531738,0.0009148120880126953,0.0007643382996320724,0.0006271842867136002,24.58647346496582,17.21428108215332,-90.16191864013672
15.82971978187561,0,4.345174312591553,8.459827348379134e-21,0.0,-0.19995079934597015,2.01200008392334,2948.0,-0.0,0.0,20.012001037597656,0.0,0.10894172638654709,0.3980563282966614,9.072092056274414,0.00024901144206523895,0.0004980172961950302,-3.8615427911281586e-05,24.58647346496582,15.794546127319336,-88.79840850830078
15.849966049194336,0,4.345174312591553,6.940420155534965e-21,0.0,-0.19995079934597015,2.0160000324249268,2944.0,-0.0,0.0,20.00400161743164,0.0,0.11792044341564178,0.4070350229740143,9.100824356079102,-0.0008162688463926315,-0.00016778334975242615,0.0012929849326610565,25.64776039123535,17.924148559570312,-89.48016357421875
15.870293855667114,0,4.345174312591553,5.68668818892377e-21,0.0,-0.19995079934597015,2.008000135421753,2960.0,-0.0,0.0,20.00800132751465,0.0,0.11193463206291199,0.40164780616760254,9.072690963745117,-0.0014820694923400879,-0.00016778334975242615,-3.8615427911281586e-05,24.763355255126953,17.036813735961914,-91.01410675048828
